YEAR,MONTH,BEGIN_LAT,BEGIN_LON,END_LAT,END_LON,TOR_F_SCALE,DEATHS_DIRECT,DEATHS_INDIRECT,INJURIES_DIRECT,INJURIES_INDIRECT,DAMAGE_PROPERTY,DAMAGE_CROPS,RADAR_DIST,RADAR_2026
2010,11,42.4932,-88.5704,42.4951,-88.5695,0,0,0,0,0,0.0,0.0,52.79467703366403,True
2010,11,42.3307,-88.97,42.3413,-88.9403,2,0,0,6,0,500000.0,0.0,78.70794989762587,True
2010,11,42.4249,-88.7061,42.4446,-88.6507,0,0,0,0,0,0.0,0.0,61.68835260676583,True
2010,6,41.1129,-89.1623,41.1112,-89.1371,0,0,0,0,0,5000.0,0.0,105.26097307599966,True
2010,11,42.3413,-88.9403,42.4249,-88.7061,2,0,0,0,0,4500000.0,0.0,76.60560578221718,True
2010,11,30.4366,-92.1172,30.4405,-92.0965,0,0,0,0,0,5000.0,0.0,111.03241124677203,True
2010,10,35.2023,-113.9737,35.1859,-113.9821,0,0,0,0,0,10000.0,0.0,99.9285607114205,True
2010,11,31.7947,-92.808,31.9479,-92.6528,4,0,0,0,0,750000.0,0.0,72.86097377712771,True
2010,11,32.2802,-92.1872,32.2864,-92.1248,1,0,0,0,0,10000.0,0.0,145.63861495136027,True
2010,1,32.1923,-95.3492,32.1983,-95.3249,0,0,0,0,0,200000.0,0.0,144.58292841401513,True
2010,1,32.24,-95.268,32.2448,-95.2624,1,0,0,0,0,40000.0,0.0,136.0658726810206,True
2010,1,32.6735,-94.5777,32.6753,-94.5729,1,0,0,0,0,300000.0,0.0,73.32467113764969,True
2010,1,31.5095,-93.9232,31.5146,-93.9111,1,0,0,0,0,40000.0,0.0,98.22306974784198,True
2010,6,40.7807,-87.0158,40.7813,-87.0143,0,0,0,0,0,0.0,0.0,127.65545436715409,True
2010,8,46.0566,-97.2599,46.0575,-97.24,0,0,0,0,0,0.0,0.0,111.65086391453353,True
2010,4,38.7515,-102.8332,38.7662,-102.8166,0,0,0,0,0,0.0,0.0,119.37965151024969,True
2010,4,39.0071,-102.535,39.0192,-102.5225,0,0,0,0,0,0.0,0.0,82.31973079444352,True
2010,3,28.08,-81.78,28.0807,-81.7742,0,0,0,0,0,2000.0,0.0,73.97390734624175,True
2010,4,35.4909,-100.6394,35.49,-100.56,0,0,0,0,0,0.0,0.0,101.1550665799421,True
2010,7,46.45,-97.783,46.4204,-97.5964,2,0,0,0,0,2000000.0,400000.0,120.80055143532907,True
2010,4,39.1706,-102.5336,39.1706,-102.5336,0,0,0,0,0,0.0,0.0,74.98580196843749,True
2010,4,35.0812,-101.1375,35.0879,-101.1062,0,0,0,0,0,0.0,0.0,54.6628878605677,True
2010,4,35.16,-100.98,35.1589,-100.8873,0,0,0,0,0,0.0,0.0,66.76553990193058,True
2010,3,33.912,-93.6997,33.9323,-93.6663,0,0,0,0,0,0.0,0.0,163.00770374822835,True
2010,4,35.16,-100.98,35.1618,-100.9699,0,0,0,0,0,0.0,0.0,66.76553990193058,True
2010,4,35.22,-100.85,35.2225,-100.8418,0,0,0,0,0,0.0,0.0,78.06349505088653,True
2010,10,35.286,-86.3304,35.2975,-86.3155,1,0,0,0,0,100000.0,0.0,45.4546853774693,True
2010,3,28.069,-81.559,28.071,-81.536,1,0,0,0,0,200000.0,0.0,88.86880867105386,True
2010,4,38.8904,-102.6945,38.9223,-102.6805,0,0,0,0,0,0.0,0.0,100.8083723313072,True
2010,3,31.3893,-88.4267,31.3938,-88.4188,0,0,0,0,0,0.0,0.0,80.91824385227798,True
2010,8,25.9911,-97.2599,25.9898,-97.2609,0,0,0,0,0,0.0,0.0,17.953668964678094,True
2010,3,33.633,-82.119,33.642,-82.1,1,0,0,0,0,0.0,3000.0,98.88326089728166,True
2010,3,34.26,-81.18,34.2768,-81.1514,0,0,0,0,0,0.0,4000.0,35.084394315104994,True
2010,3,28.119,-80.7135,28.1335,-80.6793,0,0,0,0,0,5000.0,0.0,5.829877159754321,True
2010,11,30.3658,-89.62,30.3658,-89.62,0,0,0,0,0,1000.0,0.0,77.39710695031756,True
2010,11,31.11,-90.8089,31.1288,-90.7306,0,0,0,0,0,5000.0,0.0,76.02596403105191,True
2010,5,33.859,-93.388,33.862,-93.359,0,0,0,0,0,0.0,0.0,149.99239302025498,True
2010,1,34.2518,-119.1949,34.2664,-119.1754,0,0,0,0,0,0.0,0.0,17.838521909370442,True
2010,1,34.4248,-119.877,34.4268,-119.8773,0,0,0,0,0,0.0,0.0,64.07967663102137,True
2010,6,43.42,-97.54,43.42,-97.539,0,0,0,0,0,0.0,0.0,68.02664586259131,True
2010,5,37.7962,-86.1528,37.7896,-86.1441,0,0,0,0,0,10000.0,0.0,27.067194095287338,True
2010,6,47.92,-96.79,47.8958,-96.62,0,0,0,0,0,0.0,0.0,59.16803666967357,True
2010,6,43.1469,-105.5451,43.1469,-105.5451,0,0,0,0,0,0.0,0.0,230.04037369421076,False
2010,6,41.7295,-104.8026,41.7002,-104.6688,0,0,0,0,0,0.0,0.0,64.22240448553119,True
2010,5,41.03,-88.8316,41.03,-88.824,0,0,0,0,0,0.0,0.0,89.29431762630044,True
2010,5,33.0118,-94.2,33.025,-94.1995,0,0,0,0,0,50000.0,0.0,70.83086314924623,True
2010,6,39.5588,-100.296,39.5675,-100.3017,0,0,0,0,0,0.0,0.0,122.423532198523,True
2010,6,41.5211,-103.75,41.5211,-103.75,0,0,0,0,0,0.0,0.0,97.25956328468861,True
2010,6,41.4891,-103.5536,41.4891,-103.5536,0,0,0,0,0,0.0,0.0,111.11141123589239,True
2010,4,37.9607,-101.3247,38.0209,-101.2774,0,0,0,0,0,0.0,0.0,121.08185816219078,True
2010,4,38.0391,-101.2145,38.0744,-101.1972,0,0,0,0,0,0.0,0.0,113.58798154225319,True
2010,5,35.9099,-101.4705,35.911,-101.4628,1,0,0,0,0,28000.0,0.0,78.26926195696637,True
2010,4,38.2255,-101.0559,38.2385,-101.0518,0,0,0,0,0,0.0,0.0,108.3663138288456,True
2010,4,38.2706,-101.0356,38.3185,-101.0414,0,0,0,0,0,0.0,0.0,109.29550002964092,True
2010,4,38.1258,-101.2949,38.1587,-101.2674,0,0,0,0,0,0.0,0.0,123.15636881287274,True
2010,5,30.05,-90.5,30.05,-90.5,0,0,0,0,0,10000.0,0.0,52.96873240219402,True
2010,7,41.3313,-103.9,41.3313,-103.9,0,0,0,0,0,0.0,0.0,78.34109381138917,True
2010,7,41.1379,-104.0224,41.1379,-104.0224,0,0,0,0,0,0.0,0.0,65.64153751933726,True
2010,6,41.82,-103.6312,41.82,-103.6312,0,0,0,0,0,0.0,0.0,122.86445621622109,True
2010,5,36.9326,-102.3907,36.9412,-102.361,0,0,0,0,0,0.0,0.0,198.62348660715688,True
2010,7,41.75,-104.733,41.75,-104.733,0,0,0,0,0,0.0,0.0,66.77971700519097,True
2010,7,41.6273,-105.0653,41.6273,-105.0653,0,0,0,0,0,0.0,0.0,57.10928656434792,True
2010,7,41.1,-103.31,41.1,-103.31,0,0,0,0,0,0.0,0.0,125.44373538482252,True
2010,4,38.389,-100.9654,38.4527,-100.871,1,0,0,0,0,210000.0,0.0,111.74733004657433,True
2010,4,38.5157,-100.7167,38.5324,-100.7019,0,0,0,0,0,0.0,0.0,106.4086818756895,True
2010,6,39.18,-100.55,39.1862,-100.5448,0,0,0,0,0,0.0,0.0,101.17254307539162,True
2010,6,39.5143,-100.2531,39.5646,-100.255,1,0,0,0,0,100000.0,0.0,125.34842355217138,True
2010,7,41.13,-104.6893,41.13,-104.6893,0,0,0,0,0,0.0,0.0,10.080510740849697,True
2010,2,35.3,-119.27,35.3,-119.27,0,0,0,0,0,0.0,0.0,99.13032415983216,True
2010,10,34.3474,-86.0671,34.3798,-85.9995,1,0,0,0,0,200000.0,0.0,64.8609102849643,True
2010,10,34.2692,-86.124,34.2693,-86.1085,0,0,0,0,0,5000.0,0.0,73.63162510161669,True
2010,10,34.6431,-86.8463,34.645,-86.8418,0,0,0,0,0,5000.0,0.0,76.63407757791579,True
2010,4,32.24,-80.9,32.24,-80.9,0,0,0,0,0,40000.0,0.0,48.091603129401534,True
2010,4,36.7595,-87.3756,36.78,-87.35,0,0,0,0,0,4000.0,0.0,8.46318479943699,True
2010,12,39.3114,-90.7808,39.3425,-90.7258,0,0,0,0,0,0.0,0.0,68.63381858833054,True
2010,12,38.9006,-89.3979,38.9171,-89.3735,0,0,0,0,0,0.0,0.0,113.58094983591737,True
2010,6,38.4958,-101.1289,38.4931,-101.1205,0,0,0,0,0,0.0,0.0,108.7452867085231,True
2010,6,41.15,-101.11,41.15,-101.11,0,0,0,0,0,0.0,0.0,100.21860883198214,True
2010,6,41.13,-100.89,41.13,-100.89,0,0,0,0,0,0.0,0.0,95.69473881779462,True
2010,6,42.1263,-80.1456,42.1285,-80.1461,0,0,0,0,0,120000.0,0.0,147.24111309980765,True
2010,6,36.53,-100.55,36.556,-100.4638,0,0,0,0,0,0.0,0.0,146.23238628068276,True
2010,6,36.62,-100.3216,36.6316,-100.2681,0,0,0,0,0,0.0,0.0,130.64528361512717,True
2010,8,33.3152,-80.7664,33.231,-80.7298,0,0,0,0,0,6000.0,0.0,77.61308021799157,True
2010,6,36.62,-100.3003,36.6288,-100.2564,0,0,0,0,0,0.0,0.0,130.20698075637404,True
2010,6,39.4879,-89.2533,39.4881,-89.2514,0,0,0,0,0,0.0,0.0,74.02087841105374,True
2010,5,41.3029,-83.1045,41.3419,-83.0323,0,0,0,0,0,25000.0,0.0,104.58774101827845,True
2010,4,27.5211,-97.9681,27.5137,-97.9684,0,0,0,0,0,5000.0,0.0,53.6865487186366,True
2010,4,32.6074,-87.7779,32.6236,-87.7636,1,0,0,0,0,10000.0,0.0,113.14573524698264,True
2010,4,33.6997,-87.5089,33.7182,-87.474,1,0,0,0,0,55000.0,0.0,78.90539554868609,True
2010,4,33.844,-86.8488,33.8532,-86.7931,1,0,0,0,0,10000.0,0.0,75.08846909587479,True
2010,4,39.0222,-102.4963,39.0365,-102.4773,0,0,0,0,0,0.0,0.0,78.58251639210536,True
2010,5,38.69,-93.28,38.6914,-93.2719,0,0,0,0,0,8000.0,0.0,86.41159254496229,True
2010,5,38.66,-93.65,38.6603,-93.6489,0,0,0,0,0,0.0,0.0,55.853364258083985,True
2010,4,38.6648,-90.3403,38.7162,-90.3872,0,0,0,0,0,0.0,0.0,29.967605229440075,True
2010,4,38.3505,-90.3498,38.4186,-90.2482,2,0,0,0,0,0.0,0.0,48.36991447383582,True
2010,4,37.32,-90.74,37.3229,-90.7355,0,0,0,0,0,0.0,0.0,153.40641121788155,True
2010,4,34.114,-94.037,34.126,-94.008,2,0,0,0,0,200000.0,0.0,134.139613296905,True
2010,4,34.071,-93.97,34.0724,-93.9559,0,0,0,0,0,5000.0,0.0,140.24676226252566,True
2010,4,38.342,-90.2423,38.343,-90.2408,0,0,0,0,0,0.0,0.0,55.16470590409986,True
2010,4,38.1917,-90.785,38.196,-90.7726,0,0,0,0,0,0.0,0.0,57.09424943195555,True
2010,4,36.5847,-93.3165,36.5878,-93.3082,0,0,0,0,0,20000.0,0.0,72.72247025445094,True
2010,4,33.6024,-87.6769,33.6494,-87.5778,1,0,0,0,0,77000.0,0.0,68.62534654958878,True
2010,5,41.1788,-103.968,41.1788,-103.968,0,0,0,0,0,0.0,0.0,70.21976404001289,True
2010,4,34.0884,-86.5937,34.091,-86.592,0,0,0,0,0,15000.0,0.0,103.20048665051392,True
2010,4,38.9051,-91.1803,38.9065,-91.1791,0,0,0,0,0,0.0,0.0,48.832536298599216,True
2010,4,38.97,-91.1486,38.9725,-91.1464,0,0,0,0,0,0.0,0.0,50.36712319661019,True
2010,4,39.0993,-91.1096,39.1006,-91.1083,0,0,0,0,0,0.0,0.0,57.85122536625803,True
2010,4,39.1583,-91.0586,39.1598,-91.0571,0,0,0,0,0,0.0,0.0,60.55225689677843,True
2010,9,37.11,-99.27,37.107,-99.262,0,0,0,0,0,0.0,0.0,95.10419177803837,True
2010,7,30.0156,-90.077,30.0156,-90.077,0,0,0,0,0,10000.0,0.0,64.4014744688457,True
2010,9,44.74,-98.63,44.7402,-98.6224,0,0,0,0,0,0.0,0.0,81.39776723613494,True
2010,9,44.74,-98.59,44.7397,-98.5836,0,0,0,0,0,0.0,0.0,80.79931038303116,True
2010,6,44.62,-72.42,44.61,-72.38,1,0,0,0,0,25000.0,0.0,60.356418140034386,True
2010,4,35.08,-83.82,35.08,-83.82,1,0,0,0,0,20000.0,0.0,126.77842369426553,True
2010,4,39.1452,-89.5238,39.1462,-89.5206,0,0,0,0,0,0.0,0.0,111.87149397478872,True
2010,4,38.857,-91.2067,38.8581,-91.2055,0,0,0,0,0,0.0,0.0,48.701399203969835,True
2010,4,32.3645,-88.2842,32.3645,-88.2842,0,0,0,0,0,0.0,0.0,160.0387470747637,True
2010,4,32.7628,-87.5461,32.8335,-87.4912,0,0,0,0,0,60000.0,0.0,85.53119972662148,True
2010,9,46.27,-109.96,46.27,-109.96,0,0,0,0,0,0.0,0.0,114.2047282293575,True
2010,6,43.44,-95.951,43.404,-95.8605,2,0,0,0,0,500000.0,0.0,64.84384202791556,True
2010,6,47.95,-95.02,47.95,-95.02,0,0,0,0,0,0.0,0.0,178.6298382764465,True
2010,7,42.2938,-79.586,42.2433,-79.4538,2,0,0,0,0,5000000.0,0.0,100.63553378127459,True
2010,7,42.1093,-78.6414,42.0928,-78.4912,1,0,0,0,0,2000000.0,0.0,93.6536787493375,True
2010,7,42.2138,-78.6608,42.2171,-78.6383,1,0,0,0,0,1000000.0,0.0,81.94349297388719,True
2010,6,44.2,-95.3,44.202,-95.296,0,0,0,0,0,0.0,0.0,133.20279616564326,True
2010,7,44.2,-85.41,44.1997,-85.4085,0,0,0,0,0,8000.0,0.0,95.7177806746435,True
2010,6,43.2,-95.733,43.2,-95.727,0,0,0,0,0,0.0,0.0,91.29011402797339,True
2010,6,44.17,-97.73,44.17,-97.725,0,0,0,0,0,0.0,0.0,103.09965302711761,True
2010,7,40.4,-93.485,40.4,-93.485,0,0,0,0,0,500.0,0.0,149.34854451018228,True
2010,6,43.14,-95.9,43.138,-95.897,0,0,0,0,0,0.0,0.0,83.47899044802598,True
2010,6,43.09,-95.85,43.084,-95.842,0,0,0,0,0,0.0,0.0,90.08563056902597,True
2010,6,27.6343,-97.4542,27.6374,-97.4474,0,0,0,0,0,0.0,1000.0,17.541949852574138,True
2010,6,28.1846,-97.2825,28.1829,-97.2788,0,0,0,0,0,0.0,1000.0,49.88081308303758,True
2010,6,28.0499,-97.1254,28.0,-97.1006,2,0,0,0,0,250000.0,0.0,48.05352602193503,True
2010,6,28.1545,-97.7023,28.1412,-97.6206,1,0,0,0,0,20000.0,0.0,45.29824348868847,True
2010,12,38.3282,-90.7571,38.3827,-90.6571,1,0,0,0,0,0.0,0.0,41.72199780969885,True
2010,9,37.39,-75.92,37.3937,-75.9133,0,0,0,1,0,20000.0,0.0,106.39467708767226,True
2010,11,33.3098,-84.063,33.3192,-84.0536,0,0,0,0,0,5000.0,0.0,47.08983819697856,True
2010,10,34.1786,-87.6088,34.2318,-87.4076,1,0,0,0,0,100000.0,0.0,73.39817457296591,True
2010,5,35.3228,-89.9383,35.3259,-89.9282,1,0,0,0,0,10000.0,0.0,6.3777178405559525,True
2010,10,42.6638,-87.8996,42.669,-87.8952,1,0,0,0,0,100000.0,0.0,62.94070665959747,True
2010,5,34.8759,-90.0442,34.8896,-90.0349,0,0,0,0,0,10000.0,0.0,54.398104003749374,True
2010,5,35.7506,-90.4266,35.7508,-90.4262,0,0,0,0,0,0.0,0.0,67.3971866950479,True
2010,10,35.268,-82.038,35.271,-82.031,0,0,0,0,0,100000.0,0.0,45.865430174919815,True
2010,11,34.0426,-83.9505,34.0695,-83.9331,2,0,0,0,0,5000000.0,0.0,94.57782318051625,True
2010,12,38.4918,-90.4706,38.5024,-90.4622,0,0,0,0,0,0.0,0.0,29.499215030538593,True
2010,11,33.2915,-84.0838,33.3098,-84.063,0,0,0,0,0,250000.0,0.0,45.49120945483663,True
2010,12,38.3399,-90.8899,38.4526,-90.7366,2,0,0,0,0,0.0,0.0,43.795723633822064,True
2010,12,38.6494,-90.2537,38.6724,-90.2131,1,0,0,0,0,0.0,0.0,37.65222809109175,True
2010,12,38.5631,-90.9232,38.5911,-90.9169,0,0,0,0,0,0.0,0.0,25.77046972841143,True
2010,12,38.5059,-91.0123,38.5094,-91.0074,0,0,0,0,0,0.0,0.0,35.78345307988774,True
2010,12,38.1471,-91.4952,38.1919,-91.3929,1,0,0,0,0,0.0,0.0,93.66636687343515,True
2010,10,34.9458,-85.0404,34.9464,-85.0374,0,0,0,0,0,40000.0,0.0,95.10778367338219,True
2010,5,39.29,-101.84,39.29,-101.84,0,0,0,0,0,0.0,0.0,14.75253685752972,True
2010,5,39.2557,-101.3645,39.2774,-101.3886,0,0,0,0,0,0.0,0.0,31.424166025502615,True
2010,5,39.483,-101.6225,39.5671,-101.6706,1,0,0,0,0,25000.0,0.0,14.53160788605791,True
2010,5,39.5384,-101.5834,39.5654,-101.5849,0,0,0,0,0,0.0,0.0,21.54485302325108,True
2010,8,25.0898,-80.4307,25.0898,-80.4307,0,0,0,0,0,500.0,0.0,57.931913969028756,True
2010,7,43.52,-98.8,43.52,-98.798,0,0,0,0,0,0.0,0.0,167.06881506064903,True
2010,7,43.15,-99.1,43.15,-99.096,0,0,0,0,0,0.0,0.0,179.41170485065783,True
2010,7,43.69,-99.23,43.69,-99.225,0,0,0,0,0,0.0,0.0,201.58362408093168,True
2010,7,44.07,-96.0,44.07,-95.99,0,0,0,0,0,0.0,0.0,79.33326098850868,True
2010,5,38.8102,-101.1443,38.8197,-101.1057,0,0,0,0,0,0.0,0.0,78.32506966161232,True
2010,5,38.7805,-101.0555,38.7929,-101.0378,0,0,0,0,0,0.0,0.0,85.73284063032023,True
2010,5,38.844,-100.3357,38.8358,-100.152,1,0,0,0,0,25000.0,0.0,124.62340420385279,True
2010,7,43.56,-98.92,43.56,-98.93,0,0,0,0,0,0.0,0.0,176.536720725129,True
2010,5,38.83,-100.68,38.8701,-100.6078,0,0,0,0,0,0.0,0.0,106.37711926937477,True
2010,7,43.5,-98.84,43.5,-98.82,0,0,0,0,0,0.0,0.0,170.42983278810703,True
2010,10,36.38,-78.38,36.39,-78.33,0,0,0,0,0,30000.0,0.0,80.08765575601349,True
2010,9,39.1,-76.45,39.1134,-76.4492,0,0,0,0,0,15000.0,0.0,90.65939619449215,True
2010,5,40.28,-101.83,40.28,-101.83,0,0,0,0,0,0.0,0.0,102.13029294748463,True
2010,11,29.8095,-90.4936,29.8095,-90.4936,0,0,0,0,0,0.0,0.0,79.39319205062668,True
2010,7,34.1257,-80.393,34.086,-80.3884,0,0,0,0,0,12000.0,0.0,69.70046912513466,True
2010,7,34.086,-80.3884,34.0256,-80.3776,0,0,0,0,0,4000.0,0.0,69.01275158603947,True
2010,7,39.1446,-91.835,39.143,-91.8243,0,0,0,0,0,0.0,0.0,111.31990675569932,True
2010,12,36.9407,-90.8514,36.9699,-90.8209,2,0,0,0,0,200000.0,0.0,185.19464889650087,True
2010,7,34.789,-80.872,34.789,-80.838,0,0,0,0,0,8000.0,0.0,96.15023690877993,True
2010,7,33.991,-80.541,33.996,-80.496,1,0,0,0,0,80000.0,0.0,53.47394180534038,True
2010,7,43.45,-98.48,43.43,-98.47,0,0,0,0,0,0.0,0.0,142.02345655142727,True
2010,7,39.9321,-87.8187,39.9318,-87.817,0,0,0,0,0,0.0,0.0,131.49304752963243,True
2010,10,34.7436,-85.5602,34.75,-85.4848,1,0,0,0,0,250000.0,0.0,52.096853164162525,True
2010,11,42.2661,-73.6643,42.29,-73.6472,1,0,0,0,0,4000.0,0.0,169.37329638039188,True
2010,10,34.149,-84.4472,34.155,-84.4353,0,0,0,0,0,425000.0,0.0,88.04819131479755,True
2010,12,31.4846,-92.2055,31.4856,-92.1992,0,0,0,0,0,20000.0,0.0,81.82601694972573,True
2010,6,44.32,-91.79,44.3193,-91.7438,1,0,0,0,0,208000.0,0.0,73.11734843006053,True
2010,10,36.6013,-79.72,36.649,-79.642,0,0,0,0,0,5000.0,0.0,68.15091732846966,True
2010,10,36.6013,-79.72,36.6489,-79.642,0,0,0,0,0,20000.0,0.0,68.15091732846966,True
2010,9,35.647,-81.787,35.68,-81.765,1,0,0,0,0,400000.0,0.0,93.57071672516733,True
2010,7,45.7853,-87.8473,45.7854,-87.8425,0,0,0,0,0,3000.0,0.0,86.06661235911815,True
2010,7,45.7859,-87.8853,45.788,-87.8793,0,0,0,0,0,10000.0,0.0,86.83168982433686,True
2010,8,43.84,-97.82,43.845,-97.815,0,0,0,0,0,0.0,0.0,92.07005283458493,True
2010,8,43.845,-97.815,43.85,-97.81,0,0,0,0,0,0.0,0.0,91.85550894313467,True
2010,8,44.1215,-105.3388,44.1215,-105.3388,0,0,0,0,0,1000.0,0.0,200.24775831417577,True
2010,9,39.1493,-101.1683,39.1475,-101.1564,0,0,0,0,0,0.0,0.0,51.802108822887185,True
2010,11,33.3192,-84.0536,33.3208,-84.0535,0,0,0,0,0,500.0,0.0,47.83516317403096,True
2010,7,44.7705,-92.5756,44.815,-92.2721,2,0,0,0,0,500000.0,0.0,78.576563197393,True
2010,7,44.9837,-92.481,45.0109,-92.446,1,0,0,0,0,500000.0,0.0,86.70187263302195,True
2010,7,44.7611,-92.3459,44.8208,-92.2543,2,0,0,0,0,800000.0,0.0,96.71337218146645,True
2010,7,45.4534,-92.4615,45.4524,-92.4461,0,0,0,0,0,100000.0,0.0,109.60612034798382,True
2010,7,45.4161,-92.1798,45.4122,-92.1561,1,0,0,0,0,100000.0,0.0,125.67257171602476,True
2010,12,38.6247,-89.7812,38.6259,-89.779,0,0,0,0,0,0.0,0.0,78.71298425256713,True
2010,12,38.5935,-90.5559,38.6048,-90.5279,1,0,0,0,0,0.0,0.0,16.08422189662603,True
2010,12,38.5024,-90.4622,38.5614,-90.386,3,1,0,6,0,1000000.0,0.0,29.06394088301423,True
2010,12,38.3067,-90.7819,38.3282,-90.7571,0,0,0,0,0,0.0,0.0,44.453398905875225,True
2010,12,38.5003,-91.0222,38.5088,-91.012,1,0,0,0,0,40000.0,0.0,36.84623059436539,True
2010,12,37.0283,-93.0351,37.0875,-92.975,1,0,0,2,0,200000.0,0.0,39.71912741571324,True
2010,12,44.8398,-122.8789,44.8643,-122.835,2,0,0,2,0,1200000.0,0.0,97.54952316292962,True
2010,6,43.702,-93.4188,43.8481,-93.326,3,0,0,0,0,0.0,0.0,128.0610245946613,True
2010,11,33.6401,-88.67,33.6579,-88.65,1,0,0,0,0,250000.0,0.0,42.519037102639054,True
2010,12,38.4526,-90.7366,38.4575,-90.7229,1,0,0,0,0,0.0,0.0,27.782013654327475,True
2010,12,37.6857,-92.1901,37.7642,-92.0872,3,0,0,4,0,90000000.0,0.0,117.97222267060751,True
2010,12,36.5254,-93.4262,36.5285,-93.4238,0,0,0,0,0,50000.0,0.0,78.96762744682438,True
2010,12,37.9394,-91.8018,38.0438,-91.6572,3,2,0,6,0,1000000.0,0.0,129.08077567323008,True
2010,3,35.5635,-99.4618,35.6288,-99.377,2,0,0,0,0,1000000.0,0.0,140.70460273805676,True
2010,11,30.2729,-92.5989,30.2768,-92.5955,0,0,0,0,0,10000.0,0.0,61.5235740733203,True
2010,1,31.7667,-93.2623,31.8052,-93.1984,0,0,0,0,0,0.0,0.0,73.21627312834522,True
2010,1,32.4869,-94.1689,32.5182,-94.0432,3,0,0,0,0,1500000.0,0.0,30.999413376086277,True
2010,12,32.0824,-90.0529,32.0923,-90.0324,0,0,0,0,0,2000.0,0.0,22.89619838575253,True
2010,6,41.8172,-85.6873,41.7803,-85.4865,2,0,0,0,0,300000.0,0.0,51.00493054343031,True
2010,11,33.44,-88.8299,33.4579,-88.81,2,0,0,15,0,850000.0,0.0,68.76310407736233,True
2010,11,32.9299,-89.7031,33.029,-89.6442,3,0,0,6,0,900000.0,200000.0,76.92180255023598,True
2010,6,41.652,-85.7322,41.6541,-85.7222,0,0,0,0,0,10000.0,0.0,32.73459663575001,True
2010,6,41.962,-86.092,41.9523,-86.0405,2,0,0,0,0,100000.0,0.0,74.58000043271136,True
2010,11,31.9896,-90.1025,32.0012,-89.9664,1,0,0,0,0,250000.0,100000.0,34.14986544140646,True
2010,12,32.0868,-90.3663,32.2256,-90.1967,2,0,0,0,0,2000000.0,0.0,41.86772091382666,True
2010,6,41.5713,-85.8311,41.5743,-85.8126,1,0,0,0,0,500000.0,0.0,26.052045387680508,True
2010,6,41.4879,-84.0131,41.526,-83.8828,2,0,0,0,0,500000.0,0.0,141.38214596260912,True
2010,6,41.9857,-86.4199,41.9845,-86.3918,1,0,0,0,0,100000.0,0.0,91.85566817434399,True
2010,6,41.9792,-86.4982,41.9936,-86.4353,2,0,0,0,0,150000.0,0.0,95.69547946027375,True
2010,11,31.9935,-89.7217,31.9874,-89.6872,1,0,0,0,0,200000.0,50000.0,40.334042848701245,True
2010,11,30.4932,-92.1891,30.514,-92.1623,1,0,0,1,0,100000.0,0.0,105.18113765294706,True
2010,11,32.0123,-89.6019,32.0993,-89.444,2,0,0,0,0,900000.0,0.0,46.723687268709014,True
2010,6,40.6382,-86.1844,40.6382,-86.1656,2,0,0,1,1,125000.0,0.0,89.82914037133949,True
2010,12,32.2939,-90.8702,32.3193,-90.8171,1,0,0,0,0,110000.0,0.0,83.2776613707235,True
2010,6,40.6447,-86.3736,40.6337,-86.3103,1,0,0,1,1,125000.0,0.0,97.45082612994405,True
2010,11,32.6586,-90.8576,32.662,-90.851,0,0,0,0,0,75000.0,0.0,92.09842770451223,True
2010,11,32.662,-90.851,32.6693,-90.842,0,0,0,0,0,10000.0,0.0,91.72128724465196,True
2010,11,32.7151,-90.6259,32.8168,-90.4649,2,0,0,0,0,700000.0,0.0,77.19969305876575,True
2010,11,32.3658,-90.8303,32.3788,-90.8017,0,0,0,0,0,100000.0,0.0,80.05176152854989,True
2010,11,31.62,-89.08,31.6916,-88.9958,0,0,0,0,0,70000.0,0.0,112.54952968612203,True
2010,11,31.9728,-91.0652,31.9766,-91.0544,0,0,0,0,0,0.0,10000.0,107.35206242605345,True
2010,6,40.6382,-86.1656,40.6258,-86.0457,3,0,0,0,0,750000.0,0.0,89.12628412306785,True
2010,12,37.631,-93.3362,37.6386,-93.3205,0,0,0,0,0,5000.0,0.0,44.365317393998446,True
2010,11,30.4768,-92.2252,30.4997,-92.1889,1,0,0,0,0,150000.0,0.0,102.82667499747042,True
2010,11,32.905,-89.719,32.9299,-89.7031,2,0,0,0,0,150000.0,0.0,73.81290629773521,True
2010,11,30.4439,-92.3238,30.4668,-92.267,1,0,0,0,0,100000.0,0.0,92.69427828701173,True
2010,6,40.6856,-86.8132,40.6754,-86.7451,0,0,0,0,0,200000.0,0.0,117.80326977954158,True
2010,6,41.5543,-86.0496,41.523,-85.8242,1,0,0,0,0,300000.0,25000.0,36.36395367714258,True
2010,12,32.2256,-90.1967,32.3359,-90.0299,1,0,0,0,0,700000.0,0.0,20.85656891182055,True
2010,11,32.21,-90.7,32.2721,-90.6,0,0,0,0,0,5000.0,0.0,67.74381804870504,True
2010,11,30.1957,-92.6604,30.23,-92.6361,0,0,0,0,0,150000.0,0.0,53.97530631152823,True
2010,11,30.3016,-92.5126,30.3205,-92.4795,1,0,0,0,0,125000.0,0.0,70.36388639045039,True
2010,11,32.8764,-90.7433,32.9108,-90.697,1,0,0,0,0,0.0,200000.0,97.2305836121697,True
2010,7,32.8929,-104.3832,32.8929,-104.3832,0,0,0,0,0,0.0,0.0,163.28255138958502,False
2010,1,32.5182,-94.0432,32.5506,-93.9127,3,0,0,0,0,0.0,0.0,20.37067214632254,True
2010,11,30.3897,-92.3996,30.4354,-92.3347,1,0,0,0,0,75000.0,0.0,83.73193292882621,True
2010,11,38.0309,-93.1975,38.0526,-93.1543,1,0,0,0,0,75000.0,0.0,90.25386252513015,True
2010,12,36.5706,-93.3742,36.6127,-93.3541,1,0,0,0,0,2000000.0,0.0,73.94427442688708,True
2010,12,36.616,-93.3498,36.6381,-93.3338,0,0,0,0,0,750000.0,0.0,69.00566970862202,True
2010,12,31.6527,-90.5849,31.6766,-90.5624,1,0,0,0,0,250000.0,0.0,89.85353059432433,True
2010,11,42.4951,-88.5695,42.5346,-88.4797,1,0,0,0,0,1000000.0,0.0,52.58129082993317,True
2010,12,36.8186,-90.523,36.8189,-90.5186,2,0,0,0,0,250000.0,0.0,158.07272390633912,True
2010,7,45.4122,-92.1561,45.4067,-92.1121,1,0,0,0,0,120000.0,0.0,127.07292875031395,True
2010,11,32.4281,-86.5065,32.4615,-86.4153,1,0,0,0,0,58000.0,0.0,68.30517076133363,True
2010,11,33.553,-88.1022,33.566,-88.0842,1,0,0,0,0,145000.0,0.0,43.624086304383844,True
2010,7,45.371,-91.7211,45.337,-91.6421,1,0,0,0,0,75000.0,0.0,155.94681822009105,True
2010,12,39.9842,-89.862,40.0133,-89.8049,3,0,0,1,0,12000000.0,0.0,48.367234847311884,True
2010,11,35.8464,-88.867,35.8481,-88.8563,0,0,0,0,0,100000.0,0.0,106.72799913058793,True
2010,11,33.8767,-88.4628,33.8795,-88.4592,2,0,0,11,0,250000.0,0.0,12.536260976549645,True
2010,11,33.1121,-86.0659,33.1252,-86.0417,0,0,0,0,0,15000.0,0.0,65.8663465734926,True
2010,11,32.5989,-86.2311,32.6544,-86.1378,0,0,0,0,0,35000.0,0.0,41.93433735084336,True
2010,11,30.645,-91.1532,30.645,-91.1532,0,0,0,0,0,5000.0,0.0,72.74244546290953,True
2010,11,34.1558,-86.5751,34.1643,-86.5469,1,0,0,0,0,26000.0,0.0,97.20030141241226,True
2010,11,41.46,-75.56,41.48,-75.54,1,0,0,0,0,125000.0,0.0,89.46115884609284,True
2010,11,32.6267,-87.4231,32.6274,-87.422,1,0,0,0,0,25000.0,0.0,86.00459204859366,True
2010,1,32.571,-95.8725,32.6481,-95.6284,2,0,0,0,0,1000000.0,0.0,134.05748993453128,True
2010,1,33.0531,-95.7142,33.0744,-95.6568,0,0,0,0,0,100000.0,0.0,157.80170753823703,True
2010,1,33.1321,-95.56,33.1496,-95.5496,0,0,0,0,0,750000.0,0.0,174.29924760700024,True
2010,12,37.7908,-91.7028,37.8541,-91.6401,1,0,0,0,0,50000.0,0.0,134.6483537485861,True
2010,12,36.4988,-93.4131,36.5121,-93.3962,0,0,0,0,0,15000.0,0.0,81.89968058214797,True
2010,12,37.0875,-92.975,37.1223,-92.9395,0,0,0,0,0,100000.0,0.0,41.11175235887811,True
2010,12,37.7748,-91.7129,37.7908,-91.7028,1,2,0,0,0,450000.0,0.0,136.57343278983558,True
2010,1,32.0649,-95.6903,32.0728,-95.6781,2,0,0,0,0,30000.0,0.0,161.73359590663148,True
2010,1,30.815,-92.0455,30.8169,-92.044,0,0,0,0,0,0.0,0.0,96.41942558736781,True
2010,1,32.0872,-95.6296,32.1058,-95.5855,1,0,0,0,0,75000.0,0.0,166.25028875843537,True
2010,1,33.716,-118.125,33.7298,-118.0464,1,0,0,0,0,500000.0,0.0,124.10686767305309,True
2010,12,35.9977,-94.5655,36.0176,-94.5374,2,0,0,0,0,60000.0,0.0,80.77064774150213,True
2010,12,36.4794,-93.4399,36.4988,-93.4131,0,0,0,0,0,0.0,0.0,84.12283072885775,True
2010,12,36.1422,-94.361,36.1603,-94.3355,2,0,0,0,0,75000.0,0.0,94.71475988549736,True
2010,12,36.1603,-94.3355,36.1979,-94.2819,2,0,0,1,0,100000.0,0.0,96.75666220088834,True
2010,12,36.0999,-94.4211,36.1216,-94.3905,2,0,0,2,0,200000.0,0.0,90.16990177441474,True
2010,12,36.1216,-94.3905,36.1422,-94.361,2,0,0,0,0,0.0,0.0,92.4602292389075,True
2010,12,36.0176,-94.5374,36.0999,-94.4211,3,4,0,7,0,1500000.0,0.0,82.400227218811,True
2010,11,32.8464,-90.4195,32.9103,-90.316,2,0,0,0,0,1300000.0,0.0,75.02675010795332,True
2010,11,32.0427,-90.9647,32.0566,-90.9409,1,0,0,0,0,30000.0,0.0,95.97201897207464,True
2010,11,37.4469,-93.3615,37.452,-93.3474,1,0,0,0,0,75000.0,0.0,23.780472453136525,True
2010,11,37.9439,-93.4178,37.9508,-93.402,0,0,0,0,0,25000.0,0.0,78.81119758574185,True
2010,1,36.73,-119.86,36.7315,-119.8406,0,0,0,0,0,0.0,0.0,50.52416447719591,True
2010,6,40.8295,-84.5966,40.8298,-84.5788,0,0,0,0,0,0.0,0.0,109.59379935852336,True
2010,8,46.0555,-97.28,46.0566,-97.2599,0,0,0,0,0,0.0,0.0,110.33210668724723,True
2010,11,30.42,-92.1662,30.4236,-92.1494,0,0,0,0,0,5000.0,0.0,105.99486919556074,True
2010,1,37.9132,-121.7658,37.9003,-121.7405,1,0,0,0,0,25000.0,0.0,65.82302047380291,True
2010,6,45.201,-93.868,45.2721,-93.8378,1,0,0,0,0,0.0,0.0,45.80571239964514,True
2010,3,33.9932,-81.5013,34.0402,-81.4347,2,0,0,1,0,1000000.0,10000.0,35.63700678476723,True
2010,3,33.642,-82.1,33.762,-81.947,1,0,0,0,0,0.0,10000.0,96.88265811169873,True
2010,3,33.629,-82.042,33.6458,-82.0057,2,0,0,0,0,250000.0,20000.0,92.43736142635954,True
2010,1,32.4755,-90.2386,32.482,-90.224,0,0,0,0,0,40000.0,0.0,32.28436821647081,True
2010,4,37.7648,-89.5304,37.7827,-89.5044,0,0,0,0,0,5000.0,0.0,102.39236433664949,True
2010,10,34.6638,-85.7544,34.7436,-85.5602,2,0,0,0,0,1300000.0,0.0,42.23047732950403,True
2010,3,36.5925,-90.7902,36.6066,-90.7705,1,0,0,1,0,200000.0,0.0,161.42599238471973,True
2010,1,30.6831,-90.393,30.6937,-90.368,1,0,0,0,0,100000.0,0.0,18.232534749138523,True
2010,1,31.8343,-90.3799,31.8612,-90.3272,2,0,0,0,0,500000.0,0.0,62.007538686933884,True
2010,6,42.2902,-85.1993,42.2893,-85.1677,1,0,0,0,0,2000000.0,0.0,72.84356413491763,True
2010,4,37.4169,-103.9288,37.4077,-103.8811,0,0,0,0,0,0.0,0.0,268.899278969522,True
2010,4,35.4335,-92.4805,35.4351,-92.4603,1,0,0,0,0,60000.0,0.0,69.30744030252724,True
2010,4,35.18,-102.1231,35.1893,-102.1083,0,0,0,0,0,0.0,0.0,38.06322595278671,True
2010,3,32.8472,-86.6814,32.8553,-86.6351,1,0,0,0,0,35000.0,0.0,37.03666049193128,True
2010,3,33.2391,-86.867,33.2538,-86.823,1,0,0,0,0,170000.0,0.0,11.733914525739642,True
2010,5,34.5067,-81.3739,34.5105,-81.3,1,0,0,0,0,5000.0,10000.0,66.34786844089177,True
2010,3,32.23,-83.75,32.2318,-83.724,0,0,0,0,0,50000.0,0.0,62.041679401278984,True
2010,4,35.4603,-92.7155,35.6205,-92.5049,3,1,0,15,0,4000000.0,0.0,80.7071095653841,True
2010,4,34.3929,-92.5105,34.4203,-92.4747,1,0,0,0,0,40000.0,0.0,54.30593124805398,True
2010,4,34.493,-92.4036,34.4957,-92.4011,1,0,0,0,0,10000.0,0.0,40.320294767689944,True
2010,4,34.4668,-92.4234,34.493,-92.4036,1,0,0,0,0,100000.0,0.0,43.668703893986795,True
2010,3,36.578,-79.003,36.579,-78.999,0,0,0,0,0,15000.0,0.0,111.46041323184684,True
2010,4,39.34,-103.42,39.34,-103.42,0,0,0,0,0,0.0,0.0,108.53403459309372,True
2010,3,39.73,-122.55,39.73,-122.55,0,0,0,0,0,50000.0,0.0,82.85389310152519,True
2010,4,36.5,-100.82,36.501,-100.8161,0,0,0,0,0,0.0,0.0,159.21047260178273,True
2010,4,34.693,-92.1878,34.8164,-92.0757,0,0,0,0,0,250000.0,0.0,17.321931434986666,True
2010,4,34.9866,-101.2,35.1119,-101.1,1,0,0,0,0,3000.0,0.0,53.83913398085723,True
2010,4,34.8164,-92.0757,35.0246,-91.8557,2,0,0,0,0,4600000.0,0.0,17.144243904573887,True
2010,4,35.0246,-91.8557,35.0938,-91.8292,1,0,0,0,0,375000.0,0.0,42.53868643827022,True
2010,4,35.2105,-91.6726,35.2327,-91.6396,1,0,0,0,0,200000.0,0.0,67.90049021075902,True
2010,4,35.8582,-90.1086,35.8849,-90.0896,0,0,0,0,0,3000.0,0.0,60.929822280910955,True
2010,4,35.26,-100.8,35.2958,-100.6485,0,0,0,0,0,0.0,0.0,82.6238771334481,True
2010,4,39.52,-104.16,39.52,-104.16,0,0,0,0,0,0.0,0.0,44.383459294973335,True
2010,4,39.9,-104.08,39.9,-104.08,0,0,0,0,0,0.0,0.0,41.71801759685225,True
2010,4,34.9807,-102.0625,34.9899,-102.0513,0,0,0,0,0,0.0,0.0,42.679916114512935,True
2010,4,35.7152,-92.3778,35.7999,-92.2839,1,0,0,0,0,75000.0,0.0,98.28465790786511,True
2010,3,35.6288,-99.377,35.6579,-99.3379,0,0,0,0,0,0.0,0.0,145.48469748901525,True
2010,4,35.7114,-92.3951,35.7152,-92.3778,1,0,0,0,0,90000.0,0.0,98.04578901535284,True
2010,4,40.36,-94.9,40.36,-94.8989,0,0,0,0,0,0.0,0.0,163.1728353865844,True
2010,5,41.3258,-83.5346,41.3548,-83.5054,1,0,0,0,0,500000.0,0.0,140.07580425979228,True
2010,5,33.3208,-92.3794,33.3454,-92.3564,1,0,0,0,0,25000.0,0.0,167.3004043204978,True
2010,4,34.303,-79.769,34.303,-79.768,1,0,0,0,0,25000.0,0.0,128.14218700455794,True
2010,4,34.0703,-92.5692,34.0897,-92.5465,1,0,0,0,0,40000.0,0.0,89.72189343083477,True
2010,4,34.283,-79.907,34.293,-79.856,2,0,0,0,0,6250000.0,0.0,117.57316541614433,True
2010,4,39.32,-92.67,39.3221,-92.6251,0,0,0,0,0,0.0,0.0,148.8682661593837,True
2010,5,41.03,-104.7154,41.03,-104.7154,0,0,0,0,0,0.0,0.0,15.544286475098975,True
2010,5,33.3128,-92.3858,33.3208,-92.3794,0,0,0,0,0,5000.0,0.0,166.3039803763764,True
2010,4,34.267,-80.029,34.267,-80.018,2,0,0,3,0,750000.0,0.0,106.38129637840898,True
2010,4,35.5689,-84.2829,35.5689,-84.2829,0,0,0,0,0,25000.0,0.0,103.65312078805053,True
2010,4,35.0638,-84.4753,35.0683,-84.454,0,0,0,0,0,20000.0,0.0,147.24457210789637,True
2010,4,38.5906,-90.4392,38.5986,-90.4439,0,0,0,0,0,0.0,0.0,24.33983721465568,True
2010,4,37.809,-91.5091,37.8248,-91.4798,1,0,0,0,0,0.0,0.0,122.46217244762472,True
2010,4,35.62,-84.14,35.62,-84.14,2,0,0,0,0,20000.0,0.0,90.20818581277089,True
2010,4,38.196,-90.7726,38.355,-90.5192,1,0,0,0,0,0.0,0.0,56.462254661830166,True
2010,4,35.3549,-92.6427,35.4335,-92.4805,2,0,0,0,0,1850000.0,0.0,67.26286722835145,True
2010,4,46.1124,-88.6579,46.1124,-88.6579,0,0,0,0,0,15000.0,0.0,97.09492268519136,True
2010,4,35.6555,-84.17,35.6555,-84.17,1,0,0,0,0,30000.0,0.0,89.64498919264835,True
2010,4,34.1036,-86.8062,34.1481,-86.7213,2,0,0,0,0,0.0,0.0,103.65089500764138,True
2010,4,34.5817,-92.3061,34.6696,-92.2257,1,0,0,0,0,1150000.0,0.0,28.605362465472275,True
2010,5,41.17,-104.1661,41.17,-104.1661,0,0,0,0,0,0.0,0.0,53.61484111332852,True
2010,5,41.17,-104.243,41.17,-104.243,0,0,0,0,0,0.0,0.0,47.18236084684823,True
2010,4,33.7713,-83.5032,33.7842,-83.474,1,0,0,0,0,218000.0,0.0,108.40209784561662,True
2010,3,35.7413,-99.19,35.7413,-99.19,0,0,0,0,0,0.0,0.0,146.39661502629394,True
2010,3,35.6273,-91.53,35.6401,-91.5261,1,0,0,0,0,1200000.0,0.0,110.2447644033327,True
2010,3,32.4158,-89.5848,32.4707,-89.5221,1,0,0,0,0,100000.0,200000.0,40.46526733929135,True
2010,3,35.4438,-91.7018,35.4832,-91.6833,1,0,0,0,0,50000.0,0.0,84.59340556411283,True
2010,3,34.5898,-92.6561,34.6592,-92.5893,1,0,0,0,0,875000.0,0.0,45.274284154378606,True
2010,3,35.2398,-91.9072,35.3731,-91.7384,1,0,0,2,0,950000.0,0.0,55.2749895486098,True
2010,3,38.6639,-91.925,38.675,-91.9217,0,0,0,0,0,0.0,0.0,107.89794428830132,True
2010,3,38.6892,-91.8983,38.7428,-91.8942,0,0,0,0,0,0.0,0.0,105.4970818297607,True
2010,3,35.7175,-80.3754,35.7351,-80.3638,2,0,0,5,0,1250000.0,0.0,145.5764041851827,True
2010,5,33.3682,-105.5493,33.3714,-105.5473,0,0,0,0,0,1500.0,0.0,62.18427672984007,True
2010,3,38.4397,-92.0278,38.5228,-91.9672,1,0,0,0,0,0.0,0.0,120.43235375514621,True
2010,3,32.4469,-89.5609,32.4614,-89.5463,1,0,0,0,0,50000.0,100000.0,43.89660007077606,True
2010,3,35.3969,-92.1422,35.4429,-92.1192,2,1,0,3,0,250000.0,0.0,63.27135454217305,True
2010,4,31.1683,-88.0412,31.1696,-88.04,0,0,0,0,0,0.0,0.0,57.562683387524444,True
2010,3,34.36,-87.085,34.372,-87.037,1,0,0,0,0,50000.0,0.0,111.42849596280885,True
2010,7,38.877,-95.567,38.8774,-95.5664,0,0,0,0,0,1000.0,0.0,59.084037506813964,True
2010,1,30.5172,-82.0508,30.525,-82.04,0,0,0,0,0,0.0,0.0,33.62297466864104,True
2010,4,33.2857,-89.3651,33.4133,-89.0883,3,5,0,35,0,90000000.0,6000000.0,117.5821687897428,True
2010,4,43.7592,-89.2454,43.7687,-89.2277,0,0,0,0,0,0.0,0.0,104.40109960778042,True
2010,5,38.5647,-102.0323,38.5701,-102.0186,0,0,0,0,0,0.0,0.0,93.70985014388374,True
2010,5,38.6092,-101.8268,38.6138,-101.8174,0,0,0,0,0,0.0,0.0,84.96354688295435,True
2010,5,40.7512,-104.7025,40.7512,-104.7025,0,0,0,0,0,0.0,0.0,45.40169302512553,True
2010,4,34.1917,-86.4146,34.195,-86.3991,1,0,0,0,0,50000.0,0.0,87.56875329578637,True
2010,4,35.6478,-87.5184,35.6674,-87.4962,1,0,0,0,0,30000.0,0.0,108.84246017975924,True
2010,4,36.534,-86.19,36.554,-86.179,0,0,0,0,0,16000.0,0.0,46.136874902780114,True
2010,5,38.5311,-102.6127,38.5626,-102.5969,0,0,0,0,0,10000.0,0.0,121.91613560244272,True
2010,4,32.4952,-91.1177,32.5576,-90.9641,2,0,0,2,0,920000.0,500000.0,109.06769189906392,True
2010,5,36.8855,-84.73,36.8855,-84.73,2,0,0,0,0,50000.0,0.0,142.97042959246784,True
2010,5,36.5888,-88.9391,36.635,-88.8803,2,0,0,0,0,300000.0,0.0,55.358018839975976,True
2010,6,41.7665,-80.4119,41.7784,-80.3954,0,0,0,0,0,125000.0,0.0,126.67935173445845,True
2010,6,38.2869,-88.8557,38.2874,-88.8507,0,0,0,0,0,2000.0,0.0,98.7901515656079,True
2010,5,37.0571,-87.5981,37.1284,-87.45,2,0,0,0,0,300000.0,0.0,45.219739040906965,True
2010,6,40.2709,-76.5235,40.2709,-76.5235,0,0,0,0,0,10000.0,0.0,144.5001999935907,True
2010,5,36.6314,-88.1843,36.6544,-88.0792,0,0,0,0,0,20000.0,0.0,71.37514238673312,True
2010,5,36.874,-90.579,36.8758,-90.5708,0,0,0,0,0,1000.0,0.0,161.9805495431619,True
2010,5,36.5222,-89.0553,36.5885,-88.9393,1,0,0,0,0,35000.0,0.0,65.75981011872638,True
2010,4,33.4133,-89.0883,33.4336,-89.0449,1,0,0,0,0,15000.0,20000.0,88.47768050003461,True
2010,6,41.9577,-84.2174,41.9541,-84.1694,1,0,0,0,0,500000.0,0.0,102.81359351402065,True
2010,5,38.8531,-100.7337,38.854,-100.7275,0,0,0,0,0,0.0,0.0,101.09018324694982,True
2010,5,37.49,-102.71,37.59,-102.78,1,0,0,0,0,9000.0,0.0,226.47838137005405,True
2010,4,32.5576,-90.9641,32.662,-90.7373,2,0,0,0,0,100000.0,2000000.0,96.99862314816328,True
2010,5,40.3755,-82.8014,40.38,-82.7628,0,0,0,0,0,100000.0,0.0,137.31935261477557,True
2010,5,38.4415,-102.2162,38.4425,-102.214,0,0,0,0,0,0.0,0.0,112.17064812863038,True
2010,5,38.4375,-102.215,38.438,-102.212,0,0,0,0,0,0.0,0.0,112.53818079711397,True
2010,5,37.1382,-87.4,37.1388,-87.3904,0,0,0,0,0,70000.0,0.0,45.80431726526388,True
2010,5,36.7613,-88.5263,36.774,-88.4869,0,0,0,0,0,15000.0,0.0,40.52726295187227,True
2010,5,40.8302,-84.3991,40.8383,-84.3604,1,0,0,0,0,0.0,0.0,123.83836143246508,True
2010,4,35.4173,-92.765,35.4603,-92.7155,1,0,0,0,0,100000.0,0.0,79.15558290333514,True
2010,5,36.1966,-102.6503,36.1978,-102.6411,0,0,0,0,0,0.0,0.0,136.71208240807894,True
2010,6,40.8021,-94.2289,40.8231,-94.2209,2,0,0,0,0,4000000.0,10000.0,111.62291743135883,True
2010,5,37.0117,-93.0617,37.0,-92.9862,0,0,0,0,0,50000.0,0.0,38.97513311855198,True
2010,5,36.908,-93.9369,36.9198,-93.9008,1,0,0,0,0,500000.0,0.0,59.92481859066486,True
2010,6,42.8036,-92.3134,42.8041,-92.3077,1,0,0,0,0,10000.0,0.0,145.21359981151613,True
2010,5,36.1056,-103.1659,36.2305,-103.1328,2,0,0,0,0,325000.0,0.0,163.46398336187232,True
2010,5,36.3571,-103.1445,36.3889,-103.1219,0,0,0,0,0,0.0,0.0,179.91358857092493,True
2010,5,36.2749,-103.1307,36.3337,-103.1118,1,0,0,0,0,125000.0,0.0,172.81409994473273,True
2010,5,35.8859,-103.194,35.9648,-103.1661,1,0,0,0,0,10000.0,0.0,152.65193148371077,True
2010,6,43.4896,-93.8661,43.4985,-93.8381,0,0,0,0,0,0.0,0.0,153.03418478653066,True
2010,5,36.0731,-103.1326,36.1991,-103.0727,1,0,0,0,0,0.0,0.0,158.9237976354531,True
2010,4,43.7687,-89.2277,43.7956,-89.176,0,0,0,0,0,0.0,0.0,104.53451978479018,True
2010,4,43.7107,-89.2801,43.7267,-89.2455,0,0,0,0,0,0.0,0.0,101.51488904309763,True
2010,6,43.457,-94.0286,43.4638,-94.0191,0,0,0,0,0,0.0,0.0,159.11758038543252,True
2010,6,41.2995,-93.789,41.2956,-93.7679,0,0,0,0,0,0.0,0.0,48.306730241509314,True
2010,6,39.9061,-102.4276,39.8644,-102.2109,1,0,0,0,0,380000.0,0.0,86.44796735825238,True
2010,5,36.9155,-93.4328,36.9162,-93.4275,0,0,0,0,0,10000.0,0.0,35.67372571049931,True
2010,6,43.3737,-94.1649,43.3808,-94.1551,0,0,0,0,0,0.0,5000.0,170.86850200070543,True
2010,5,35.8233,-101.9837,35.8295,-101.9448,0,0,0,0,0,0.0,0.0,70.1448529172505,True
2010,5,35.85,-101.9343,35.8531,-101.9126,0,0,0,0,0,0.0,0.0,71.52942595348581,True
2010,5,28.0708,-98.0175,28.0726,-98.0164,0,0,0,0,0,5000.0,0.0,59.124486904907286,True
2010,6,40.5899,-80.8847,40.5777,-80.8628,1,0,0,0,0,50000.0,0.0,56.6965610178366,True
2010,4,32.662,-90.7373,32.7003,-90.6783,2,0,0,0,0,0.0,2000000.0,82.41602373159472,True
2010,4,32.4032,-91.2993,32.4952,-91.1177,3,0,0,16,0,35000000.0,1000000.0,124.28201372393981,True
2010,4,39.8832,-97.0304,39.8921,-97.0141,0,0,0,0,0,0.0,0.0,120.02643172101658,True
2010,4,36.4877,-92.6096,36.5,-92.59,1,0,0,0,0,40000.0,0.0,108.8934632815749,True
2010,6,40.5777,-80.8628,40.5576,-80.8267,1,0,0,0,0,75000.0,0.0,54.720439707982564,True
2010,4,32.9456,-90.1539,33.0802,-89.8241,4,1,0,40,0,60000000.0,4000000.0,75.69519138379265,True
2010,6,42.1155,-83.4135,42.123,-83.3892,1,0,0,0,0,500000.0,0.0,65.16749675190209,True
2010,6,43.3205,-83.0706,43.3206,-83.0613,0,0,0,0,0,75000.0,0.0,76.31532823497143,True
2010,5,33.7686,-92.0312,33.7738,-92.0263,1,0,0,0,0,25000.0,0.0,120.60847332790685,True
2010,5,38.8619,-100.5457,38.8358,-100.152,1,0,0,0,0,22500.0,0.0,114.34853389848325,True
2010,4,33.0802,-89.8241,33.2857,-89.3651,2,0,0,0,0,60000000.0,4000000.0,90.23583192916568,True
2010,6,41.3565,-80.3977,41.36,-80.34,0,0,0,0,0,100000.0,0.0,92.95235012006144,True
2010,5,34.5775,-88.9967,34.5975,-88.9637,1,0,0,0,0,10000.0,0.0,97.42867332848247,True
2010,4,43.7274,-89.3048,43.7592,-89.2454,0,0,0,0,0,0.0,0.0,104.1834076332882,True
2010,4,32.7003,-90.6783,32.9456,-90.1539,4,4,0,53,0,140000000.0,4000000.0,80.120925859555,True
2010,4,25.1416,-80.4019,25.1414,-80.3993,0,0,0,0,0,15000.0,0.0,52.15689163863774,True
2010,6,40.2191,-83.4243,40.224,-83.3604,0,0,0,0,0,64000.0,0.0,95.08760654212921,True
2010,6,42.1335,-93.302,42.1329,-93.2973,0,0,0,0,0,0.0,0.0,56.692667128279766,True
2010,6,41.1171,-88.8841,41.1172,-88.8812,0,0,0,0,0,0.0,0.0,85.9678066681511,True
2010,5,44.53,-102.12,44.85,-102.17,2,0,0,0,0,100000.0,0.0,72.25227602221415,True
2010,5,44.95,-102.08,45.02,-102.09,0,0,0,0,0,0.0,0.0,109.33726919676552,True
2010,4,34.3181,-86.1085,34.4558,-85.7752,3,0,0,10,0,3000000.0,0.0,68.13940360377856,True
2010,5,45.4381,-102.16,45.5482,-102.225,2,0,0,0,0,100000.0,0.0,155.3194014865396,True
2010,5,45.169,-102.15,45.4958,-102.223,2,0,0,0,0,100000.0,0.0,127.97361599073234,True
2010,5,45.766,-102.238,45.766,-102.238,0,0,0,0,0,500.0,0.0,159.32549065870808,True
2010,7,42.8842,-93.3723,42.8818,-93.3613,0,0,0,0,0,0.0,1000.0,131.4190530821169,True
2010,5,32.3005,-96.5258,32.3029,-96.5176,0,0,0,0,0,5000.0,0.0,78.98248426381065,True
2010,5,36.5576,-103.0024,36.5767,-102.8969,1,0,0,0,0,20000.0,0.0,187.7485633926019,True
2010,5,35.9099,-101.4705,35.9807,-101.4879,2,0,0,0,0,40000.0,0.0,78.26926195696637,True
2010,5,42.9399,-100.2736,42.9387,-100.2533,0,0,0,0,0,42000.0,0.0,111.97607267384423,True
2010,5,42.9429,-99.9172,42.9902,-99.7511,2,0,0,0,0,120000.0,0.0,122.14101581016719,True
2010,5,36.5301,-102.8998,36.5422,-102.866,0,0,0,0,0,0.0,0.0,179.70817262705012,True
2010,5,36.8335,-101.6716,36.8354,-101.6619,0,0,0,0,0,0.0,0.0,177.96301980766663,True
2010,5,35.8265,-102.3727,35.8313,-102.3541,0,0,0,0,0,0.0,0.0,89.18796682162565,True
2010,5,35.7981,-102.299,35.8011,-102.2814,0,0,0,0,0,0.0,0.0,82.41738947842975,True
2010,5,35.7911,-87.6977,35.8498,-87.5513,2,0,0,1,0,600000.0,10000.0,111.46213679806264,True
2010,5,35.85,-102.1664,35.8523,-102.1573,0,0,0,0,0,0.0,0.0,80.07849914550133,True
2010,5,39.0623,-102.5095,39.0817,-102.4949,0,0,0,0,0,0.0,0.0,77.51022637227942,True
2010,6,42.4465,-94.932,42.453,-94.9203,0,0,0,0,0,0.0,5000.0,127.60451025395277,True
2010,6,42.7036,-94.3504,42.7109,-94.3346,0,0,0,0,0,0.0,2000.0,119.85054757892433,True
2010,5,37.3139,-96.5034,37.3167,-96.5,0,0,0,0,0,0.0,0.0,91.14770610035242,True
2010,5,35.6989,-87.8503,35.7247,-87.731,1,0,0,0,0,150000.0,10000.0,126.04515321058906,True
2010,5,36.3308,-86.6444,36.3858,-86.5846,1,0,0,0,0,450000.0,15000.0,11.842949426612945,True
2010,6,42.691,-93.9556,42.6817,-93.9183,0,0,0,0,0,0.0,5000.0,108.44353967974968,True
2010,4,34.2035,-86.3858,34.3181,-86.1085,3,0,0,35,0,14000000.0,0.0,85.4482281258146,True
2010,5,38.23,-97.66,38.2398,-97.6338,0,0,0,0,0,0.0,0.0,66.76712362328432,True
2010,5,37.8292,-97.7898,37.8368,-97.7801,0,0,0,0,0,0.0,0.0,36.1558812380937,True
2010,5,35.8921,-87.5126,35.9101,-87.4467,2,0,0,0,0,200000.0,10000.0,94.0813390848396,True
2010,5,43.3756,-99.8664,43.3844,-99.811,2,0,0,0,0,80000.0,0.0,167.97864845864333,True
2010,5,36.23,-102.3735,36.244,-102.3025,0,0,0,0,0,0.0,0.0,126.00222919239962,True
2010,5,36.42,-102.106,36.4243,-102.0877,0,0,0,0,0,0.0,0.0,136.7130041092474,True
2010,5,36.3235,-101.4275,36.3241,-101.4177,0,0,0,0,0,0.0,0.0,123.85749652473389,True
2010,4,34.5256,-85.5888,34.5474,-85.5183,3,0,0,0,0,1500000.0,0.0,63.814704632733964,True
2010,7,42.98,-93.54,42.9777,-93.5335,0,0,0,0,0,0.0,1000.0,139.6816611312323,True
2010,5,32.4975,-97.0261,32.4857,-97.0119,0,0,0,0,0,0.0,0.0,27.285322946013018,True
2010,5,31.81,-96.77,31.81,-96.77,0,0,0,0,0,0.0,0.0,98.54209327008473,True
2010,5,36.07,-100.82,36.0719,-100.8002,0,0,0,0,0,0.0,0.0,122.92642564821044,True
2010,5,35.1853,-91.0762,35.2041,-91.0417,1,0,0,0,0,300000.0,0.0,110.63666621597889,True
2010,6,35.9042,-101.73,35.9057,-101.7202,0,0,0,0,0,0.0,0.0,74.6208996957664,True
2010,6,41.3179,-93.8068,41.3211,-93.7961,0,0,0,0,0,0.0,0.0,46.4742166468059,True
2010,4,38.8387,-100.3613,38.8443,-100.3549,0,0,0,0,0,0.0,0.0,124.6493013201622,True
2010,4,32.92,-92.36,32.924,-92.352,0,0,0,0,0,0.0,0.0,148.11458768800614,True
2010,4,33.1541,-94.1611,33.2003,-94.0429,0,0,0,0,0,5000.0,0.0,83.71953416333537,True
2010,3,35.9616,-80.0785,35.9726,-80.0726,1,0,0,0,0,750000.0,0.0,119.43878952692465,True
2010,3,36.2677,-78.9007,36.3111,-78.8518,1,0,0,0,0,250000.0,0.0,76.5075900040577,True
2010,3,36.0049,-80.0396,36.0447,-80.002,3,0,0,0,0,10000000.0,0.0,115.25863525809493,True
2010,4,32.938,-95.2291,32.9505,-95.2054,0,0,0,0,0,10000.0,0.0,140.71567100131227,True
2010,4,33.0808,-94.2455,33.0971,-94.1649,0,0,0,0,0,0.0,0.0,79.59703256284142,True
2010,4,32.818,-95.451,32.854,-95.392,0,0,0,3,0,75000.0,0.0,156.16786977458193,True
2010,5,38.4878,-101.2062,38.4944,-101.1921,1,0,0,0,0,5000.0,0.0,106.6897526522517,True
2010,3,28.7309,-82.5822,28.7314,-82.5575,0,0,0,0,0,0.0,0.0,115.4043062325683,True
2010,5,38.8162,-101.2421,38.8305,-101.218,0,0,0,0,0,0.0,0.0,72.89549321000247,True
2010,5,38.555,-101.1992,38.5671,-101.1798,0,0,0,0,0,0.0,0.0,100.13977112684769,True
2010,4,40.1,-96.9962,40.1369,-96.9705,1,0,0,0,0,650000.0,0.0,125.1982118874795,True
2010,4,33.7336,-87.2864,33.801,-86.9564,3,0,1,0,0,598000.0,0.0,78.72837837927769,True
2010,4,32.3699,-96.1034,32.3719,-96.1021,1,0,0,0,0,50000.0,0.0,114.78525947037016,True
2010,5,36.589,-96.904,36.6551,-96.72,1,0,0,0,0,50000.0,0.0,110.42543010149495,True
2010,5,36.7,-96.6117,36.7,-96.6117,0,0,0,0,0,0.0,0.0,110.40744325685174,True
2010,4,35.8303,-78.3232,35.845,-78.2565,0,0,0,0,0,250000.0,25000.0,23.73460000605193,True
2010,4,32.2239,-88.9676,32.2508,-88.9143,2,0,0,0,0,200000.0,100000.0,95.8250589283543,True
2010,5,36.7419,-96.5674,36.7554,-96.5532,0,0,0,0,0,0.0,0.0,109.65442733836825,True
2010,5,36.6854,-96.3491,36.7062,-96.33,0,0,0,0,0,0.0,0.0,90.2935872450179,True
2010,5,35.342,-96.441,35.3975,-96.3807,1,0,0,0,0,15000.0,0.0,75.90643261543636,True
2010,5,35.9403,-96.0619,35.952,-96.0295,1,0,0,0,0,25000.0,0.0,51.79966699031933,True
2010,4,33.3366,-90.4158,33.3349,-90.3813,1,0,0,0,0,50000.0,0.0,124.21328396986587,True
2010,4,32.2508,-88.9143,32.3058,-88.7646,2,0,0,0,0,650000.0,300000.0,100.67150741982483,True
2010,4,33.6349,-88.6019,33.6448,-88.5716,2,0,0,0,0,80000.0,0.0,38.5263580196138,True
2010,4,38.4581,-102.7941,38.4685,-102.7916,0,0,0,0,0,0.0,0.0,138.4514963891385,True
2010,4,38.4442,-102.7712,38.4636,-102.7673,0,0,0,0,0,0.0,0.0,138.25409483669688,True
2010,4,38.581,-102.829,38.5983,-102.8314,0,0,0,0,0,0.0,0.0,130.98747578926222,True
2010,5,35.952,-96.0295,36.0241,-95.8316,1,0,0,0,0,100000.0,0.0,48.62688736219371,True
2010,5,35.5942,-95.9394,35.6258,-95.841,2,0,0,0,0,200000.0,0.0,72.89481039493833,True
2010,5,35.9991,-95.7132,36.022,-95.6255,2,0,0,2,0,400000.0,0.0,23.705531556298762,True
2010,5,36.1647,-95.6895,36.1761,-95.6379,0,0,0,0,0,10000.0,0.0,11.31178444026601,True
2010,4,36.5821,-92.3718,36.616,-92.3196,1,0,0,0,0,80000.0,0.0,116.77466371672482,True
2010,4,36.5855,-92.3592,36.5905,-92.3458,0,0,0,0,0,0.0,1000.0,117.41931056710015,True
2010,4,38.4856,-102.7607,38.5027,-102.7597,0,0,0,0,0,0.0,0.0,134.23228256329145,True
2010,4,38.172,-102.9727,38.1803,-102.9702,0,0,0,0,0,0.0,0.0,172.6918147017377,True
2010,4,38.2025,-102.961,38.2296,-102.9529,0,0,0,0,0,0.0,0.0,169.4253160798688,True
2010,4,38.2514,-102.9428,38.2592,-102.9388,0,0,0,0,0,0.0,0.0,164.2447276478947,True
2010,5,35.7889,-96.467,35.7889,-96.467,0,0,0,0,0,0.0,0.0,89.14945933630088,True
2010,5,35.8545,-96.3242,35.9012,-96.2552,1,0,0,0,0,15000.0,0.0,77.09279222018557,True
2010,5,34.5975,-88.9637,34.6666,-88.8505,1,0,0,0,0,125000.0,0.0,97.31393754294837,True
2010,4,38.2938,-102.9101,38.341,-102.8957,0,0,0,0,0,0.0,0.0,158.80953331564032,True
2010,4,38.4238,-102.8228,38.4595,-102.8098,0,0,0,0,0,0.0,0.0,142.95063681825957,True
2010,5,35.5775,-96.5336,35.6014,-96.3942,1,0,0,0,0,0.0,0.0,72.67624680407646,True
2010,5,35.2041,-91.0417,35.2578,-90.9511,1,0,0,0,0,100000.0,0.0,107.20922161612435,True
2010,5,34.4891,-89.5129,34.5031,-89.4945,2,1,0,0,0,250000.0,0.0,100.65623746815349,True
2010,5,35.4984,-88.2825,35.5198,-88.243,0,0,0,0,0,100000.0,0.0,145.15889034493154,True
2010,4,35.684,-88.1386,35.789,-87.973,1,0,0,0,0,1000000.0,0.0,139.87667291073848,True
2010,4,36.6379,-92.2898,36.7634,-92.166,1,0,0,0,0,875000.0,25000.0,118.96591130935141,True
2010,5,41.18,-104.37,41.18,-104.37,2,0,0,0,0,50000.0,0.0,36.63820759581128,True
2010,5,31.9102,-102.5708,31.9284,-102.5671,0,0,0,0,0,0.0,0.0,36.19867616914637,True
2010,4,36.4978,-92.5886,36.5909,-92.3761,1,0,0,0,0,0.0,10000.0,109.26100729661835,True
2010,5,31.8344,-102.7299,31.8964,-102.7314,3,0,0,0,0,100000.0,0.0,52.465838767534954,True
2010,5,35.896,-99.757,35.896,-99.757,0,0,0,0,0,0.0,0.0,173.60209794593868,True
2010,4,34.4849,-88.9644,34.4854,-88.9636,0,0,0,0,0,25000.0,0.0,87.68187777114072,True
2010,6,27.65,-80.5623,27.65,-80.5623,0,0,0,0,0,0.0,0.0,52.279163775978695,True
2010,6,29.7495,-81.5563,29.7989,-81.5625,0,0,0,0,0,0.0,0.0,82.93364919579132,True
2010,4,34.4957,-92.4011,34.5817,-92.3061,2,0,0,8,0,3000000.0,0.0,39.96263623781671,True
2010,4,32.577,-88.8151,32.6047,-88.7676,1,0,0,0,0,300000.0,0.0,114.60949610247033,True
2010,4,34.153,-100.6636,34.18,-100.5208,2,0,0,0,0,100000.0,0.0,119.79965516552542,True
2010,4,34.1814,-100.5201,34.1905,-100.5002,2,0,0,0,0,0.0,0.0,133.02364404027904,True
2010,4,34.1688,-100.5119,34.2615,-100.3287,3,0,0,0,0,300000.0,0.0,133.10287786057413,True
2010,4,33.801,-86.9564,33.844,-86.8488,1,0,0,0,0,50000.0,0.0,72.0588233228627,True
2010,4,32.1575,-89.1141,32.2239,-88.9676,2,0,0,0,0,400000.0,600000.0,83.00039515669164,True
2010,4,33.5302,-88.8531,33.5638,-88.7388,2,0,0,0,0,650000.0,0.0,63.33194920615444,True
2010,4,31.9379,-89.6386,32.0333,-89.495,1,0,0,0,0,40000.0,0.0,50.0795523878011,True
2010,4,37.9883,-103.1502,38.0477,-103.1084,0,0,0,0,0,0.0,0.0,198.34169321869274,True
2010,4,38.3555,-102.8824,38.4583,-102.8589,1,0,0,0,0,1000.0,0.0,152.0661313729937,True
2010,4,38.0102,-103.1535,38.0416,-103.1326,0,0,0,0,0,0.0,0.0,196.63704090431082,True
2010,5,34.188,-97.205,34.194,-97.198,0,0,0,0,0,0.0,0.0,127.49706148617452,True
2010,5,34.665,-97.781,34.681,-97.743,1,0,0,0,0,0.0,0.0,87.28838032517177,True
2010,5,35.3603,-96.333,35.4192,-96.1709,1,0,0,0,0,15000.0,0.0,85.74015267861306,True
2010,5,35.4028,-95.8673,35.424,-95.8459,2,0,0,0,0,40000.0,0.0,90.1127628109578,True
2010,5,35.4898,-96.4835,35.5715,-96.2296,1,0,0,0,0,40000.0,0.0,74.05910668023685,True
2010,5,35.441,-95.814,35.5279,-95.6248,2,0,0,0,0,125000.0,0.0,84.66914139829079,True
2010,5,35.4239,-95.7757,35.4354,-95.7349,1,0,0,0,0,3000.0,0.0,85.66924782548251,True
2010,5,36.6701,-94.7875,36.6949,-94.6873,1,0,0,0,0,25000.0,0.0,88.65342898877975,True
2010,5,35.4362,-95.7177,35.4417,-95.7077,1,0,0,0,0,2000.0,0.0,83.30881602984557,True
2010,5,35.4519,-95.7008,35.4519,-95.7008,0,0,0,0,0,0.0,0.0,81.34285999946002,True
2010,5,35.5864,-95.1276,35.6163,-94.9739,1,0,0,0,0,150000.0,0.0,76.35573428387883,True
2010,5,35.5535,-94.8769,35.5758,-94.8115,1,0,0,0,0,5000.0,0.0,55.07878681758269,True
2010,5,35.5293,-95.3438,35.5357,-95.3145,1,0,0,0,0,10000.0,0.0,74.49288781278311,True
2010,5,35.7736,-88.9905,35.7739,-88.9903,0,0,0,0,0,5000.0,0.0,93.01466056446193,True
2010,5,35.4634,-95.6807,35.493,-95.5733,1,0,0,0,0,200000.0,0.0,79.82019233369925,True
2010,5,35.497,-95.7354,35.5089,-95.7175,2,0,0,0,0,200000.0,0.0,76.95368651234035,True
2010,5,35.5026,-95.4784,35.5448,-95.3733,1,0,0,0,0,30000.0,0.0,75.16466274901359,True
2010,6,41.0035,-96.0641,41.0025,-96.0536,1,0,0,0,0,4000.0,0.0,43.39109713345842,True
2010,5,40.1,-104.5011,40.1,-104.5011,0,0,0,0,0,0.0,0.0,35.05290595135846,True
2010,5,35.9235,-99.3774,35.9558,-99.313,0,0,0,0,0,0.0,0.0,144.2049253366048,True
2010,5,36.1202,-97.9127,36.1202,-97.9127,0,0,0,0,0,0.0,0.0,71.63628353832515,True
2010,5,36.11,-97.7209,36.11,-97.7209,0,0,0,0,0,0.0,0.0,79.01678359541272,True
2010,5,36.1065,-97.5926,36.1191,-97.5693,0,0,0,0,0,0.0,0.0,85.23741838092873,True
2010,5,36.1295,-97.3547,36.1295,-97.3547,0,0,0,0,0,0.0,0.0,88.83314994621206,True
2010,6,40.6754,-86.7451,40.6563,-86.576,1,0,0,2,0,400000.0,5000.0,114.63986303198196,True
2010,5,36.2224,-95.7481,36.2552,-95.6443,2,0,0,0,0,750000.0,0.0,17.329208300338415,True
2010,5,39.8502,-104.8206,39.8502,-104.8206,0,0,0,0,0,0.0,0.0,24.511028778680696,True
2010,6,45.21,-106.2,45.21,-106.19,1,0,0,0,0,107000.0,0.0,200.6645520872993,True
2010,5,35.118,-97.274,35.248,-97.142,2,0,0,3,0,0.0,0.0,23.914894913582014,True
2010,5,35.248,-97.142,35.271,-97.052,1,0,0,0,0,0.0,0.0,15.531882923384034,True
2010,5,35.246,-96.984,35.283,-96.777,3,0,0,2,0,0.0,0.0,28.364075506315178,True
2010,5,33.956,-97.037,33.946,-97.004,1,0,0,0,0,0.0,0.0,154.69653648677405,True
2010,5,33.951,-96.888,33.949,-96.876,0,0,0,0,0,0.0,0.0,157.75850771810383,True
2010,5,33.919,-96.871,33.92,-96.86,0,0,0,0,0,0.0,0.0,154.99361103756917,True
2010,5,35.34,-97.108,35.365,-96.997,3,0,0,3,0,0.0,0.0,15.417296226253821,True
2010,5,35.02,-97.213,35.022,-97.179,0,0,0,0,0,0.0,0.0,35.3035373107643,True
2010,5,34.362,-96.879,34.356,-96.818,0,0,0,0,0,0.0,0.0,113.94200877793953,True
2010,5,35.7347,-96.5499,35.8257,-96.211,1,0,0,0,0,75000.0,0.0,79.57560676679154,True
2010,5,35.283,-96.777,35.342,-96.441,3,0,0,26,0,0.0,0.0,45.778232733628656,True
2010,5,34.254,-96.432,34.241,-96.408,2,0,0,0,0,2630000.0,0.0,142.68952289752005,True
2010,5,34.24,-96.404,34.24,-96.404,1,0,0,0,0,0.0,0.0,145.3918372065382,True
2010,5,35.5722,-95.1987,35.5864,-95.1276,1,0,0,3,0,0.0,0.0,74.67764356491553,True
2010,5,35.9972,-96.1317,36.046,-96.0297,1,0,0,0,0,250000.0,0.0,54.69933969218838,True
2010,5,36.046,-96.0297,36.1479,-95.7691,2,0,0,0,0,500000.0,0.0,44.21427688227268,True
2010,5,35.5198,-88.243,35.5445,-88.1985,0,0,0,0,0,10000.0,0.0,148.98641815636705,True
2010,5,34.8008,-89.1893,34.9088,-89.0181,3,2,0,7,0,1000000.0,0.0,86.79238942532984,True
2010,5,36.188,-99.561,36.188,-99.561,0,0,0,0,0,0.0,0.0,142.1673908393186,True
2010,5,36.1205,-94.3553,36.1205,-94.3553,1,0,0,0,0,0.0,0.0,92.30370871032929,True
2010,5,35.414,-98.962,35.466,-98.931,0,0,0,0,0,0.0,0.0,116.96357865362211,True
2010,5,29.924,-92.6714,29.924,-92.6698,0,0,0,0,0,0.0,0.0,56.99802298075348,True
2010,6,42.135,-96.8568,42.1277,-96.8819,0,0,0,0,0,0.0,0.0,99.30087607115097,True
2010,4,33.7387,-88.4347,33.7916,-88.3409,1,0,0,1,0,350000.0,0.0,20.111987029749862,True
2010,5,36.793,-98.062,36.793,-98.062,0,0,0,0,0,0.0,0.0,8.226941773259734,True
2010,5,35.1184,-88.6892,35.3667,-88.3639,2,0,0,10,0,7300000.0,0.0,110.45523547523105,True
2010,5,34.681,-97.743,34.712,-97.688,1,0,0,0,0,0.0,0.0,83.9786997884928,True
2010,5,34.882,-97.424,34.922,-97.361,1,0,0,0,0,0.0,0.0,51.88890106722164,True
2010,5,34.893,-97.433,34.898,-97.42,0,0,0,0,0,0.0,0.0,50.928266204082405,True
2010,6,43.3361,-90.8286,43.3257,-90.7531,0,0,0,0,0,5000.0,0.0,61.490478167653116,True
2010,5,34.2257,-98.1122,34.259,-98.0389,1,0,0,0,0,0.0,0.0,80.8502224576013,True
2010,5,34.1102,-97.7454,34.1185,-97.7212,0,0,0,0,0,0.0,0.0,116.60265579421976,True
2010,5,36.956,-97.462,37.0,-97.345,3,0,0,1,0,0.0,0.0,63.86662599259733,True
2010,5,36.808,-98.031,36.956,-97.462,3,0,0,1,0,0.0,0.0,11.386110222285343,True
2010,5,35.726,-97.743,35.796,-97.674,0,0,0,0,0,0.0,0.0,60.67689793392462,True
2010,5,35.8,-97.669,35.8,-97.669,0,0,0,0,0,0.0,0.0,62.83539994282176,True
2010,5,35.289,-97.504,35.377,-97.305,3,0,0,20,0,0.0,0.0,21.105702760009795,True
2010,5,36.836,-97.771,36.838,-97.766,0,0,0,0,0,0.0,0.0,33.463039846942806,True
2010,5,36.919,-97.528,36.941,-97.462,1,0,0,0,0,0.0,0.0,56.915348163848115,True
2010,5,36.941,-97.462,36.948,-97.444,1,0,0,0,0,0.0,0.0,63.26613984320701,True
2010,5,36.955,-97.435,36.976,-97.317,1,0,0,0,0,0.0,0.0,66.06047704917793,True
2010,5,36.808,-98.031,36.808,-98.031,0,0,0,0,0,0.0,0.0,11.386110222285343,True
2010,5,35.3395,-96.3089,35.4596,-96.1359,1,0,0,0,0,40000.0,0.0,87.88663053990788,True
2010,5,35.312,-97.48,35.351,-97.438,1,0,0,0,0,0.0,0.0,18.49783307713492,True
2010,5,35.306,-97.421,35.306,-97.421,1,0,0,0,0,0.0,0.0,13.340356486670567,True
2010,5,35.1808,-97.4273,35.249,-97.142,4,1,0,32,0,0.0,0.0,21.70236702042573,True
2010,5,35.249,-97.142,35.255,-97.049,1,0,0,0,0,0.0,0.0,15.464368994669863,True
2010,5,35.1703,-97.4498,35.194,-97.357,1,0,0,0,0,0.0,0.0,23.9076467553937,True
2010,5,47.2064,-105.8271,47.2064,-105.8271,0,0,0,0,0,0.0,0.0,126.19166124488343,True
2010,5,35.3982,-96.0558,35.4004,-96.0461,0,0,0,0,0,1000.0,0.0,97.09500590421264,True
2010,5,35.3833,-96.0266,35.4895,-95.8923,2,0,0,0,0,150000.0,0.0,97.4168749483825,True
2010,5,35.4303,-95.7911,35.4303,-95.7911,0,0,0,0,0,0.0,0.0,85.29801767746459,True
2010,5,36.1413,-95.5111,36.1679,-95.4397,1,0,0,0,0,50000.0,0.0,6.0580558279825505,True
2010,5,35.8088,-88.9066,35.8309,-88.8596,2,0,0,0,0,500000.0,0.0,101.52214848496222,True
2010,5,35.377,-97.305,35.47,-97.155,4,2,0,29,0,0.0,0.0,5.476320240084447,True
2010,5,36.1679,-95.4397,36.1944,-95.37,2,0,0,2,0,300000.0,0.0,11.19694987550685,True
2010,5,35.93,-95.1321,35.9761,-95.0931,1,0,0,0,0,10000.0,0.0,47.44007306248014,True
2010,5,36.03,-94.9053,36.03,-94.8337,1,0,0,0,0,0.0,0.0,61.34652420293943,True
2010,5,36.6613,-94.8252,36.6701,-94.7875,1,0,0,0,0,0.0,0.0,85.4151168583134,True
2010,5,35.5222,-90.6177,35.5886,-90.5433,1,0,0,0,0,75000.0,0.0,70.26821660142481,True
2010,5,36.479,-97.173,36.482,-97.164,0,0,0,0,0,0.0,0.0,90.03242672063521,True
2010,5,36.539,-97.07,36.589,-96.904,1,0,0,0,0,0.0,0.0,96.98420340075862,True
2010,5,36.507,-97.09,36.499,-97.066,1,0,0,0,0,0.0,0.0,96.16815743020008,True
2010,5,35.604,-97.543,35.604,-97.543,0,0,0,0,0,0.0,0.0,38.53222134050218,True
2010,5,34.324,-97.635,34.335,-97.599,0,0,0,0,0,0.0,0.0,116.84329222950966,True
2010,5,34.18,-97.512,34.188,-97.434,2,0,0,0,0,0.0,0.0,129.98683991938987,True
2010,5,34.245,-97.319,34.279,-97.245,3,0,0,0,0,0.0,0.0,121.04426409593962,True
2010,6,29.7916,-91.7025,29.7916,-91.7025,0,0,0,0,0,0.0,0.0,148.51699165355106,True
2010,6,42.9943,-82.6119,42.9945,-82.5544,1,1,0,4,0,700000.0,0.0,77.35474032249576,True
2010,6,40.7395,-82.4387,40.7358,-82.4317,0,0,0,0,0,35000.0,0.0,89.23149257931067,True
2010,6,41.5512,-83.538,41.5716,-83.4153,4,7,0,28,0,100000000.0,0.0,127.85671650679515,True
2010,6,41.7191,-79.6311,41.7216,-79.6218,0,0,0,0,0,30000.0,0.0,140.88877321651177,True
2010,7,34.6438,-91.6415,34.6408,-91.6367,0,0,0,0,0,5000.0,0.0,60.60136970927627,True
2010,6,41.999,-80.4069,42.0119,-80.2953,0,0,0,0,0,200000.0,0.0,137.09702697016962,True
2010,6,39.5586,-100.2996,39.5671,-100.3053,0,0,0,0,0,0.0,0.0,122.11552213948852,True
2010,6,39.5143,-100.2531,39.5109,-100.2527,0,0,0,0,0,0.0,0.0,125.34842355217138,True
2010,6,41.9522,-80.5974,41.9577,-80.5538,1,0,0,0,0,300000.0,0.0,120.77930610966493,True
2010,6,44.1759,-106.0222,44.1764,-106.0202,0,0,0,0,0,0.0,0.0,232.97407588802784,False
2010,6,33.2901,-101.7327,33.2911,-101.73,0,0,0,0,0,0.0,0.0,41.1774250511154,True
2010,6,42.1346,-83.7483,42.1489,-83.6787,0,0,0,0,0,75000.0,0.0,66.84420001324463,True
2010,8,45.5865,-91.9767,45.5736,-91.9137,1,0,0,0,0,250000.0,0.0,140.19359674462837,True
2010,4,38.2147,-101.0888,38.2611,-101.0425,1,0,0,0,0,800.0,0.0,110.3611215972432,True
2010,6,41.5909,-80.6307,41.6087,-80.5475,1,0,0,0,0,500000.0,0.0,104.26472463772942,True
2010,5,37.812,-96.9931,37.8287,-96.983,0,0,0,0,0,0.0,0.0,43.27396396950441,True
2010,5,38.34,-97.54,38.3465,-97.5284,0,0,0,0,0,0.0,0.0,76.70268904377146,True
2010,5,38.3595,-97.4728,38.3648,-97.4657,0,0,0,0,0,0.0,0.0,78.44241105341355,True
2010,4,32.5248,-87.8399,32.5449,-87.8246,1,0,0,0,0,110000.0,0.0,123.1750172373501,True
2010,4,32.5449,-87.8246,32.6074,-87.7779,1,0,0,2,0,50000.0,0.0,120.70426362548851,True
2010,4,33.6794,-87.5386,33.6997,-87.5089,1,0,0,0,0,20000.0,0.0,76.96052149734179,True
2010,4,32.5731,-88.8309,32.577,-88.8151,1,0,0,0,0,150000.0,0.0,113.06679351151769,True
2010,4,35.446,-91.2711,35.5099,-91.1581,3,0,0,0,0,1000000.0,0.0,112.74714699239047,True
2010,5,36.2,-101.2,36.201,-101.1978,0,0,0,0,0,0.0,0.0,116.90858274878238,True
2010,5,36.2,-101.25,36.2011,-101.2466,0,0,0,0,0,0.0,0.0,115.2082156231634,True
2010,4,36.9447,-91.9653,36.9751,-91.9334,1,0,0,0,0,750000.0,25000.0,131.31577456718165,True
2010,4,26.6861,-80.6596,26.6861,-80.6596,0,0,0,0,0,0.0,0.0,122.10127428316189,True
2010,4,35.789,-87.973,35.8226,-87.8937,1,0,0,0,0,70000.0,0.0,122.10136284953116,True
2010,4,35.8226,-87.8937,35.882,-87.754,1,0,0,0,0,15000.0,0.0,115.35811129284501,True
2010,5,36.2,-101.2717,36.2409,-101.2507,0,0,0,0,0,6000.0,0.0,114.5177746877776,True
2010,4,34.15,-100.22,34.1934,-100.15,0,0,0,0,0,0.0,0.0,116.67992776643067,True
2010,5,36.24,-101.24,36.2362,-101.2449,0,0,0,0,0,0.0,0.0,119.68148993873197,True
2010,4,43.9245,-88.9129,43.9482,-88.89,1,0,0,0,0,130000.0,0.0,90.3274985318944,True
2010,5,35.0963,-87.4329,35.1081,-87.3798,0,0,0,0,0,10000.0,1000.0,124.25411656638585,True
2010,5,47.1879,-119.1495,47.191,-119.1507,0,0,0,0,0,2000.0,0.0,127.02167357517911,True
2010,5,39.5121,-94.47,39.5129,-94.4646,0,0,0,0,0,10000.0,0.0,80.0298651467751,True
2010,7,34.7989,-80.6323,34.8007,-80.599,0,0,0,0,0,65000.0,0.0,104.55362899871915,True
2010,5,40.9317,-104.76,40.9317,-104.76,0,0,0,0,0,0.0,0.0,24.792880098574084,True
2010,5,40.23,-104.91,40.23,-104.91,0,0,0,0,0,0.0,0.0,58.246826894977914,True
2010,6,40.782,-89.9856,40.7765,-89.9461,2,0,0,0,0,85000000.0,0.0,89.12562642905303,True
2010,6,48.89,-102.92,48.94,-102.93,0,0,0,0,0,0.0,0.0,283.06527311756275,True
2010,6,41.9359,-83.3274,41.9802,-83.2393,1,0,0,0,0,10000000.0,0.0,85.78680760817149,True
2010,6,42.81,-95.81,42.82,-95.79,0,0,0,0,0,0.0,0.0,114.13559160162303,True
2010,6,42.94,-95.69,42.9405,-95.689,0,0,0,0,0,0.0,0.0,110.74339535710239,True
2010,6,44.2413,-95.3601,44.2043,-95.3366,1,0,0,0,0,0.0,0.0,131.5349347291903,True
2010,6,43.6987,-93.2945,43.7567,-93.2367,1,0,0,0,0,0.0,0.0,129.7014313179662,True
2010,6,43.5365,-93.6631,43.5381,-93.6583,0,0,0,0,0,0.0,0.0,146.13719016200605,True
2010,6,41.7958,-100.8275,41.7856,-100.8412,0,0,0,0,0,0.0,0.0,27.530087225192045,True
2010,6,42.14,-100.42,42.1275,-100.4267,0,0,0,0,0,0.0,0.0,24.00398665110488,True
2010,6,40.7732,-89.9174,40.7694,-89.8247,1,0,0,0,0,85000.0,0.0,84.89528895175368,True
2010,6,40.7616,-89.8175,40.756,-89.7437,1,0,0,0,0,170000.0,0.0,79.19403799069201,True
2010,6,40.7652,-89.67,40.7676,-89.6315,0,0,0,0,0,100000.0,0.0,73.93800817348176,True
2010,6,41.3505,-99.5197,41.351,-99.5189,0,0,0,0,0,0.0,0.0,110.75459125517195,True
2010,8,44.3359,-72.2191,44.3369,-72.2168,0,0,0,0,0,25000.0,0.0,77.7089602096591,True
2010,6,40.8345,-90.3554,40.8346,-90.3537,0,0,0,0,0,0.0,2000.0,88.4489622214978,True
2010,6,47.1905,-98.8899,47.1946,-98.8839,0,0,0,0,0,0.0,0.0,123.70317537744266,True
2010,6,43.8103,-93.1627,43.8385,-93.1442,1,0,0,0,0,0.0,0.0,119.84677186763042,True
2010,6,47.9946,-106.0854,48.0313,-106.0716,1,0,0,0,0,30000.0,0.0,46.45520598483391,True
2010,5,35.3667,-88.3639,35.3729,-88.3563,2,0,0,2,0,100000.0,0.0,136.9074362918409,True
2010,6,42.842,-85.9818,42.8254,-85.9267,0,0,0,0,0,200000.0,10000.0,36.07206982200257,True
2010,6,42.898,-88.9835,42.911,-88.9645,1,0,0,0,0,620000.0,10000.0,36.09080200997408,True
2010,6,43.7634,-93.3179,43.8482,-93.2443,1,0,0,0,0,0.0,0.0,122.2974095457613,True
2010,6,43.8588,-93.1273,43.9123,-93.0824,3,0,0,0,0,0.0,0.0,115.4732754120588,True
2010,6,46.9134,-93.5919,46.9154,-93.5775,0,0,0,0,0,0.0,0.0,105.40474061411382,True
2010,6,44.1002,-93.8794,44.1438,-93.8806,0,0,0,0,0,0.0,0.0,86.89459948998349,True
2010,6,44.9689,-94.0823,44.9773,-94.0716,0,0,0,0,0,0.0,0.0,42.829481158326125,True
2010,6,41.4561,-85.7135,41.4491,-85.679,0,0,0,0,0,75000.0,25000.0,10.8998101353603,True
2010,7,40.7,-102.93,40.7,-102.93,0,0,0,0,0,0.0,0.0,165.43191014898795,True
2010,6,46.7418,-100.9995,46.7342,-100.9666,1,0,0,0,0,200000.0,50000.0,18.508188881376157,True
2010,5,34.2432,-89.8904,34.244,-89.8888,1,0,0,0,0,50000.0,0.0,122.49335275215756,True
2010,5,33.0637,-83.3343,33.1358,-83.23,0,0,0,0,0,75000.0,0.0,43.25108248111164,True
2010,5,38.4306,-102.1221,38.4308,-102.122,0,0,0,0,0,0.0,0.0,110.32985393228262,True
2010,5,38.4107,-102.1477,38.4123,-102.1465,0,0,0,0,0,0.0,0.0,113.16094694540868,True
2010,5,38.4244,-102.1297,38.426,-102.128,0,0,0,0,0,0.0,0.0,111.19925800736833,True
2010,5,40.9481,-89.857,40.9524,-89.8681,0,0,0,0,0,0.0,0.0,95.40670592720039,True
2010,5,37.4379,-102.1713,37.4695,-102.1926,1,0,0,0,0,5000.0,0.0,197.32134795529666,True
2010,6,41.1005,-89.0869,41.1045,-89.0723,1,0,0,0,0,40000.0,0.0,100.70371501245518,True
2010,6,46.7971,-99.2611,46.8311,-99.2306,0,0,0,0,0,0.0,0.0,114.18371053543972,True
2010,6,43.8482,-93.2443,43.9296,-93.2286,1,0,0,0,0,0.0,0.0,114.16418626016568,True
2010,6,45.7277,-92.8743,45.7301,-92.8733,0,0,0,0,0,0.0,0.0,111.6827180846766,True
2010,6,40.52,-101.56,40.4919,-101.5494,0,0,0,0,0,0.0,0.0,128.77080287469033,True
2010,6,45.4874,-93.9612,45.4883,-93.9612,0,0,0,0,0,0.0,0.0,77.48030813442769,True
2010,6,40.57,-81.82,40.5176,-81.6666,1,0,0,0,0,200000.0,0.0,93.80297651094166,True
2010,5,36.82,-101.97,36.8363,-101.947,0,0,0,0,0,0.0,0.0,177.98059453389382,True
2010,6,46.2445,-100.5352,46.2394,-100.5283,0,0,0,0,0,0.0,0.0,61.007259210727256,True
2010,5,46.04,-101.98,46.0506,-101.9796,1,0,0,0,0,25000.0,0.0,123.89377616989255,True
2010,5,38.4159,-102.1408,38.417,-102.1373,0,0,0,0,0,0.0,0.0,112.41340627403878,True
2010,5,38.4192,-102.1355,38.4203,-102.1345,0,0,0,0,0,0.0,0.0,111.91277740526682,True
2010,5,38.4146,-102.1437,38.417,-102.14,0,0,0,0,0,0.0,0.0,112.63478565154166,True
2010,6,45.9918,-102.6418,45.9973,-102.6316,1,0,0,0,0,25000.0,0.0,168.3220711232419,True
2010,6,40.7482,-89.385,40.755,-89.3424,2,0,0,0,0,70000.0,0.0,66.58739274012932,True
2010,6,40.7457,-89.4,40.7482,-89.385,2,0,0,0,0,560000.0,30000.0,66.400106229115,True
2010,6,40.801,-90.0919,40.782,-89.9856,2,0,0,0,0,420000.0,50000.0,96.4953314291431,True
2010,6,43.8101,-93.4911,43.7979,-93.4859,0,0,0,0,0,0.0,0.0,115.65863009830267,True
2010,5,34.48,-103.05,34.48,-103.05,0,0,0,0,0,0.0,0.0,146.25687355599598,True
2010,5,36.2867,-86.7464,36.3068,-86.686,1,0,0,0,0,500000.0,0.0,17.061641167333775,True
2010,5,34.55,-102.3551,34.55,-102.3551,0,0,0,0,0,0.0,0.0,96.14003569314126,True
2010,5,37.43,-102.14,37.4391,-102.1554,0,0,0,0,0,10000.0,0.0,194.78465746092368,True
2010,6,44.2717,-94.355,44.2495,-94.273,2,0,0,0,0,0.0,0.0,89.61692017327485,True
2010,6,40.0858,-89.1453,40.0624,-89.0376,0,0,0,0,0,90000.0,0.0,17.80098592022663,True
2010,6,40.1212,-89.2471,40.0858,-89.1453,0,0,0,0,0,80000.0,15000.0,8.291070972695662,True
2010,6,44.0941,-94.0256,44.0918,-94.0197,0,0,0,0,0,0.0,0.0,91.52333562784239,True
2010,6,40.51,-87.89,40.5099,-87.8853,0,0,0,0,0,0.0,0.0,122.78325253703414,True
2010,6,41.2573,-85.8823,41.2351,-85.7949,1,0,0,0,0,300000.0,0.0,18.940347835770694,True
2010,6,44.0054,-94.0399,43.98,-94.0251,2,0,0,0,0,0.0,0.0,101.07234498099069,True
2010,6,41.53,-83.87,41.55,-83.81,1,0,0,0,0,75000.0,0.0,134.18143739058857,True
2010,5,35.0787,-88.7365,35.0803,-88.7345,0,0,0,0,0,15000.0,0.0,107.43188641459109,True
2010,5,38.456,-102.1983,38.4608,-102.2196,0,0,0,0,0,0.0,0.0,110.0761383249608,True
2010,5,38.4695,-102.1635,38.469,-102.16,0,0,0,0,0,0.0,0.0,107.53693450006583,True
2010,6,43.43,-95.54,43.43,-95.538,0,0,0,0,0,0.0,0.0,97.46935784837929,True
2010,6,44.34,-94.6602,44.3399,-94.6536,2,0,0,0,0,0.0,0.0,103.51155582051501,True
2010,6,44.1001,-94.1394,44.0896,-94.13,2,0,0,0,0,0.0,0.0,94.8976305590232,True
2010,6,42.0219,-77.7488,42.0214,-77.6972,1,0,0,0,0,25000.0,0.0,124.02093658634455,True
2010,6,41.99,-76.36,41.99,-76.34,1,0,0,0,0,100000.0,0.0,38.76156166582474,True
2010,6,42.0467,-83.6751,42.0189,-83.4549,1,0,0,0,0,100000.0,0.0,74.54005562017653,True
2010,6,39.13,-103.93,39.13,-103.93,0,0,0,0,0,0.0,0.0,90.14394348291535,True
2010,5,34.27,-103.2,34.27,-103.2,0,0,0,0,0,0.0,0.0,144.9986303891511,True
2010,8,29.0009,-80.8838,29.0121,-80.8796,0,0,0,0,0,58000.0,0.0,101.23385595721886,True
2010,5,37.25,-102.96,37.251,-102.955,0,0,0,0,0,0.0,0.0,250.7254517311171,True
2010,5,37.3,-102.94,37.26,-102.93,2,0,0,0,0,20000.0,0.0,253.99252564273868,True
2010,5,38.53,-102.08,38.532,-102.0803,0,0,0,0,0,0.0,0.0,98.68686050979046,True
2010,6,43.31,-95.79,43.31,-95.787,0,0,0,0,0,0.0,0.0,81.8433918984036,True
2010,6,44.1067,-94.2189,44.0747,-94.1455,1,0,0,0,0,0.0,0.0,97.45660300882824,True
2010,6,43.625,-94.4493,43.6197,-94.4455,0,0,0,0,0,0.0,0.0,153.22137476042258,True
2010,6,43.8808,-94.5693,43.8671,-94.5693,0,0,0,0,0,0.0,0.0,133.99246413781458,True
2010,6,45.4836,-93.9543,45.5197,-93.9637,0,0,0,0,0,0.0,0.0,76.8776527372491,True
2010,7,43.18,-99.01,43.18,-99.007,0,0,0,0,0,0.0,0.0,186.84972351948025,True
2010,7,40.32,-93.35,40.32,-93.35,0,0,0,0,0,10000.0,0.0,159.99365387975908,True
2010,5,36.3571,-103.1445,36.5577,-103.0024,2,0,0,0,0,250000.0,0.0,179.91358857092493,True
2010,5,46.1546,-100.6973,46.17,-100.68,0,0,0,0,0,5000.0,0.0,68.69117870216624,True
2010,5,37.8031,-86.1709,37.7962,-86.1528,1,0,0,0,0,25000.0,0.0,27.6296977443302,True
2010,5,35.0405,-94.355,35.0405,-94.355,0,0,0,0,0,0.0,0.0,27.795760652855236,True
2010,6,43.7567,-93.2367,43.8239,-93.1651,3,0,0,0,0,0.0,0.0,124.231532317466,True
2010,6,40.5165,-81.665,40.5002,-81.5937,1,0,0,0,0,350000.0,0.0,101.02731478651138,True
2010,6,35.2816,-89.0302,35.2768,-89.02,0,0,0,0,0,25000.0,0.0,76.82295115393157,True
2010,5,26.07,-97.22,26.07,-97.22,0,0,0,0,0,0.0,0.0,26.24791746079227,True
2010,5,39.7822,-87.869,39.7839,-87.8682,0,0,0,0,0,0.0,0.0,131.61927740641576,True
2010,5,39.8456,-87.7328,39.8468,-87.7314,0,0,0,0,0,0.0,0.0,125.07575384765184,True
2010,6,46.1217,-103.4147,46.1205,-103.409,0,0,0,0,0,0.0,0.0,215.79036752793897,True
2010,7,38.77,-103.48,38.77,-103.48,1,0,0,0,0,25000.0,10000.0,145.58145140130068,True
2010,5,45.2886,-100.1235,45.2916,-100.1145,0,0,0,0,0,0.0,0.0,134.89559995309298,True
2010,5,38.4182,-102.137,38.416,-102.143,0,0,0,0,0,0.0,0.0,112.06129653525214,True
2010,6,40.48,-87.8089,40.4803,-87.8016,0,0,0,0,0,0.0,0.0,127.1493273260934,True
2010,6,44.5798,-93.4351,44.5852,-93.398,0,0,0,0,0,0.0,0.0,31.645355832998447,True
2010,6,40.4023,-87.7142,40.4026,-87.7032,0,0,0,0,0,0.0,0.0,137.2345742950783,True
2010,5,45.48,-99.46,45.4816,-99.4548,0,0,0,0,0,0.0,0.0,81.68685178275749,True
2010,5,38.412,-102.146,38.416,-102.143,0,0,0,0,0,0.0,0.0,112.97468816497471,True
2010,6,43.6607,-93.4748,43.6723,-93.4607,1,0,0,0,0,0.0,0.0,132.31697382966468,True
2010,6,43.8481,-93.326,43.9435,-93.3757,2,0,0,0,0,0.0,0.0,112.89953969802961,True
2010,6,43.5097,-93.8644,43.5184,-93.85,0,0,0,0,0,0.0,0.0,150.80504285750195,True
2010,6,43.5314,-93.7229,43.5638,-93.6983,2,0,0,0,0,0.0,0.0,147.03340408143828,True
2010,6,44.5256,-93.5761,44.5362,-93.553,0,0,0,0,0,0.0,0.0,35.95682492028901,True
2010,6,44.4886,-93.6973,44.4901,-93.6908,0,0,0,0,0,0.0,0.0,41.39453451523237,True
2010,6,43.7466,-93.7523,43.7477,-93.7369,0,0,0,0,0,0.0,0.0,123.46593183691719,True
2010,6,43.7339,-93.9292,43.7348,-93.9187,0,0,0,0,0,0.0,0.0,127.31402592150472,True
2010,6,43.3483,-76.2328,43.3473,-76.1974,0,0,0,0,0,50000.0,0.0,63.545024665449446,True
2010,6,42.0044,-77.8375,42.0214,-77.7479,1,0,0,0,0,50000.0,0.0,121.03727393026271,True
2010,5,34.9949,-88.8815,35.055,-88.7872,3,1,0,2,0,250000.0,0.0,98.18653267017503,True
2010,5,45.5,-99.16,45.5015,-99.1568,0,0,0,0,0,0.0,0.0,58.44480755121354,True
2010,5,46.0506,-101.9796,46.0636,-101.9796,1,0,0,0,0,0.0,0.0,123.09374686052318,True
2010,5,37.0687,-102.6034,36.9949,-102.4636,2,0,0,0,0,30000.0,0.0,219.30268588804364,True
2010,6,43.5692,-93.6512,43.5713,-93.6484,0,0,0,0,0,0.0,0.0,142.45767702748378,True
2010,6,43.5713,-93.6484,43.5754,-93.6435,1,0,0,0,0,0.0,0.0,142.21389160645634,True
2010,6,47.9644,-107.3172,47.9644,-107.3172,0,0,0,0,0,0.0,0.0,58.051117098359704,True
2010,7,38.35,-102.74,38.34,-102.735,0,0,0,0,0,0.0,0.0,144.53712103380823,True
2010,7,38.1149,-102.6219,38.1136,-102.6223,0,0,0,0,0,10000.0,0.0,160.5330505938683,True
2010,6,43.6873,-94.1618,43.689,-94.1075,0,0,0,0,0,0.0,0.0,137.6106090392964,True
2010,6,40.28,-103.83,40.28,-103.83,0,0,0,0,0,0.0,0.0,81.99704018132944,True
2010,6,40.27,-103.72,40.27,-103.72,0,0,0,0,0,0.0,0.0,88.50211690834878,True
2010,5,47.0626,-99.9262,47.0963,-99.9334,1,0,0,0,0,250000.0,0.0,71.17387193354259,True
2010,6,43.5331,-94.148,43.5714,-94.147,0,0,0,0,0,0.0,0.0,153.5004924204834,True
2010,7,45.9058,-95.5924,45.906,-95.5802,1,0,0,0,0,50000.0,0.0,197.15723263335335,True
2010,6,30.0104,-94.4157,30.0487,-94.4026,1,0,0,0,0,100000.0,0.0,87.66119765980415,True
2010,6,40.22,-103.39,40.22,-103.39,0,0,0,0,0,0.0,0.0,109.60648418658592,True
2010,5,34.5909,-102.2703,34.5909,-102.2703,0,0,0,0,0,0.0,0.0,87.86279937183693,True
2010,5,34.5807,-102.2827,34.5807,-102.2827,0,0,0,0,0,0.0,0.0,89.44548116460027,True
2010,5,35.055,-88.7872,35.0623,-88.7758,3,0,0,0,0,10000.0,0.0,103.81283897901189,True
2010,7,42.65,-102.41,42.65,-102.41,0,0,0,0,0,0.0,0.0,167.45484692194566,True
2010,6,41.9663,-83.7692,41.9447,-83.5177,2,0,0,11,0,50000000.0,0.0,85.16968153426339,True
2010,6,43.5129,-93.7331,43.5334,-93.7261,2,0,0,0,0,0.0,0.0,149.15393348803505,True
2010,8,28.971,-80.891,28.9723,-80.8952,0,0,0,0,0,5000.0,0.0,98.15821282992827,True
2010,8,29.0094,-81.0045,29.0094,-81.0045,0,0,0,0,0,0.0,0.0,105.36981084596404,True
2010,5,45.51,-99.15,45.51,-99.1456,0,0,0,0,0,0.0,0.0,57.768182885896564,True
2010,7,42.491,-89.519,42.4911,-89.519,0,0,0,0,0,0.0,0.0,95.22409228011921,True
2010,7,37.5373,-94.2738,37.538,-94.2691,0,0,0,0,0,0.0,0.0,84.16740061989492,True
2010,8,40.0915,-102.9858,40.0915,-102.9858,0,0,0,0,0,0.0,0.0,136.2940243664254,True
2010,8,40.1608,-103.564,40.1608,-103.564,1,0,0,0,0,50000.0,0.0,93.43581719381453,True
2010,10,33.1888,-94.8132,33.1949,-94.8077,0,0,0,0,0,1000.0,0.0,122.4033931514254,True
2010,8,43.4978,-94.4522,43.4996,-94.4494,0,0,0,0,0,0.0,0.0,166.04138763801419,True
2010,6,43.9041,-93.0454,43.9703,-93.013,0,0,0,0,0,0.0,2000.0,112.89449369179086,True
2010,7,42.8883,-89.1618,42.8773,-89.0805,1,0,0,0,0,20000.0,6000.0,50.545072551869815,True
2010,8,44.1389,-94.1163,44.1392,-94.1147,0,0,0,0,0,0.0,0.0,90.227138788937,True
2010,7,44.4821,-93.2914,44.501,-93.2257,0,0,0,0,0,20000.0,10000.0,46.18762066281847,True
2010,7,44.5007,-93.1145,44.5063,-93.0808,1,0,0,0,0,50000.0,50000.0,52.63783953408337,True
2010,7,39.54,-110.74,39.5394,-110.7379,0,0,0,0,0,25000.0,0.0,223.7623655030124,True
2010,7,41.6823,-73.013,41.6788,-73.003,1,0,0,0,0,15000.0,0.0,91.67228003338289,True
2010,9,39.1571,-81.7897,39.1443,-81.7456,3,0,0,6,0,1500000.0,0.0,94.24986308663878,True
2010,6,45.81,-108.48,45.8,-108.48,2,0,0,0,0,30000000.0,0.0,10.962877643945731,True
2010,6,27.8278,-97.796,27.8278,-97.7982,0,0,0,0,0,0.0,0.0,28.47006204380249,True
2010,9,39.7289,-82.08,39.7303,-82.0613,0,0,0,0,0,60000.0,0.0,153.16646273895282,True
2010,7,48.37,-102.64,48.3669,-102.6092,0,0,0,0,0,0.0,0.0,226.93509842411208,True
2010,7,28.0003,-97.0694,28.0003,-97.0698,0,0,0,0,0,5000.0,0.0,49.610074447059304,True
2010,6,29.7292,-94.9432,29.7302,-94.9412,0,0,0,0,0,250000.0,0.0,31.470354352123916,True
2010,7,43.92,-100.3001,43.9176,-100.2957,0,0,0,0,0,0.0,0.0,203.5503081040426,False
2010,9,39.0184,-81.3504,39.0119,-81.3406,1,0,0,0,0,75000.0,0.0,85.0337198346157,True
2010,7,45.2382,-92.9594,45.2763,-92.8685,0,0,0,0,0,50000.0,0.0,64.35659623113925,True
2010,6,28.1384,-96.9792,28.1344,-96.987,0,0,0,0,0,0.0,0.0,65.42376600212451,True
2010,7,41.6938,-73.075,41.6962,-73.0745,1,0,0,0,0,0.0,0.0,93.77422200668939,True
2010,10,39.9137,-84.6889,39.9165,-84.6848,0,0,0,0,0,2000.0,0.0,92.30620264040213,True
2010,7,46.63,-103.44,46.6223,-103.3281,0,0,0,0,0,0.0,0.0,204.94241290365582,True
2010,7,47.9476,-100.564,47.9377,-100.505,0,0,0,0,0,30000.0,0.0,131.68321670257555,True
2010,7,48.69,-102.24,48.6842,-102.2261,0,0,0,0,0,0.0,0.0,240.3809002767813,True
2010,7,27.6286,-98.0484,27.6286,-98.0496,0,0,0,0,0,0.0,0.0,55.666836826378656,True
2010,9,39.2228,-101.2981,39.217,-101.2826,0,0,0,0,0,0.0,0.0,38.139243161753946,True
2010,8,45.1639,-96.1781,45.1661,-96.1669,0,0,0,0,0,100000.0,0.0,177.75650873672723,True
2010,8,44.9951,-96.219,45.0076,-96.2045,0,0,0,0,0,0.0,0.0,161.66362087157663,True
2010,8,43.89,-92.87,43.9603,-92.8767,1,0,0,0,0,110000.0,24000.0,120.10207512195056,True
2010,6,28.1654,-97.203,28.1654,-97.2052,0,0,0,0,0,0.0,0.0,52.09167814539166,True
2010,8,44.6654,-93.1864,44.677,-93.1599,1,0,0,1,0,750000.0,0.0,36.226302349487185,True
2010,8,45.5814,-92.3758,45.5535,-92.3346,0,0,0,1,0,100000.0,0.0,123.7683055480581,True
2010,9,40.179,-82.8925,40.1791,-82.8901,0,0,0,0,0,3000.0,0.0,115.83730031974818,True
2010,8,43.91,-92.65,43.91,-92.65,0,0,0,0,0,0.0,0.0,117.35538202696016,True
2010,7,48.6597,-105.0018,48.5476,-104.6462,3,2,0,1,0,300000.0,0.0,129.90754173608522,True
2010,6,31.312,-95.6555,31.351,-95.6418,1,0,0,0,0,75000.0,0.0,177.20504979610462,True
2010,6,31.4527,-95.4753,31.4705,-95.4619,0,0,0,0,0,10000.0,0.0,189.96038491733106,True
2010,7,41.09,-100.77,41.09,-100.77,0,0,0,0,0,0.0,0.0,97.84954829927074,True
2010,10,39.9165,-84.6848,39.95,-84.6218,1,0,0,0,0,75000.0,0.0,92.20899727451942,True
2010,10,32.7402,-95.5606,32.7255,-95.5375,0,0,0,0,0,0.0,0.0,164.18797071856474,True
2010,8,48.8074,-102.1314,48.8028,-102.0774,3,1,0,1,0,500000.0,100000.0,248.5351233110667,True
2010,6,28.83,-95.8209,28.83,-95.8209,0,0,0,0,0,0.0,5000.0,101.42700395084898,True
2010,6,29.3837,-96.1788,29.3837,-96.1788,0,0,0,0,0,0.0,0.0,106.97560394164412,True
2010,7,37.0276,-94.9406,37.0185,-94.8908,1,0,0,0,0,125000.0,0.0,109.93705595144779,True
2010,8,48.813,-102.1868,48.8074,-102.1314,3,0,0,0,0,700000.0,150000.0,250.82948504333945,True
2010,9,39.4067,-82.2509,39.3956,-82.1908,2,0,0,7,0,750000.0,0.0,130.12426219043627,True
2010,8,45.1058,-96.3601,45.1092,-96.3544,0,0,0,0,0,25000.0,0.0,165.26677649098636,True
2010,7,45.4606,-95.3486,45.4789,-95.3256,0,0,0,0,0,200000.0,0.0,155.48125483886955,True
2010,6,44.0649,-92.5395,44.0802,-92.4966,1,0,0,0,0,1900000.0,0.0,111.26161989192568,True
2010,7,44.4497,-90.8017,44.4389,-90.3543,1,0,0,0,0,5000.0,0.0,76.32378559214662,True
2010,7,45.0532,-92.0812,45.0612,-92.0769,0,0,0,0,0,0.0,0.0,118.99399178194783,True
2010,10,36.6148,-83.7163,36.6175,-83.7043,1,0,0,0,0,250000.0,0.0,57.064865382466614,True
2010,9,39.7156,-82.1582,39.7304,-82.0818,1,0,0,0,0,250000.0,0.0,146.31679629988264,True
2010,8,39.836,-75.385,39.835,-75.379,0,0,0,0,0,25000.0,0.0,84.03112998445421,True
2010,10,40.6327,-84.1668,40.6576,-84.1313,2,0,0,0,0,230000.0,0.0,137.9815465189016,True
2010,10,39.7274,-83.1187,39.7463,-83.0847,0,0,0,0,0,75000.0,0.0,69.25584978705841,True
2010,10,39.8673,-82.8762,39.8687,-82.8727,0,0,0,0,0,40000.0,0.0,94.99512631371167,True
2010,10,40.0014,-82.5323,40.0063,-82.524,0,0,0,0,0,15000.0,0.0,127.82531314259602,True
2010,7,43.5201,-89.1437,43.5373,-89.0627,1,0,0,0,0,100000.0,5000.0,77.97549743648682,True
2010,7,43.842,-87.8227,43.8411,-87.7562,0,0,0,0,0,5000.0,0.0,76.55021965695741,True
2010,8,45.53,-95.12,45.5862,-95.0194,1,0,0,0,0,500000.0,0.0,143.4390804056214,True
2010,8,45.4811,-94.1503,45.4817,-94.1468,0,0,0,0,0,50000.0,0.0,83.9277562032629,True
2010,8,44.0491,-94.7019,44.048,-94.7009,0,0,0,0,0,5000.0,0.0,126.66921975815048,True
2010,9,33.643,-93.537,33.646,-93.537,0,0,0,0,0,0.0,0.0,135.56206869811496,True
2010,9,39.7594,-82.4025,39.7517,-82.2713,2,0,0,1,0,500000.0,0.0,127.31826814055218,True
2010,10,33.222,-95.2278,33.2232,-95.2234,0,0,0,0,0,0.0,0.0,155.35111260047873,True
2010,9,39.764,-82.473,39.761,-82.404,0,0,0,0,0,10000.0,0.0,121.71755134181085,True
2010,7,45.8592,-94.0462,45.8412,-94.0344,0,0,0,0,0,250000.0,0.0,118.45433627920477,True
2010,10,39.443,-83.6415,39.4741,-83.5826,0,0,0,0,0,70000.0,0.0,15.678117873286618,True
2010,10,33.086,-94.691,33.0902,-94.6543,0,0,0,0,0,0.0,0.0,106.30517738944914,True
2010,4,34.2203,-85.9602,34.3439,-85.7105,4,0,0,5,0,3000000.0,0.0,79.78032615756183,True
2010,8,45.9996,-95.7699,46.0017,-95.6799,1,0,0,0,0,25000.0,0.0,207.15050227226212,True
2010,7,41.6723,-72.965,41.6746,-72.9316,1,0,0,0,0,565000.0,0.0,90.10671091898541,True
2010,6,25.977,-97.5904,25.9719,-97.5928,0,0,0,0,0,10000.0,0.0,18.48687340550609,True
2010,6,26.0759,-97.2105,26.0754,-97.2112,0,0,0,0,0,4000.0,0.0,27.39510490773301,True
2010,8,39.63,-104.03,39.63,-104.03,0,0,0,0,0,0.0,0.0,47.435967465538,True
2010,8,39.44,-103.99,39.44,-103.99,0,0,0,0,0,0.0,0.0,61.25606150598812,True
2010,10,39.4844,-83.5438,39.537,-83.466,0,0,0,0,0,75000.0,0.0,24.899856581305873,True
2010,10,33.0902,-94.6543,33.092,-94.641,0,0,0,0,0,0.0,0.0,104.08276353152915,True
2010,10,34.583,-85.958,34.5944,-85.9223,0,0,0,0,0,50000.0,0.0,40.31347082569537,True
2010,10,34.6854,-85.7816,34.7041,-85.7236,1,0,0,0,0,50000.0,0.0,38.773082835238206,True
2010,9,39.5587,-82.7964,39.5551,-82.7765,1,0,0,0,0,30000.0,2000.0,89.31720173881537,True
2010,6,26.5524,-97.78,26.544,-97.7883,0,0,0,0,0,0.0,0.0,79.46082293171294,True
2010,7,45.5449,-94.2428,45.5464,-94.2417,0,0,0,0,0,50000.0,0.0,93.84015180100062,True
2010,7,45.3541,-94.0794,45.3537,-93.992,0,0,0,0,0,100000.0,0.0,69.15680342419365,True
2010,8,40.09,-103.59,40.09,-103.59,0,0,0,0,0,0.0,0.0,88.1943332720465,True
2010,9,39.1405,-81.7397,39.1108,-81.624,3,1,0,10,0,1000000.0,0.0,92.23676472928777,True
2010,10,34.3477,-86.4988,34.3514,-86.4831,0,0,0,0,0,35000.0,0.0,75.12037947748934,True
2010,10,34.6958,-92.4557,34.7008,-92.4437,0,0,0,0,0,10000.0,0.0,23.61372829304328,True
2010,9,39.5397,-82.6933,39.5398,-82.6751,1,0,0,0,0,16000.0,0.0,97.74762292213008,True
2010,7,35.537,-98.406,35.537,-98.406,0,0,0,0,0,0.0,0.0,104.70277846186295,True
2010,9,37.3,-96.87,37.2989,-96.8623,0,0,0,0,0,0.0,0.0,64.11241612483924,True
2010,8,42.6633,-82.9779,42.6274,-82.9664,1,0,0,0,0,500000.0,0.0,40.566995194668394,True
2010,8,48.8,-102.3599,48.8,-102.3577,0,0,0,0,0,0.0,0.0,255.31616246748953,True
2010,9,33.802,-95.3533,33.8033,-95.3198,0,0,0,0,0,100000.0,0.0,188.77306611435398,True
2010,9,37.3677,-96.9307,37.361,-96.9169,0,0,0,0,0,0.0,0.0,55.30660168347024,True
2010,9,40.06,-74.49,40.07,-74.45,1,0,0,0,0,25000.0,0.0,14.270499298411886,True
2010,7,42.8647,-88.2004,42.8657,-88.1808,2,0,0,0,0,75000.0,3000.0,30.731029982505323,True
2010,10,39.1538,-84.8699,39.1546,-84.8686,0,0,0,0,0,0.0,0.0,94.95527511027713,True
2010,10,40.6006,-84.2033,40.6016,-84.2013,0,0,0,0,0,30000.0,0.0,135.21109396645036,True
2010,10,39.4741,-83.5826,39.4756,-83.5807,0,0,0,0,0,0.0,0.0,21.381984431390485,True
2010,8,44.6038,-108.3135,44.6172,-108.2677,0,0,0,0,0,0.0,0.0,140.87498229155517,True
2010,8,43.9766,-107.4897,44.0195,-107.4203,1,0,0,0,0,70000.0,0.0,128.8034156462282,True
2010,8,48.8191,-102.271,48.8189,-102.2686,0,0,0,0,0,0.0,0.0,254.16890024315046,True
2010,7,47.2,-97.9087,47.0935,-97.6609,2,0,0,0,0,1000000.0,250000.0,57.1254949293441,True
2010,9,37.656,-96.2452,37.6544,-96.2375,0,0,0,0,0,0.0,0.0,105.44994758232046,True
2010,9,37.6387,-96.22,37.6379,-96.2087,0,0,0,0,0,0.0,0.0,107.69495806089989,True
2010,9,39.78,-75.88,39.8,-75.88,0,0,0,0,0,25000.0,0.0,112.68005488570317,True
2010,7,43.2664,-89.5225,43.2634,-89.4924,1,0,0,0,0,1000.0,100.0,85.59384025689045,True
2010,9,37.0349,-93.3719,37.0382,-93.3653,0,0,0,0,0,0.0,0.0,22.421613380182418,True
2010,10,42.6711,-124.4682,42.6749,-124.456,0,0,0,0,0,0.0,0.0,158.07305683729825,True
2010,8,44.2965,-88.078,44.3004,-88.0526,1,0,0,0,0,100000.0,0.0,22.628049042339377,True
2010,7,41.5239,-75.1793,41.5115,-75.1404,1,0,0,0,0,20000.0,0.0,100.47528378167061,True
2010,7,41.5115,-75.1404,41.5,-75.12,1,0,0,0,0,30000.0,0.0,103.66018547753717,True
2010,10,40.9802,-84.6112,40.9897,-84.604,1,0,0,0,0,0.0,0.0,100.37976981137366,True
2010,6,38.46,-95.44,38.4601,-95.4397,0,0,0,0,0,0.0,0.0,91.0516708326366,True
2010,6,38.08,-95.88,38.0801,-95.8799,0,0,0,0,0,0.0,0.0,106.46834126822206,True
2010,9,32.5393,-96.6333,32.5459,-96.6283,0,0,0,0,0,0.0,0.0,62.888173491562945,True
2010,11,38.582,-120.979,38.5905,-120.9438,1,0,0,0,0,2000.0,0.0,61.43944797905398,True
2010,7,41.7178,-75.4847,41.7097,-75.4665,1,0,0,0,0,25000.0,0.0,67.6802620901301,True
2010,10,41.4285,-86.8948,41.4466,-86.8673,1,0,0,0,0,500000.0,0.0,99.96822461556359,True
2010,10,40.9997,-85.5999,41.0028,-85.5963,0,0,0,0,0,0.0,0.0,40.77767852415197,True
2010,10,41.0028,-85.5963,41.0207,-85.5763,0,0,0,0,0,0.0,0.0,40.503831110498986,True
2010,10,40.9023,-84.765,40.9251,-84.7402,0,0,0,0,0,0.0,0.0,93.30913757543235,True
2010,6,38.1688,-95.3319,38.1691,-95.3307,0,0,0,0,0,500.0,0.0,117.12427464417638,True
2010,9,32.8408,-96.4898,32.8501,-96.4928,0,0,0,0,0,50000.0,0.0,81.72664812704129,True
2010,9,40.49,-81.53,40.5,-81.44,1,0,0,0,0,75000.0,0.0,106.3139835408651,True
2010,9,32.6281,-97.4686,32.6281,-97.4686,0,0,0,0,0,0.0,0.0,16.676918445414262,True
2010,7,41.7097,-75.4665,41.67,-75.37,1,0,0,0,0,75000.0,0.0,69.31730329419271,True
2010,7,41.64,-75.32,41.63,-75.29,1,0,0,0,0,30000.0,0.0,83.05294236853761,True
2010,10,41.8319,-89.1685,41.8471,-89.1621,1,0,0,0,0,100000.0,0.0,93.46233406199751,True
2010,9,32.5459,-96.6283,32.6619,-96.5455,1,0,0,0,0,200000.0,0.0,63.31477343798549,True
2010,9,32.7744,-96.879,32.8131,-96.8737,2,0,0,1,0,750000.0,0.0,45.59186011853548,True
2010,9,40.06,-97.26,40.0591,-97.256,0,0,0,0,0,0.0,0.0,104.50097864460734,True
2010,9,33.68,-97.23,33.68,-97.23,0,0,0,0,0,0.0,0.0,123.30654200569172,True
2010,7,41.67,-75.37,41.5369,-75.1211,2,0,0,0,0,75000.0,0.0,77.81125067995079,True
2010,10,33.6096,-86.7093,33.6352,-86.6423,1,0,0,0,0,50000.0,0.0,48.98778696557202,True
2010,9,31.4354,-96.9191,31.4428,-96.9131,0,0,0,0,0,0.0,0.0,90.82118723907989,True
2010,9,31.3264,-97.4693,31.3264,-97.4693,0,0,0,0,0,0.0,0.0,67.74763672424542,True
2010,10,36.7463,-77.0654,36.7462,-77.0613,0,0,0,0,0,50000.0,0.0,26.915158765566208,True
2010,10,36.7283,-78.5383,36.7724,-78.48,0,0,0,0,0,20000.0,0.0,118.28296936035514,True
2010,10,38.5073,-87.7046,38.515,-87.6786,1,0,0,0,0,8000.0,0.0,27.526631582461263,True
2010,9,40.4781,-81.755,40.4781,-81.6954,1,0,0,0,0,500000.0,0.0,104.3350421301872,True
2010,8,47.04,-101.83,47.0257,-101.8021,0,0,0,0,0,50000.0,0.0,86.60177143923974,True
2010,10,36.7354,-87.3453,36.7511,-87.3193,0,0,0,0,0,4000.0,0.0,5.376145105752087,True
2010,10,36.7694,-87.2697,36.7697,-87.2665,0,0,0,0,0,5000.0,0.0,3.8870332117781925,True
2010,8,42.93,-74.33,42.9295,-74.3259,1,0,0,0,0,0.0,0.0,142.65172619619557,True
2010,8,42.9247,-74.3055,42.922,-74.304,1,0,0,0,0,0.0,0.0,144.55322157317227,True
2010,7,41.5369,-75.1211,41.44,-74.98,1,0,0,0,0,25000.0,0.0,102.68997410416259,True
2010,10,40.9897,-84.604,41.0991,-84.5291,1,0,0,0,0,0.0,0.0,100.48538980485108,True
2010,8,48.71,-99.83,48.6978,-99.7044,0,0,0,0,0,0.0,0.0,226.56427148308583,True
2010,10,34.7041,-85.7236,34.7586,-85.6386,1,0,0,0,0,100000.0,0.0,41.4019817482196,True
2010,10,38.4245,-87.8266,38.4372,-87.8055,0,0,0,0,0,4000.0,0.0,20.3190115267432,True
2010,10,34.624,-85.8542,34.6638,-85.7544,2,0,0,0,0,150000.0,0.0,40.01151412018674,True
2010,1,29.9914,-82.1998,30.0141,-82.0567,1,0,0,0,0,3500000.0,0.0,72.77175307368054,True
2010,8,42.6066,-82.932,42.543,-82.885,0,0,0,0,0,300000.0,0.0,45.33868582016525,True
2010,8,46.9,-101.14,46.8986,-101.137,0,0,0,0,0,0.0,0.0,32.259195500100105,True
2010,8,36.26,-109.62,36.26,-109.62,0,0,0,0,0,0.0,0.0,235.77099025032135,True
2010,9,40.7733,-81.9628,40.7971,-81.7458,2,0,0,0,0,35000000.0,0.0,71.65666584151477,True
2010,9,46.479,-103.876,46.4885,-103.8658,0,0,0,0,0,30000.0,0.0,240.12044584798454,False
2010,9,33.8532,-97.12,33.8532,-97.12,0,0,0,0,0,0.0,0.0,143.39288559324535,True
2010,9,37.5721,-97.3964,37.5675,-97.3921,0,0,0,0,0,0.0,0.0,10.035582220913403,True
2010,9,31.9283,-102.422,31.9268,-102.4177,0,0,0,0,0,0.0,0.0,22.028876139298372,True
2010,9,37.4816,-97.2163,37.48,-97.2096,0,0,0,0,0,0.0,0.0,27.726594556968028,True
2010,9,37.38,-96.97,37.3781,-96.9626,0,0,0,0,0,0.0,0.0,51.69048255333492,True
2010,10,41.1083,-85.4717,41.136,-85.4512,1,0,0,0,0,0.0,0.0,33.750336438419346,True
2010,10,40.9798,-85.6149,40.9885,-85.6094,1,0,0,0,0,100000.0,0.0,42.71870521565741,True
2010,10,41.06,-84.9049,41.0758,-84.8944,0,0,0,0,0,0.0,0.0,74.33880028283798,True
2010,10,41.0645,-84.3498,41.0741,-84.3419,1,0,0,0,0,0.0,0.0,117.58182342429262,True
2010,10,40.6576,-84.1313,40.6681,-84.1087,0,0,0,0,0,8000.0,0.0,140.08695838079848,True
2010,9,34.2209,-97.3095,34.2209,-97.3095,0,0,0,0,0,20000.0,0.0,123.6994293509988,True
2010,7,46.4512,-97.8742,46.3795,-97.7703,1,0,0,0,0,1000000.0,250000.0,118.25905635101529,True
2010,10,36.39,-78.95,36.39,-78.94,1,0,0,0,0,75000.0,0.0,90.58295678721885,True
2010,10,36.19,-79.22,36.2,-79.17,1,0,0,0,0,250000.0,0.0,87.89050465736742,True
2010,10,46.48,-122.74,46.48,-122.74,0,0,0,0,0,1000.0,0.0,86.81608307372167,True
2010,10,32.8035,-97.2013,32.8035,-97.2013,0,0,0,0,0,15000.0,0.0,27.368687465500933,True
2010,10,34.649,-87.1943,34.6495,-87.176,1,0,0,0,0,10000.0,0.0,106.14807453859903,True
2010,7,41.3603,-93.6535,41.3678,-93.5897,1,0,0,0,0,750000.0,10000.0,41.63304549885135,True
2010,10,41.309,-87.7393,41.3403,-87.7231,2,0,0,2,0,500000.0,0.0,43.66336919679771,True
2010,10,41.9126,-88.5181,41.9241,-88.5088,1,0,0,0,0,100000.0,0.0,49.679222172471505,True
2010,10,33.6199,-104.639,33.6471,-104.6016,0,0,0,0,0,0.0,0.0,150.22688629761348,True
2010,10,33.6624,-104.5763,33.6687,-104.5701,0,0,0,0,0,0.0,0.0,157.43925553215593,True
2010,6,42.8683,-88.5041,42.864,-88.3885,2,0,0,15,0,20600000.0,0.0,11.689444708168963,True
2010,10,36.33,-78.71,36.35,-78.63,0,0,0,0,0,100000.0,0.0,76.51836301170745,True
2010,10,37.577,-77.4132,37.5906,-77.3657,1,0,0,0,0,500000.0,0.0,75.08690577453484,True
2010,10,41.3329,-86.9716,41.3342,-86.9703,0,0,0,0,0,50000.0,0.0,97.51362922570624,True
2010,10,37.5692,-77.4552,37.577,-77.4132,1,0,0,1,0,500000.0,0.0,76.19136179627189,True
2010,10,37.5906,-77.3657,37.6165,-77.2566,0,0,0,0,0,500000.0,0.0,74.53582102474122,True
2010,10,35.1216,-85.1925,35.1216,-85.1925,2,0,0,6,0,200000.0,0.0,83.87587362378696,True
2010,10,38.28,-110.28,38.2854,-110.2581,0,0,0,0,0,0.0,0.0,199.34940956011874,True
2010,10,42.1956,-86.3411,42.1967,-86.3408,0,0,0,0,0,0.0,0.0,101.40674085459867,True
2010,10,35.2945,-84.77,35.294,-84.7678,1,0,0,0,0,100000.0,0.0,126.15220545587981,True
2010,10,35.67,-84.1522,35.6891,-84.1254,1,0,0,0,0,25000.0,0.0,87.37800672956115,True
2010,9,35.8525,-76.7518,35.8546,-76.7524,0,0,0,0,0,0.0,0.0,120.25273794505874,True
2010,10,37.2656,-87.266,37.2665,-87.264,0,0,0,0,0,2000.0,0.0,58.839614977990955,True
2010,10,36.58,-78.88,36.6078,-78.819,2,0,0,0,0,40000.0,0.0,107.57592085542137,True
2010,10,36.343,-80.295,36.363,-80.263,1,0,0,0,0,100000.0,0.0,75.7643298634196,True
2010,10,36.37,-79.15,36.37,-79.14,0,0,0,0,0,0.0,10000.0,98.30602356410246,True
2010,10,41.298,-85.8234,41.3064,-85.8094,0,0,0,0,0,0.0,0.0,12.311692929804275,True
2010,10,40.8151,-85.8404,40.8691,-85.7566,0,0,0,0,0,0.0,0.0,61.56928031438001,True
2010,10,40.4711,-85.5402,40.4801,-85.5222,1,0,0,0,0,0.0,0.0,99.59477350993987,True
2010,10,41.1549,-84.9801,41.2468,-84.9236,1,0,0,0,0,0.0,0.0,64.2992733778152,True
2010,10,35.12,-85.15,35.12,-85.15,0,0,0,0,0,50000.0,0.0,87.58287807830669,True
2010,10,36.26,-80.36,36.2667,-80.3462,1,0,0,0,0,710000.0,0.0,85.31515476966038,True
2010,10,31.2061,-101.9675,31.2077,-101.9544,0,0,0,0,0,0.0,0.0,84.63875946046645,True
2010,10,46.1896,-116.3605,46.185,-116.3653,0,0,0,0,0,0.0,0.0,191.60453825711505,True
2010,10,36.8607,-87.529,36.8623,-87.4849,1,0,0,0,0,100000.0,0.0,25.734610953852503,True
2010,10,32.936,-95.9823,32.9378,-95.9791,0,0,0,0,0,500000.0,0.0,129.9516440413445,True
2010,10,32.1949,-96.5548,32.2472,-96.4621,2,0,0,4,0,1000000.0,0.0,81.87303495873884,True
2010,5,35.8374,-87.2672,35.8627,-87.2297,1,0,0,0,0,15000.0,0.0,78.04496716232227,True
2010,6,36.18,-100.53,36.1822,-100.5251,0,0,0,0,0,0.0,0.0,149.72512333165292,True
2010,7,40.65,-75.76,40.6808,-75.7521,0,0,0,0,0,500000.0,0.0,138.58069977925751,True
2010,7,38.8347,-95.6171,38.8347,-95.6171,0,0,0,0,0,0.0,0.0,56.21512000048928,True
2010,7,43.1359,-89.0135,43.1209,-88.9017,0,0,0,0,0,0.0,0.0,42.006114829565966,True
2010,7,43.058,-88.6484,43.058,-88.6484,0,0,0,0,0,0.0,0.0,12.80459562400202,True
2010,6,29.8668,-91.6447,29.8792,-91.6351,0,0,0,0,0,2000.0,0.0,139.31867310381944,True
2010,7,43.2717,-89.0686,43.2696,-89.0089,0,0,0,0,0,0.0,1000.0,53.94508049792238,True
2010,6,41.5716,-83.4153,41.5723,-83.3709,3,0,0,0,0,2400000.0,0.0,125.55726918010528,True
2010,6,40.0238,-98.0802,40.018,-98.0532,2,0,0,0,0,0.0,0.0,45.11661512137712,True
2010,7,27.2929,-98.6688,27.3178,-98.6818,1,0,0,0,0,1500000.0,0.0,126.552610409384,True
2010,6,36.6588,-100.2367,36.6686,-100.1878,0,0,0,0,0,0.0,0.0,124.81414727330512,True
2010,6,47.17,-98.23,47.17,-98.23,0,0,0,0,0,0.0,0.0,78.95386980207621,True
2010,7,42.1606,-79.0162,42.1169,-78.8796,2,0,0,0,0,7000000.0,0.0,90.5579505303412,True
2010,6,40.8176,-88.4182,40.8178,-88.416,0,0,0,0,0,2000.0,0.0,91.83899035853251,True
2010,6,41.0785,-87.9699,41.0787,-87.9581,1,0,0,0,0,500000.0,0.0,59.25843150324429,True
2010,6,41.3269,-88.9365,41.3272,-88.9324,0,0,0,0,0,0.0,0.0,77.41405603598045,True
2010,7,44.4744,-90.9744,44.4497,-90.8017,0,0,0,0,0,5000.0,0.0,74.49211941324353,True
2010,6,39.6684,-97.9971,39.6603,-97.9691,1,0,0,0,0,0.0,0.0,81.84742497164166,True
2010,6,43.9969,-102.2476,43.9969,-102.2465,0,0,0,0,0,2000.0,0.0,48.65744046680691,True
2010,6,41.1032,-88.4914,41.0989,-88.4466,0,0,0,0,0,100000.0,0.0,65.2704416705046,True
2010,6,41.0876,-88.5213,41.0867,-88.4068,2,1,0,13,0,3000000.0,0.0,68.06386168502718,True
2010,7,45.9923,-92.6337,45.9923,-92.6337,0,0,0,0,0,0.0,0.0,99.38469157873958,True
2010,6,42.0048,-90.3729,42.0042,-90.3647,0,0,0,0,0,0.0,0.0,46.98951716611614,True
2010,6,41.0998,-88.7302,41.0933,-88.5663,3,0,0,0,0,750000.0,0.0,77.80756672254431,True
2010,6,41.1045,-89.0723,41.1087,-88.7496,2,0,0,17,0,7000000.0,0.0,99.44207336264485,True
2010,6,39.7866,-98.412,39.7866,-98.412,0,0,0,0,0,0.0,0.0,59.45829737403021,True
2010,6,42.0834,-90.6883,42.0752,-90.6467,1,0,0,1,0,250000.0,0.0,53.20507057945712,True
2010,7,42.7135,-94.6811,42.7428,-94.6484,1,0,0,0,0,1000000.0,10000.0,134.7538413017136,True
2010,7,40.91,-73.91,40.9,-73.9,1,0,0,7,0,150000.0,0.0,88.07468008405277,True
2010,6,43.8965,-93.0529,43.9041,-93.0454,0,0,0,0,0,0.0,0.0,113.46687582885905,True
2010,6,41.1289,-89.3142,41.111,-89.1438,2,0,0,0,0,1000000.0,0.0,108.81092282347275,True
2010,6,40.5511,-88.2619,40.5513,-88.2582,0,0,0,0,0,0.0,0.0,101.3953546805874,True
2010,7,41.72,-77.7,41.7197,-77.6783,1,0,0,0,0,25000.0,0.0,92.17876342845017,True
2010,5,34.9088,-89.0181,34.9949,-88.8815,3,0,0,0,0,500000.0,0.0,91.64544258200688,True
2010,6,46.087,-95.437,46.108,-95.425,1,0,0,0,0,0.0,0.0,200.6199229581896,True
2010,6,43.8947,-93.0903,43.9108,-93.0454,2,0,0,1,0,0.0,0.0,112.62249956186461,True
2010,6,43.5755,-93.6404,43.8037,-93.5181,4,1,0,14,0,0.0,0.0,141.7190905442792,True
2010,6,38.43,-98.81,38.434,-98.8021,0,0,0,0,0,0.0,0.0,125.77970600972738,True
2010,6,39.92,-92.74,39.92,-92.74,0,0,0,0,0,0.0,0.0,180.0011365515967,True
2010,6,40.05,-92.84,40.05,-92.84,0,0,0,0,0,0.0,0.0,184.30848275097028,True
2010,7,39.5606,-86.1558,39.5627,-86.1408,0,0,0,0,0,2250.0,500.0,19.503707661672607,True
2010,6,40.73,-91.8,40.7301,-91.7988,0,0,0,0,0,0.0,0.0,141.5055355781495,True
2010,6,44.9487,-101.77,44.9487,-101.77,0,0,0,0,0,0.0,0.0,124.30913382953065,True
2010,6,45.0291,-101.6809,45.0551,-101.6527,1,0,0,0,0,10000.0,0.0,135.63090977102522,True
2010,6,45.0604,-101.6086,45.0604,-101.6086,0,0,0,0,0,0.0,0.0,142.04866824805933,True
2010,6,41.0819,-88.3435,41.0821,-88.2702,0,0,0,0,0,20000.0,0.0,61.9980189050837,True
2010,6,38.64,-94.35,38.6386,-94.3128,0,0,0,0,0,10000.0,0.0,20.332304593668155,True
2010,6,38.49,-98.42,38.4939,-98.4142,0,0,0,0,0,0.0,0.0,126.2746635115705,True
2010,6,38.49,-98.58,38.4945,-98.574,0,0,0,0,0,0.0,0.0,136.14987563608935,True
2010,6,43.9976,-104.4582,43.9976,-104.4582,0,0,0,0,0,0.0,0.0,130.8645062079079,True
2010,6,39.261,-104.1291,39.261,-104.1291,0,0,0,0,0,0.0,0.0,68.50898299884558,True
2010,6,45.01,-101.77,45.01,-101.77,0,0,0,0,0,0.0,0.0,129.38614690237733,True
2010,6,45.09,-101.64,45.09,-101.64,0,0,0,0,0,0.0,0.0,142.80855909200014,True
2010,6,45.0356,-101.6126,45.0553,-101.6085,2,0,0,2,0,750000.0,0.0,139.83722067894658,True
2010,6,40.69,-91.3516,40.69,-91.35,0,0,0,0,0,0.0,0.0,121.10885690591229,True
2010,6,41.5238,-85.7579,41.5065,-85.6954,1,0,0,0,0,50000.0,0.0,18.99283982974581,True
2010,6,41.0734,-87.741,41.0738,-87.7303,1,0,0,0,0,75000.0,0.0,65.64209158201491,True
2010,6,41.5052,-87.7118,41.4909,-87.6691,1,0,0,0,0,100000.0,0.0,32.91223587598501,True
2010,7,39.3826,-86.1385,39.3875,-86.0942,0,0,0,0,0,20000.0,5000.0,38.116474947639816,True
2010,7,44.0327,-82.8266,44.0192,-82.7907,0,0,0,0,0,75000.0,0.0,157.09554360399503,True
2010,7,42.1431,-83.6136,42.143,-83.6016,0,0,0,0,0,20000.0,0.0,63.00986758738695,True
2010,6,39.3301,-103.3923,39.3301,-103.3923,0,0,0,0,0,0.0,0.0,111.1553370585054,True
2010,6,39.66,-103.99,39.66,-103.99,0,0,0,0,0,0.0,0.0,49.57599776790838,True
2010,6,40.06,-104.42,40.06,-104.42,0,0,0,0,0,0.0,0.0,32.23479778537227,True
2010,6,42.71,-102.49,42.71,-102.49,0,0,0,0,0,0.0,0.0,159.6869413082805,True
2010,6,40.4842,-99.85,40.4842,-99.85,0,0,0,0,0,0.0,0.0,120.60351654907805,True
2010,7,41.3679,-93.5299,41.3701,-93.5246,1,0,0,0,0,250000.0,5000.0,43.46078994402319,True
2010,7,41.8973,-85.049,41.8999,-85.0207,0,0,0,0,0,0.0,0.0,80.71983938098303,True
2010,6,45.18,-108.69,45.2,-108.68,2,0,0,0,0,12000.0,0.0,75.19978510811875,True
2010,6,39.8892,-103.0481,39.8892,-103.0481,0,0,0,0,0,0.0,0.0,128.38285352920988,True
2010,6,28.151,-97.7433,28.1545,-97.7023,1,0,0,0,0,50000.0,10000.0,46.77243159702216,True
2010,6,40.33,-90.57,40.3304,-90.5582,0,0,0,0,0,5000.0,0.0,106.55983764536589,True
2010,6,33.3634,-101.92,33.3634,-101.92,0,0,0,0,0,0.0,0.0,33.78420919029898,True
2010,6,39.73,-103.56,39.73,-103.56,0,0,0,0,0,0.0,0.0,84.50167387202616,True
2010,6,40.0457,-99.7657,40.0645,-99.7428,1,0,0,0,0,0.0,0.0,116.54077750278402,True
2010,5,38.58,-100.08,38.58,-100.07,0,0,0,0,0,0.0,0.0,91.60402912269278,True
2010,5,37.77,-98.56,37.77,-98.55,0,0,0,0,0,0.0,0.0,99.08917221368993,True
2010,5,38.8358,-100.152,38.9007,-100.0996,0,0,0,0,0,0.0,0.0,120.59456465545189,True
2010,5,38.8707,-99.5589,38.8668,-99.4305,0,0,0,0,0,0.0,0.0,128.49030956388492,True
2010,5,38.5009,-100.7045,38.5017,-100.7035,0,0,0,0,0,0.0,0.0,104.45894688474846,True
2010,6,41.4921,-103.75,41.4921,-103.75,0,0,0,0,0,0.0,0.0,95.96124323167179,True
2010,4,38.3653,-102.8308,38.3705,-102.8297,0,0,0,0,0,0.0,0.0,148.27121756275415,True
2010,4,34.5474,-85.5183,34.5678,-85.3433,1,0,0,0,0,1200000.0,0.0,66.95795400808241,True
2010,4,33.2003,-94.0429,33.2618,-93.8847,0,0,0,0,0,25000.0,0.0,85.44091178675367,True
2010,4,38.8683,-102.6624,38.8803,-102.6168,0,0,0,0,0,0.0,0.0,99.81842480075733,True
2010,3,26.1716,-80.1662,26.1812,-80.1285,0,0,0,0,0,80000.0,0.0,67.09512090054434,True
2010,5,31.54,-89.36,31.54,-89.29,0,0,0,0,0,40000.0,0.0,101.2151627357804,True
2010,4,43.7267,-89.2455,43.775,-89.142,0,0,0,0,0,0.0,0.0,101.38642221871214,True
2010,6,41.0636,-87.7523,41.0826,-87.6057,3,0,0,1,0,600000.0,0.0,66.22439700461668,True
2010,5,36.42,-101.8002,36.4228,-101.7752,0,0,0,0,0,12000.0,0.0,132.20607328654444,True
2010,6,46.2228,-103.65,46.2095,-103.6204,0,0,0,0,0,50000.0,0.0,229.4224170392812,True
2010,6,43.5275,-94.0344,43.5513,-94.0235,0,0,0,0,0,0.0,0.0,151.61151478961807,True
2010,6,43.28,-95.75,43.278,-95.748,0,0,0,0,0,0.0,0.0,86.13075598707391,True
2010,5,35.723,-97.745,35.723,-97.745,0,0,0,0,0,0.0,0.0,60.56389173685376,True
2010,6,28.3285,-97.0204,28.3207,-97.1363,0,0,0,0,0,0.0,0.0,77.35221112758676,True
2010,9,39.47,-101.86,39.452,-101.8187,0,0,0,0,0,0.0,0.0,17.877132758733836,True
2010,9,32.6851,-102.5205,32.6851,-102.5205,0,0,0,0,0,0.0,0.0,88.14633818207403,True
2010,10,46.13,-116.42,46.13,-116.42,0,0,0,0,0,25000.0,0.0,194.45812866943203,True
2010,7,36.37,-76.31,36.3714,-76.3079,0,0,0,0,0,0.0,0.0,92.35035794451667,True
2010,10,33.1873,-94.8151,33.1888,-94.8132,0,0,0,0,0,0.0,0.0,122.42413014121583,True
2010,9,32.6401,-83.03,32.6406,-83.0283,0,0,0,0,0,15000.0,0.0,30.31040081588337,True
2010,7,40.1693,-93.1602,40.1693,-93.1602,0,0,0,0,0,400.0,0.0,178.369128364389,True
2010,11,39.7901,-93.7416,39.7928,-93.7366,0,0,0,0,0,0.0,0.0,117.87824919436359,True
2010,5,41.0866,-104.82,41.0866,-104.82,0,0,0,0,0,0.0,0.0,7.358186782169199,True
2010,10,35.0314,-85.4429,35.0329,-85.4361,0,0,0,0,0,10000.0,0.0,59.4402726356081,True
2010,7,39.2866,-95.7404,39.3063,-95.7112,0,0,0,0,0,25000.0,0.0,53.276726640748585,True
2010,6,42.1558,-93.6112,42.155,-93.6028,0,0,0,0,0,0.0,0.0,48.11883697763045,True
2010,5,40.7699,-104.7883,40.8247,-104.7869,0,0,0,0,0,0.0,0.0,42.507195558866734,True
2010,7,41.762,-73.1277,41.7609,-73.125,1,0,0,0,0,4000.0,0.0,102.0892888881306,True
2010,5,35.439,-97.911,35.484,-97.865,0,0,0,0,0,0.0,0.0,58.602798487139815,True
2010,6,44.3996,-71.22,44.3996,-71.22,0,0,0,0,0,0.0,0.0,95.42703162854815,True
2010,6,40.6488,-86.4285,40.6447,-86.3736,1,0,0,0,0,60000.0,2000.0,99.83138953870451,True
2010,10,41.0741,-84.3419,41.1243,-84.3006,1,0,0,0,0,0.0,0.0,117.91786725641896,True
2010,6,40.7464,-84.13,40.7475,-84.1281,0,0,0,0,0,0.0,0.0,148.20428939535063,True
2010,5,35.4239,-95.7364,35.4363,-95.7258,1,0,0,0,0,2000.0,0.0,84.95015621004873,True
2010,5,34.9716,-99.9474,34.9936,-99.9073,0,0,0,0,0,0.0,0.0,111.68395164400792,True
2010,7,44.4955,-93.1464,44.4956,-93.146,0,0,0,0,0,500.0,0.0,51.40428654999159,True
2010,6,43.5253,-93.8356,43.5298,-93.8305,0,0,0,0,0,0.0,0.0,148.74223960430498,True
2010,9,39.5645,-82.8285,39.5587,-82.7964,1,0,0,0,0,60000.0,2000.0,86.71859179880482,True
2010,4,38.5569,-100.5977,38.6014,-100.5619,0,0,0,0,0,0.0,0.0,104.20262658868214,True
2010,7,46.4945,-95.3106,46.5485,-95.1615,1,0,0,0,0,300000.0,250000.0,191.12764971804444,True
2010,4,33.9491,-87.8591,34.0201,-87.7683,0,0,0,0,0,105000.0,0.0,43.76083992688407,True
2010,7,43.49,-98.7,43.49,-98.68,0,0,0,0,0,0.0,0.0,159.25179204688712,True
2010,4,40.44,-94.84,40.4407,-94.8381,0,0,0,0,0,0.0,0.0,161.41880111223534,True
2010,5,37.96,-100.57,37.9634,-100.5672,0,0,0,0,0,0.0,0.0,57.230529282691144,True
2010,5,37.8133,-100.3623,37.8155,-100.361,0,0,0,0,0,0.0,0.0,35.061235075604344,True
2010,5,37.8011,-100.3254,37.807,-100.3229,0,0,0,0,0,0.0,0.0,31.65068851152498,True
2010,5,37.8224,-100.4635,37.8251,-100.4606,0,0,0,0,0,0.0,0.0,43.99870645879213,True
2010,5,37.9,-100.57,37.9018,-100.5692,0,0,0,0,0,0.0,0.0,55.01457811079276,True
2010,5,37.88,-100.76,37.8838,-100.7536,0,0,0,0,0,0.0,0.0,70.7414788443632,True
2010,5,37.9,-100.62,37.9062,-100.6176,0,0,0,0,0,0.0,0.0,59.24137686345355,True
2010,10,34.996,-111.878,35.065,-111.857,2,0,0,0,0,0.0,0.0,77.78152133157253,True
2010,10,35.108,-111.965,35.116,-111.961,1,0,0,0,0,0.0,0.0,91.7361045977648,True
2010,10,35.159,-111.548,35.17,-111.544,0,0,0,0,0,0.0,0.0,72.41351816005273,True
2010,10,34.44,-111.3,34.646,-111.217,2,0,0,0,0,0.0,0.0,17.5990742481655,True
2010,10,35.106,-111.839,35.475,-111.772,2,0,0,7,0,1000000.0,0.0,83.14207885124665,True
2010,10,35.05,-111.865,35.4866,-111.7788,3,0,0,0,0,400000.0,0.0,80.62697902037397,True
2010,10,34.982,-111.927,35.2455,-111.8613,2,0,0,0,0,0.0,0.0,80.51463043116432,True
2010,10,34.981,-111.876,34.995,-111.869,1,0,0,0,0,0.0,0.0,76.64463187569163,True
2010,10,34.236,-111.973,34.29,-111.946,0,0,0,0,0,0.0,0.0,80.40486339760136,True
2010,10,35.909,-111.005,35.961,-110.961,3,0,0,0,0,200000.0,0.0,149.44443487542333,True
2010,10,34.908,-111.655,34.957,-111.624,0,0,0,0,0,0.0,0.0,55.829829706774014,True
2010,10,36.15,-109.85,36.1593,-109.8412,0,0,0,0,0,0.0,0.0,213.64982780132476,True
2010,7,46.1819,-110.4442,46.1986,-110.4078,2,0,0,0,0,32500.0,0.0,146.4928953142527,True
