YEAR,MONTH,BEGIN_LAT,BEGIN_LON,END_LAT,END_LON,TOR_F_SCALE,DEATHS_DIRECT,DEATHS_INDIRECT,INJURIES_DIRECT,INJURIES_INDIRECT,DAMAGE_PROPERTY,DAMAGE_CROPS,RADAR_DIST,RADAR_2026
2025,3,41.79,-86.1,41.82,-86.07,1,0,0,0,0,100000.0,0.0,58.37976736907045,True
2025,5,37.89,-99.37,37.95,-99.36,0,0,0,0,0,0.0,0.0,54.525845738849064,True
2025,3,35.0966,-89.0021,35.1106,-88.9581,0,0,0,0,0,10000.0,0.0,83.81266701575913,True
2025,3,33.9719,-88.5998,33.9902,-88.5726,0,0,0,0,0,10000.0,0.0,26.321089641377643,True
2025,3,35.9601,-90.6996,35.967,-90.686,0,0,0,0,0,50000.0,0.0,101.27028799268784,True
2025,5,37.5,-99.33,37.61,-99.2,3,0,0,0,0,0.0,0.0,63.29684946518284,True
2025,3,30.1,-90.97,30.12,-90.95,1,0,0,0,0,100000.0,0.0,71.36980991907711,True
2025,8,39.66,-104.14,39.6579,-104.1337,-1,0,0,0,0,0.0,0.0,37.453347755275175,True
2025,7,42.179,-91.364,42.19,-91.22,1,0,0,0,0,0.0,0.0,90.45221313197017,True
2025,2,34.4231,-87.7915,34.4375,-87.744,0,0,0,0,0,0.0,0.0,76.62204658139525,True
2025,2,34.3509,-88.077,34.3797,-87.9794,1,0,0,0,0,0.0,0.0,55.563101420329644,True
2025,3,38.8961,-90.2083,38.924,-90.1827,1,0,0,0,0,10000.0,0.0,46.60067102603574,True
2025,3,38.6556,-89.7889,38.6637,-89.7758,0,0,0,0,0,20000.0,0.0,77.7434149723525,True
2025,3,37.8326,-89.7271,37.9188,-89.6746,1,0,0,0,0,50000.0,0.0,119.71265954260898,True
2025,3,38.386,-90.1139,38.3968,-90.0729,0,0,0,0,0,0.0,0.0,60.48261186665898,True
2025,3,38.4972,-89.8071,38.5739,-89.7057,1,0,0,0,0,260000.0,0.0,79.33396732072504,True
2025,3,38.5739,-89.7057,38.6073,-89.6679,2,0,0,0,0,700000.0,0.0,85.99529449240714,True
2025,3,37.264,-92.692,37.3665,-92.4984,1,0,0,0,0,25000.0,0.0,62.77145871510443,True
2025,3,32.226,-88.702,32.2972,-88.5982,1,0,0,0,0,0.0,0.0,120.74611295109032,True
2025,3,32.104,-88.913,32.1226,-88.8702,0,0,0,0,0,0.0,0.0,102.70429747443016,True
2025,3,33.677,-89.761,33.7831,-89.5932,2,0,0,3,0,0.0,0.0,134.56044149943645,True
2025,3,31.39,-89.931,31.579,-89.701,3,2,0,2,0,0.0,0.0,99.09104969286045,True
2025,3,31.2864,-90.0404,31.3557,-89.9206,2,0,0,2,0,0.0,0.0,92.17389134886473,True
2025,3,31.515,-89.588,31.602,-89.4872,2,1,0,1,0,0.0,0.0,92.93188748078711,True
2025,3,31.8112,-89.2707,31.8387,-89.2412,1,0,0,0,0,0.0,0.0,85.10333641190373,True
2025,3,31.794,-89.445,31.9047,-89.3597,2,0,0,0,0,0.0,0.0,74.20076409263989,True
2025,3,32.2767,-89.1952,32.3073,-89.1476,0,0,0,0,0,0.0,0.0,74.19819531287129,True
2025,3,31.683,-89.401,31.7087,-89.3693,1,0,0,0,0,0.0,0.0,86.22468127321878,True
2025,3,31.574,-89.686,31.6644,-89.595,2,0,0,0,0,0.0,0.0,83.40192605997757,True
2025,3,31.434,-89.661,31.515,-89.588,2,0,0,0,0,0.0,0.0,98.90517955533625,True
2025,3,32.0939,-89.1908,32.1887,-89.1014,1,0,0,0,0,0.0,0.0,77.4994288713734,True
2025,3,31.9618,-89.8603,31.967,-89.8571,0,0,0,0,0,0.0,0.0,37.26253624474015,True
2025,4,44.04,-111.93,44.04,-111.93,-1,0,0,0,0,0.0,0.0,120.43951873648281,True
2025,2,34.1618,-119.1547,34.1681,-119.1467,0,0,0,0,0,0.0,0.0,27.869795998621953,True
2025,1,31.4593,-89.6596,31.4644,-89.654,0,0,0,0,0,15000.0,0.0,96.27412821749478,True
2025,1,31.761,-89.994,31.762,-89.986,0,0,0,0,0,1000.0,0.0,57.71609259550175,True
2025,2,30.5238,-87.1958,30.5302,-87.1923,1,0,0,0,0,0.0,0.0,101.39944482420972,True
2025,3,39.535,-88.38,39.537,-88.369,1,0,0,0,0,0.0,0.0,106.56665273527261,True
2025,3,39.58,-87.71,39.65,-87.63,1,0,0,0,0,0.0,0.0,123.23452995546656,True
2025,3,39.72,-88.68,39.78,-88.63,1,0,0,0,0,0.0,0.0,73.66921543865779,True
2025,3,30.279,-82.458,30.2809,-82.4524,1,0,0,0,0,0.0,0.0,76.0474711583278,True
2025,3,35.6018,-87.2808,35.583,-87.1836,2,0,0,0,0,500000.0,0.0,96.611649467782,True
2025,3,35.5867,-87.1026,35.5707,-87.033,1,0,0,0,0,50000.0,0.0,88.09052673569958,True
2025,1,32.2541,-89.9184,32.3541,-89.7691,1,0,0,0,0,160000.0,0.0,6.844182349076193,True
2025,1,31.7243,-90.0773,31.761,-89.994,0,0,0,0,0,15000.0,0.0,62.40725509184092,True
2025,3,35.9356,-87.2085,35.936,-87.202,0,0,0,0,0,25000.0,0.0,67.60135951072517,True
2025,1,31.9013,-89.6415,31.939,-89.5459,1,0,0,0,0,70000.0,0.0,53.07387308402345,True
2025,3,41.5167,-87.5632,41.5185,-87.5582,0,0,0,0,0,0.0,0.0,44.45205636071167,True
2025,1,31.7385,-89.9324,31.7687,-89.8778,1,0,0,0,0,40000.0,0.0,60.41054343033033,True
2025,3,41.539,-87.473,41.5484,-87.4396,0,0,0,0,0,0.0,0.0,51.382077929664035,True
2025,4,36.95,-93.76,36.97,-93.67,1,0,0,0,0,250000.0,0.0,44.99130843910013,True
2025,3,35.6716,-86.5328,35.677,-86.513,1,0,0,0,0,500000.0,0.0,64.06181868387607,True
2025,3,41.5897,-87.3515,41.5991,-87.3184,0,0,0,0,0,0.0,0.0,60.96957087057718,True
2025,3,35.936,-87.202,35.9337,-87.1697,0,0,0,0,0,25000.0,0.0,67.07745615980468,True
2025,3,35.585,-87.9291,35.5872,-87.9246,0,0,0,0,0,50000.0,0.0,140.50782370275482,True
2025,3,35.301,-95.622,35.305,-95.611,1,0,0,0,0,20000.0,0.0,97.32350556702754,True
2025,3,35.681,-95.844,35.702,-95.814,0,0,0,0,0,20000.0,0.0,60.43366766383106,True
2025,1,31.7687,-89.8778,31.77,-89.875,0,0,0,0,0,1000.0,0.0,57.73486924351145,True
2025,3,35.423,-95.957,35.447,-95.905,1,0,0,0,0,40000.0,0.0,90.81438775726434,True
2025,3,36.144,-87.7188,36.1445,-87.6822,1,0,0,0,0,100000.0,0.0,76.4772652954157,True
2025,3,35.9312,-87.7743,35.9304,-87.7292,0,0,0,0,0,100000.0,0.0,99.71242825669745,True
2025,9,42.317,-71.9292,42.3177,-71.9261,0,0,0,0,0,10000.0,0.0,76.69283183071306,True
2025,3,35.677,-86.513,35.6926,-86.4573,1,0,0,0,0,500000.0,0.0,63.561889787841146,True
2025,3,35.66,-95.893,35.676,-95.849,1,0,0,0,0,75000.0,0.0,64.46910128233199,True
2025,3,35.622,-95.787,35.65,-95.745,0,0,0,0,0,10000.0,0.0,64.68363169803449,True
2025,3,35.438,-95.458,35.445,-95.432,0,0,0,0,0,50000.0,0.0,82.50650393533826,True
2025,4,36.97,-93.9,37.0,-93.83,1,0,0,0,0,200000.0,0.0,53.23663141337533,True
2025,3,30.8415,-88.5696,30.8463,-88.5552,1,0,0,0,0,0.0,0.0,36.30792880636806,True
2025,9,42.3216,-71.8904,42.3226,-71.8883,0,0,0,0,0,4000.0,0.0,74.26345607970283,True
2025,3,30.3698,-84.1849,30.367,-84.1532,0,0,0,0,0,0.0,0.0,14.151006102464446,True
2025,3,40.99,-86.08,40.998,-86.064,0,0,0,0,0,150000.0,0.0,51.879078257571116,True
2025,3,41.2545,-78.0534,41.2617,-78.045,1,0,0,0,0,300000.0,0.0,37.0883875004912,True
2025,9,42.3332,-71.8618,42.334,-71.8591,0,0,0,0,0,6000.0,0.0,73.03107607750133,True
2025,3,31.34,-85.51,31.3483,-85.503,0,0,0,0,0,25000.0,0.0,14.239513320068516,True
2025,3,31.2068,-85.4184,31.2143,-85.3668,1,0,0,5,0,500000.0,0.0,28.48289736041519,True
2025,4,36.6628,-91.8989,36.6775,-91.8897,1,0,0,0,0,10000.0,0.0,147.8224105096827,True
2025,3,28.7109,-81.4152,28.7396,-81.3646,2,0,0,0,0,3900000.0,0.0,99.77505664838282,True
2025,3,40.998,-86.064,41.01,-86.04,0,0,0,0,0,20000.0,0.0,50.35680422316845,True
2025,3,35.088,-80.577,35.105,-80.543,1,0,0,0,0,150000.0,0.0,136.06557929129684,True
2025,9,42.3854,-71.6642,42.3878,-71.653,0,0,0,0,0,5000.0,0.0,64.58243848249172,True
2025,3,41.4934,-78.4747,41.5007,-78.4738,1,0,0,0,0,350000.0,0.0,74.6542064276703,True
2025,4,37.7329,-94.5087,37.7902,-94.4081,2,0,0,0,0,500000.0,0.0,112.36994959124662,True
2025,3,41.54,-85.11,41.59,-85.02,1,0,0,0,0,100000.0,0.0,53.14974594741126,True
2025,4,37.7241,-94.4516,37.9083,-94.259,1,0,0,0,0,1200000.0,0.0,107.52022908998977,True
2025,9,42.4298,-71.551,42.4425,-71.5077,0,0,0,0,0,10000.0,0.0,62.788042094696124,True
2025,1,32.9189,-92.0782,32.9283,-92.0541,1,0,0,0,0,5000.0,0.0,173.01008181164798,True
2025,3,41.766,-85.509,41.803,-85.46,0,0,0,0,0,60000.0,0.0,48.007183794530185,True
2025,3,41.29,-85.31,41.3,-85.29,1,0,0,0,0,100000.0,0.0,33.44855631919425,True
2025,3,41.84,-86.05,41.86,-86.02,0,0,0,0,0,50000.0,0.0,60.929162324108965,True
2025,1,32.9122,-91.4734,32.9202,-91.4373,1,0,0,0,0,30000.0,0.0,156.19738443201746,True
2025,5,38.6552,-100.9648,38.66,-100.96,-1,0,0,0,0,0.0,0.0,101.49525511313031,True
2025,4,31.2136,-82.3461,31.2292,-82.3234,0,0,0,0,0,0.0,0.0,72.07022562282215,True
2025,4,36.96,-93.62,37.0027,-93.5414,0,0,0,0,0,100000.0,0.0,36.28584895573007,True
2025,4,37.06,-93.31,37.09,-93.23,0,0,0,0,0,250000.0,0.0,21.06747423905589,True
2025,4,37.18,-92.55,37.2,-92.53,0,0,0,0,0,25000.0,0.0,75.55098795843844,True
2025,4,36.82,-93.01,36.83,-92.99,0,0,0,0,0,15000.0,0.0,57.72760966025037,True
2025,4,38.56,-92.88,38.57,-92.88,0,0,0,0,0,20000.0,0.0,123.34638924161119,True
2025,4,36.97,-92.81,37.01,-92.81,0,0,0,0,0,100000.0,0.0,60.085818781743995,True
2025,4,37.1057,-93.179,37.1062,-93.1751,0,0,0,0,0,40000.0,0.0,24.330111231064528,True
2025,4,37.3163,-91.6428,37.3272,-91.6198,0,0,0,0,0,0.0,0.0,155.7613984547978,True
2025,1,35.0894,-106.745,35.0914,-106.7395,-1,0,0,0,0,0.0,0.0,9.821321412856246,True
2025,4,37.39,-94.37,37.61,-94.14,0,0,0,0,0,3400000.0,0.0,87.46911947439047,True
2025,4,37.21,-93.48,37.22,-93.45,1,0,0,0,0,120000.0,0.0,7.598230469600743,True
2025,4,37.27,-92.38,37.3,-92.38,1,0,0,0,0,0.0,0.0,90.38444892657074,True
2025,3,35.9239,-90.8564,35.9349,-90.8353,0,0,0,0,0,10000.0,0.0,109.72966257680658,True
2025,4,37.1297,-94.618,37.34,-94.43,1,0,0,0,0,500000.0,0.0,108.51549175563095,True
2025,1,33.0885,-88.9686,33.1057,-88.8979,1,0,0,0,0,40000.0,0.0,107.68467517022316,True
2025,3,38.5605,-90.7334,38.5876,-90.6797,1,0,0,0,0,5000000.0,0.0,16.003334968768282,True
2025,3,38.8156,-90.321,38.8536,-90.2582,1,0,0,0,0,870000.0,0.0,33.94807433529977,True
2025,4,36.79,-94.23,36.82,-94.23,0,0,0,0,0,80000.0,0.0,88.76239982641661,True
2025,4,37.38,-93.27,37.3459,-93.1237,0,0,0,0,0,100000.0,0.0,19.79238197598103,True
2025,4,37.06,-94.69,37.1297,-94.618,1,0,0,0,0,500000.0,0.0,115.95918297927521,True
2025,3,37.0976,-90.9981,37.1814,-90.869,1,0,0,0,0,1000.0,0.0,180.19073582018555,True
2025,3,37.2745,-90.6587,37.3412,-90.5491,3,0,0,2,0,800000.0,0.0,158.39787457809393,True
2025,3,37.3412,-90.5491,37.3949,-90.4466,1,0,0,0,0,50000.0,0.0,151.42048781866842,True
2025,3,39.7919,-88.59,39.9,-88.48,2,0,0,0,0,0.0,0.0,75.09788605122424,True
2025,4,33.5957,-104.3222,33.5929,-104.3089,-1,0,0,0,0,0.0,0.0,176.6910500469934,True
2025,3,40.18,-88.11,40.36,-88.0,1,0,0,0,0,0.0,0.0,104.29576346751153,True
2025,3,38.23,-91.242,38.4271,-90.9826,1,0,0,0,0,148000.0,0.0,71.33640775861902,True
2025,3,37.1113,-90.851,37.2218,-90.7346,2,0,0,0,0,250000.0,0.0,177.14669512264584,True
2025,3,40.5,-89.85,40.506,-89.84,-1,0,0,0,0,0.0,0.0,58.33674438736303,True
2025,3,39.3472,-88.389,39.44,-88.31,2,0,0,0,0,0.0,0.0,120.59731856458491,True
2025,3,38.5799,-91.3592,38.6347,-91.2843,1,0,0,0,0,35000.0,0.0,60.2212931153825,True
2025,3,39.38,-88.61,39.41,-88.59,1,0,0,0,0,0.0,0.0,105.8247945451457,True
2025,4,34.309,-104.2391,34.3112,-104.2322,-1,0,0,0,0,0.0,0.0,221.46170689713566,True
2025,3,38.4604,-90.868,38.5605,-90.7334,2,0,0,0,1,1500000.0,0.0,31.02323731803606,True
2025,3,38.4575,-90.3472,38.4951,-90.2814,1,0,0,0,0,80000.0,0.0,39.63959879019698,True
2025,3,39.608,-88.11,39.614,-88.099,1,0,0,0,0,0.0,0.0,120.81736115272973,True
2025,3,38.6329,-90.5875,38.8189,-90.2999,2,0,0,0,0,1200000.0,0.0,11.056372674156842,True
2025,3,38.8536,-90.2582,38.8961,-90.2083,2,0,0,0,0,222000.0,0.0,40.627222562405144,True
2025,3,38.2701,-90.6488,38.4575,-90.3472,2,0,0,0,0,825000.0,0.0,47.769754100625484,True
2025,3,39.23,-88.65,39.27,-88.57,1,0,0,0,0,0.0,0.0,118.02305015900416,True
2025,3,39.31,-88.44,39.3742,-88.389,2,0,0,2,0,0.0,0.0,120.89409316217703,True
2025,3,39.75,-88.61,39.7919,-88.59,1,0,0,0,0,0.0,0.0,76.29727695333712,True
2025,3,31.2453,-84.076,31.2943,-84.0068,1,0,0,0,0,300000.0,0.0,97.31586241760832,True
2025,3,37.902,-91.832,37.992,-91.685,2,0,0,1,0,2500000.0,0.0,133.82080512890363,True
2025,2,34.133,-86.3162,34.136,-86.3035,1,0,0,0,0,0.0,0.0,91.20689583642974,True
2025,3,37.5,-92.34,37.566,-92.25,1,0,0,0,0,250000.0,0.0,98.21369611803233,True
2025,2,34.4791,-87.6587,34.5136,-87.6082,2,0,0,1,0,0.0,0.0,89.40999727965465,True
2025,3,37.387,-76.644,37.392,-76.643,0,0,0,0,0,14000.0,0.0,55.192309707172726,True
2025,2,34.5487,-87.4985,34.5509,-87.4727,1,0,0,0,0,0.0,0.0,105.28899503960767,True
2025,3,37.566,-92.25,37.605,-92.206,1,0,0,0,0,20000.0,0.0,108.05755690896589,True
2025,3,37.605,-92.206,37.706,-92.029,1,0,0,0,0,50000.0,0.0,113.19589025200486,True
2025,3,36.607,-91.65,36.764,-91.277,3,0,0,0,0,800000.0,0.0,170.55248867550273,True
2025,2,34.841,-87.5765,34.8441,-87.3441,1,0,0,0,0,0.0,0.0,125.6688748127431,True
2025,3,39.4441,-84.5308,39.4555,-84.4117,0,0,0,0,0,250000.0,0.0,60.96151550799573,True
2025,3,39.19,-85.37,39.1973,-85.3298,0,0,0,0,0,150000.0,0.0,97.05578961479216,True
2025,3,43.07,-84.17,43.08,-84.16,1,0,0,0,0,0.0,0.0,70.2139164301801,True
2025,2,34.8259,-87.2898,34.8293,-87.2845,1,0,0,0,0,0.0,0.0,110.64265795384127,True
2025,3,39.3568,-84.3475,39.3554,-84.1648,0,0,0,0,0,215000.0,0.0,45.737448037018375,True
2025,3,39.3559,-84.3829,39.3568,-84.3475,0,0,0,0,0,50000.0,0.0,48.76036695810607,True
2025,2,34.7212,-87.7166,34.7443,-87.6494,1,0,0,0,0,0.0,0.0,107.54818456030142,True
2025,3,37.8,-91.94,37.9,-91.805,1,0,0,0,0,25000.0,0.0,143.28080369982067,True
2025,3,39.65,-83.6,39.65,-83.527,1,0,0,0,0,250000.0,0.0,31.841431996192068,True
2025,3,39.48,-84.11,39.4891,-84.0584,0,0,0,0,0,100000.0,0.0,25.63291161258774,True
2025,3,42.068,-83.69,42.071,-83.684,0,0,0,0,0,0.0,0.0,72.52604996140194,True
2025,3,39.0426,-84.7044,39.0588,-84.6499,1,0,0,0,0,250000.0,0.0,86.85775410648813,True
2025,3,39.1936,-85.2296,39.2038,-85.1475,1,0,0,0,0,200000.0,0.0,106.78585232306122,True
2025,3,39.87,-82.98,39.88,-82.9356,0,0,0,0,0,85000.0,0.0,87.71472868848403,True
2025,1,32.8646,-92.191,32.9189,-92.0782,2,0,0,0,0,100000.0,0.0,161.1922989115874,True
2025,3,30.6761,-92.1476,30.6935,-92.1245,2,0,0,0,0,30000.0,0.0,95.29664913068888,True
2025,3,33.889,-89.138,33.8989,-89.1194,1,0,0,0,0,10000.0,0.0,74.65878225659122,True
2025,2,36.2793,-85.6123,36.2807,-85.537,2,0,0,0,0,1000000.0,0.0,85.26669821278708,True
2025,2,36.2683,-85.4768,36.272,-85.456,1,0,0,0,0,500000.0,0.0,97.3755219199498,True
2025,2,36.272,-85.456,36.2676,-85.341,1,0,0,1,0,500000.0,0.0,99.24818608126945,True
2025,2,36.247,-85.206,36.237,-85.111,1,0,0,1,0,1000000.0,0.0,121.64432002121362,True
2025,3,41.321,-86.477,41.328,-86.466,1,0,0,0,0,10000.0,0.0,65.00281206343398,True
2025,3,41.328,-86.466,41.354,-86.434,1,0,0,1,0,100000.0,0.0,64.03690642707936,True
2025,2,36.2308,-85.0549,36.2036,-84.9124,2,0,0,0,0,1000000.0,0.0,135.22030809642675,True
2025,1,33.858,-88.6242,33.8664,-88.6176,1,0,0,0,0,10000.0,0.0,27.57611875839188,True
2025,1,34.3514,-88.1414,34.3739,-88.1084,0,0,0,0,0,0.0,0.0,53.411513559441566,True
2025,1,40.34,-122.09,40.34,-122.07,-1,0,0,0,0,0.0,0.0,101.65197515892285,True
2025,1,33.2937,-88.1714,33.313,-88.0542,1,0,0,0,0,0.0,0.0,68.64760641753381,True
2025,3,33.9784,-88.3912,33.9796,-88.3584,0,0,0,0,0,2000.0,0.0,10.715950842463828,True
2025,1,31.4593,-89.6596,31.4644,-89.654,0,0,0,0,0,15000.0,0.0,96.27412821749478,True
2025,2,34.3323,-88.223,34.3334,-88.1983,1,0,0,0,0,10000.0,0.0,49.39028840927156,True
2025,2,34.3294,-88.3419,34.3324,-88.3242,0,0,0,0,0,25000.0,0.0,48.10492660506478,True
2025,2,32.9881,-87.6541,32.9912,-87.6265,0,0,0,1,0,0.0,0.0,84.89631520264535,True
2025,2,32.5582,-87.6852,32.5702,-87.5248,1,0,0,2,0,0.0,0.0,109.39891656375083,True
2025,2,44.8152,-97.0779,44.8152,-97.0779,-1,0,0,0,0,0.0,0.0,126.65711997507717,True
2025,2,32.5702,-87.5248,32.5918,-87.3753,0,0,0,0,0,0.0,0.0,97.20970325492927,True
2025,2,33.0251,-86.3541,33.0701,-86.1518,0,0,0,0,0,0.0,0.0,42.017847546810216,True
2025,2,32.6931,-85.8422,32.6982,-85.8132,1,0,0,0,0,0.0,0.0,18.077825763928264,True
2025,3,31.3777,-92.6978,31.392,-92.665,1,0,0,0,0,20000.0,0.0,36.19429475384289,True
2025,2,32.3484,-85.9745,32.3552,-85.8473,1,0,0,0,0,0.0,0.0,27.178930363634144,True
2025,3,31.09,-90.22,31.29,-90.04,3,1,0,0,0,5000000.0,0.0,65.9025013867719,True
2025,5,40.4633,-88.1537,40.4697,-88.1446,-1,0,0,0,0,0.0,0.0,106.1792332722231,True
2025,5,31.5177,-92.5277,31.5167,-92.4685,1,0,0,0,0,100000.0,0.0,58.613515813327034,True
2025,5,35.6926,-77.6378,35.7166,-77.6452,1,0,0,0,0,40000.0,0.0,77.03334019166675,True
2025,5,35.7886,-77.6423,35.815,-77.6642,1,0,0,0,0,50000.0,0.0,77.73993750751713,True
2025,5,38.8618,-96.3726,38.862,-96.3656,0,0,0,0,0,0.0,0.0,19.305248360917133,True
2025,5,39.6602,-88.0371,39.6848,-88.0245,0,0,0,0,0,0.0,0.0,123.53927264446972,True
2025,5,39.6848,-88.0245,39.6984,-88.0168,0,0,0,0,0,0.0,0.0,123.31319064458943,True
2025,5,39.9354,-89.1677,39.9399,-89.1475,-1,0,0,0,0,0.0,0.0,27.914283902861197,True
2025,5,40.2488,-87.9699,40.2556,-87.955,0,0,0,0,0,0.0,0.0,116.60326568515846,True
2025,5,40.2634,-87.8937,40.2715,-87.7995,1,0,0,0,0,0.0,0.0,123.18946813485582,True
2025,5,40.202,-87.8439,40.243,-87.7294,0,0,0,0,0,0.0,0.0,126.96367703998543,True
2025,5,30.0788,-81.5306,30.061,-81.5481,0,0,0,0,0,0.0,0.0,48.03057944911359,True
2025,5,40.55,-103.48,40.4,-103.4,1,0,0,0,0,0.0,0.0,124.12053365823232,True
2025,5,40.2684,-87.5532,40.2858,-87.5304,0,0,0,0,0,0.0,0.0,125.10179631333301,True
2025,5,40.4143,-76.0926,40.4146,-76.1002,-1,0,0,0,0,0.0,0.0,152.0373341251906,True
2025,5,40.4815,-75.9887,40.492,-75.9616,0,0,0,0,0,0.0,0.0,146.57975387915306,True
2025,5,35.886,-94.515,35.893,-94.483,1,0,0,0,0,0.0,0.0,67.65847218232038,True
2025,5,35.922,-94.521,35.892,-94.398,1,0,0,0,0,0.0,0.0,71.68772677488548,True
2025,5,40.38,-103.27,40.26,-103.25,2,0,0,0,0,0.0,0.0,127.01882518539793,True
2025,5,35.7875,-85.0849,35.8197,-85.0093,1,0,0,0,0,250000.0,0.0,131.46044742756314,True
2025,5,40.84,-75.2128,40.86,-75.2054,1,0,0,0,0,20000.0,0.0,120.31149999141094,True
2025,5,35.941,-94.429,35.965,-94.228,1,0,0,0,0,100000.0,0.0,72.59628536637409,True
2025,5,35.953,-94.393,35.953,-94.376,1,0,0,0,0,0.0,0.0,73.73032142410824,True
2025,5,42.9643,-83.5289,42.9684,-83.505,0,0,0,0,0,0.0,0.0,29.7582684278807,True
2025,5,34.8,-82.614,34.809,-82.568,0,0,0,0,0,0.0,0.0,37.145868795019105,True
2025,5,35.5141,-86.7715,35.5281,-86.7529,0,0,0,0,0,250000.0,0.0,83.66559096471575,True
2025,5,36.4985,-87.2743,36.5134,-87.2197,0,0,0,0,0,250000.0,0.0,26.499364186050794,True
2025,5,35.238,-94.437,35.315,-94.231,1,0,0,0,0,1500000.0,0.0,8.970911471081724,True
2025,5,36.089,-93.849,36.121,-93.602,1,0,0,0,0,100000.0,0.0,100.15303309921858,True
2025,5,35.5233,-86.2471,35.534,-86.243,0,0,0,0,0,200000.0,0.0,67.56297036678765,True
2025,5,35.534,-86.243,35.5389,-86.2408,0,0,0,0,0,50000.0,0.0,68.64444885658011,True
2025,5,39.1643,-87.8026,39.1722,-87.6825,1,0,0,0,0,0.0,0.0,100.75488704424735,True
2025,5,39.1722,-87.6825,39.1756,-87.6209,1,0,0,0,0,0.0,0.0,101.47083347567842,True
2025,5,36.082,-93.833,36.091,-93.791,1,0,0,0,0,60000.0,0.0,100.14560773716535,True
2025,5,36.16,-93.582,36.157,-93.454,1,0,0,0,0,0.0,0.0,119.6064328431486,True
2025,5,36.165,-93.417,36.21,-93.367,1,0,0,0,0,30000.0,0.0,119.01793973512349,True
2025,5,30.9961,-85.6189,31.012,-85.5974,1,0,0,0,0,5000.0,0.0,53.82574286838341,True
2025,5,43.1476,-84.0511,43.1624,-83.9876,0,0,0,0,0,0.0,0.0,68.57959038176007,True
2025,5,35.6,-87.57,35.63,-87.54,0,0,0,0,0,0.0,0.0,115.79866970288955,True
2025,5,41.08,-89.91,41.07,-89.92,0,0,0,0,0,0.0,0.0,81.42964219455492,True
2025,5,40.3101,-89.44,40.3086,-89.4409,-1,0,0,0,0,0.0,0.0,19.792750827524006,True
2025,5,40.1502,-88.2401,40.1488,-88.2406,-1,0,0,0,0,0.0,0.0,93.20974214405393,True
2025,5,40.51,-101.09,40.75,-100.98,2,0,0,0,0,1500000.0,0.0,137.33843630859818,True
2025,5,28.8368,-81.8454,28.8522,-81.8289,-1,0,0,0,0,0.0,0.0,137.11719865048815,True
2025,5,38.0514,-90.1017,38.0571,-90.0977,1,0,0,0,0,30000.0,0.0,88.02941798518022,True
2025,5,36.5578,-87.5171,36.6247,-87.3709,0,0,0,0,0,250000.0,0.0,28.711471033584644,True
2025,5,40.9242,-87.9413,40.9264,-87.941,-1,0,0,0,0,0.0,0.0,76.5795380588098,True
2025,5,34.121,-82.552,34.144,-82.542,0,0,0,0,0,0.0,0.0,90.06334283879853,True
2025,3,31.6904,-88.7855,31.741,-88.753,2,0,0,4,0,0.0,0.0,123.82330327650222,True
2025,3,32.7831,-85.381,32.8214,-85.3355,0,0,0,0,0,0.0,0.0,47.06606939662377,True
2025,2,30.85,-89.87,30.89,-89.78,1,0,0,0,0,25000.0,0.0,63.171244131335875,True
2025,4,34.4868,-96.82,34.4868,-96.82,-1,0,0,0,0,0.0,0.0,102.9404422759967,True
2025,3,36.9123,-91.2222,37.0976,-90.9981,3,0,0,0,0,2000000.0,0.0,196.53796014169626,True
2025,3,36.5,-90.88,36.6621,-90.5923,2,0,0,1,0,1400000.0,0.0,157.22121982586856,True
2025,3,34.139,-96.503,34.147,-96.478,0,0,0,0,0,200000.0,0.0,150.46597705568752,True
2025,3,35.097,-96.229,35.105,-96.179,1,0,0,0,0,75000.0,0.0,98.82310444674735,True
2025,3,35.967,-90.686,36.0547,-90.4831,2,0,0,4,0,2000000.0,0.0,100.89019789063873,True
2025,3,41.9757,-88.1547,41.9836,-88.1439,0,0,0,0,0,0.0,0.0,41.69115393454676,True
2025,3,41.3698,-87.4715,41.3823,-87.4649,1,0,0,0,0,0.0,0.0,57.335891663276655,True
2025,3,41.4693,-87.4173,41.525,-87.3574,0,0,0,0,0,0.0,0.0,57.52500931466018,True
2025,3,36.61,-90.6492,36.6078,-90.5923,1,0,0,0,0,15000.0,0.0,157.06115156211368,True
2025,3,36.9094,-90.2493,36.9518,-90.152,1,0,0,0,0,100000.0,0.0,132.39830198131358,True
2025,3,37.1818,-89.4448,37.2157,-89.2623,1,0,0,0,0,25000.0,0.0,60.973951595112695,True
2025,3,37.0495,-90.7588,37.1565,-90.5591,3,2,0,0,0,3000000.0,0.0,176.31395980555627,True
2025,3,32.634,-87.525,32.656,-87.512,0,0,0,0,0,0.0,0.0,92.46497626564519,True
2025,3,41.487,-87.7943,41.4911,-87.791,0,0,0,0,0,0.0,0.0,27.45085871955873,True
2025,3,31.0328,-82.043,31.0736,-81.9386,0,0,0,0,0,0.0,0.0,69.12055023395675,True
2025,3,36.885,-91.271,36.9123,-91.2223,3,0,0,0,0,100000.0,0.0,192.90653126567793,True
2025,3,30.9795,-93.4962,30.988,-93.4813,1,0,0,0,0,20000.0,0.0,53.27715746254534,True
2025,3,31.0876,-93.1643,31.0955,-93.1276,-1,0,0,0,0,0.0,0.0,19.454719646423943,True
2025,3,36.22,-76.319,36.229,-76.307,1,0,0,8,0,185000.0,0.0,104.84244612106065,True
2025,3,36.6078,-90.5923,36.6215,-90.4959,0,0,0,0,0,40000.0,0.0,154.63152757762938,True
2025,3,37.16,-90.39,37.2691,-90.2208,2,1,0,1,0,1500000.0,0.0,143.83437883743238,True
2025,3,37.2691,-90.2208,37.4248,-89.9891,3,0,0,0,0,3000000.0,0.0,130.30404102376954,True
2025,3,37.0264,-89.7649,37.0327,-89.7538,2,0,0,0,0,75000.0,0.0,88.2469207401387,True
2025,2,31.9373,-88.7315,31.9542,-88.7226,0,0,0,0,0,5000.0,0.0,124.0089240901942,True
2025,3,34.232,-97.268,34.239,-97.265,1,0,0,3,0,500000.0,0.0,122.4344117589945,True
2025,3,33.3194,-86.2005,33.3603,-86.1623,2,1,0,1,0,0.0,0.0,55.416074002399064,True
2025,3,32.909,-86.4495,32.9973,-86.2715,1,0,0,0,0,0.0,0.0,41.78250509717478,True
2025,3,33.3475,-87.6089,33.4562,-87.4586,1,0,0,0,0,0.0,0.0,80.43197984193799,True
2025,3,32.4976,-87.6612,32.634,-87.525,0,0,0,0,0,0.0,0.0,112.0699297252225,True
2025,3,32.656,-87.512,32.68,-87.474,0,0,0,0,0,0.0,0.0,89.95686217467131,True
2025,3,34.287,-97.038,34.293,-97.018,0,0,0,0,0,100000.0,0.0,118.35688084457418,True
2025,3,36.1837,-90.1626,36.279,-89.962,1,0,0,0,0,350000.0,0.0,96.8723755470517,True
2025,3,40.4856,-79.1785,40.4982,-79.1664,1,0,0,0,0,0.0,0.0,88.02536807828676,True
2025,3,37.9605,-86.2594,37.944,-85.989,1,0,0,0,0,0.0,0.0,27.707551964477663,True
2025,3,36.8366,-89.6383,36.8683,-89.5669,0,0,0,0,0,900000.0,0.0,81.18188428506895,True
2025,3,35.404,-96.001,35.423,-95.978,1,0,0,0,0,80000.0,0.0,94.35222603621153,True
2025,3,41.4624,-87.6528,41.4686,-87.6227,1,0,0,0,0,0.0,0.0,39.24670024870164,True
2025,3,37.2157,-89.2623,37.2418,-89.1572,1,0,0,0,0,50000.0,0.0,46.45092786758789,True
2025,3,36.7229,-90.5729,36.8607,-90.2986,3,1,0,0,0,15000000.0,0.0,164.69083782994807,True
2025,3,32.8179,-96.9572,32.8188,-96.9501,1,0,0,0,0,1000000.0,0.0,42.318201682616305,True
2025,3,31.4673,-87.6035,31.4791,-87.5835,0,0,0,0,0,0.0,0.0,106.51859628383205,True
2025,3,41.5654,-87.4123,41.5675,-87.4043,0,0,0,0,0,0.0,0.0,56.070561384476946,True
2025,3,33.4571,-87.5051,33.587,-87.337,1,0,0,0,0,0.0,0.0,75.33113800861636,True
2025,3,30.2663,-82.4884,30.279,-82.458,1,0,0,0,0,0.0,0.0,79.2592856455032,True
2025,2,32.4735,-89.0254,32.485,-88.915,1,0,0,0,0,125000.0,0.0,92.59699169636968,True
2025,3,37.5423,-90.0433,37.5983,-89.9691,1,0,0,0,0,100000.0,0.0,124.18369526616735,True
2025,3,36.527,-92.12,36.756,-91.717,3,0,0,0,0,5000000.0,0.0,138.45016684630144,True
2025,3,34.768,-96.706,34.786,-96.646,1,0,0,1,0,10000000.0,0.0,81.5868804045697,True
2025,3,31.7024,-94.0339,31.7834,-94.0223,1,0,0,0,0,0.0,0.0,85.17826301596651,True
2025,3,32.5971,-86.9377,32.642,-86.918,3,2,0,2,0,0.0,0.0,65.81572146064313,True
2025,3,31.897,-85.791,31.9491,-85.723,1,0,0,0,0,0.0,0.0,57.79253915327304,True
2025,3,31.7383,-85.9805,31.897,-85.791,2,0,0,0,0,0.0,0.0,58.22101406086308,True
2025,3,32.9063,-86.9776,32.9906,-86.8946,0,0,0,0,0,0.0,0.0,35.32656669940607,True
2025,3,32.68,-87.474,32.7189,-87.4183,0,0,0,0,0,0.0,0.0,85.51619284983168,True
2025,3,33.066,-86.7608,33.069,-86.759,0,0,0,0,0,0.0,0.0,11.809245144679569,True
2025,3,37.2,-92.79,37.264,-92.692,1,0,0,0,0,250000.0,0.0,54.1810660604854,True
2025,3,37.9183,-89.3612,37.9514,-89.3432,0,0,0,0,0,300000.0,0.0,107.86621634916997,True
2025,3,34.694,-96.595,34.697,-96.578,1,0,0,0,0,300000.0,0.0,94.42158099253894,True
2025,4,35.004,-96.45,35.023,-96.424,1,1,0,1,0,400000.0,0.0,83.66473277583543,True
2025,3,33.8505,-89.2494,33.889,-89.138,1,0,0,0,0,100000.0,0.0,85.1115712756607,True
2025,3,33.9857,-88.917,34.0221,-88.8898,1,0,0,0,0,25000.0,0.0,55.11594959128819,True
2025,1,33.8672,-91.6875,33.8754,-91.6688,1,0,0,0,0,0.0,0.0,119.97775450736442,True
2025,3,33.6427,-93.2567,33.6884,-93.1101,2,0,0,0,0,250000.0,0.0,143.29099522873267,True
2025,3,38.2103,-87.5483,38.3602,-87.3157,2,0,0,0,0,2000000.0,0.0,16.36234285526842,True
2025,3,36.67,-91.674,36.885,-91.271,3,0,0,0,0,400000.0,0.0,165.7702992051087,True
2025,3,33.1057,-97.7517,33.1062,-97.6972,1,0,0,0,0,750000.0,0.0,72.58016482311416,True
2025,3,35.6178,-90.9493,35.6563,-90.9324,0,0,0,0,0,5000.0,0.0,102.04714789344754,True
2025,3,31.9526,-92.1085,31.958,-92.1046,1,0,0,0,0,25000.0,0.0,120.88952870855405,True
2025,3,31.392,-92.665,31.3937,-92.6437,1,0,0,0,0,250000.0,0.0,39.567134329980576,True
2025,3,41.5775,-87.3902,41.5812,-87.3773,1,0,0,1,0,0.0,0.0,57.81257657840129,True
2025,3,32.9887,-88.07,33.121,-87.92,1,0,0,0,0,0.0,0.0,103.81218755890482,True
2025,3,33.587,-87.337,33.8554,-87.0311,2,0,0,0,0,0.0,0.0,70.03230997953898,True
2025,4,34.079,-96.707,34.101,-96.662,2,0,0,0,0,200000.0,0.0,148.88383145947617,True
2025,4,34.128,-96.574,34.242,-96.44,1,0,0,0,0,150000.0,0.0,148.62841017777154,True
2025,3,32.8615,-93.9394,32.9895,-93.9333,0,0,0,0,0,0.0,0.0,46.579883813270236,True
2025,3,41.5977,-90.9983,41.62,-90.99,0,0,0,0,0,0.0,0.0,34.74533615977453,True
2025,3,32.642,-86.918,32.663,-86.885,2,0,0,0,0,0.0,0.0,60.53066896641295,True
2025,3,33.121,-87.92,33.265,-87.838,1,0,0,0,0,0.0,0.0,94.24959079890961,True
2025,3,32.4847,-88.2078,32.5264,-88.1798,2,0,0,0,0,0.0,0.0,154.57727171327574,True
2025,3,33.069,-86.759,33.1713,-86.7508,1,0,0,0,0,0.0,0.0,11.48985983328149,True
2025,3,41.4984,-87.9488,41.5073,-87.9217,0,0,0,0,0,0.0,0.0,16.322670294382682,True
2025,3,41.0825,-87.485,41.146,-87.4038,0,0,0,0,0,0.0,0.0,76.6317516104531,True
2025,4,34.831,-96.636,34.834,-96.629,1,0,0,0,0,50000.0,0.0,80.78641545992576,True
2025,4,34.786,-96.686,34.809,-96.616,1,0,0,1,0,750000.0,0.0,81.24712155338636,True
2025,3,36.6621,-90.5923,36.6978,-90.5376,2,0,0,0,0,1400000.0,0.0,160.126404238334,True
2025,3,37.9514,-89.3432,38.0833,-89.1813,2,0,0,0,0,1500000.0,0.0,110.36603165561627,True
2025,3,37.2218,-90.7346,37.2745,-90.6587,3,3,0,0,0,4000000.0,0.0,164.3066364363878,True
2025,3,30.8225,-94.4954,30.8256,-94.4876,1,0,0,0,0,25000.0,0.0,145.0716832734395,True
2025,3,34.856,-96.483,34.887,-96.408,1,0,0,0,0,75000.0,0.0,89.6769725721719,True
2025,3,33.5242,-93.6464,33.5945,-93.5235,1,0,0,2,0,500000.0,0.0,120.72874369199738,True
2025,3,33.3404,-94.7073,33.4526,-94.4091,1,0,0,0,0,500000.0,0.0,127.75922535190915,True
2025,3,33.103,-94.8072,33.1437,-94.6599,1,0,0,0,0,25000.0,0.0,115.81987406215715,True
2025,3,32.5589,-94.0328,32.5595,-93.9659,1,0,0,0,0,100000.0,0.0,21.61245289762808,True
2025,3,32.5664,-93.7831,32.5675,-93.7691,1,0,0,0,0,10000.0,0.0,13.959446644962044,True
2025,3,36.3207,-90.5793,36.4111,-90.4416,2,0,0,0,0,250000.0,0.0,125.80764952589982,True
2025,3,41.6148,-88.4439,41.6449,-88.3861,0,0,0,0,0,0.0,0.0,29.907302255527974,True
2025,3,36.499,-92.169,36.527,-92.12,3,3,0,4,0,2000000.0,0.0,136.74584101185977,True
2025,4,33.935,-96.874,34.04,-96.758,1,0,0,0,0,300000.0,0.0,156.6403313476696,True
2025,6,44.763,-73.497,44.767,-73.488,0,0,0,0,0,50000.0,0.0,38.325497532277815,True
2025,3,36.8759,-90.0479,36.9214,-89.9866,1,0,0,0,0,500000.0,0.0,115.3530748999037,True
2025,3,32.5412,-94.2378,32.5406,-94.22,1,0,0,0,0,25000.0,0.0,38.52496226148277,True
2025,3,38.3602,-87.3157,38.5358,-87.1032,2,0,0,0,0,1500000.0,0.0,37.36151294493631,True
2025,3,37.0327,-89.7538,37.09,-89.68,2,0,0,0,0,1000000.0,0.0,87.22497810005453,True
2025,3,36.91,-91.02,37.0495,-90.7588,1,0,0,0,0,500000.0,0.0,200.4355414558465,True
2025,2,32.1855,-90.4122,32.2017,-90.3713,0,0,0,0,0,5000.0,0.0,41.5836800942974,True
2025,3,33.0033,-95.2739,33.0389,-95.0935,1,0,0,0,0,250000.0,0.0,147.42294457861823,True
2025,3,33.0875,-86.8291,33.1225,-86.817,1,0,0,0,0,0.0,0.0,10.896466319633305,True
2025,3,32.8695,-85.8778,33.0711,-85.6254,3,0,0,0,0,0.0,0.0,37.91819383341546,True
2025,3,37.5983,-89.9691,37.8326,-89.7271,2,0,0,0,0,5000000.0,0.0,121.14263896252032,True
2025,4,33.916,-97.542,33.927,-97.537,2,0,0,0,0,300000.0,0.0,141.04888963508412,True
2025,3,32.663,-86.885,32.8339,-86.6501,2,0,0,0,0,0.0,0.0,57.60548212230927,True
2025,3,33.265,-87.838,33.3007,-87.821,0,0,0,0,0,0.0,0.0,83.7114816542935,True
2025,3,33.1499,-88.0569,33.4008,-87.8387,2,0,0,0,0,0.0,0.0,86.8139762075014,True
2025,4,34.35,-96.251,34.385,-96.212,0,0,0,0,0,0.0,0.0,143.9733798705281,True
2025,4,34.447,-96.152,34.451,-96.146,1,0,0,0,0,75000.0,0.0,142.29900607083212,True
2025,3,36.229,-76.307,36.258,-76.281,1,0,0,0,0,10000.0,0.0,104.66754156514459,True
2025,3,37.4075,-88.9443,37.5437,-88.7166,2,0,0,0,0,1000000.0,0.0,40.68362540716494,True
2025,2,31.2439,-89.8054,31.2625,-89.7805,0,0,0,0,0,75000.0,0.0,98.92807919655081,True
2025,3,33.0389,-95.0935,33.0681,-94.9652,1,0,0,3,0,250000.0,0.0,134.13393267157502,True
2025,3,32.6138,-93.163,32.6313,-93.1397,1,0,0,0,0,100000.0,0.0,66.11484110691794,True
2025,3,33.4345,-94.7749,33.4409,-94.7466,1,0,0,0,0,10000.0,0.0,139.83645390667274,True
2025,3,33.4409,-94.7466,33.5081,-94.4649,1,0,0,0,0,50000.0,0.0,138.7686151184182,True
2025,5,34.758,-96.865,34.738,-96.826,1,0,0,0,0,75000.0,0.0,74.16524268054434,True
2025,5,43.4813,-88.5983,43.5436,-88.4572,2,0,0,0,0,3400000.0,0.0,57.23284765621511,True
2025,5,43.5392,-88.4414,43.5555,-88.4059,1,0,0,0,0,10000.0,0.0,64.15203819198676,True
2025,5,43.5606,-88.479,43.5679,-88.4507,1,0,0,0,0,45000.0,0.0,66.17378363477744,True
2025,5,32.6036,-85.2891,32.6022,-85.2248,0,0,0,0,0,0.0,0.0,47.50184694916374,True
2025,5,32.151,-95.3517,32.1412,-95.2683,1,0,0,0,0,25000.0,0.0,145.82569899416544,True
2025,5,38.55,-75.83,38.566,-75.702,1,0,0,0,0,50000.0,0.0,45.6574823327344,True
2025,5,40.0502,-96.0384,40.049,-96.011,-1,0,0,0,0,0.0,0.0,118.2943100048165,True
2025,5,32.3149,-93.9912,32.4127,-93.8071,1,0,0,0,0,775000.0,0.0,20.657878809224222,True
2025,5,35.432,-80.986,35.428,-80.963,0,0,0,0,0,0.0,0.0,127.68559308446669,True
2025,5,34.779,-97.296,34.778,-97.264,1,0,0,0,0,5000.0,0.0,61.629940348860096,True
2025,5,40.049,-96.011,40.0488,-95.9977,-1,0,0,0,0,0.0,0.0,118.51614498209544,True
2025,5,35.956,-94.896,35.963,-94.852,1,0,0,0,0,20000.0,0.0,64.80290706454811,True
2025,5,33.0,-99.86,32.994,-99.8536,-1,0,0,0,0,0.0,0.0,76.44597338694854,True
2025,5,41.4569,-96.8706,41.4584,-96.8381,1,0,0,0,0,0.0,0.0,44.69015383975361,True
2025,5,32.352,-93.4617,32.3738,-93.4323,0,0,0,0,0,0.0,0.0,37.28864714386878,True
2025,5,36.147,-99.787,36.191,-99.758,1,0,0,0,0,15000.0,0.0,162.46274920118623,True
2025,5,32.96,-99.8,32.951,-99.7886,-1,0,0,0,0,0.0,0.0,69.31242056432464,True
2025,5,36.099,-99.778,36.099,-99.778,0,0,0,0,0,0.0,0.0,164.01996635723708,True
2025,5,33.7902,-100.6831,33.7943,-100.672,-1,0,0,0,0,0.0,0.0,105.69430080073438,True
2025,5,30.6237,-86.082,30.7027,-85.9828,1,0,0,0,0,3000.0,0.0,16.676094821104623,True
2025,5,37.16,-91.91,37.16,-91.87,1,0,0,0,0,20000.0,0.0,132.26117725520268,True
2025,5,37.7253,-90.9534,37.7382,-90.9502,1,0,0,0,0,0.0,0.0,110.80902910428458,True
2025,5,37.7382,-90.9502,37.7644,-90.9436,0,0,0,0,0,0.0,0.0,109.34756224613022,True
2025,5,34.342,-98.453,34.333,-98.451,0,0,0,0,0,25000.0,0.0,48.124813825167166,True
2025,5,36.09,-99.865,36.136,-99.789,3,0,0,0,0,100000.0,0.0,171.49014483123028,True
2025,5,35.7392,-90.4925,35.782,-90.3776,1,0,0,0,0,25000.0,0.0,71.15068613399878,True
2025,5,32.7925,-99.2269,32.7936,-99.2154,2,0,0,0,0,0.0,0.0,28.377376463797685,True
2025,5,40.2503,-76.115,40.2517,-76.1147,0,0,0,0,0,30000.0,0.0,148.83139617928626,True
2025,5,38.1418,-90.7735,38.1736,-90.7682,0,0,0,0,0,0.0,0.0,62.44672001825624,True
2025,5,36.013,-100.0,36.028,-99.986,0,0,0,0,0,0.0,0.0,177.15313268327625,True
2025,5,35.92,-94.533,35.922,-94.521,-1,0,0,0,0,0.0,0.0,71.69614668650136,True
2025,5,44.67,-90.56,44.69,-90.52,0,0,0,0,0,1000.0,0.0,106.7798483426265,True
2025,5,32.3233,-99.5477,32.3229,-99.4967,-1,0,0,0,0,0.0,0.0,36.47844751933402,True
2025,5,30.89,-99.8,30.875,-99.7853,-1,0,0,0,0,0.0,0.0,84.86936200147753,True
2025,5,37.5128,-91.2426,37.5322,-91.2287,0,0,0,0,0,0.0,0.0,140.68766853919263,True
2025,5,37.8327,-91.2339,37.8464,-91.2263,1,0,0,0,0,60000.0,0.0,107.6641166682749,True
2025,5,34.6344,-112.3154,34.6356,-112.3135,0,0,0,0,0,0.0,0.0,102.44676159918205,True
2025,5,39.65,-75.01,39.597,-74.891,1,0,0,0,0,30000.0,0.0,60.92064584239885,True
2025,5,33.2246,-104.5856,33.227,-104.5644,-1,0,0,0,0,0.0,0.0,143.78718684860817,True
2025,5,38.12,-93.74,38.18,-93.7,1,0,0,0,0,150000.0,0.0,89.30652262612577,True
2025,5,38.29,-93.51,38.31,-93.5,1,0,0,0,0,115000.0,0.0,87.46897321198027,True
2025,5,38.34,-93.48,38.37,-93.41,1,0,0,0,0,148000.0,0.0,85.93249484675121,True
2025,5,37.6901,-90.6408,37.7384,-90.5931,1,0,0,0,0,30000.0,0.0,112.23116145230051,True
2025,5,30.9033,-97.9535,30.8954,-97.9545,-1,0,0,0,0,0.0,0.0,58.126267748540855,True
2025,5,35.5905,-88.941,35.596,-88.9192,0,0,0,0,0,15000.0,0.0,88.7460735156147,True
2025,5,39.597,-74.891,39.594,-74.877,1,0,0,0,0,30000.0,0.0,56.558976676066095,True
2025,5,34.854,-96.393,34.9,-96.346,1,0,0,0,0,30000.0,0.0,96.524079465298,True
2025,5,35.4075,-78.4653,35.4087,-78.4635,0,0,0,0,0,20000.0,0.0,28.749719272442828,True
2025,5,38.39,-93.41,38.43,-93.37,1,0,0,0,0,160000.0,0.0,87.7326254013695,True
2025,5,37.72,-91.61,37.7272,-91.5975,0,0,0,0,0,80000.0,0.0,135.68456375975364,True
2025,5,37.61,-91.55,37.6425,-91.4882,0,0,0,0,0,55000.0,0.0,142.86125858550378,True
2025,5,37.53,-91.56,37.583,-91.4604,1,0,0,0,0,30000.0,0.0,150.93814883744372,True
2025,5,38.0211,-90.3677,38.0343,-90.35,0,0,0,0,0,0.0,0.0,80.21615750720957,True
2025,5,31.0322,-97.9984,31.0047,-97.9758,1,0,0,1,0,100000.0,0.0,68.14861348778865,True
2025,5,37.86,-98.4721,38.107,-98.2959,3,0,0,0,0,0.0,0.0,93.30826057702355,True
2025,5,34.91,-96.372,34.93,-96.352,0,0,0,0,0,2000.0,0.0,94.86238943720548,True
2025,5,35.8839,-77.5025,35.9091,-77.525,1,0,0,0,0,50000.0,0.0,92.3442719902983,True
2025,3,38.6129,-89.8779,38.6556,-89.7889,1,0,0,0,0,150000.0,0.0,70.54024323781981,True
2025,5,43.297,-84.1702,43.3089,-84.1423,0,0,0,0,0,150000.0,0.0,87.37274549386879,True
2025,5,37.6027,-91.4163,37.6213,-91.3903,0,0,0,0,0,25000.0,0.0,137.73470763945326,True
2025,5,39.307,-85.06,39.31,-85.056,0,0,0,0,0,10000.0,0.0,107.20022960555619,True
2025,5,39.25,-85.13,39.305,-85.066,1,0,0,0,0,40000.0,0.0,111.05850170250334,True
2025,5,39.305,-85.066,39.307,-85.06,0,0,0,0,0,10000.0,0.0,107.74022456988665,True
2025,3,38.2991,-90.3107,38.386,-90.1139,1,0,0,0,0,150000.0,0.0,54.99530970273496,True
2025,5,28.54,-81.17,28.5387,-81.1711,0,0,0,0,0,8000.0,0.0,69.2845204564375,True
2025,5,29.8792,-90.1106,29.8854,-90.1079,0,0,0,0,0,15000.0,0.0,76.70938122577157,True
2025,5,35.514,-95.205,35.535,-95.132,1,0,0,0,0,50000.0,0.0,80.31112401739603,True
2025,5,35.535,-95.132,35.568,-95.051,1,0,0,0,0,35000.0,0.0,74.90295923350907,True
2025,5,40.167,-85.043,40.167,-85.038,-1,0,0,0,0,0.0,0.0,117.2093175119583,True
2025,5,44.85,-90.356,44.898,-90.315,2,0,0,0,0,725000.0,100000.0,132.12718721691252,True
2025,5,32.8362,-102.0815,32.77,-102.0,1,0,0,0,0,2500.0,0.0,94.28633575755768,True
2025,5,32.65,-101.88,32.6,-101.85,1,0,0,0,0,20000.0,0.0,83.76793170098799,True
2025,5,34.73,-95.815,34.733,-95.812,1,0,0,0,0,0.0,0.0,146.27647302580667,True
2025,5,35.651,-94.894,35.7,-94.808,1,0,0,0,0,50000.0,0.0,62.6875564431725,True
2025,5,44.72,-90.49,44.74,-90.45,1,0,0,0,0,45000.0,15000.0,114.32120343828156,True
2025,5,44.62,-90.6,44.63,-90.59,1,0,0,0,0,0.0,0.0,100.3845062059999,True
2025,5,33.6952,-85.8854,33.6793,-85.8273,1,0,0,0,0,0.0,0.0,100.59388334154752,True
2025,5,38.6446,-90.3039,38.6894,-90.1974,0,4,0,38,0,1600000000.0,0.0,33.44045960663532,True
2025,5,35.7,-94.808,35.747,-94.711,1,0,0,0,0,0.0,0.0,60.87222872365568,True
2025,5,35.756,-94.916,35.789,-94.808,1,0,0,0,0,0.0,0.0,72.07629553732437,True
2025,5,35.766,-94.723,35.886,-94.515,1,0,0,0,0,50000.0,0.0,62.16541354776665,True
2025,5,34.8296,-89.9603,34.8304,-89.9532,1,0,0,0,0,800000.0,0.0,57.82276079059116,True
2025,5,43.4307,-89.9453,43.4318,-89.9447,0,0,0,0,0,5000.0,0.0,109.33832468348419,True
2025,5,43.5175,-89.5009,43.5307,-89.486,-1,0,0,0,0,0.0,0.0,98.29602452380132,True
2025,5,33.574,-85.3624,33.5624,-85.3318,0,0,0,0,0,0.0,0.0,77.51202627694342,True
2025,5,32.1896,-85.9662,32.1844,-85.8824,0,0,0,0,0,0.0,0.0,41.997290495347336,True
2025,5,30.8556,-85.7843,30.9961,-85.6189,2,0,0,1,0,100000.0,0.0,34.87653072925579,True
2025,5,35.789,-94.808,35.807,-94.741,1,0,0,0,0,0.0,0.0,68.57838662456166,True
2025,5,35.102,-94.746,35.191,-94.568,1,0,0,0,0,0.0,0.0,40.708417262030395,True
2025,5,34.805,-95.575,34.821,-95.514,1,0,0,0,0,75000.0,0.0,122.9165794595654,True
2025,5,35.162,-94.554,35.238,-94.437,1,0,0,0,0,0.0,0.0,22.54791044062443,True
2025,5,44.898,-90.315,44.9053,-90.3038,2,0,0,0,0,0.0,0.0,138.36575137682766,True
2025,5,43.3276,-88.861,43.3744,-88.7461,1,0,0,0,0,135000.0,0.0,47.27814634846606,True
2025,5,43.377,-88.7766,43.448,-88.5699,2,0,0,1,0,2500000.0,0.0,49.05787213237067,True
2025,5,43.4323,-88.7024,43.4378,-88.6189,1,0,0,0,0,1200000.0,0.0,53.09962285898342,True
2025,5,44.963,-89.92,44.9989,-89.9249,0,0,0,0,0,0.0,0.0,151.93385245731793,True
2025,5,44.2547,-89.6064,44.3294,-89.5918,0,0,0,0,0,0.0,0.0,121.8963724194723,True
2025,5,31.86,-99.67,31.8617,-99.654,-1,0,0,0,0,0.0,0.0,84.97146083422528,True
2025,4,34.7188,-87.8127,34.7664,-87.6819,1,0,0,0,0,0.0,0.0,102.96853281753587,True
2025,5,33.7365,-96.0434,33.7396,-96.0201,0,0,0,0,0,0.0,0.0,174.63051254485077,True
2025,5,33.7936,-95.4719,33.7937,-95.47,0,0,0,0,0,0.0,0.0,195.02987253852356,True
2025,5,36.0089,-100.0049,36.013,-100.0003,1,0,0,0,0,35000.0,0.0,176.54737861881495,True
2025,3,30.38,-90.17,30.46,-90.08,1,0,0,0,0,0.0,0.0,27.54679740567615,True
2025,5,35.969,-94.208,36.043,-93.995,2,0,0,0,0,1000000.0,0.0,76.72669887061464,True
2025,5,32.4797,-98.8565,32.5064,-98.8128,0,0,0,0,0,0.0,0.0,37.85473780273143,True
2025,5,32.5677,-98.412,32.5691,-98.4061,1,0,0,0,0,5000.0,10000.0,78.99921568732987,True
2025,5,42.4541,-84.1372,42.4586,-84.1005,1,0,0,0,0,0.0,0.0,60.968920535402596,True
2025,5,32.5706,-98.3718,32.542,-98.3602,1,0,0,4,0,750000.0,0.0,82.77589276760521,True
2025,5,32.582,-98.2443,32.5848,-98.1999,0,0,0,0,0,0.0,0.0,88.19338063754871,True
2025,3,30.94,-90.49,31.0,-90.384,1,0,0,0,0,500000.0,0.0,47.40835522998628,True
2025,5,34.665,-95.863,34.78,-95.63,3,0,0,1,0,500000.0,0.0,148.73963111758394,True
2025,5,32.5982,-98.1946,32.5982,-98.1907,-1,0,0,0,0,0.0,0.0,83.57086268752792,True
2025,5,32.5923,-98.049,32.6143,-98.0284,0,0,0,0,0,25000.0,0.0,69.91764783401044,True
2025,6,42.8758,-105.7817,42.8758,-105.7816,-1,0,0,0,0,0.0,0.0,207.93644113005845,False
2025,5,34.821,-95.514,34.876,-95.407,1,0,0,0,0,75000.0,0.0,117.14036367550554,True
2025,5,45.0201,-92.4901,45.0736,-92.462,2,0,0,0,0,0.0,0.0,86.76714060924587,True
2025,4,34.3959,-91.4117,34.4038,-91.3984,1,0,0,0,0,0.0,0.0,91.93825933441823,True
2025,5,45.303,-95.798,45.31,-95.802,0,0,0,0,0,0.0,0.0,182.42044695427742,True
2025,4,34.535,-86.144,34.5356,-86.1427,0,0,0,0,0,0.0,0.0,44.32800446103938,True
2025,1,33.2445,-88.5887,33.2677,-88.5365,2,0,0,0,0,150000.0,0.0,76.42504001440008,True
2025,6,37.47,-101.7,37.47,-101.7,-1,0,0,0,0,0.0,0.0,155.8666984592447,True
2025,5,30.8329,-96.9448,30.8889,-96.8048,0,0,0,0,0,20000.0,0.0,43.631279086157576,True
2025,5,30.9956,-96.4816,31.0159,-96.441,0,0,0,0,0,10000.0,0.0,91.2536295540363,True
2025,5,45.086,-95.709,45.141,-95.736,0,0,0,0,0,0.0,0.0,170.67399928386982,True
2025,5,45.274,-95.575,45.312,-95.584,1,0,0,0,0,0.0,0.0,164.75100913743682,True
2025,5,45.525,-94.776,45.565,-94.772,0,0,0,0,0,0.0,0.0,121.04121805734677,True
2025,5,31.394,-96.0143,31.4073,-95.9158,1,0,0,0,0,10000.0,0.0,150.26825324963377,True
2025,5,32.053,-95.5294,32.0665,-95.4489,0,0,0,1,0,50000.0,0.0,164.79816824596946,True
2025,3,33.9948,-118.0837,33.9972,-118.0671,0,0,0,0,0,0.0,0.0,110.84694665162698,True
2025,5,31.3685,-96.1555,31.365,-96.099,1,0,0,0,0,100000.0,0.0,137.26933081925745,True
2025,5,33.6668,-97.477,33.6668,-97.4749,-1,0,0,0,0,0.0,0.0,122.72342552972962,True
2025,4,33.4761,-97.8714,33.5205,-97.8094,0,0,0,0,0,500000.0,0.0,113.56085453283787,True
2025,4,32.0588,-98.0752,32.1448,-98.0254,1,0,0,0,0,1000000.0,0.0,92.35855767817887,True
2025,3,33.655,-89.787,33.677,-89.761,2,0,0,0,0,0.0,0.0,137.39876043890226,True
2025,4,33.6092,-97.8053,33.6095,-97.8004,0,0,0,0,0,20000.0,0.0,124.37844426323045,True
2025,3,36.279,-89.962,36.3177,-89.8568,2,0,0,0,0,200000.0,0.0,104.19441313153033,True
2025,3,35.4833,-90.8972,35.4989,-90.815,0,0,0,0,0,3000.0,0.0,94.05587000551226,True
2025,3,32.0196,-89.0554,32.104,-88.913,2,0,0,0,0,0.0,0.0,92.1312964465639,True
2025,3,33.521,-90.102,33.5279,-90.0552,1,0,0,0,0,0.0,0.0,138.4297644227407,True
2025,4,33.4931,-95.1707,33.7155,-94.9192,2,0,0,0,0,850000.0,0.0,169.7389955584148,True
2025,4,32.2977,-97.9718,32.4888,-97.917,2,0,0,0,0,3000000.0,0.0,69.8105054945673,True
2025,4,32.688,-97.8654,32.7466,-97.8586,0,0,0,0,0,12000.0,0.0,54.190066682509645,True
2025,4,35.7856,-89.4567,35.8399,-89.3924,1,0,0,0,0,150000.0,0.0,61.83410529000189,True
2025,3,32.9194,-90.9235,32.9513,-90.9064,1,0,0,0,0,25000.0,0.0,113.10722613228285,True
2025,3,30.54,-88.79,30.55,-88.78,0,0,0,0,0,5000.0,0.0,54.897117803426156,True
2025,4,35.7758,-89.453,35.8051,-89.4361,0,0,0,0,0,10000.0,0.0,61.18263175360956,True
2025,4,31.72,-89.96,31.73,-89.94,1,0,0,0,0,75000.0,0.0,62.31068154884258,True
2025,4,32.75,-88.83,32.76,-88.8,2,0,0,0,0,800000.0,0.0,120.20148064143297,True
2025,4,32.05,-89.59,32.01,-89.59,2,0,0,0,0,1200000.0,250000.0,45.083294581652495,True
2025,4,34.823,-87.508,34.8612,-87.3342,1,0,0,0,0,3400000.0,0.0,127.61589710321257,True
2025,4,34.8572,-87.4601,34.8564,-87.3635,1,0,0,0,0,3400000.0,0.0,125.80440339657359,True
2025,3,32.176,-88.7745,32.226,-88.702,1,0,0,0,0,0.0,0.0,114.39636536744275,True
2025,6,41.5496,-83.1686,41.5605,-83.1138,0,0,0,0,0,49000.0,0.0,110.06296044978698,True
2025,6,41.2491,-82.488,41.2861,-82.3424,1,0,0,0,0,20000.0,0.0,55.51461219295527,True
2025,4,32.7944,-97.8505,32.8426,-97.8307,1,0,0,0,0,750000.0,0.0,56.84720858035209,True
2025,4,32.6966,-98.0047,32.7564,-97.9815,1,0,0,0,0,600000.0,0.0,67.12244017462476,True
2025,6,39.97,-104.74,39.9714,-104.7379,-1,0,0,0,0,0.0,0.0,26.274636880357175,True
2025,3,31.156,-89.654,31.1451,-89.6238,2,0,0,0,0,2000000.0,600000.0,100.9032313649865,True
2025,4,33.9582,-94.9867,34.2701,-94.7877,1,0,0,0,0,100000.0,0.0,158.78369811730985,True
2025,4,32.8536,-97.9382,32.9098,-97.9049,1,0,0,0,0,100000.0,0.0,67.12175881003292,True
2025,3,30.5,-90.68,30.47,-90.64,0,0,0,0,0,0.0,0.0,26.205622391906257,True
2025,3,30.65,-88.54,30.68,-88.52,0,0,0,0,0,0.0,0.0,28.90657558320779,True
2025,3,33.2083,-90.5354,33.265,-90.451,1,0,0,0,0,0.0,0.0,115.3695798128404,True
2025,3,32.989,-90.915,33.072,-90.7602,2,0,0,0,0,0.0,0.0,117.50846625194576,True
2025,5,37.719,-98.744,37.723,-98.7383,-1,0,0,0,0,0.0,0.0,107.80655536068065,True
2025,4,36.1725,-88.2048,36.1951,-88.1844,0,0,0,0,0,15000.0,0.0,103.45358350608632,True
2025,3,31.711,-89.5121,31.794,-89.445,2,0,0,11,0,0.0,0.0,77.37570856857405,True
2025,4,34.534,-86.151,34.535,-86.15,0,0,0,0,0,0.0,0.0,44.5223031588053,True
2025,3,33.265,-90.451,33.364,-90.308,2,0,0,0,0,0.0,0.0,117.89452932547967,True
2025,4,31.7969,-89.3492,31.8002,-89.3457,0,0,0,0,0,5000.0,0.0,80.44096353014248,True
2025,4,32.24,-88.48,32.26,-88.43,2,0,0,0,0,600000.0,500000.0,141.53163759457786,True
2025,4,35.1673,-86.0169,35.1464,-85.8813,1,0,0,0,0,0.0,0.0,27.01673480983555,True
2025,5,37.79,-98.65,37.86,-98.47,3,0,0,0,0,0.0,0.0,107.21972714241183,True
2025,8,44.401,-123.1043,44.4015,-123.1027,-1,0,0,0,0,0.0,0.0,146.51812531256684,True
2025,4,32.18,-88.55,32.18,-88.56,1,0,0,0,0,20000.0,0.0,135.38165703984996,True
2025,4,31.37,-89.33,31.4,-89.23,2,0,0,0,0,1000000.0,300000.0,118.5810403464267,True
2025,4,34.535,-86.148,34.535,-86.144,0,0,0,0,0,0.0,0.0,44.37499213649117,True
2025,6,41.5175,-83.2828,41.5197,-83.2727,0,0,0,0,0,85000.0,0.0,119.12056779063103,True
2025,4,33.0609,-93.833,33.1147,-93.7179,1,0,0,0,0,135000.0,0.0,67.84106494135801,True
2025,4,35.7109,-89.5991,35.7476,-89.5703,1,0,0,0,0,10000.0,0.0,47.68377145933496,True
2025,3,33.5642,-89.9216,33.655,-89.787,2,0,0,0,0,0.0,0.0,142.91803378356312,True
2025,4,31.72,-89.27,31.75,-89.21,0,0,0,0,0,0.0,0.0,91.73892153414678,True
2025,4,33.6829,-90.3167,33.696,-90.289,1,0,0,0,0,0.0,0.0,159.04489185114213,True
2025,4,33.1762,-93.5273,33.1765,-93.5226,1,0,0,0,0,50000.0,0.0,85.82742494017911,True
2025,4,37.3077,-92.7783,37.3237,-92.773,0,0,0,0,0,100000.0,0.0,55.621788914539174,True
2025,4,40.9145,-94.4485,40.93,-94.3694,1,0,0,0,0,46000.0,0.0,109.16392319553849,True
2025,4,33.9668,-94.1971,33.9989,-94.1326,1,0,0,0,0,50000.0,0.0,147.94885101166238,True
2025,4,33.8134,-95.7196,33.8127,-95.7132,0,0,0,0,0,0.0,0.0,201.84205846187075,True
2025,3,32.3532,-89.0895,32.4263,-89.015,1,0,0,0,0,0.0,0.0,84.49177651314534,True
2025,3,31.5225,-89.7298,31.574,-89.686,1,0,0,0,0,0.0,0.0,87.59189800040605,True
2025,3,33.364,-90.308,33.37,-90.303,2,0,0,0,0,0.0,0.0,124.2702564900507,True
2025,4,31.8262,-89.3167,31.97,-89.19,2,1,0,0,0,2000000.0,500000.0,80.66172702498844,True
2025,4,34.957,-88.173,35.007,-88.098,1,0,0,0,0,0.0,0.0,118.7438742381903,True
2025,4,34.5336,-86.1605,34.533,-86.154,1,0,0,0,0,0.0,0.0,44.69458702762782,True
2025,6,41.2861,-82.3424,41.2915,-82.3188,1,0,0,0,0,20000.0,0.0,42.67002488160734,True
2025,4,32.5833,-95.7041,32.6831,-95.6045,0,0,0,0,0,100000.0,0.0,149.8313040123024,True
2025,4,35.0699,-101.9277,35.0721,-101.9271,0,0,0,0,0,3000.0,0.0,26.918716916026987,True
2025,4,35.8802,-89.2509,35.911,-89.2278,1,0,0,0,0,10000.0,0.0,81.92198799588516,True
2025,4,30.59,-88.53,30.62,-88.5,0,0,0,0,0,0.0,10000.0,29.499746054504048,True
2025,4,34.9985,-101.934,34.9984,-101.9406,1,0,0,0,0,500000.0,0.0,33.160952304283036,True
2025,4,34.8229,-102.5284,34.8308,-102.5324,1,0,0,0,0,50000.0,0.0,87.43954569472916,True
2025,3,32.9246,-91.0472,32.989,-90.915,2,0,0,0,0,0.0,0.0,122.67082642437778,True
2025,4,33.716,-90.255,33.7119,-90.2029,1,0,0,0,0,0.0,0.0,161.65805087915487,True
2025,4,35.6634,-89.8526,35.6727,-89.8401,0,0,0,0,0,5000.0,0.0,35.48524930356195,True
2025,3,31.3116,-90.0403,31.39,-89.931,3,0,0,0,0,0.0,0.0,94.77373507855359,True
2025,3,31.579,-89.701,31.5994,-89.6557,4,1,0,4,0,0.0,0.0,82.4082911414951,True
2025,4,34.8502,-102.6701,34.8641,-102.6797,-1,0,0,0,0,0.0,0.0,97.29513125114437,True
2025,4,33.767,-90.137,33.81,-90.003,1,0,0,0,0,0.0,0.0,165.9585124975648,True
2025,4,36.3069,-88.0134,36.3435,-88.001,1,0,0,0,0,5000.0,0.0,80.7484121849978,True
2025,4,32.27,-89.29,32.36,-89.24,1,0,0,0,0,0.0,0.0,65.29693799403834,True
2025,3,31.0,-90.38,31.103,-90.26,2,0,0,0,0,0.0,0.0,53.482163135023285,True
2025,3,31.4,-89.6829,31.434,-89.661,2,0,0,0,0,0.0,0.0,101.9118592548667,True
2025,3,33.37,-90.303,33.52,-90.102,2,0,0,0,0,0.0,0.0,124.80499027654429,True
2025,4,34.533,-86.154,34.534,-86.151,0,0,0,0,0,120000.0,0.0,44.671088552432124,True
2025,4,34.535,-86.15,34.535,-86.148,0,0,0,0,0,0.0,0.0,44.39959580914139,True
2025,4,34.7099,-87.7779,34.823,-87.508,1,0,0,5,0,0.0,0.0,103.61638284215795,True
2025,4,33.18,-98.1234,33.2,-98.1025,0,0,0,0,0,75000.0,0.0,102.11164630775822,True
2025,4,33.2588,-98.0505,33.2614,-98.0399,0,0,0,0,0,20000.0,0.0,103.37236680008836,True
2025,5,34.185,-103.5902,34.23,-103.5186,1,0,0,0,0,50000.0,0.0,174.18282670466195,True
2025,3,31.88,-90.12,31.89,-90.07,1,0,0,0,0,300000.0,0.0,46.274317373213215,True
2025,3,31.6358,-89.446,31.683,-89.401,1,0,0,0,0,0.0,0.0,87.81383483839156,True
2025,4,31.8002,-89.3457,31.8262,-89.3167,1,0,0,0,0,15000.0,0.0,80.44219535291658,True
2025,6,41.17,-91.0,41.18,-90.98,1,0,0,0,0,0.0,0.0,60.2869440024536,True
2025,3,33.59,-88.46,33.59,-88.45,0,0,0,0,0,5000.0,0.0,36.20675022145465,True
2025,3,33.5862,-88.3737,33.5845,-88.2728,1,0,0,0,0,200000.0,0.0,34.79363895353582,True
2025,4,44.58,-91.64,44.596,-91.601,1,0,0,0,0,35000.0,15000.0,91.48817113243565,True
2025,4,33.3055,-98.0524,33.3209,-98.0133,1,0,0,0,0,150000.0,0.0,107.36495447475593,True
2025,4,33.3544,-97.9294,33.3605,-97.9185,0,0,0,0,0,0.0,0.0,104.72611875009345,True
2025,4,33.3605,-97.9185,33.3742,-97.9027,0,0,0,0,0,0.0,0.0,104.72775848713185,True
2025,3,31.13,-89.74,31.156,-89.654,1,0,0,0,0,250000.0,50000.0,93.10206053355454,True
2025,4,41.23,-86.35,41.312,-86.057,1,0,0,0,0,600000.0,0.0,56.154678172444136,True
2025,4,41.312,-86.057,41.32,-86.03,1,0,0,0,0,10000.0,0.0,30.25350293462854,True
2025,6,30.024,-92.187,30.024,-92.187,0,0,0,0,0,2000.0,0.0,99.64245075277448,True
2025,4,38.2534,-90.2182,38.3207,-90.1196,1,0,0,0,0,75000.0,0.0,63.94679870957305,True
2025,4,38.4166,-90.1536,38.42,-90.1488,1,0,0,0,0,15000.0,0.0,55.69871833598126,True
2025,4,38.4161,-90.0543,38.4249,-90.0462,0,0,0,0,0,10000.0,0.0,63.0474408347473,True
2025,4,39.3757,-84.8662,39.3935,-84.8177,0,0,0,0,0,50000.0,0.0,89.88991938337482,True
2025,4,39.3935,-84.8177,39.4421,-84.6806,0,0,0,0,0,100000.0,0.0,85.62666473612568,True
2025,4,39.1816,-88.302,39.2126,-88.2382,0,0,0,0,0,0.0,0.0,114.0432346694417,True
2025,4,39.4011,-88.2422,39.4049,-88.2347,-1,0,0,0,0,0.0,0.0,125.27328169157045,True
2025,4,39.1562,-88.5324,39.1662,-88.5028,-1,0,0,0,0,0.0,0.0,121.81552620655401,True
2025,4,40.7,-84.85,40.71,-84.81,1,0,0,0,0,100000.0,0.0,102.20841914708633,True
2025,4,40.688,-84.834,40.694,-84.807,1,0,0,0,0,75000.0,0.0,104.10528104873228,True
2025,4,38.1257,-89.8443,38.1358,-89.8239,1,0,0,0,0,10000.0,0.0,96.94769770819887,True
2025,4,39.199,-83.93,39.217,-83.866,0,0,0,0,0,15000.0,0.0,26.310523241215996,True
2025,4,39.217,-83.866,39.225,-83.836,0,0,0,0,0,1000.0,0.0,22.922175600305565,True
2025,4,39.225,-83.836,39.236,-83.802,0,0,0,0,0,25000.0,0.0,21.748043003956482,True
2025,4,39.4188,-87.6397,39.4769,-87.5782,1,0,0,0,0,0.0,0.0,120.87310218679123,True
2025,4,33.4323,-112.7215,33.4345,-112.7142,-1,0,0,0,0,0.0,0.0,98.94474749849543,True
2025,4,41.76,-85.126,41.831,-85.018,1,0,0,0,0,100000.0,0.0,65.3685038972842,True
2025,4,41.724,-85.171,41.76,-85.126,1,0,0,0,0,100000.0,0.0,59.90994199674921,True
2025,4,39.2341,-88.247,39.3614,-88.0119,2,0,0,0,0,0.0,0.0,117.385160822819,True
2025,4,30.9525,-84.1645,31.0003,-84.1189,1,0,0,0,0,500000.0,0.0,63.68531222244906,True
2025,4,44.2231,-93.3894,44.2273,-93.3834,0,0,0,0,0,0.0,0.0,70.96992200718783,True
2025,4,39.3614,-88.0119,39.4863,-87.7501,2,0,0,0,0,0.0,0.0,124.94937669182279,True
2025,4,31.0003,-84.1189,31.0013,-84.1142,1,0,0,0,0,0.0,0.0,69.97174916079946,True
2025,4,44.2542,-93.119,44.2607,-93.0538,1,0,0,0,0,0.0,0.0,74.99609885969457,True
2025,4,31.6035,-100.5464,31.6057,-100.545,1,0,0,0,0,0.0,0.0,26.34652222091676,True
2025,4,31.68,-100.72,31.6819,-100.7188,-1,0,0,0,0,0.0,0.0,40.56934895381619,True
2025,4,44.6414,-91.0873,44.6448,-91.0719,0,0,0,0,0,0.0,0.0,91.40238683491765,True
2025,4,44.6672,-90.9883,44.6692,-90.9609,1,0,0,0,0,0.0,0.0,95.27571450456364,True
2025,4,33.5741,-93.4866,33.58,-93.479,1,0,0,0,0,0.0,0.0,129.20478673572876,True
2025,4,33.58,-93.479,33.6043,-93.4571,1,0,0,0,0,30000.0,0.0,130.02107121835184,True
2025,4,37.73,-113.07,37.73,-113.07,0,0,0,0,0,0.0,0.0,23.944045460502174,True
2025,4,37.9004,-90.839,37.928,-90.7752,1,0,0,0,0,50000.0,0.0,89.82746371176239,True
2025,4,34.062,-101.0413,34.0339,-101.0007,-1,0,0,0,0,0.0,0.0,84.55622047455775,True
2025,4,33.737,-102.1923,33.7332,-102.17,-1,0,0,0,0,0.0,0.0,36.176411256079334,True
2025,4,40.5542,-87.9397,40.5685,-87.9025,0,0,0,0,0,0.0,0.0,117.4097791993288,True
2025,4,39.9951,-89.1441,40.0504,-89.013,0,0,0,0,0,0.0,0.0,23.819599454338896,True
2025,4,37.72,-121.05,37.7108,-121.0349,0,0,0,0,0,20000.0,0.0,97.74977641510058,True
2025,4,44.6535,-91.2794,44.6536,-91.2633,0,0,0,0,0,0.0,0.0,92.6404014379321,True
2025,4,44.6448,-91.4326,44.6469,-91.3909,1,0,0,0,0,0.0,0.0,93.40852355846707,True
2025,4,44.5965,-91.5991,44.6187,-91.5385,1,0,0,0,0,0.0,0.0,91.97514010780881,True
2025,4,35.6483,-89.7353,35.7135,-89.6567,0,0,0,0,0,15000.0,0.0,35.9951194611735,True
2025,4,40.0504,-89.013,40.0743,-88.9744,0,0,0,0,0,0.0,0.0,29.703711638559305,True
2025,4,38.69,-97.97,38.6905,-97.9696,-1,0,0,0,0,0.0,0.0,124.02030359028974,True
2025,4,38.76,-97.69,38.7612,-97.6875,-1,0,0,0,0,0.0,0.0,124.81174692305291,True
2025,4,38.7053,-83.9183,38.7116,-83.8861,0,0,0,0,0,25000.0,0.0,79.93765990339803,True
2025,4,39.4863,-87.7501,39.5601,-87.5319,2,0,0,0,0,0.0,0.0,128.31412783074893,True
2025,4,40.52,-90.88,40.58,-90.77,1,0,0,0,0,6000.0,0.0,123.95088248037189,True
2025,8,40.5911,-96.0644,40.5892,-96.0197,0,0,0,0,0,0.0,0.0,84.96360972464703,True
2025,6,38.6065,-90.6579,38.6746,-90.5728,1,0,0,0,0,93500.0,0.0,10.49675606519168,True
2025,4,32.0651,-96.9104,32.0651,-96.9104,-1,0,0,0,0,0.0,0.0,67.4430273103339,True
2025,4,33.3268,-96.8362,33.3269,-96.8357,0,0,0,0,0,0.0,0.0,94.48830250791687,True
2025,4,33.6255,-93.7618,33.7004,-93.6044,2,0,0,0,0,400000.0,0.0,130.82706519230126,True
2025,4,39.98,-89.18,39.9951,-89.1441,0,0,0,0,0,0.0,0.0,23.182258717218385,True
2025,4,40.57,-90.74,40.61,-90.71,1,0,0,0,0,16000.0,0.0,116.59279838164383,True
2025,4,40.67,-90.66,40.7,-90.6,0,0,0,0,0,0.0,0.0,104.91747415247367,True
2025,4,41.23,-90.44,41.25,-90.41,0,0,0,0,0,1000.0,0.0,44.03325817463532,True
2025,6,37.7087,-90.3118,37.7036,-90.2899,0,0,0,0,0,25000.0,0.0,114.77507668430219,True
2025,6,39.3515,-90.8595,39.3592,-90.854,-1,0,0,0,0,0.0,0.0,74.15646853190071,True
2025,4,38.3919,-89.7245,38.3934,-89.7164,0,0,0,0,0,10000.0,0.0,90.05715909321093,True
2025,3,31.103,-90.26,31.31,-90.04,4,3,0,0,8,5000000.0,0.0,66.38083512144608,True
2025,4,39.4769,-87.5782,39.5066,-87.5408,1,0,0,0,0,0.0,0.0,114.1317302447185,True
2025,4,41.29,-90.04,41.39,-90.01,1,0,0,0,0,1000.0,0.0,57.54099000120129,True
2025,4,41.41,-90.23,41.51,-90.22,1,0,0,0,0,0.0,0.0,36.82619465543512,True
2025,4,41.46,-90.26,41.47,-90.24,0,0,0,0,0,0.0,0.0,31.58302916888059,True
2025,4,31.55,-101.09,31.5795,-101.089,-1,0,0,0,0,0.0,0.0,60.08782029636245,True
2025,4,32.5519,-95.337,32.5806,-95.286,1,0,0,0,0,0.0,0.0,140.7198181683343,True
2025,4,41.9656,-102.166,41.9862,-102.1371,-1,0,0,0,0,0.0,0.0,131.45037268581297,True
2025,4,44.9225,-89.1186,44.9352,-89.0857,0,0,0,0,0,0.0,0.0,92.5202117525841,True
2025,4,44.9922,-89.0816,45.023,-88.982,0,0,0,0,0,0.0,0.0,94.26839346967675,True
2025,4,45.023,-88.982,45.028,-88.9649,0,0,0,0,0,0.0,0.0,90.15432674211536,True
2025,4,36.0573,-86.3648,36.1614,-86.2038,1,0,0,0,0,250000.0,0.0,27.587172969320335,True
2025,4,35.3085,-87.5036,35.3086,-87.5023,0,0,0,0,0,0.0,0.0,134.5457244520223,True
2025,8,40.4317,-91.7068,40.4323,-91.7042,-1,0,0,0,0,0.0,0.0,161.66777711162177,True
2025,4,41.68,-90.31,41.69,-90.31,0,0,0,0,0,1000.0,0.0,23.75225827962467,True
2025,4,41.57,-89.82,41.58,-89.82,1,0,0,0,0,8000.0,0.0,63.442171909612384,True
2025,3,29.52,-89.73,29.54,-89.69,1,0,0,0,0,10000.0,0.0,128.87090981996823,True
2025,4,32.5806,-95.286,32.705,-95.153,1,0,0,1,0,200000.0,0.0,136.23239694827964,True
2025,4,41.94,-102.18,41.94,-102.18,-1,0,0,0,0,0.0,0.0,132.64676764966057,True
2025,4,42.141,-101.648,42.141,-101.648,-1,0,0,0,0,0.0,0.0,90.80745284830515,True
2025,4,39.3197,-84.186,39.3681,-84.0395,0,0,0,0,0,200000.0,0.0,33.255625043447765,True
2025,4,39.1518,-88.3606,39.1694,-88.3078,1,0,0,0,0,0.0,0.0,113.46521366984484,True
2025,4,32.705,-95.153,32.7697,-94.9927,1,0,0,0,0,125000.0,0.0,126.11780287413207,True
2025,4,42.2651,-101.5206,42.3395,-101.4853,-1,0,0,0,0,0.0,0.0,85.05944604273228,True
2025,4,42.25,-101.44,42.25,-101.44,-1,0,0,0,0,0.0,0.0,78.31220777272696,True
2025,4,42.4206,-101.2228,42.489,-101.247,-1,0,0,0,0,0.0,0.0,74.05655180698521,True
2025,4,40.4881,-88.0557,40.5069,-88.0195,1,0,0,0,0,0.0,0.0,114.91500680405532,True
2025,4,39.236,-83.802,39.2396,-83.7927,0,0,0,0,0,2000.0,0.0,20.559548886508455,True
2025,4,39.2494,-83.8805,39.2604,-83.832,0,0,0,0,0,5000.0,0.0,19.66224411996654,True
2025,4,40.8636,-95.7144,40.8436,-95.6131,0,0,0,0,0,0.0,0.0,74.61638746054612,True
2025,4,40.8523,-95.5391,40.843,-95.385,1,0,0,0,0,0.0,0.0,86.71639703706445,True
2025,4,40.843,-95.385,40.8936,-95.1868,1,0,0,0,0,0.0,0.0,97.91800457970216,True
2025,4,41.785,-85.115,41.833,-85.082,1,0,0,0,0,50000.0,0.0,67.94304818981144,True
2025,4,42.1598,-101.8016,42.1651,-101.7809,-1,0,0,0,0,0.0,0.0,103.62419150844106,True
2025,4,41.15,-90.04,41.24,-89.99,1,0,0,0,0,0.0,0.0,68.3466191117547,True
2025,4,32.7933,-94.9759,32.7957,-94.9572,1,0,0,0,0,0.0,0.0,112.88119607391542,True
2025,4,36.764,-96.448,36.791,-96.391,1,0,0,0,0,10000.0,0.0,102.64517432916271,True
2025,4,36.255,-95.932,36.307,-95.812,1,0,0,0,0,500000.0,0.0,34.18072554486892,True
2025,4,36.307,-95.812,36.323,-95.762,1,0,0,0,0,75000.0,0.0,26.638824019116974,True
2025,4,42.4581,-101.1576,42.5408,-101.0934,1,0,0,0,0,0.0,0.0,73.38928422581692,True
2025,4,42.5298,-101.0807,42.6534,-100.931,2,0,0,0,0,0.0,0.0,75.94690598735079,True
2025,4,38.7374,-92.1157,38.7735,-92.1033,2,0,0,1,0,125000.0,0.0,124.39046895092842,True
2025,4,39.2898,-91.8183,39.2942,-91.8171,1,0,0,0,0,60000.0,0.0,118.09918201167632,True
2025,4,39.4364,-91.3588,39.4412,-91.3576,0,0,0,0,0,15000.0,0.0,100.65524894925433,True
2025,4,40.1371,-84.6159,40.1371,-84.6159,0,0,0,0,0,500.0,0.0,104.68897657693543,True
2025,4,41.2,-91.0,41.21,-90.99,0,0,0,0,0,0.0,0.0,57.59715762200595,True
2025,4,41.15,-90.15,41.19,-90.14,0,0,0,0,0,0.0,0.0,62.667841395863796,True
2025,4,41.239,-89.994,41.242,-89.993,0,0,0,0,0,0.0,0.0,64.11683052826938,True
2025,4,41.4,-90.31,41.4028,-90.3061,-1,0,0,0,0,0.0,0.0,32.59667322250098,True
2025,4,32.9221,-94.7387,32.9687,-94.6904,2,0,0,0,0,750000.0,0.0,98.99586791381886,True
2025,4,31.295,-85.0439,31.3744,-84.9595,0,0,0,0,0,5000.0,0.0,43.52692399922231,True
2025,4,31.0986,-83.9551,31.107,-83.9447,1,0,0,0,0,10000.0,0.0,85.75358344637017,True
2025,4,36.089,-94.243,36.12,-94.206,1,0,0,0,0,750000.0,0.0,89.44580135237241,True
2025,4,36.332,-95.872,36.318,-95.834,1,0,0,0,0,80000.0,0.0,32.663588984391,True
2025,4,42.64,-100.93,42.64,-100.93,2,0,0,0,0,0.0,0.0,81.23156569022542,True
2025,4,39.0097,-92.2564,39.0406,-92.2401,1,0,0,0,0,22000.0,0.0,140.5769685900452,True
2025,3,30.06,-90.71,30.07,-90.69,0,0,0,0,0,50000.0,0.0,58.78670731511081,True
2025,4,41.0295,-90.121,41.1496,-90.0405,1,0,0,0,0,0.0,0.0,75.26587217316064,True
2025,4,41.3886,-96.0906,41.393,-96.016,3,0,0,0,0,0.0,0.0,24.273358846591346,True
2025,4,41.393,-96.016,41.4201,-95.9426,2,0,0,0,0,0.0,0.0,30.375563643853983,True
2025,4,33.3265,-96.8368,33.327,-96.836,0,0,0,0,0,0.0,0.0,94.43292829019923,True
2025,4,35.288,-95.128,35.288,-95.128,-1,0,0,0,0,0.0,0.0,69.53528239918334,True
2025,4,30.3381,-84.6045,30.4397,-84.4376,1,0,0,0,0,3000.0,0.0,27.253863239070185,True
2025,4,30.6099,-84.2323,30.6786,-84.1355,1,0,0,0,0,100000.0,0.0,25.367027565581044,True
2025,4,30.6786,-84.1355,30.688,-84.1197,1,0,0,0,0,0.0,0.0,36.333134934762896,True
2025,4,36.583,-94.845,36.618,-94.697,1,0,0,0,0,150000.0,0.0,78.75901133621717,True
2025,4,36.466,-94.801,36.456,-94.659,1,0,0,0,0,100000.0,0.0,75.6406237220344,True
2025,4,36.601,-94.693,36.617,-94.657,1,0,0,0,0,0.0,0.0,91.23829747726384,True
2025,4,32.2907,-86.9572,32.3086,-86.9496,1,0,0,0,0,0.0,0.0,99.54620521445948,True
2025,4,31.9009,-85.6234,31.9076,-85.6216,0,0,0,0,0,0.0,0.0,51.36558347790659,True
2025,4,38.7869,-89.5416,38.9675,-89.2572,2,0,0,1,0,385000.0,0.0,99.45330150357894,True
2025,4,38.7828,-89.1919,38.8384,-89.1325,0,0,0,0,0,8000.0,0.0,129.63845507628875,True
2025,4,38.8451,-89.0662,38.8886,-89.0129,2,0,0,0,0,50000.0,0.0,133.56920457027047,True
2025,4,41.029,-84.342,41.07,-84.28,2,0,0,2,0,500000.0,0.0,119.39024161383566,True
2025,4,39.5803,-84.1502,39.6012,-84.1194,0,0,0,0,0,20000.0,0.0,33.33548289761986,True
2025,4,39.0196,-88.713,39.0421,-88.6754,1,0,0,0,0,0.0,0.0,120.41519796867833,True
2025,4,40.4928,-89.495,40.6649,-89.337,1,0,0,0,0,0.0,0.0,40.357160479395525,True
2025,4,40.8826,-96.3728,40.8866,-96.3577,0,0,0,0,0,0.0,0.0,48.66928019076218,True
2025,4,40.8946,-96.3249,40.8976,-96.3001,-1,0,0,0,0,0.0,0.0,47.46234601248471,True
2025,4,40.9119,-96.2155,40.9182,-96.1737,0,0,0,0,0,0.0,0.0,47.14438429678458,True
2025,3,29.56,-89.96,29.6,-89.88,1,0,0,0,0,300000.0,0.0,115.0655046382508,True
2025,5,39.78,-104.41,39.84,-104.38,2,0,0,0,0,0.0,0.0,11.627497306994899,True
2025,4,35.7908,-100.7943,35.6986,-100.6288,1,0,0,0,0,90000.0,0.0,103.4444006638228,True
2025,4,36.433,-94.507,36.407,-94.314,1,0,0,0,0,200000.0,0.0,98.97840738448822,True
2025,4,35.51,-94.658,35.51,-94.658,0,0,0,0,0,5000.0,0.0,36.28456749107784,True
2025,4,38.9675,-89.2572,39.0007,-89.2217,0,0,0,0,0,0.0,0.0,127.0397999126978,True
2025,4,37.8737,-91.1336,37.8895,-91.0961,0,0,0,0,0,0.0,0.0,99.8365640303326,True
2025,4,37.8895,-91.0961,38.0395,-90.7913,3,0,0,0,0,685000.0,0.0,96.9581876826394,True
2025,4,39.791,-91.311,39.8194,-91.2424,0,0,0,0,0,20000.0,0.0,132.9426758605284,True
2025,4,40.0496,-91.0777,40.1364,-90.9872,0,0,0,0,0,120000.0,0.0,148.49560776306643,True
2025,4,39.4424,-83.6662,39.47,-83.583,0,0,0,0,0,75000.0,0.0,13.576614203252857,True
2025,4,39.47,-83.583,39.4871,-83.5065,0,0,0,0,0,15000.0,0.0,21.226287463058675,True
2025,4,39.5725,-84.1612,39.5803,-84.1502,0,0,0,0,0,40000.0,0.0,33.69473290605103,True
2025,4,35.2484,-85.8481,35.252,-85.7352,1,0,0,0,0,500000.0,0.0,41.331690810001334,True
2025,4,35.8799,-87.8227,35.8962,-87.7803,1,0,0,0,0,250000.0,0.0,106.75786256235186,True
2025,4,36.0576,-87.3831,36.0601,-87.3777,0,0,0,0,0,250000.0,0.0,76.01689852440761,True
2025,4,39.1033,-88.4356,39.1518,-88.3606,1,0,0,0,0,0.0,0.0,112.23843986237387,True
2025,4,41.1325,-90.1507,41.151,-90.1525,1,0,0,0,0,0.0,0.0,64.24156214496935,True
2025,6,44.31,-92.4,44.33,-92.37,1,0,0,0,0,95000.0,30000.0,110.05204521821709,True
2025,6,43.6635,-91.7292,43.68,-91.65,1,0,0,0,0,2000.0,85000.0,46.71398442576523,True
2025,6,44.36,-92.3,44.38,-92.26,0,0,0,0,0,0.0,0.0,106.82328387161982,True
2025,6,40.38,-87.07,40.39,-87.06,0,0,0,0,0,20000.0,0.0,100.55439258085575,True
2025,6,40.4883,-86.9314,40.4917,-86.9291,0,0,0,0,0,25000.0,5000.0,102.98196219002024,True
2025,6,46.7623,-100.4613,46.75,-100.45,-1,0,0,0,0,0.0,0.0,22.790917157915,True
2025,6,46.8987,-98.5786,46.9004,-98.5545,-1,0,0,0,0,0.0,0.0,117.73819729885965,True
2025,6,46.9163,-101.4902,46.9159,-101.4797,-1,0,0,0,0,0.0,0.0,57.82418631054482,True
2025,6,47.2492,-100.9304,47.2508,-100.9234,-1,0,0,0,0,0.0,0.0,54.73400609651451,True
2025,6,46.525,-98.11,46.525,-98.1,-1,0,0,0,0,0.0,0.0,121.1693848452974,True
2025,6,43.0928,-75.3669,43.0629,-75.3713,1,3,0,0,0,440000.0,0.0,77.93992957793206,True
2025,8,40.4769,-91.5283,40.477,-91.5278,-1,0,0,0,0,0.0,0.0,149.11115294267503,True
2025,8,40.483,-91.5015,40.4834,-91.4997,-1,0,0,0,0,0.0,0.0,147.3458613347123,True
2025,6,46.77,-102.91,46.75,-102.91,1,0,0,0,0,300000.0,0.0,163.71838501440354,True
2025,6,43.0897,-75.4404,43.0316,-75.3932,1,0,0,0,0,125000.0,0.0,76.55495664577805,True
2025,6,39.82,-89.92,39.902,-89.878,1,0,0,0,0,0.0,0.0,61.80139923219006,True
2025,6,36.7764,-102.264,36.7664,-102.2568,-1,0,0,0,0,0.0,0.0,178.6891415821268,True
2025,6,36.8383,-102.5181,36.7965,-102.4333,-1,0,0,0,0,2000.0,0.0,192.71233172930297,True
2025,8,40.8154,-91.7747,40.8463,-91.7641,-1,0,0,0,0,0.0,0.0,133.4597540792263,True
2025,6,43.5005,-91.3806,43.504,-91.3259,0,0,0,0,0,0.0,3000.0,38.94226721514218,True
2025,6,43.5,-91.4,43.5005,-91.3806,0,0,0,0,0,0.0,5000.0,39.6295696484453,True
2025,6,43.7,-91.4,43.71,-91.38,0,0,0,0,0,0.0,1000.0,21.628807493072227,True
2025,6,43.8,-91.13,43.83,-91.04,1,0,0,0,0,0.0,10000.0,5.517892760650046,True
2025,6,39.902,-89.878,39.922,-89.8718,1,0,0,0,0,0.0,0.0,53.73136247977214,True
2025,6,36.3023,-101.3564,36.3008,-101.3521,-1,0,0,0,0,0.0,0.0,123.0535299011549,True
2025,6,36.206,-101.2361,36.1844,-101.2177,-1,0,0,0,0,0.0,0.0,116.28541732146483,True
2025,6,35.4978,-100.1188,35.4924,-100.1038,-1,0,0,0,0,0.0,0.0,147.18458836223164,True
2025,6,40.3274,-88.536,40.3281,-88.5344,-1,0,0,0,0,0.0,0.0,70.76118837556339,True
2025,6,36.1516,-102.836,36.1491,-102.8347,-1,0,0,0,0,0.0,0.0,144.1485198704992,True
2025,6,35.6878,-101.4027,35.6898,-101.3982,0,0,0,0,0,5000.0,0.0,57.66023890660895,True
2025,6,36.0813,-102.8165,36.0637,-102.799,1,0,0,0,0,3000.0,0.0,137.46710531225492,True
2025,6,38.4434,-102.0263,38.4435,-102.0263,-1,0,0,0,0,0.0,0.0,106.49733184037721,True
2025,6,39.9189,-90.0439,39.9364,-90.0288,-1,0,0,0,0,0.0,0.0,65.47744716051396,True
2025,6,39.9743,-90.0088,39.997,-89.9948,-1,0,0,0,0,0.0,0.0,60.45209677263122,True
2025,6,39.997,-89.9948,40.0138,-89.9832,-1,0,0,0,0,0.0,0.0,58.53227846260402,True
2025,6,46.9405,-99.5678,46.9051,-99.4469,1,0,0,0,0,750000.0,0.0,92.61563253417917,True
2025,6,43.8,-91.12,43.8,-91.1,0,0,0,0,0,0.0,1000.0,6.241710169882177,True
2025,6,43.85,-90.71,43.85,-90.7,0,0,0,0,0,0.0,0.0,38.70623073725533,True
2025,6,43.69,-90.8,43.7,-90.8,0,0,0,0,0,0.0,0.0,34.70745464996327,True
2025,3,40.72,-86.36,40.73,-86.35,0,0,0,0,0,11000.0,0.0,90.03468918544017,True
2025,6,33.7961,-102.8805,33.7783,-102.709,2,0,0,0,0,0.0,0.0,99.87231293561285,True
2025,6,33.7505,-102.6162,33.751,-102.612,-1,0,0,0,0,0.0,0.0,74.96362913023793,True
2025,6,33.751,-102.612,33.7321,-102.5408,-1,0,0,0,0,0.0,0.0,74.58691124200648,True
2025,6,33.72,-102.5262,33.7155,-102.5116,-1,0,0,0,0,0.0,0.0,66.28584728661964,True
2025,6,39.9934,-89.9182,40.0127,-89.9097,1,0,0,0,0,0.0,0.0,52.46546964791213,True
2025,6,39.7346,-90.2735,39.7821,-90.2436,1,0,0,0,0,0.0,0.0,92.2792998703725,True
2025,6,38.4278,-109.5471,38.4278,-109.5471,-1,0,0,0,0,0.0,0.0,135.45235786106198,True
2025,8,28.2879,-81.1579,28.2893,-81.1213,-1,0,0,0,0,0.0,0.0,53.029700371408566,True
2025,6,46.9234,-98.4587,46.9299,-98.4394,-1,0,0,0,0,0.0,0.0,108.8539166382653,True
2025,6,46.988,-98.4674,46.9837,-98.4938,-1,0,0,0,0,0.0,0.0,105.06554024426217,True
2025,6,46.9051,-99.4469,46.9464,-99.3279,1,0,0,0,0,750000.0,0.0,101.00899314468543,True
2025,6,47.0422,-101.4936,47.0196,-101.4307,-1,0,0,0,0,0.0,0.0,63.356040377418175,True
2025,11,32.2298,-90.631,32.2244,-90.602,0,0,0,0,0,0.0,0.0,61.05514499156578,True
2025,6,33.6324,-102.1472,33.6288,-102.0847,1,0,0,2,0,0.0,0.0,30.9240829031839,True
2025,6,33.6205,-102.0994,33.592,-102.081,2,0,0,0,0,0.0,0.0,26.669981729145718,True
2025,6,33.592,-102.081,33.5867,-102.0647,2,0,0,0,0,0.0,0.0,25.65489197991586,True
2025,6,33.6018,-102.0568,33.5838,-102.0176,1,0,0,0,0,0.0,0.0,23.20654956662046,True
2025,6,39.5648,-90.5376,39.5792,-90.5337,-1,0,0,0,0,0.0,0.0,97.09661910621452,True
2025,6,39.7689,-90.0478,39.8674,-89.9945,1,0,0,1,0,0.0,0.0,73.9773391904837,True
2025,8,39.9003,-92.1614,39.9054,-92.1601,1,0,0,0,0,90000.0,0.0,184.47968514812874,True
2025,8,39.8877,-92.1455,39.9136,-92.0985,1,0,0,0,0,105000.0,0.0,182.52956753483076,True
2025,6,47.4823,-98.921,47.5316,-98.8208,1,0,0,0,0,300000.0,0.0,119.98973597280758,True
2025,6,46.96,-101.05,46.9585,-101.0435,-1,0,0,0,0,0.0,0.0,30.4572126381787,True
2025,3,31.206,-93.824,31.2429,-93.74,1,0,0,0,0,10000.0,0.0,80.88453062068652,True
2025,3,34.545,-96.726,34.645,-96.636,0,0,0,0,0,200000.0,0.0,101.03409631249922,True
2025,6,39.6884,-90.3781,39.694,-90.372,1,0,0,0,0,0.0,0.0,102.59617388396919,True
2025,6,46.9486,-101.3247,46.9743,-101.2116,2,0,0,0,0,1500000.0,0.0,47.2491201418015,True
2025,6,46.3422,-100.3391,46.3435,-100.3352,1,0,0,0,0,300000.0,0.0,57.520928093177375,True
2025,2,32.485,-88.915,32.5187,-88.7443,1,0,0,0,0,200000.0,0.0,102.97813497261613,True
2025,3,41.4895,-88.0604,41.4914,-88.0564,0,0,0,0,0,0.0,0.0,12.936376481802982,True
2025,3,34.4698,-78.0314,34.5081,-78.0017,1,0,0,0,0,30000.0,0.0,64.75756263035008,True
2025,6,39.694,-90.372,39.6982,-90.3655,1,0,0,0,0,0.0,0.0,101.83132564023742,True
2025,6,40.2319,-89.675,40.2328,-89.6741,0,0,0,0,0,0.0,0.0,30.12044823824438,True
2025,8,40.0591,-87.9106,40.058,-87.9087,-1,0,0,0,0,0.0,0.0,121.72018795182903,True
2025,6,44.3143,-94.3642,44.3108,-94.3647,-1,0,0,0,0,0.0,0.0,86.80094108504721,True
2025,6,44.2665,-94.1473,44.2486,-94.1426,0,0,0,0,0,0.0,0.0,79.48739820585783,True
2025,6,46.6058,-98.5628,46.6034,-98.5595,1,0,0,0,0,300000.0,0.0,128.39228179446647,True
2025,6,46.3604,-100.3254,46.3859,-100.3285,2,0,0,0,0,200000.0,0.0,56.462712051924946,True
2025,6,39.6636,-90.2933,39.715,-90.2497,0,0,0,0,0,0.0,0.0,97.91469903106348,True
2025,6,46.928,-100.7913,46.9238,-100.7882,1,0,0,0,0,75000.0,0.0,17.635101741765354,True
2025,6,46.9154,-100.7906,46.9118,-100.7989,-1,0,0,0,0,0.0,0.0,16.24011962050015,True
2025,6,39.7841,-90.2126,39.8727,-90.1637,2,0,0,0,0,0.0,0.0,85.03204678084523,True
2025,6,40.2387,-88.7653,40.2682,-88.7101,1,0,0,0,0,0.0,0.0,49.52163407458083,True
2025,8,34.1595,-98.4847,34.1595,-98.4847,0,0,0,0,0,0.0,0.0,50.517674990651706,True
2025,6,46.8473,-100.615,46.8245,-100.566,-1,0,0,0,0,0.0,0.0,13.947523197729069,True
2025,6,35.1451,-102.6532,35.1507,-102.6402,0,0,0,0,0,45000.0,0.0,86.3379736887484,True
2025,6,33.8048,-103.0395,33.8108,-102.9961,-1,0,0,0,0,0.0,0.0,114.54726719621782,True
2025,6,40.4548,-89.4015,40.4574,-89.3994,-1,0,0,0,0,0.0,0.0,34.27979510153365,True
2025,6,46.733,-100.0167,46.7499,-100.0289,-1,0,0,0,0,0.0,0.0,56.80549355183017,True
2025,6,43.93,-91.45,43.93,-91.43,0,0,0,0,0,0.0,1000.0,23.933263221972567,True
2025,6,43.65,-91.77,43.6635,-91.7292,1,0,0,0,0,0.0,5000.0,50.321006500645694,True
2025,4,34.5635,-88.2614,34.5901,-88.2184,1,0,0,0,0,10000.0,0.0,74.38296395985213,True
2025,6,35.4831,-94.8753,35.4812,-94.8244,1,0,0,0,0,0.0,0.0,51.23792456666208,True
2025,6,35.4832,-94.7681,35.476,-94.6985,1,0,0,0,0,20000.0,0.0,42.61025473157888,True
2025,6,35.4757,-94.5659,35.4784,-94.5028,1,0,0,0,0,20000.0,0.0,27.687406597823003,True
2025,6,35.414,-94.34,35.4168,-94.3346,0,0,0,0,0,15000.0,0.0,13.88510417151306,True
2025,6,36.76,-94.06,36.8039,-94.0495,1,0,0,0,0,50000.0,0.0,78.90139798234351,True
2025,2,34.0809,-88.8233,34.158,-88.5478,1,0,0,0,0,250000.0,0.0,49.93840006688371,True
2025,2,34.1506,-88.5195,34.2045,-88.4238,1,0,0,0,0,25000.0,0.0,33.216823857928475,True
2025,6,35.8482,-95.0227,35.8164,-94.8625,1,0,0,0,0,10000.0,0.0,60.76172276886314,True
2025,6,36.095,-95.118,36.0984,-95.0934,1,0,0,0,0,0.0,0.0,41.03980274375069,True
2025,6,35.3725,-95.5333,35.3331,-95.446,1,0,0,0,0,0.0,0.0,89.27615138078549,True
2025,6,28.33,-98.11,28.33,-98.11,0,0,0,0,0,0.0,0.0,84.52462973376605,True
2025,4,34.3779,-88.9227,34.3983,-88.8578,1,0,0,0,0,150000.0,0.0,76.44752198145505,True
2025,6,29.3055,-95.9971,29.327,-96.023,0,0,0,0,0,0.0,0.0,90.86643494526835,True
2025,6,27.87,-82.74,27.9,-82.74,1,0,0,0,0,250000.0,0.0,37.966503688303085,True
2025,6,34.2,-109.24,34.2072,-109.2369,-1,0,0,0,0,0.0,0.0,184.46432709481132,True
2025,6,29.33,-96.052,29.331,-96.0794,1,0,0,0,0,200000.0,0.0,95.58144888433762,True
2025,6,40.822,-100.939,40.778,-100.946,2,0,0,0,0,140000.0,0.0,129.88550874656795,True
2025,6,47.3756,-98.9439,47.3752,-98.9299,-1,0,0,0,0,0.0,0.0,122.89996593954214,True
2025,2,36.2026,-84.9116,36.1569,-84.6716,2,2,0,3,0,500000.0,200000.0,135.53898336367766,True
2025,6,42.5341,-82.9476,42.5673,-82.9368,0,0,0,0,0,0.0,0.0,46.681646836281885,True
2025,6,33.4634,-102.5066,33.4634,-102.5066,-1,0,0,0,0,0.0,0.0,67.57617042699435,True
2025,6,33.4223,-102.4199,33.4223,-102.4199,-1,0,0,0,0,0.0,0.0,61.777010489693446,True
2025,6,47.3721,-98.9393,47.3716,-98.9278,-1,0,0,0,0,0.0,0.0,122.61584803809723,True
2025,5,39.66,-104.55,39.69,-104.52,1,0,0,0,0,0.0,0.0,14.085194516452045,True
2025,6,35.6788,-87.4327,35.6951,-87.3107,0,0,0,0,0,250000.0,0.0,100.64078550898702,True
2025,6,33.4302,-102.3014,33.4302,-102.3014,-1,0,0,0,0,0.0,0.0,51.56672704757752,True
2025,6,29.9294,-98.1253,29.9312,-98.1027,0,0,0,0,0,10000.0,0.0,26.73807444102633,True
2025,5,39.72,-104.49,39.77,-104.44,2,0,0,0,0,0.0,0.0,8.811738047745072,True
2025,6,36.5962,-86.0543,36.6211,-85.9824,0,0,0,0,0,250000.0,0.0,59.77813492429612,True
2025,4,34.8247,-88.5418,34.8842,-88.4544,0,0,0,0,0,10000.0,0.0,104.99511360429413,True
2025,6,42.1824,-105.7951,42.1824,-105.795,-1,0,0,0,0,0.0,0.0,140.9862472194812,True
2025,4,34.38,-89.134,34.597,-88.864,1,0,0,0,0,1800000.0,0.0,91.4975644375028,True
2025,6,41.1774,-79.3066,41.1794,-79.303,0,0,0,0,0,8000.0,0.0,105.02545996483317,True
2025,4,35.255,-90.505,35.2941,-90.4791,1,0,0,0,0,75000.0,0.0,58.185911824588246,True
2025,4,34.3803,-88.7395,34.4168,-88.6785,1,0,0,0,0,30000.0,0.0,65.68944092165992,True
2025,6,37.4525,-92.6869,37.4525,-92.6869,0,0,0,0,0,8000.0,0.0,67.53012818205397,True
2025,6,43.77,-101.55,43.77,-101.55,2,0,0,2,0,0.0,0.0,109.800288168527,True
2025,2,36.0005,-88.835,36.0219,-88.767,2,0,0,0,0,500000.0,0.0,118.80248684406773,True
2025,4,34.597,-88.864,34.62,-88.8536,0,0,0,0,0,5000.0,0.0,92.0676813206847,True
2025,6,39.7869,-78.363,39.7831,-78.3436,1,0,0,0,0,60000.0,0.0,117.43064462926671,True
2025,6,35.7378,-86.9133,35.7302,-86.8674,0,0,0,0,0,250000.0,0.0,64.84359700556129,True
2025,4,35.4561,-90.3233,35.4865,-90.2962,1,0,0,0,0,125000.0,0.0,42.623149938105364,True
2025,6,46.0833,-102.652,46.0782,-102.6339,-1,0,0,0,0,0.0,0.0,163.90423658540047,True
2025,5,34.772,-86.342,34.7815,-86.2609,1,0,0,0,0,0.0,0.0,29.440619658484827,True
2025,5,34.774,-87.278,34.7918,-87.2351,0,0,0,0,0,0.0,0.0,110.3684142983475,True
2025,7,40.79,-94.97,40.79,-94.97,-1,0,0,0,0,0.0,0.0,131.12372207868742,True
2025,7,42.93,-100.62,42.93,-100.62,-1,0,0,0,0,0.0,0.0,108.14784318592862,True
2025,4,34.2427,-89.3711,34.31,-89.246,2,0,0,0,0,175000.0,0.0,103.38451420655682,True
2025,5,40.25,-80.38,40.24,-80.34,0,0,0,0,0,10000.0,0.0,34.1944993022659,True
2025,4,35.148,-90.825,35.2588,-90.7009,2,0,0,1,0,500000.0,0.0,89.14651825677345,True
2025,5,36.9612,-89.7161,36.9668,-89.4873,3,2,0,10,0,15000000.0,0.0,84.67088537847454,True
2025,5,34.7874,-87.5347,34.772,-87.318,1,0,0,1,0,608000.0,0.0,122.98389353699017,True
2025,5,34.2941,-85.7893,34.2927,-85.7839,1,0,0,0,0,0.0,0.0,75.72188834767162,True
2025,7,41.7,-99.29,41.7,-99.29,-1,0,0,0,0,0.0,0.0,110.36066665538391,True
2025,5,40.0144,-80.359,40.0171,-80.35,0,0,0,0,0,10000.0,0.0,58.74847780875608,True
2025,5,34.6851,-87.1256,34.688,-87.107,-1,0,0,0,0,0.0,0.0,98.96965866545305,True
2025,5,34.8125,-87.208,34.8075,-87.194,1,0,0,0,0,0.0,0.0,103.41213363173598,True
2025,5,37.6553,-89.0945,37.6599,-88.797,4,0,0,7,0,25000000.0,0.0,71.22217312394983,True
2025,7,42.143,-101.087,42.134,-101.078,0,0,0,0,0,10000.0,0.0,46.92729514542115,True
2025,7,41.44,-99.34,41.44,-99.34,-1,0,0,0,0,0.0,0.0,117.68746337848773,True
2025,5,37.0602,-89.5621,37.0539,-89.5396,1,0,0,0,0,175000.0,0.0,70.115813781619,True
2025,5,32.226,-88.693,32.228,-88.684,0,0,0,0,0,0.0,0.0,121.59139612796575,True
2025,7,42.51,-100.67,42.51,-100.67,-1,0,0,0,0,0.0,0.0,61.87000049374743,True
2025,4,37.2512,-85.3896,37.2974,-85.2838,1,0,0,2,0,0.0,0.0,94.15880036038318,True
2025,5,33.2128,-91.4107,33.2049,-91.2156,1,0,0,0,0,0.0,0.0,168.96708221372353,True
2025,5,36.8144,-87.6108,36.803,-87.4301,2,0,0,0,0,1300000.0,0.0,30.27863676671154,True
2025,5,34.7649,-86.3811,34.772,-86.342,2,0,0,0,0,0.0,0.0,32.806305869971155,True
2025,5,33.5062,-90.0642,33.4389,-89.8306,1,0,0,0,0,500000.0,400000.0,136.5515351786063,True
2025,7,44.38,-105.08,44.38,-105.08,1,0,0,0,0,0.0,0.0,181.4324852819217,True
2025,5,37.3278,-89.5685,37.3304,-89.5381,1,0,0,0,0,200000.0,0.0,76.22417136106682,True
2025,5,36.9532,-87.9972,36.9547,-87.982,1,0,0,0,0,100000.0,0.0,67.79560922911242,True
2025,4,35.2215,-90.525,35.255,-90.505,1,0,0,0,0,75000.0,0.0,60.71761303477391,True
2025,4,35.1217,-90.8516,35.148,-90.825,1,0,0,0,0,125000.0,0.0,92.24688418627318,True
2025,5,37.3649,-89.7828,37.365,-89.7575,2,0,0,0,0,175000.0,0.0,95.39289856162478,True
2025,5,34.7168,-86.9489,34.725,-86.786,2,0,0,0,0,0.0,0.0,82.48314092349015,True
2025,3,38.9324,-89.188,39.0567,-89.003,1,0,0,0,0,110000.0,0.0,132.0818058149664,True
2025,7,35.0302,-106.7017,35.0295,-106.7048,-1,0,0,0,0,0.0,0.0,17.326363773220713,True
2025,5,40.9381,-79.9633,40.9384,-79.9565,0,0,0,0,0,50000.0,0.0,50.02816883716546,True
2025,5,40.9639,-79.8913,40.9651,-79.8869,0,0,0,0,0,5000.0,0.0,55.382051606144266,True
2025,5,36.9465,-87.3008,36.9442,-87.2824,1,0,0,0,0,35000.0,0.0,23.37552104111486,True
2025,5,34.725,-86.786,34.724,-86.7197,2,0,0,0,0,0.0,0.0,68.06406079139332,True
2025,5,37.4442,-89.1126,37.4503,-89.0807,1,0,0,0,0,80000.0,0.0,51.5345301245305,True
2025,5,37.6417,-88.3804,37.6419,-88.3744,1,0,0,0,0,2000.0,0.0,72.54273668143163,True
2025,6,33.8391,-103.1694,33.8374,-103.1493,-1,0,0,0,0,50000.0,10000.0,126.97972113821506,True
2025,5,34.7522,-86.2435,34.7814,-86.0666,1,0,0,0,0,0.0,0.0,24.62142242755655,True
2025,5,26.8611,-80.6,26.8611,-80.6,-1,0,0,0,0,0.0,0.0,139.31401961593423,True
2025,5,36.9644,-89.7786,36.9612,-89.7161,2,0,0,0,0,150000.0,0.0,90.12000016222248,True
2025,5,34.4243,-86.5686,34.44,-86.513,1,0,0,0,0,0.0,0.0,71.66337399431036,True
2025,4,35.6094,-90.0155,35.7153,-89.9812,0,0,0,0,0,10000.0,0.0,32.1234978353504,True
2025,5,40.2375,-80.2618,40.2598,-80.0,1,0,0,0,0,100000.0,0.0,32.91937781675042,True
2025,5,37.6675,-88.5131,37.6732,-88.3898,1,0,0,0,0,10000.0,0.0,70.44196139866393,True
2025,5,36.9442,-87.2824,36.943,-87.1926,2,0,0,0,0,1100000.0,0.0,23.078546023074413,True
2025,5,37.6597,-88.0484,37.6548,-87.8679,3,0,0,4,0,15000000.0,100000.0,72.56313370991771,True
2025,5,34.7749,-87.0065,34.7824,-86.9604,1,0,0,0,0,927000.0,0.0,85.97273890432807,True
2025,5,34.4683,-87.0294,34.5366,-86.8782,1,0,0,0,0,0.0,0.0,100.58654298805567,True
2025,4,33.81,-90.003,33.8192,-89.9791,0,0,0,0,0,5000.0,0.0,154.86556354338347,True
2025,5,37.6419,-88.3744,37.6487,-88.1991,2,0,0,0,0,35000.0,0.0,72.81667620284458,True
2025,5,34.9045,-88.0145,34.9115,-87.9847,1,0,0,0,0,0.0,0.0,115.698999144997,True
2025,5,34.772,-87.318,34.774,-87.278,0,0,0,0,0,8000.0,0.0,114.00963014933768,True
2025,5,34.7355,-86.5645,34.743,-86.4145,1,0,0,0,0,0.0,0.0,48.957475527579845,True
2025,4,33.668,-99.294,33.65,-99.253,3,0,0,0,0,400000.0,0.0,82.5458704992324,True
2025,5,26.7483,-80.3007,26.8106,-80.2557,0,0,0,0,0,5000.0,0.0,127.00778380845219,True
2025,5,34.2848,-85.991,34.2835,-85.8923,1,0,0,0,0,0.0,0.0,72.30261054723184,True
2025,5,34.688,-87.107,34.69,-87.0876,-1,0,0,0,0,0.0,0.0,97.2469981734843,True
2025,5,32.3747,-89.8957,32.3735,-89.8403,1,0,0,0,0,0.0,0.0,13.432450923176246,True
2025,5,32.19,-88.8264,32.226,-88.693,1,0,0,0,0,0.0,0.0,109.37894175541062,True
2025,5,34.5794,-85.9819,34.5837,-85.8765,0,0,0,0,0,0.0,0.0,40.13648974074276,True
2025,6,35.204,-97.556,35.187,-97.548,0,0,0,0,0,1000.0,0.0,29.05230442855798,True
2025,6,40.89,-90.64,40.98,-90.55,1,0,0,0,0,0.0,0.0,80.39724275631224,True
2025,6,41.35,-90.77,41.355,-90.75,0,0,0,0,0,0.0,0.0,33.08883828843938,True
2025,6,41.31,-90.7,41.329,-90.677,1,0,0,0,0,0.0,0.0,34.98214940225309,True
2025,3,26.0714,-97.2021,26.0696,-97.2009,0,0,0,0,0,15000.0,0.0,27.72261997719237,True
2025,6,44.74,-97.98,44.74,-97.98,0,0,0,0,0,0.0,0.0,86.55031593776096,True
2025,7,42.158,-91.849,42.159,-91.834,1,0,0,0,0,0.0,0.0,121.29140705466716,True
2025,7,42.32,-91.3,42.31,-91.27,0,0,0,0,0,0.0,0.0,98.68649856157236,True
2025,7,42.34,-91.0,42.32,-90.95,0,0,0,0,0,0.0,0.0,88.08876839720241,True
2025,5,34.9084,-85.967,34.8699,-85.8376,0,0,0,0,0,0.0,0.0,10.913482018003764,True
2025,6,36.679,-98.138,36.705,-98.117,0,0,0,0,0,10000.0,0.0,6.938723080868018,True
2025,7,42.159,-91.834,42.17,-91.77,1,0,0,0,0,0.0,0.0,120.27381444709297,True
2025,7,42.3,-90.62,42.32,-90.57,2,0,0,0,0,0.0,0.0,76.60841670750186,True
2025,7,42.2,-90.84,42.2,-90.84,-1,0,0,0,0,0.0,0.0,68.84642385937373,True
2025,6,36.5984,-97.8893,36.6086,-97.8765,-1,0,0,0,0,0.0,0.0,26.497658366869377,True
2025,6,35.7091,-98.6996,35.7091,-98.6996,0,0,0,0,0,0.0,0.0,125.67754341333533,True
2025,6,36.3201,-97.4294,36.3201,-97.4294,-1,0,0,0,0,0.0,0.0,77.96868195392256,True
2025,6,33.4299,-99.5001,33.4299,-99.5001,-1,0,0,0,0,0.0,0.0,101.75731376213614,True
2025,6,40.4686,-81.9158,40.4789,-81.8946,1,0,0,0,0,100000.0,0.0,105.12257703801025,True
2025,7,42.19,-91.46,42.179,-91.364,1,0,0,0,0,0.0,0.0,97.10687444844633,True
2025,7,42.21,-91.71,42.17,-91.59,2,0,0,0,0,0.0,0.0,114.70350417288626,True
2025,4,35.0101,-88.0919,35.0517,-88.0083,0,0,0,0,0,20000.0,0.0,125.67851531816954,True
2025,4,36.3315,-90.7499,36.4082,-90.552,2,0,0,0,0,250000.0,0.0,135.21368044486852,True
2025,4,33.696,-90.289,33.716,-90.255,1,0,0,0,0,75000.0,0.0,159.99465076625322,True
2025,6,36.93,-98.577,36.93,-98.577,0,0,0,0,0,1000.0,0.0,45.19760826743716,True
2025,6,34.4966,-99.3013,34.4966,-99.3013,-1,0,0,0,0,0.0,0.0,33.31528095062371,True
2025,6,35.208,-97.585,35.21,-97.536,1,0,0,0,0,60000.0,0.0,31.16690857019808,True
2025,6,34.558,-97.284,34.591,-97.273,1,0,0,0,0,10000.0,0.0,86.18351055166816,True
2025,6,46.4674,-94.2322,46.4794,-94.0085,1,0,0,0,0,0.0,0.0,159.74075983164448,True
2025,6,41.33,-90.78,41.45,-90.55,1,0,0,0,0,0.0,0.0,35.44377014287163,True
2025,4,34.9524,-89.0531,34.971,-89.017,2,0,0,0,0,300000.0,0.0,86.3969282880716,True
2025,4,34.971,-89.017,34.995,-88.962,2,0,0,3,0,300000.0,0.0,88.2450158601859,True
2025,4,34.5828,-90.1044,34.6722,-89.9223,3,0,0,2,0,2000000.0,0.0,87.2989922099882,True
2025,4,34.97,-89.353,34.994,-89.302,2,0,0,0,0,150000.0,0.0,63.03733596057703,True
2025,6,35.913,-97.709,35.905,-97.675,0,0,0,0,0,0.0,0.0,75.35239664291055,True
2025,6,35.905,-97.675,35.901,-97.566,1,0,0,0,0,20000.0,0.0,73.03455249861041,True
2025,6,35.237,-97.612,35.228,-97.588,0,0,0,0,0,15000.0,0.0,32.16390645777227,True
2025,6,41.37,-90.62,41.51,-90.46,1,0,0,0,0,0.0,0.0,27.06869851921136,True
2025,6,40.58,-91.44,40.59,-91.43,0,0,0,0,0,0.0,0.0,135.4348886753916,True
2025,5,35.2744,-86.2358,35.2896,-86.1265,1,0,0,0,0,0.0,0.0,40.663841762713616,True
2025,4,36.598,-90.176,36.6134,-90.1559,1,0,0,0,0,25000.0,0.0,135.46023737663424,True
2025,4,35.6752,-90.592,35.705,-90.578,1,0,0,0,0,10000.0,0.0,74.71167969396339,True
2025,4,38.605,-85.886,38.6093,-85.8757,0,0,0,0,0,0.0,0.0,70.20474750114866,True
2025,4,35.285,-88.368,35.3323,-88.2639,2,0,0,0,0,75000.0,0.0,136.7441540541118,True
2025,6,36.005,-99.999,35.952,-99.912,2,0,0,0,0,75000.0,0.0,176.805335322702,True
2025,6,41.8089,-79.8393,41.8134,-79.828,0,0,0,0,0,24000.0,0.0,145.51543196082045,True
2025,6,42.0755,-79.8903,42.0881,-79.8791,2,0,0,0,0,100000.0,0.0,135.50520301981496,True
2025,5,34.6401,-86.6738,34.6403,-86.6717,0,0,0,0,0,0.0,0.0,62.83379935361977,True
2025,4,35.044,-89.196,35.1639,-88.8934,2,0,0,0,0,2000000.0,0.0,70.04474077386844,True
2025,6,36.709,-98.126,36.709,-98.126,1,0,0,0,0,20000.0,0.0,3.541824875146539,True
2025,6,34.414,-96.227,34.404,-96.15,0,0,0,0,0,0.0,0.0,140.11183263423305,True
2025,6,41.329,-90.677,41.35,-90.65,1,0,0,0,0,0.0,0.0,32.435636766272886,True
2025,3,26.2927,-97.9507,26.2952,-97.9453,0,0,0,0,0,500000.0,0.0,67.68801504053722,True
2025,4,34.994,-89.302,35.044,-89.196,2,2,0,3,0,100000.0,0.0,64.94434194779811,True
2025,4,36.203,-89.064,36.2253,-88.9648,1,0,0,0,0,250000.0,0.0,99.6866666608119,True
2025,6,35.026,-97.284,34.999,-97.256,0,0,0,0,0,50000.0,0.0,34.14712710091284,True
2025,6,34.911,-97.09,34.895,-97.054,0,0,0,0,0,2000.0,0.0,49.93982866179707,True
2025,4,35.5457,-88.9741,35.5708,-88.9607,0,0,0,0,0,50000.0,0.0,84.46831150530517,True
2025,4,36.4756,-88.5689,36.5015,-88.517,1,0,0,0,0,25000.0,0.0,68.34463700948335,True
2025,6,33.6412,-98.6915,33.6412,-98.6915,-1,0,0,0,0,0.0,0.0,84.36987724490756,True
2025,6,34.0676,-89.1116,34.0393,-89.0522,1,0,0,0,0,200000.0,0.0,74.59608146888907,True
2025,4,34.995,-88.962,35.0397,-88.8605,1,0,0,0,0,125000.0,0.0,91.50934462567545,True
2025,4,33.7407,-90.2119,33.7658,-90.1407,0,0,0,0,0,2000.0,0.0,163.8023026783937,True
2025,4,34.8902,-89.5064,34.97,-89.353,3,0,0,0,0,2500000.0,0.0,60.56509045561225,True
2025,4,34.8603,-88.44,34.877,-88.365,1,0,0,0,0,900000.0,0.0,107.60565146840621,True
2025,4,36.4404,-88.797,36.468,-88.6892,2,0,0,0,0,250000.0,0.0,69.85831433409868,True
2025,4,36.1699,-89.113,36.203,-89.064,1,0,0,0,0,75000.0,0.0,104.43485765680573,True
2025,4,35.144,-90.5,35.1626,-90.4778,0,0,0,0,0,15000.0,0.0,61.12956557076389,True
2025,6,35.952,-99.912,35.88,-99.806,2,0,0,0,0,30000.0,0.0,181.09162809394172,True
2025,3,36.3621,-90.7499,36.4816,-90.5821,2,0,0,0,0,300000.0,0.0,137.98034491824134,True
2025,6,46.4301,-94.5437,46.4474,-94.3282,1,0,0,0,0,0.0,0.0,183.8524184784121,True
2025,4,34.31,-89.246,34.38,-89.134,2,0,0,1,0,300000.0,0.0,96.10044584181531,True
2025,4,35.705,-90.578,35.9225,-90.2916,3,0,0,8,0,4000000.0,0.0,75.30989714927664,True
2025,4,35.4452,-90.9406,35.5137,-90.8383,1,0,0,0,0,50000.0,0.0,97.38390050737523,True
2025,6,36.884,-97.681,36.884,-97.681,0,0,0,0,0,0.0,0.0,42.8173114205801,True
2025,6,35.3949,-97.7535,35.4003,-97.7448,0,0,0,0,0,3000.0,0.0,43.68503423638929,True
2025,6,41.2,-90.93,41.29,-90.76,1,0,0,0,0,0.0,0.0,54.25249473788356,True
2025,4,34.877,-88.365,34.957,-88.173,1,0,0,0,0,10000.0,0.0,109.03056199945279,True
2025,4,35.4423,-90.6832,35.449,-90.672,0,0,0,0,0,5000.0,0.0,74.20827347182156,True
2025,4,35.7489,-90.9784,35.86,-90.772,2,0,0,0,0,750000.0,0.0,109.61470319912418,True
2025,4,35.1311,-90.5158,35.144,-90.5,0,0,0,0,0,15000.0,0.0,62.99857854882403,True
2025,4,35.1299,-88.7171,35.285,-88.368,3,5,0,14,0,11000000.0,0.0,107.69134011523965,True
2025,6,40.6828,-81.5958,40.6826,-81.5929,0,0,0,0,0,10000.0,0.0,84.16828146436619,True
2025,5,37.3804,-99.4475,37.4905,-99.3927,3,0,0,0,0,0.0,0.0,62.457305143575624,True
2025,4,33.629,-99.57,33.624,-99.474,2,0,0,0,0,500000.0,0.0,98.17642645120817,True
2025,4,33.624,-99.474,33.623,-99.374,2,0,0,0,0,200000.0,0.0,94.02046761146546,True
2025,6,36.018,-99.954,36.014,-99.922,1,0,0,0,0,20000.0,0.0,181.05313040094293,True
2025,6,36.2639,-98.3858,36.267,-98.353,-1,0,0,0,0,0.0,0.0,57.84007467952657,True
2025,5,37.59,-99.2,37.7833,-99.0715,3,0,0,0,0,0.0,0.0,70.2838545604471,True
2025,5,40.3929,-97.6762,40.4374,-97.6725,0,0,0,0,0,100000.0,0.0,65.37658258668428,True
2025,5,41.2258,-98.5342,41.2258,-98.5342,-1,0,0,0,0,0.0,0.0,100.92751145016479,True
2025,7,41.6,-90.45,41.6,-90.37,0,0,0,0,0,0.0,0.0,10.95470317591137,True
2025,6,42.2681,-88.914,42.2701,-88.9085,0,0,0,0,0,0.0,0.0,83.2899990895919,True
2025,6,46.4474,-94.3283,46.4476,-94.3134,1,0,0,0,0,0.0,0.0,167.4293106704464,True
2025,5,38.4342,-101.1273,38.5607,-101.0111,2,0,0,0,0,0.0,0.0,114.95763684677445,True
2025,5,37.98,-99.26,38.09,-99.28,2,0,0,0,0,0.0,0.0,66.82571434158638,True
2025,5,37.64,-99.19,37.68,-99.18,1,0,0,0,0,0.0,0.0,69.83001844397864,True
2025,5,37.67,-98.91,37.7494,-98.7261,3,0,0,0,0,0.0,0.0,93.68640511167925,True
2025,7,41.49,-90.73,41.56,-90.63,2,0,0,0,0,0.0,0.0,18.36005866350666,True
2025,7,42.03,-92.2,42.01,-92.13,1,0,0,0,0,0.0,0.0,130.38027668523895,True
2025,7,42.31,-90.83,42.32,-90.82,1,0,0,0,0,0.0,0.0,80.33840682757591,True
2025,7,42.18,-91.1,42.24,-90.92,1,0,0,0,0,0.0,0.0,76.42165315993162,True
2025,6,35.99,-99.84,35.99,-99.84,-1,0,0,0,0,0.0,0.0,174.58915579799006,True
2025,7,43.775,-90.018,43.777,-90.015,0,0,0,0,0,0.0,0.0,94.29908399911164,True
2025,7,42.9819,-90.1048,43.0528,-90.0103,1,0,0,0,0,85000.0,50000.0,126.45570929825212,True
2025,7,42.45,-100.08,42.45,-100.08,-1,0,0,0,0,0.0,0.0,68.29474622735354,True
2025,7,42.48,-100.06,42.48,-100.06,-1,0,0,0,0,0.0,0.0,71.9503229590219,True
2025,7,42.28,-100.05,42.28,-100.05,-1,0,0,0,0,0.0,0.0,56.26827392866594,True
2025,7,43.2051,-89.7537,43.2732,-89.6939,0,0,0,0,0,0.0,10000.0,101.20590962145128,True
2025,7,43.5264,-88.8104,43.5276,-88.8097,0,0,0,0,0,0.0,1000.0,65.58539499008704,True
2025,7,43.3145,-88.6358,43.3547,-88.6112,0,0,0,0,0,2000.0,1000.0,39.17014697556671,True
2025,9,27.87,-82.66,27.87,-82.66,0,0,0,0,0,0.0,0.0,31.304325370466177,True
2025,7,44.8964,-88.3092,44.8968,-88.2618,1,0,0,0,0,0.0,0.0,46.920779558082124,True
2025,7,44.9063,-87.9276,44.917,-87.8824,0,0,0,0,0,0.0,0.0,47.59528340116887,True
2025,7,40.55,-102.99,40.5501,-102.9831,-1,0,0,0,0,0.0,0.0,157.09767620995856,True
2025,7,44.8849,-88.6608,44.8909,-88.5097,1,0,0,0,0,0.0,0.0,61.098552626006295,True
2025,7,40.2446,-103.4996,40.24,-103.48,-1,0,0,0,0,0.0,0.0,102.62056198276063,True
2025,7,44.594,-88.79,44.596,-88.764,-1,0,0,0,0,0.0,0.0,54.83588403972747,True
2025,7,40.4053,-84.13,40.4179,-84.1207,0,0,0,0,0,5000.0,0.0,112.64291457847084,True
2025,7,43.34,-101.05,43.34,-101.05,-1,0,0,0,0,0.0,0.0,158.48721009911014,True
2025,7,34.2667,-77.8811,34.286,-77.8989,0,0,0,0,0,10000.0,0.0,59.137486882537225,True
2025,7,39.9749,-83.922,39.9777,-83.9051,0,0,0,0,0,10000.0,0.0,62.266656008114055,True
2025,7,39.9936,-83.7825,40.0068,-83.7324,1,0,0,0,0,200000.0,0.0,63.83933846772531,True
2025,7,38.8354,-84.8754,38.8324,-84.8632,-1,0,0,0,0,0.0,0.0,111.76262533765787,True
2025,7,35.58,-79.1,35.58,-79.12,1,0,0,0,0,2000000.0,0.0,55.94535197110354,True
2025,7,35.66,-79.13,35.66,-79.16,1,0,0,0,0,20000.0,0.0,57.82166050566836,True
2025,7,35.96,-79.44,35.95,-79.45,1,0,0,0,0,50000.0,0.0,91.71765300598493,True
2025,7,36.12,-79.24,36.11,-79.25,1,0,0,0,0,20000.0,0.0,84.3862877188997,True
2025,7,36.332,-97.873,36.332,-97.873,0,0,0,0,0,0.0,0.0,50.82866341935576,True
2025,7,35.65,-97.468,35.65,-97.468,0,0,0,0,0,0.0,0.0,39.22702868408142,True
2025,7,38.3792,-109.1435,38.3794,-109.1419,2,0,0,0,0,0.0,0.0,110.78784532953958,True
2025,7,27.1331,-81.8855,27.1322,-81.8894,0,0,0,0,0,5000.0,0.0,81.523962048521,True
2025,7,38.9028,-85.8974,38.9047,-85.8953,-1,0,0,0,0,0.0,0.0,95.3486333074962,True
2025,7,44.6218,-89.1831,44.6158,-89.0682,0,0,0,0,0,0.0,0.0,86.0289928816236,True
2025,7,43.864,-99.319,43.864,-99.319,0,0,0,0,0,0.0,0.0,190.95305406198483,True
2025,7,44.179,-87.7566,44.1617,-87.7402,0,0,0,0,0,0.0,0.0,45.364453528964134,True
2025,7,42.1024,-109.5071,42.1117,-109.4983,0,0,0,0,0,0.0,0.0,136.34774562931415,True
2025,7,35.29,-110.16,35.29,-110.16,0,0,0,0,0,0.0,0.0,123.66795132222681,True
2025,7,43.5691,-82.6846,43.5726,-82.6516,1,0,0,0,0,0.0,0.0,115.83570784318087,True
2025,8,45.71,-98.98,45.71,-98.98,-1,0,0,0,0,0.0,0.0,52.39710503255499,True
2025,8,28.0,-82.27,28.0,-82.27,0,0,0,0,0,0.0,0.0,35.246180793102944,True
2025,8,43.2651,-93.7775,43.2608,-93.7719,-1,0,0,0,0,0.0,0.0,170.63183840796268,True
2025,8,35.0051,-85.9612,35.0015,-85.9601,0,0,0,0,0,0.0,0.0,13.897211925774595,True
2025,8,29.5,-100.88,29.5,-100.88,-1,0,0,0,0,0.0,0.0,63.37406224530933,True
2025,8,44.2595,-92.8858,44.2605,-92.8782,-1,0,0,0,0,0.0,0.0,84.82677128143813,True
2025,9,37.35,-109.23,37.35,-109.25,2,0,0,0,0,0.0,0.0,210.07465752549518,True
2025,4,36.0443,-89.4189,36.0693,-89.3407,1,0,0,0,0,1900000.0,0.0,87.95042779331357,True
2025,8,42.4803,-93.0217,42.4823,-92.9946,-1,0,0,0,0,0.0,0.0,101.41824846121803,True
2025,4,35.449,-90.672,35.4932,-90.585,0,0,0,0,0,15000.0,0.0,73.31527022761432,True
2025,8,42.4084,-92.857,42.4153,-92.7686,-1,0,0,0,0,0.0,0.0,103.82521212286144,True
2025,8,42.4895,-92.8552,42.4901,-92.8431,-1,0,0,0,0,0.0,0.0,110.60727463766297,True
2025,5,40.53,-103.85,40.52,-103.86,1,0,0,0,0,0.0,0.0,101.63062148623723,True
2025,9,37.33,-109.26,37.33,-109.2625,-1,0,0,0,0,0.0,0.0,213.20801349859528,True
2025,8,47.12,-101.93,47.1227,-101.9398,-1,0,0,0,0,0.0,0.0,96.91267178798043,True
2025,8,45.1557,-87.1963,45.1553,-87.1913,0,0,0,0,0,0.0,0.0,102.67846877467652,True
2025,8,33.23,-96.97,33.23,-96.97,-1,0,0,0,0,0.0,0.0,79.42310048798744,True
2025,5,39.5584,-104.6226,39.5693,-104.6123,2,0,0,0,0,0.0,0.0,26.215442403474896,True
2025,8,41.506,-101.311,41.506,-101.311,-1,0,0,0,0,0.0,0.0,79.01334712393695,True
2025,10,30.54,-90.38,30.57,-90.38,1,0,0,0,0,15000.0,0.0,3.468829424543547,True
2025,10,43.7411,-110.9906,43.7552,-110.9874,1,0,0,0,0,1000.0,0.0,154.08525183120744,True
2025,10,40.02,-87.811,40.015,-87.811,-1,0,0,0,0,0.0,0.0,130.61156788496035,True
2025,10,34.2756,-93.1016,34.2766,-93.0877,0,0,0,0,0,0.0,0.0,98.99865509625451,True
2025,10,32.8012,-90.4917,32.8203,-90.4453,0,0,0,0,0,0.0,0.0,74.96553084941687,True
2025,10,30.217,-93.3428,30.2219,-93.3085,0,0,0,0,0,15000.0,0.0,15.900740257151451,True
2025,10,32.1578,-89.9474,32.1284,-89.8392,0,0,0,0,0,0.0,0.0,14.02660005232419,True
2025,10,43.6845,-111.92,43.6847,-111.9116,0,0,0,0,0,10000.0,0.0,89.30464909671211,True
2025,10,29.9585,-85.4388,29.9574,-85.4297,0,0,0,0,0,25000.0,0.0,81.84849403279112,True
2025,10,29.9437,-85.4144,29.9402,-85.3944,1,0,0,10,0,500000.0,0.0,84.54029394365408,True
2025,10,30.23,-90.61,30.25,-90.62,0,0,0,0,0,0.0,0.0,37.61277231903674,True
2025,10,30.53,-90.43,30.64,-90.46,1,0,0,0,0,50000.0,0.0,2.4542543388701805,True
2025,10,32.5612,-95.4081,32.556,-95.3326,1,0,0,0,0,125000.0,0.0,147.44191425541277,True
2025,10,30.57,-90.34,30.61,-90.34,0,0,0,0,0,5000.0,0.0,8.548003451617628,True
2025,10,30.42,-90.3,30.47,-90.29,1,0,0,0,0,30000.0,0.0,15.119620423493657,True
2025,10,32.3735,-94.9148,32.3703,-94.8773,1,0,0,0,0,115000.0,0.0,101.14330992553518,True
2025,10,30.27,-90.65,30.28,-90.63,0,0,0,0,0,10000.0,0.0,36.21755090060456,True
2025,10,32.3703,-94.8773,32.3702,-94.8716,1,0,0,0,0,25000.0,0.0,97.67003966722376,True
2025,10,32.2256,-91.3768,32.2641,-91.3089,1,0,0,0,0,130000.0,0.0,131.07307451017869,True
2025,10,29.55,-90.98,29.6,-90.87,1,0,0,0,0,0.0,0.0,121.08726484738136,True
2025,12,40.4168,-88.4778,40.4206,-88.4623,1,0,0,0,0,0.0,0.0,78.65114111354498,True
2025,12,39.6343,-87.8445,39.6348,-87.8408,0,0,0,0,0,0.0,0.0,134.12691077086987,True
2025,12,39.7144,-89.1421,39.7152,-89.1403,2,0,0,0,0,0.0,0.0,51.25365397867365,True
2025,12,39.7152,-89.1403,39.8227,-88.7461,2,0,0,0,0,0.0,0.0,51.21946398971423,True
2025,12,39.8227,-88.7461,39.8255,-88.7268,2,0,0,0,0,0.0,0.0,62.13754406050745,True
2025,12,40.4405,-88.3809,40.4456,-88.3662,0,0,0,0,0,0.0,0.0,87.24716663177023,True
2025,12,40.8964,-87.7661,40.9175,-87.6773,-1,0,0,0,0,0.0,0.0,83.10668894761268,True
2025,12,40.9388,-87.9033,41.0028,-87.7453,1,0,0,0,0,0.0,0.0,75.54800332450323,True
2025,12,40.9693,-87.8889,40.9821,-87.8272,0,0,0,0,0,0.0,0.0,72.48945747954564,True
2025,12,40.9244,-88.0522,40.9378,-88.0061,0,0,0,0,0,0.0,0.0,75.66499499016366,True
2025,12,40.8879,-88.656,40.8932,-88.6392,1,0,0,0,0,0.0,0.0,92.9062203235196,True
2025,12,40.5507,-89.5554,40.5561,-89.5235,1,0,0,0,0,0.0,0.0,48.20321221252321,True
2025,11,36.5644,-89.1367,36.5152,-89.0557,1,0,0,0,0,40000.0,0.0,64.76234262248785,True
2025,11,36.6745,-87.1781,36.6785,-87.1489,1,0,0,0,0,100000.0,0.0,11.771754159431472,True
2025,11,33.9365,-113.0132,33.9514,-113.0061,0,0,0,0,0,50000.0,0.0,143.70906405594886,True
2025,11,37.535,-76.366,37.537,-76.358,0,0,0,0,0,35000.0,0.0,83.53764929542234,True
2025,7,43.1899,-93.8371,43.1887,-93.8131,-1,0,0,0,0,0.0,0.0,162.48164034158543,True
2025,7,43.0979,-93.3421,43.1018,-93.31,0,0,0,0,0,0.0,0.0,155.16164322692643,True
2025,7,33.7,-90.73,33.7,-90.73,-1,0,0,0,0,0.0,0.0,172.5293909695068,True
2025,11,31.9978,-95.2293,32.0047,-95.2205,1,0,0,0,0,200000.0,0.0,139.94980806202037,True
2025,11,33.6171,-87.128,33.6987,-86.8357,1,0,0,0,0,0.0,0.0,59.636561763637765,True
2025,11,33.7185,-86.7728,33.7596,-86.7204,0,0,0,0,0,0.0,0.0,60.775370954548045,True
2025,11,36.6523,-98.5034,36.6523,-98.5034,0,0,0,0,0,0.0,0.0,34.930917977599094,True
2025,7,41.1129,-81.9834,41.1048,-81.9606,0,0,0,0,0,20000.0,0.0,34.932575024289356,True
2025,11,36.1027,-95.8346,36.1053,-95.8282,0,0,0,0,0,0.0,0.0,25.58377432805401,True
2025,7,48.4942,-94.807,48.453,-94.7394,0,0,0,0,0,0.0,0.0,215.91352753117263,True
2025,9,47.17,-100.34,47.207,-100.367,-1,0,0,0,0,0.0,0.0,54.65306997108562,True
2025,9,47.75,-100.68,47.8478,-100.67,-1,0,0,0,0,0.0,0.0,109.04709433886246,True
2025,9,36.928,-99.872,36.928,-99.872,-1,0,0,0,0,0.0,0.0,93.00161743439571,True
2025,6,36.055,-101.097,36.0439,-101.0916,1,0,0,0,0,25000.0,0.0,106.81071547940725,True
2025,6,33.973,-82.585,33.975,-82.574,1,0,0,0,0,20000.0,0.0,106.61767260617611,True
2025,9,43.322,-90.934,43.317,-90.922,0,0,0,0,0,5000.0,0.0,59.410385249421374,True
2025,9,46.555,-100.538,46.603,-100.539,-1,0,0,0,0,0.0,0.0,29.388162147535258,True
2025,9,47.8478,-100.67,47.85,-100.66,-1,0,0,0,0,0.0,0.0,119.9468152131888,True
2025,6,36.5348,-102.8699,36.501,-102.854,-1,0,0,0,0,0.0,0.0,178.5352253872761,True
2025,9,47.11,-100.69,47.156,-100.735,-1,0,0,0,0,0.0,0.0,38.08943122603455,True
2025,9,47.309,-100.23,47.3274,-100.2454,-1,0,0,0,0,0.0,0.0,72.0807869073213,True
2025,6,36.244,-95.189,36.284,-95.051,1,0,0,0,0,0.0,0.0,34.51996156676638,True
2025,6,35.94,-95.055,35.947,-95.023,1,0,0,0,0,10000.0,0.0,52.70090313724375,True
2025,9,47.3274,-100.2454,47.381,-100.255,-1,0,0,0,0,0.0,0.0,73.15564650048499,True
2025,9,43.407,-75.499,43.424,-75.445,0,0,0,0,0,12500.0,0.0,41.43656055698061,True
2025,9,44.4188,-94.3251,44.4241,-94.2545,0,0,0,0,0,5000.0,5000.0,76.8073904487049,True
2025,9,44.4265,-94.0704,44.4297,-94.0508,0,0,0,0,0,0.0,0.0,61.657151370153656,True
2025,6,35.954,-95.015,35.936,-94.894,1,0,0,0,0,50000.0,0.0,55.13692554594031,True
2025,6,36.461,-94.988,36.488,-94.931,1,0,0,0,0,20000.0,0.0,60.62856694460393,True
2025,6,35.4298,-94.3498,35.4336,-94.336,1,0,0,1,0,500000.0,0.0,15.538123887686618,True
2025,6,35.441,-94.3135,35.4463,-94.2952,0,0,0,0,0,5000.0,0.0,17.30996729371852,True
2025,6,43.5737,-93.4336,43.6215,-93.3544,0,0,0,0,0,0.0,0.0,142.18277423777099,True
2025,6,31.705,-97.261,31.7043,-97.2598,0,0,0,0,0,7000.0,0.0,96.57312072971253,True
2025,9,27.9697,-80.6529,27.9738,-80.653,0,0,0,0,0,10000.0,0.0,15.940509248361716,True
2025,9,32.6711,-93.737,32.6735,-93.7334,1,0,0,0,0,5000.0,0.0,26.36924713039279,True
2025,9,47.376,-100.25,47.561,-100.285,2,0,0,0,0,700000.0,50000.0,77.59771227286875,True
2025,6,35.941,-94.889,35.926,-94.797,1,0,0,0,0,50000.0,0.0,66.03101152708763,True
2025,6,35.926,-94.797,35.92,-94.758,1,0,0,0,0,0.0,0.0,74.31530142516554,True
2025,6,35.768,-94.364,35.772,-94.225,1,0,0,0,0,50000.0,0.0,53.105931529378694,True
2025,6,43.6721,-93.6676,43.6823,-93.6484,0,0,0,0,0,0.0,0.0,131.104198330204,True
2025,6,43.6823,-93.6484,43.6875,-93.6388,0,0,0,0,0,0.0,0.0,129.88552785005257,True
2025,9,38.6563,-84.1131,38.6974,-84.0582,0,0,0,0,0,100000.0,0.0,88.60014967725161,True
2025,9,47.448,-100.262,47.462,-100.26,-1,0,0,0,0,0.0,0.0,84.21186859937305,True
2025,6,35.918,-94.731,35.939,-94.577,1,0,0,0,0,100000.0,0.0,77.35334990163935,True
2025,9,39.0974,-103.07,39.0975,-103.07,-1,0,0,0,0,0.0,0.0,121.72160070355424,True
2025,6,43.7533,-93.5816,43.7592,-93.5524,0,0,0,0,0,0.0,0.0,121.82965754392144,True
2025,6,43.719,-93.6035,43.7359,-93.542,0,0,0,0,0,0.0,0.0,125.67329061131598,True
2025,9,47.436,-100.633,47.452,-100.673,-1,0,0,0,0,0.0,0.0,74.58813370802989,True
2025,9,29.116,-80.9466,29.1157,-80.9479,-1,0,0,0,0,0.0,0.0,115.11148064203645,True
2025,9,45.739,-100.4146,45.742,-100.4155,-1,0,0,0,0,0.0,0.0,117.77186397531646,True
2025,6,36.434,-94.564,36.455,-94.517,1,0,0,0,0,0.0,0.0,94.13502023654168,True
2025,6,36.306,-94.352,36.317,-94.324,1,0,0,0,0,500000.0,0.0,109.67898381982491,True
2025,6,43.7745,-93.623,43.78,-93.5895,0,0,0,0,0,0.0,0.0,119.55310420508071,True
2025,6,43.7887,-93.5378,43.8303,-93.4515,1,0,0,0,0,0.0,0.0,117.90726029666882,True
2025,9,47.452,-100.673,47.46,-100.689,-1,0,0,0,0,0.0,0.0,76.03001410712731,True
2025,9,41.8264,-74.9563,42.0151,-74.7777,0,0,0,0,0,11500.0,0.0,94.56099274049014,True
2025,6,35.939,-94.161,35.936,-94.121,1,0,0,0,0,25000.0,0.0,74.37078762188223,True
2025,9,36.3706,-100.8153,36.3696,-100.8144,-1,0,0,0,0,0.0,0.0,149.97021592988796,True
2025,9,47.83,-103.47,47.8152,-103.4591,-1,0,0,0,0,0.0,0.0,235.82490186209267,True
2025,9,48.27,-103.2,48.272,-103.1966,-1,0,0,0,0,0.0,0.0,247.6732954775189,True
2025,9,47.485,-100.738,47.61,-100.717,1,0,0,0,0,300000.0,0.0,79.42994984434466,True
2025,9,37.9149,-96.7744,37.9175,-96.7693,-1,0,0,0,0,0.0,0.0,65.51003352081314,True
2025,6,36.501,-102.854,36.4015,-102.8585,-1,0,0,0,0,0.0,0.0,174.6661993962677,True
2025,6,34.9666,-95.909,34.9549,-95.7553,1,0,0,0,0,100000.0,0.0,130.94442885183673,True
2025,9,46.031,-100.535,46.049,-100.563,-1,0,0,0,0,0.0,0.0,84.0592435922077,True
2025,9,47.771,-100.372,47.786,-100.387,-1,0,0,0,0,0.0,0.0,115.00694403951267,True
2025,9,31.9704,-110.9032,31.9704,-110.9032,-1,0,0,0,0,0.0,0.0,27.13447041238126,True
2025,6,36.301,-95.303,36.341,-95.253,1,0,0,0,0,300000.0,0.0,27.291255125495788,True
2025,6,45.0383,-96.2945,45.0396,-96.2693,1,0,0,0,0,0.0,0.0,164.9520509884035,True
2025,6,45.2558,-95.8544,45.2339,-95.7673,1,0,0,0,0,0.0,0.0,185.40118077736287,True
2025,6,34.7335,-91.6975,34.7337,-91.6909,-1,0,0,0,0,0.0,0.0,52.801148046646915,True
2025,6,34.9294,-92.1315,34.9558,-92.108,0,0,0,0,0,0.0,0.0,15.765515985247092,True
2025,9,46.274,-100.524,46.362,-100.531,2,0,0,0,0,400000.0,50000.0,58.12724445907476,True
2025,9,47.956,-100.623,48.048,-100.68,-1,0,0,0,0,0.0,0.0,132.18975556371487,True
2025,6,35.4966,-95.0147,35.4862,-94.8859,1,0,0,0,0,30000.0,0.0,63.46126581411919,True
2025,6,35.4105,-94.3531,35.414,-94.34,-1,0,0,0,0,0.0,0.0,13.377119898452737,True
2025,6,44.7698,-96.4159,44.7713,-96.4107,-1,0,0,0,0,0.0,0.0,133.78418233763978,True
2025,6,44.7159,-93.8474,44.7412,-93.7372,0,0,0,0,0,0.0,0.0,26.71306464398081,True
2025,6,44.8046,-93.8349,44.8141,-93.7949,0,0,0,0,0,0.0,0.0,21.807506344349797,True
2025,6,33.5774,-96.6795,33.5524,-96.617,1,0,0,0,0,50000.0,0.0,125.91807532261524,True
2025,9,46.37,-97.11,46.37,-97.11,-1,0,0,0,0,0.0,0.0,129.7991011116301,True
2025,9,39.1892,-102.3037,39.1893,-102.3037,-1,0,0,0,0,0.0,0.0,55.5726533593696,True
2025,9,46.82,-100.501,46.846,-100.544,1,0,0,0,0,30000.0,0.0,20.480121837083118,True
2025,9,48.09,-100.68,48.137,-100.701,-1,0,0,0,0,0.0,0.0,146.80920691442643,True
2025,6,44.7934,-93.8099,44.819,-93.7515,0,0,0,0,0,0.0,0.0,20.237849966491204,True
2025,6,44.8974,-93.8599,44.8728,-93.7173,1,0,0,0,0,0.0,0.0,23.81643718424067,True
2025,6,44.888,-93.694,44.8767,-93.606,1,0,0,0,0,0.0,0.0,11.019989092355486,True
2025,6,33.6763,-96.3095,33.6347,-96.2536,1,0,0,0,0,300000.0,0.0,153.68241803937042,True
2025,6,33.6462,-96.2468,33.5791,-96.1602,1,0,0,0,0,300000.0,0.0,154.68030994826668,True
2025,9,33.5842,-112.8518,33.5854,-112.8525,-1,0,0,0,0,0.0,0.0,114.46344063165242,True
2025,9,46.912,-100.132,46.925,-100.166,-1,0,0,0,0,0.0,0.0,50.297976381536984,True
2025,9,48.179,-100.71,48.189,-100.745,-1,0,0,0,0,0.0,0.0,156.6269253518134,True
2025,9,32.1134,-110.5709,32.1134,-110.5709,-1,0,0,0,0,0.0,0.0,25.072526999088446,True
2025,9,40.2146,-89.6584,40.1873,-89.6315,0,0,0,0,0,0.0,0.0,28.236126295036616,True
2025,9,46.961,-100.596,47.024,-100.619,-1,0,0,0,0,0.0,0.0,24.558405752559594,True
2025,9,48.249,-100.839,48.251,-100.84,-1,0,0,0,0,0.0,0.0,164.47131200517114,True
2025,6,37.2391,-98.0398,37.2395,-98.0388,0,0,0,0,0,0.0,0.0,55.94980587198242,True
2025,9,47.14,-100.175,47.179,-100.159,-1,0,0,0,0,0.0,0.0,60.48354721941484,True
2025,6,36.1732,-101.1485,36.055,-101.097,2,0,0,0,0,95000.0,0.0,116.12861697575855,True
2025,6,36.0861,-95.1784,36.095,-95.118,1,0,0,0,0,75000.0,0.0,36.02464650601362,True
