YEAR,MONTH,BEGIN_LAT,BEGIN_LON,TOR_F_SCALE,DEATHS_DIRECT,DEATHS_INDIRECT,INJURIES_DIRECT,INJURIES_INDIRECT,DAMAGE_PROPERTY,DAMAGE_CROPS,RADAR_DIST,RADAR_2026
2008,5,33.819,-81.764,0,0,0,0,0,0.0,1000000.0,61.29440814402201,True
2008,2,29.37,-94.99,0,0,0,0,0,0.0,0.0,14.233485284104018,True
2008,5,33.796,-81.708,0,0,0,0,0,0.0,0.0,56.99852314565209,True
2008,3,34.6,-80.83,0,0,0,0,0,0.0,0.0,77.13429773717327,True
2008,7,45.32,-92.3227,0,0,0,0,0,0.0,0.0,110.74623362335888,True
2008,4,30.8881,-97.457,0,0,0,0,0,0.0,0.0,19.818688226534878,True
2008,12,32.25,-93.46,0,0,0,0,0,300.0,0.0,42.204341601317495,True
2008,12,36.8807,-94.0165,0,0,0,0,0,5000.0,0.0,67.41313912080412,True
2008,12,36.6445,-94.1939,0,0,0,0,0,0.0,0.0,96.38499735381289,True
2008,12,39.0537,-91.0072,1,0,0,0,0,0.0,0.0,48.42893593689163,True
2008,12,39.908,-91.1333,1,0,0,0,0,0.0,0.0,139.9243137621769,True
2008,12,39.9078,-91.0804,0,0,0,0,0,0.0,0.0,138.71086333332428,True
2008,7,45.3736,-93.8442,0,0,0,0,0,0.0,300000.0,62.30989474761812,True
2008,12,39.5583,-91.5458,0,0,0,0,0,0.0,0.0,121.13498332356264,True
2008,1,32.0741,-90.8003,1,0,0,0,0,20000.0,60000.0,80.12561618948646,True
2008,1,32.4356,-89.9554,0,0,0,0,0,0.0,10000.0,17.516722967061103,True
2008,12,39.6721,-91.4056,0,0,0,0,0,0.0,0.0,124.86720150168603,True
2008,2,30.24,-82.2,0,0,0,0,0,0.0,0.0,54.98890335072577,True
2008,12,35.4638,-80.4488,1,0,0,0,0,0.0,0.0,173.42835519950256,True
2008,2,29.79,-82.17,0,0,0,0,0,0.0,0.0,89.39887938079718,True
2008,11,35.82,-77.29,1,0,0,0,0,50000.0,0.0,109.65888688297423,True
2008,2,30.08,-91.83,0,0,0,0,0,15000.0,0.0,133.41300336089833,True
2008,2,30.03,-91.88,0,0,0,0,0,20000.0,0.0,128.97660744539186,True
2008,8,31.5764,-85.5981,1,0,0,0,0,30000.0,0.0,18.407857092073556,True
2008,8,31.1238,-85.0817,1,0,0,0,0,75000.0,0.0,51.86503344414169,True
2008,8,30.4148,-83.9292,0,0,0,0,0,0.0,0.0,38.37899027906369,True
2008,8,30.8812,-85.3593,0,0,0,0,0,0.0,0.0,64.2305398606766,True
2008,3,31.4069,-81.6919,1,0,0,0,0,1000.0,10000.0,102.55617896593063,True
2008,1,38.3878,-91.636,0,0,0,0,0,0.0,0.0,89.82845611849329,True
2008,5,30.16,-92.05,0,0,0,0,0,100000.0,0.0,112.17563898564227,True
2008,5,29.8878,-92.2156,0,0,0,0,0,50000.0,0.0,99.87262687569029,True
2008,5,43.02,-97.23,0,0,0,0,0,0.0,0.0,75.03380266900963,True
2008,5,30.201,-92.0176,1,0,0,0,0,3000000.0,0.0,115.50791915498613,True
2008,5,43.046,-97.105,1,0,0,0,0,100000.0,0.0,67.49074019663267,True
2008,6,38.8177,-101.3014,0,0,0,0,0,0.0,0.0,70.10565719486463,True
2008,6,38.8799,-101.1914,0,0,0,0,0,0.0,0.0,69.71243200939047,True
2008,6,38.7908,-100.48,0,0,0,0,0,0.0,0.0,122.91067808484843,True
2008,5,30.4077,-93.9324,0,0,0,0,0,10000.0,0.0,75.63903847108843,True
2008,5,30.7526,-93.2425,0,0,0,0,0,5000.0,0.0,51.49205223679693,True
2008,5,29.967,-92.5827,0,0,0,0,0,35000.0,0.0,63.43625566528927,True
2008,5,43.33,-95.79,0,0,0,0,0,0.0,0.0,81.01861147526893,True
2008,5,42.92,-97.85,0,0,0,0,0,0.0,0.0,117.28906098348672,True
2008,5,36.9346,-79.5096,1,0,0,0,0,116000.0,0.0,68.64061718202984,True
2008,5,39.2197,-100.43,0,0,0,0,0,0.0,0.0,110.53178598550213,True
2008,5,39.2776,-100.17,1,0,0,0,0,15000.0,0.0,132.00612161306705,True
2008,8,35.82,-79.8,0,0,0,0,0,2000.0,0.0,119.473516003979,True
2008,8,35.71,-78.33,0,0,0,0,0,0.0,0.0,15.282197197248278,True
2008,8,35.73,-78.03,0,0,0,0,0,0.0,20000.0,42.15796248638496,True
2008,8,35.78,-79.42,0,0,0,0,0,20000.0,0.0,84.9181534250607,True
2008,11,27.9997,-80.6393,0,0,0,0,0,576000.0,0.0,12.691201704781296,True
2008,5,39.0165,-100.2787,0,0,0,0,0,0.0,0.0,128.55710864804962,True
2008,5,38.8884,-100.3354,0,0,0,0,0,0.0,0.0,129.196308107937,True
2008,5,39.1112,-100.2406,1,0,0,0,0,25000.0,0.0,128.8842617310291,True
2008,5,39.1324,-100.2274,1,0,0,0,0,25000.0,0.0,129.4792782491028,True
2008,5,38.4966,-101.4013,0,0,0,0,0,0.0,0.0,100.17275026462,True
2008,5,39.2197,-100.17,0,0,0,0,0,0.0,0.0,132.70006043503912,True
2008,8,35.5891,-77.9304,0,0,0,0,0,50000.0,0.0,51.28193037546322,True
2008,5,37.47,-94.59,0,0,0,0,0,0.0,0.0,108.35084889823621,True
2008,9,31.8104,-90.8105,0,0,0,0,0,0.0,0.0,93.74575023627271,True
2008,5,39.1764,-100.2757,0,0,0,0,0,0.0,0.0,124.44512129318002,True
2008,5,38.85,-102.0492,0,0,0,0,0,0.0,0.0,64.88800504283272,True
2008,5,44.88,-101.1,0,0,0,0,0,0.0,0.0,160.85822137822439,True
2008,5,44.9788,-101.0276,0,0,0,0,0,0.0,0.0,171.50721597463098,True
2008,5,44.9735,-101.0054,0,0,0,0,0,0.0,0.0,172.65731154042655,True
2008,5,37.3244,-78.697,1,0,0,0,0,25000.0,0.0,143.66754929226565,True
2008,5,35.0778,-87.4868,1,0,0,0,0,50000.0,0.0,128.84724998552574,True
2008,2,31.1878,-86.7004,1,0,0,0,0,250000.0,0.0,101.5810166530486,True
2008,5,43.0391,-96.236,0,0,0,0,0,0.0,0.0,72.88544948009336,True
2008,5,43.1421,-96.3,2,0,0,0,0,500000.0,0.0,60.47971692233111,True
2008,5,43.28,-96.1902,0,0,0,0,0,0.0,0.0,55.3451721438735,True
2008,5,30.6044,-90.2297,1,0,0,0,0,50000.0,0.0,19.452520302150955,True
2008,5,43.35,-96.0398,0,0,0,0,0,0.0,0.0,61.57331258281919,True
2008,8,28.8311,-81.776,0,0,0,0,0,12000.0,0.0,135.6203036396322,True
2008,4,35.389,-81.523,1,0,0,0,0,25000.0,0.0,84.71743359415942,True
2008,4,33.0903,-89.0711,1,0,0,1,0,3000000.0,100000.0,113.03719680196352,True
2008,4,35.427,-81.463,1,0,0,0,0,0.0,0.0,91.59187068160887,True
2008,4,35.466,-81.354,1,0,0,0,0,130000.0,0.0,101.93646924187027,True
2008,3,35.55,-95.65,0,0,0,0,0,125000.0,0.0,69.9251941406997,True
2008,3,35.5519,-95.6484,0,0,0,0,0,5000.0,0.0,69.69935911746273,True
2008,6,38.7586,-102.4512,0,0,0,0,0,0.0,0.0,93.69648404878889,True
2008,6,38.7621,-102.35,0,0,0,0,0,0.0,0.0,87.5773959537521,True
2008,6,38.7688,-102.5957,0,0,0,0,0,0.0,0.0,101.97696025984742,True
2008,6,40.1507,-102.7602,0,0,0,0,0,0.0,0.0,125.71235812771538,True
2008,4,32.9197,-89.5839,1,0,0,0,0,160000.0,0.0,80.42164783025446,True
2008,4,32.931,-89.324,1,0,0,0,0,100000.0,100000.0,95.22186102731682,True
2008,5,30.5,-90.666,0,0,0,0,0,0.0,0.0,24.869331834121006,True
2008,5,43.1366,-95.87,0,0,0,0,0,0.0,0.0,85.66023659819227,True
2008,4,32.1227,-90.3858,1,0,0,0,0,450000.0,0.0,41.61776407700026,True
2008,4,32.692,-89.73,1,0,0,0,0,80000.0,150000.0,51.656724029296754,True
2008,4,32.0477,-90.5383,1,0,0,0,0,3000.0,0.0,58.18225791864884,True
2008,4,32.796,-89.73,1,0,0,0,0,50000.0,0.0,62.13763485725018,True
2008,5,37.7658,-77.2705,0,0,0,0,0,50000.0,0.0,89.99774751289024,True
2008,6,40.0799,-102.7417,0,0,0,0,0,0.0,0.0,119.2373844965473,True
2008,6,40.1958,-102.23,0,0,0,0,0,0.0,0.0,102.68081019612103,True
2008,5,36.2769,-76.6873,1,0,0,0,0,20000.0,0.0,83.64396324060861,True
2008,5,36.3535,-76.2575,0,0,0,0,0,15000.0,0.0,96.89039718080366,True
2008,6,40.2102,-100.6334,0,0,0,0,0,0.0,0.0,130.7713661142959,True
2008,5,33.6729,-90.9225,1,0,0,0,0,20000.0,300000.0,177.89065512423196,True
2008,5,39.5603,-79.5168,0,0,0,1,0,75000.0,0.0,123.4018133891934,True
2008,5,31.1658,-89.3483,1,0,0,0,0,700000.0,500000.0,118.77289033490531,True
2008,5,33.529,-91.11,0,0,0,0,0,0.0,0.0,174.15242966882897,True
2008,5,32.8032,-91.8378,0,0,0,0,0,0.0,0.0,183.20845285706412,True
2008,5,35.9112,-101.5656,0,0,0,0,0,0.0,0.0,76.48750381898317,True
2008,2,32.2434,-95.0635,1,0,0,0,0,30000.0,0.0,117.1120649572631,True
2008,4,34.427,-81.642,0,0,0,0,0,10000.0,0.0,71.74510122396856,True
2008,1,33.1544,-88.4811,1,0,0,0,0,30000.0,0.0,83.75552712975295,True
2008,1,33.1804,-88.3984,0,0,0,0,0,0.0,0.0,79.93007530949795,True
2008,3,31.9235,-89.8879,1,0,0,0,0,5000.0,30000.0,40.66953090488977,True
2008,2,32.6586,-84.093,1,0,0,8,0,550000.0,0.0,69.4695150212606,True
2008,2,38.1218,-85.0512,0,0,0,0,0,60000.0,0.0,79.84703360280687,True
2008,3,31.8002,-93.0248,0,0,0,0,0,1000.0,0.0,71.8631463478485,True
2008,3,34.1561,-95.047,1,0,0,0,0,10000.0,0.0,140.8152983878617,True
2008,4,35.6111,-77.5671,0,0,0,0,0,0.0,0.0,83.61894520224806,True
2008,4,38.9634,-76.9847,1,0,0,0,0,40000.0,0.0,43.49075305559376,True
2008,2,37.6625,-86.0125,2,0,0,0,0,3000000.0,0.0,35.29688576366334,True
2008,2,37.6965,-85.7759,2,0,0,0,0,150000.0,0.0,34.32895645164135,True
2008,1,36.35,-94.2081,0,0,0,0,0,0.0,0.0,118.63400945531727,True
2008,1,36.3007,-94.5181,1,0,0,0,0,0.0,0.0,94.84992717038324,True
2008,4,48.2196,-114.3423,0,0,0,0,0,0.0,0.0,133.73358969791954,True
2008,2,37.6889,-85.0649,2,0,0,0,0,15000.0,0.0,83.50397210810559,True
2008,1,36.0791,-94.6207,0,0,0,0,0,0.0,0.0,85.40056962998574,True
2008,4,38.5921,-76.8687,0,0,0,0,0,50000.0,0.0,68.55648082426788,True
2008,2,37.8113,-85.3812,2,0,0,2,0,250000.0,0.0,52.63394944031621,True
2008,2,32.2948,-89.8812,1,0,0,0,0,200000.0,0.0,9.843486044331726,True
2008,4,35.51,-76.99,0,0,0,0,0,0.0,0.0,82.28694262512315,True
2008,4,35.51,-77.1,0,0,0,0,0,0.0,0.0,84.1297168056305,True
2008,2,32.0431,-89.459,0,0,0,0,0,25000.0,0.0,56.03752001038909,True
2008,1,35.8905,-95.4947,0,0,0,0,0,0.0,0.0,32.24403577440104,True
2008,1,35.9063,-95.3105,0,0,0,0,0,0.0,0.0,37.58553351642736,True
2008,3,32.65,-88.57,0,0,0,0,0,55000.0,0.0,138.92945841800417,True
2008,2,37.9917,-85.4187,0,0,0,0,0,150000.0,0.0,46.064283559118486,True
2008,2,37.7265,-85.6326,2,0,0,0,0,50000.0,100000.0,38.886262217673334,True
2008,3,32.3551,-89.3226,0,0,0,0,0,0.0,0.0,62.75168465749025,True
2008,3,31.4954,-93.452,0,0,0,0,0,15000.0,0.0,58.95841859121921,True
2008,2,38.2428,-84.8121,1,0,0,0,0,250000.0,250000.0,103.39316894930195,True
2008,3,31.956,-89.7666,1,0,0,0,0,300000.0,0.0,41.45793783839578,True
2008,1,36.4011,-94.33,0,0,0,0,0,0.0,0.0,113.43417809804406,True
2008,2,34.0388,-84.4789,0,0,0,0,0,5000.0,0.0,75.53810183690948,True
2008,3,31.1989,-89.2265,1,0,0,14,0,1500000.0,0.0,110.42355304460989,True
2008,4,37.4359,-76.4515,0,0,0,0,0,5000.0,0.0,70.36115374323029,True
2008,3,33.8716,-86.4459,2,0,0,0,0,960000.0,0.0,83.38884751468997,True
2008,4,44.529,-114.23,0,0,0,0,0,1000.0,0.0,197.67596910534758,True
2008,4,31.921,-92.501,1,0,0,1,0,0.0,0.0,96.3049589083357,True
2008,4,40.33,-91.28,0,0,0,0,0,20000.0,0.0,154.1281752415968,True
2008,4,40.395,-91.236,0,0,0,0,0,30000.0,0.0,146.02986420540248,True
2008,5,38.3612,-77.5225,2,0,0,0,0,10000000.0,0.0,68.44124566873448,True
2008,5,37.7272,-78.8388,0,0,0,0,0,50000.0,0.0,148.98696827115393,True
2008,6,40.9137,-96.6024,0,0,0,0,0,0.0,0.0,49.328793442598425,True
2008,4,31.82,-92.79,1,0,0,0,0,25000.0,0.0,75.98586336059047,True
2008,3,33.9835,-85.6295,2,0,0,0,0,75000.0,0.0,113.2387346900227,True
2008,4,30.5481,-92.2544,0,0,0,0,0,20000.0,0.0,96.44107586316316,True
2008,4,36.5837,-77.4267,1,0,0,0,0,15000.0,0.0,58.08403796149177,True
2008,4,37.2179,-76.9715,1,0,0,0,0,74000.0,0.0,26.216966116124706,True
2008,4,36.6821,-76.8713,1,0,0,0,0,184000.0,0.0,35.67864597192886,True
2008,4,37.3857,-76.3681,1,0,0,0,0,50000.0,0.0,72.14380450466537,True
2008,4,39.0409,-78.2851,0,0,0,0,0,40000.0,0.0,69.29149772861952,True
2008,8,39.3741,-103.65,0,0,0,0,0,0.0,0.0,89.43089975551288,True
2008,5,42.806,-106.3181,0,0,0,0,0,0.0,0.0,178.13227401655516,True
2008,7,40.031,-92.9866,0,0,0,0,0,0.0,0.0,174.56536988210888,True
2008,7,42.42,-114.46,0,0,0,0,0,0.0,0.0,163.64800621260983,True
2008,4,36.3898,-100.8127,0,0,0,0,0,0.0,0.0,151.8941995069595,True
2008,4,34.0445,-95.7,0,0,0,0,0,0.0,0.0,184.84429343915562,True
2008,4,35.1398,-94.9825,0,0,0,0,0,1000.0,0.0,58.8150630580435,True
2008,4,35.28,-94.4823,0,0,0,0,0,0.0,0.0,10.991277909296496,True
2008,4,35.7535,-94.8075,2,0,0,0,0,100000.0,0.0,65.40607641569991,True
2008,4,33.4216,-94.2351,2,0,0,1,0,1000000.0,0.0,114.03073882222932,True
2008,4,35.7895,-94.5393,2,0,0,0,0,50000.0,0.0,57.771382824649045,True
2008,4,34.3817,-95.0368,0,0,0,0,0,0.0,0.0,118.33861990663246,True
2008,4,34.2127,-94.813,0,0,0,0,0,0.0,0.0,126.72482347843692,True
2008,2,30.9705,-90.3039,0,0,0,0,0,8000.0,0.0,51.10412683036895,True
2008,2,30.6155,-90.5,1,1,0,0,0,25000.0,0.0,13.867706844547069,True
2008,2,29.63,-89.95,0,0,0,0,0,0.0,0.0,108.26846163940033,True
2008,2,30.7072,-90.75,0,0,0,0,0,0.0,0.0,38.85936023503013,True
2008,2,30.88,-89.9986,0,0,0,0,0,20000.0,0.0,55.97925190717617,True
2008,1,34.7168,-88.2335,1,0,0,0,0,25000.0,0.0,91.59027866010238,True
2008,2,30.4414,-89.1512,0,0,0,0,0,0.0,0.0,91.198684206084,True
2008,2,31.25,-90.3346,0,0,0,0,0,0.0,0.0,81.51334679506297,True
2008,2,24.7028,-81.0857,0,0,0,0,0,2000.0,0.0,63.51913985696145,True
2008,2,30.0,-90.47,0,0,0,0,0,0.0,0.0,58.08886833029195,True
2008,8,27.1517,-80.2187,0,0,0,0,0,20000.0,0.0,115.1935618701387,True
2008,8,27.3935,-80.3665,0,0,0,0,0,10000.0,0.0,84.87907528316026,True
2008,3,31.17,-90.7793,1,0,0,0,0,150000.0,0.0,80.56601029099522,True
2008,6,31.99,-81.07,1,0,0,0,0,3100000.0,0.0,74.04857021179295,True
2008,8,41.1709,-102.3054,0,0,0,0,0,0.0,0.0,168.3859842194499,True
2008,7,42.53,-96.45,0,0,0,0,0,0.0,0.0,119.78088506352182,True
2008,8,42.26,-100.32,0,0,0,0,0,0.0,0.0,39.68402415394096,True
2008,7,39.37,-101.4379,0,0,0,0,0,0.0,0.0,22.556639260104056,True
2008,7,43.5835,-95.5006,0,0,0,0,0,0.0,0.0,98.9301598524432,True
2008,6,36.6456,-94.3343,0,0,0,2,0,25000.0,0.0,105.78169518650343,True
2008,6,38.0892,-92.9131,1,0,0,0,0,10000.0,0.0,104.1867084050212,True
2008,6,43.62,-97.1,0,0,0,0,0,0.0,0.0,30.096337283221633,True
2008,6,43.86,-96.69,1,0,0,0,0,10000.0,0.0,30.431402774926198,True
2008,3,32.33,-81.2,2,0,0,0,0,3000000.0,0.0,39.10528962326599,True
2008,6,38.97,-77.72,0,0,0,0,0,15000.0,0.0,20.11050197173102,True
2008,6,35.7889,-96.1425,0,0,0,0,0,15000.0,0.0,67.46369493896898,True
2008,6,35.8721,-95.15,0,0,0,0,0,0.0,0.0,50.21347575906404,True
2008,6,38.44,-77.9,0,0,0,0,0,15000.0,0.0,69.531498539522,True
2008,5,39.55,-83.78,0,0,0,0,0,5000.0,0.0,14.861762957593827,True
2008,5,39.7895,-83.7169,0,0,0,0,0,1000.0,0.0,42.025997982531834,True
2008,6,39.07,-78.04,1,0,0,0,0,20000.0,0.0,48.85719418524843,True
2008,3,35.9249,-80.4957,0,0,0,0,0,15000.0,0.0,123.82670270945151,True
2008,6,38.42,-77.63,1,0,0,0,0,25000.0,0.0,63.05993194470551,True
2008,7,38.7898,-77.5394,0,0,0,0,0,50000.0,0.0,21.19711526440553,True
2008,7,38.6695,-78.167,0,0,0,0,0,15000.0,0.0,68.02501626946808,True
2008,8,34.5179,-81.3983,0,0,0,0,0,5000.0,0.0,68.32572952986243,True
2008,12,31.4999,-89.9883,0,0,0,0,0,0.0,0.0,86.74281583415501,True
2008,12,31.54,-89.9,1,0,0,0,0,100000.0,0.0,82.66824788401341,True
2008,11,35.3385,-78.4554,1,0,0,0,0,30000.0,0.0,36.4699101020341,True
2008,12,31.9649,-90.3922,0,0,0,0,0,12000.0,0.0,51.981566707160745,True
2008,12,31.9474,-90.4368,1,0,0,0,0,20000.0,0.0,56.41609292673431,True
2008,11,36.2744,-96.3883,0,0,0,2,0,50000.0,0.0,74.75092499425867,True
2008,5,33.707,-93.596,0,0,0,0,0,5000.0,0.0,141.5361572220619,True
2008,5,42.5512,-92.882,2,0,0,0,0,300000.0,2000.0,114.55084799101951,True
2008,5,42.556,-92.8616,5,9,0,50,0,75000000.0,75000.0,115.99642215074337,True
2008,11,35.5891,-78.0991,2,0,0,0,0,0.0,0.0,36.331317198768964,True
2008,8,35.58,-77.93,0,0,0,0,0,100000.0,100000.0,51.49709230161124,True
2008,12,32.962,-90.201,2,0,0,0,0,700000.0,0.0,78.50125944624425,True
2008,5,42.5664,-92.5547,2,0,0,20,0,25000000.0,155000.0,133.7924916551295,True
2008,5,42.5501,-92.6822,0,0,0,0,0,1000.0,1000.0,125.12027829472326,True
2008,11,35.4622,-78.2707,0,0,0,0,0,75000.0,0.0,30.05590060649511,True
2008,6,38.3821,-77.4868,1,0,0,0,0,20000.0,0.0,66.04981437644639,True
2008,6,39.0318,-76.9958,0,0,0,0,0,2000.0,0.0,42.936727194091496,True
2008,6,39.2994,-78.1554,0,0,0,0,0,8000.0,0.0,67.90076847177987,True
2008,5,32.202,-94.524,1,0,0,0,0,400000.0,0.0,69.86519618683612,True
2008,6,38.7,-76.56,0,0,0,0,0,400000.0,0.0,85.99887322482273,True
2008,5,34.443,-94.707,0,0,0,0,0,0.0,0.0,99.34896428671519,True
2008,5,33.582,-93.312,1,0,0,0,0,0.0,0.0,135.11292148285358,True
2008,5,34.241,-94.026,1,0,0,0,0,100000.0,0.0,120.65490802168092,True
2008,5,32.183,-94.764,1,0,0,0,0,50000.0,0.0,91.68416156736956,True
2008,6,37.87,-102.36,0,0,0,0,0,5000.0,0.0,176.04242879842928,True
2008,6,42.99,-98.45,1,0,0,0,0,100000.0,0.0,154.34730154200514,True
2008,6,43.8351,-95.7589,1,0,0,0,0,20000.0,0.0,82.67003072952312,True
2008,6,43.848,-95.7455,1,0,0,0,0,50000.0,0.0,84.16074066018511,True
2008,6,43.9028,-95.6053,1,0,0,1,0,100000.0,0.0,96.81500556343373,True
2008,6,44.133,-95.19,0,0,0,0,0,5000.0,0.0,137.4672980763945,True
2008,6,40.38,-92.96,0,0,0,0,0,0.0,0.0,163.28343047054022,True
2008,6,40.44,-92.96,0,0,0,0,0,0.0,0.0,157.15489543802155,True
2008,6,33.26,-80.24,0,0,0,1,0,20000.0,0.0,100.59554551035494,True
2008,6,32.74,-80.09,0,0,0,0,0,35000.0,0.0,89.5938037580701,True
2008,7,44.79,-99.1,0,0,0,0,0,0.0,0.0,91.57598123619505,True
2008,6,37.8813,-101.7895,0,0,0,0,0,0.0,0.0,160.47375141777772,True
2008,6,42.98,-95.67,0,0,0,0,0,0.0,0.0,109.14857964686757,True
2008,6,42.93,-95.55,1,0,0,0,0,5000.0,0.0,120.26052989964374,True
2008,6,43.0121,-95.28,2,0,0,0,0,300000.0,0.0,133.58266165785727,True
2008,6,43.16,-95.02,0,0,0,0,0,0.0,0.0,146.07975823708642,True
2008,6,42.98,-94.99,0,0,0,0,0,0.0,0.0,156.13425877789703,True
2008,6,39.0558,-100.047,0,0,0,0,0,0.0,0.0,144.15486840694354,True
2008,6,43.97,-104.92,0,0,0,0,0,0.0,0.0,167.9188713654486,True
2008,6,43.33,-96.0,0,0,0,0,0,0.0,0.0,65.44062089671463,True
2008,6,43.34,-95.83,0,0,0,0,0,0.0,0.0,77.6000337082371,True
2008,6,42.54,-95.97,0,0,0,0,0,0.0,0.0,131.81097502070023,True
2008,5,39.0091,-99.5459,0,0,0,0,0,0.0,0.0,143.61350504484915,True
2008,6,35.11,-101.36,0,0,0,0,0,11000.0,0.0,34.58189147853212,True
2008,7,37.2187,-77.4245,1,0,0,0,0,500000.0,0.0,45.27065393362923,True
2008,6,36.63,-100.66,0,0,0,0,0,0.0,0.0,139.85090299655477,True
2008,10,30.79,-82.56,0,0,0,0,0,0.0,0.0,43.62824752230055,True
2008,5,38.9622,-99.5526,0,0,0,0,0,0.0,0.0,138.4286015720153,True
2008,6,36.47,-100.65,0,0,0,0,0,0.0,0.0,155.72085309804655,True
2008,5,36.6845,-96.33,0,0,0,0,0,0.0,0.0,88.90756788888481,True
2008,5,36.324,-94.2772,1,0,0,0,0,100000.0,0.0,115.18335510028545,True
2008,5,35.57,-93.7844,0,0,0,0,0,0.0,0.0,60.86133138744891,True
2008,9,36.2239,-77.1189,0,0,0,0,0,75000.0,0.0,85.08896318434638,True
2008,10,31.1399,-86.4719,0,0,0,0,0,50000.0,0.0,82.73456889301275,True
2008,5,38.279,-100.2445,0,0,0,0,0,0.0,0.0,62.471932192887145,True
2008,5,37.4707,-98.651,0,0,0,0,0,0.0,0.0,93.49761978547386,True
2008,5,37.4318,-98.6359,0,0,0,0,0,0.0,0.0,89.0894904734329,True
2008,11,33.671,-80.542,0,0,0,0,0,10000.0,5000.0,61.56987081185333,True
2008,5,38.2325,-100.2318,0,0,0,0,0,0.0,0.0,57.28437356299935,True
2008,9,20.8104,-156.9404,0,0,0,0,0,0.0,0.0,43.64812580497692,True
2008,5,37.0724,-100.0556,0,0,0,0,0,0.0,0.0,76.93207736361401,True
2008,8,34.8319,-104.5672,0,0,0,0,0,0.0,0.0,208.58458496318858,True
2008,5,37.1922,-98.8663,0,0,0,0,0,0.0,0.0,82.62777788152992,True
2008,9,37.09,-92.14,0,0,0,0,0,0.0,0.0,112.838735309165,True
2008,8,35.58,-105.84,0,0,0,0,0,0.0,0.0,101.23461065788021,True
2008,5,37.0717,-98.9081,0,0,0,0,0,0.0,0.0,78.55461266412344,True
2008,5,37.4359,-98.6618,0,0,0,0,0,0.0,0.0,90.66181402293017,True
2008,5,35.2445,-90.5047,3,0,0,4,0,2000000.0,0.0,58.37434651839472,True
2008,5,38.5127,-100.872,0,0,0,0,0,0.0,0.0,115.0136931655853,True
2008,5,39.0136,-99.6749,0,0,0,0,0,0.0,0.0,141.6382865924811,True
2008,5,38.4143,-99.4697,0,0,0,0,0,0.0,0.0,84.78419775094216,True
2008,5,38.5117,-99.2849,0,0,0,0,0,0.0,0.0,102.71039615783278,True
2008,5,38.4978,-99.2177,0,0,0,0,0,0.0,0.0,105.03438014541562,True
2008,5,38.4738,-99.2103,0,0,0,0,0,0.0,0.0,103.38708785479095,True
2008,5,38.5526,-99.0556,0,0,0,0,0,0.0,0.0,118.85839878630776,True
2008,9,30.755,-98.435,0,0,0,0,0,0.0,0.0,100.632936506042,True
2008,5,38.8186,-99.9591,0,0,0,0,0,0.0,0.0,117.62175437189165,True
2008,5,38.9665,-100.125,0,0,0,0,0,0.0,0.0,134.7535332982598,True
2008,8,34.4922,-104.4151,0,0,0,0,0,0.0,0.0,222.68075761074363,True
2008,5,37.2397,-99.8949,0,0,0,0,0,0.0,0.0,58.31335590666246,True
2008,10,31.3251,-85.7287,0,0,0,0,0,150000.0,0.0,29.67024362562149,True
2008,10,31.4934,-85.4109,0,0,0,0,0,75000.0,0.0,5.8719220845873785,True
2008,5,37.7748,-100.4489,0,0,0,0,0,0.0,0.0,42.22205567856437,True
2008,9,33.9303,-89.5882,0,0,0,0,0,200.0,0.0,116.23804079440556,True
2008,9,34.1872,-89.4649,0,0,0,0,0,0.0,0.0,109.50786710562737,True
2008,6,42.1721,-88.8767,1,0,0,0,0,25000.0,0.0,91.02279031438394,True
2008,5,37.5271,-99.38,0,0,0,0,0,0.0,0.0,57.997760412046745,True
2008,5,38.5225,-100.4732,0,0,0,0,0,0.0,0.0,95.48906156973715,True
2008,9,24.5697,-81.7945,0,0,0,0,0,0.0,0.0,9.70358999077261,True
2008,5,35.9795,-94.0253,0,0,0,0,0,0.0,0.0,82.43995026650009,True
2008,8,34.3505,-116.5859,1,0,0,0,0,10000.0,0.0,121.8255396653687,True
2008,5,38.6068,-100.5493,0,0,0,0,0,0.0,0.0,106.87435720199859,True
2008,5,37.8101,-98.9219,0,0,0,0,0,0.0,0.0,92.1695268218909,True
2008,9,33.85,-109.38,0,0,0,0,0,0.0,0.0,185.5939433764347,True
2008,9,24.6179,-81.5923,0,0,0,0,0,0.0,0.0,11.464146499731127,True
2008,5,37.6262,-99.2516,0,0,0,0,0,0.0,0.0,64.86282840093247,True
2008,5,37.7044,-99.1778,0,0,0,0,0,0.0,0.0,69.85080712072342,True
2008,5,37.4099,-99.3049,0,0,0,0,0,0.0,0.0,70.32593529961919,True
2008,5,38.6333,-100.4664,1,0,0,0,0,0.0,0.0,106.31028227011356,True
2008,5,38.3177,-100.1422,0,0,0,0,0,0.0,0.0,63.75430270096682,True
2008,5,38.4091,-100.0843,0,0,0,0,0,0.0,0.0,72.78868387456785,True
2008,5,36.0592,-95.8125,0,0,0,0,0,75000.0,0.0,25.75846319209353,True
2008,9,36.68,-76.94,0,0,0,0,0,0.0,0.0,34.31979362952532,True
2008,9,31.693,-89.3554,0,0,0,0,0,80000.0,0.0,88.20290844406497,True
2008,9,32.2214,-89.1025,0,0,0,0,0,1000.0,0.0,83.19281572943432,True
2008,9,32.224,-89.1022,0,0,0,0,0,12000.0,0.0,83.19762372363653,True
2008,9,31.64,-90.51,0,0,0,0,0,0.0,0.0,86.73234490246452,True
2008,9,31.6993,-89.4861,1,0,0,0,0,425000.0,0.0,79.86258559985666,True
2008,9,32.2863,-90.8659,0,0,0,0,0,150000.0,0.0,82.86553277297413,True
2008,9,31.4246,-90.8954,0,0,0,0,0,100000.0,0.0,110.86599405202868,True
2008,9,31.7277,-90.3299,1,0,0,0,0,200000.0,100000.0,69.5163979441231,True
2008,9,31.5105,-90.3493,0,0,0,0,0,0.0,0.0,92.236190018127,True
2008,3,33.1,-81.9,1,0,0,0,0,100000.0,0.0,94.12581222115868,True
2008,5,36.1734,-97.7825,0,0,0,0,0,10000.0,0.0,70.2350716627645,True
2008,5,36.176,-97.7363,0,0,0,0,0,20000.0,0.0,71.89269632957112,True
2008,5,36.165,-97.4,0,0,0,0,0,0.0,0.0,91.28658414887646,True
2008,9,31.6347,-91.8625,1,0,0,0,0,600000.0,0.0,118.35705586525191,True
2008,9,31.3544,-91.8375,1,0,0,0,0,7000.0,0.0,110.44789933959579,True
2008,9,31.6582,-91.8334,1,0,0,0,0,400000.0,0.0,121.9927251800426,True
2008,9,31.7074,-91.8093,1,0,0,0,0,150000.0,0.0,126.56521145269275,True
2008,11,35.7532,-77.9195,3,1,0,4,0,1000000.0,200000.0,52.42958815181518,True
2008,9,31.423,-89.8139,0,0,0,0,0,1000.0,0.0,96.6446656897496,True
2008,9,31.43,-89.8243,0,0,0,0,0,1000.0,0.0,95.7170624243392,True
2008,9,31.8857,-89.2095,0,0,0,0,0,0.0,0.0,85.16195819333045,True
2008,9,31.9552,-89.3166,0,0,0,0,0,0.0,0.0,72.52656350714405,True
2008,9,31.9967,-88.8382,0,0,0,0,0,10000.0,0.0,112.4278593609642,True
2008,9,32.4183,-89.4335,1,0,0,0,0,20000.0,0.0,53.990775684701745,True
2008,9,32.5083,-89.8946,0,0,0,0,0,0.0,0.0,26.75158557577807,True
2008,11,34.7925,-78.9211,0,0,0,0,0,50000.0,0.0,100.08435383270725,True
2008,11,35.0863,-78.6197,0,0,0,0,0,25000.0,0.0,65.44365958153247,True
2008,5,36.158,-97.405,0,0,0,0,0,0.0,0.0,91.51996800080833,True
2008,5,36.174,-97.961,0,0,0,0,0,5000.0,0.0,64.76349262645563,True
2008,9,30.9515,-89.1832,0,0,0,0,0,2000.0,0.0,95.04177954544757,True
2008,9,31.1372,-89.3856,0,0,0,0,0,2000.0,0.0,119.30987505834669,True
2008,9,31.3032,-89.5815,0,0,0,0,0,10000.0,0.0,115.09667214273138,True
2008,9,34.5518,-77.2972,0,0,0,0,0,0.0,0.0,45.84499912948673,True
2008,9,31.9213,-89.4332,0,0,0,0,0,0.0,0.0,65.47408477032141,True
2008,9,32.1322,-89.45,0,0,0,0,0,0.0,0.0,52.900553087168646,True
2008,12,33.6243,-86.4544,1,0,0,0,0,82000.0,0.0,58.19747530589023,True
2008,12,32.96,-90.58,0,0,0,0,0,0.0,0.0,93.95990524386393,True
2008,8,24.7059,-81.3716,0,0,0,0,0,1000.0,0.0,35.64704335014,True
2008,8,24.6598,-81.4742,0,0,0,0,0,1000.0,0.0,24.19209802362697,True
2008,12,32.7,-90.93,0,0,0,0,0,0.0,0.0,100.23032695693261,True
2008,5,40.94,-93.69,1,0,0,0,0,0.0,0.0,88.00905069585967,True
2008,10,31.0191,-81.8052,0,0,0,0,0,500.0,0.0,60.244571497388236,True
2008,12,32.1046,-90.0508,2,0,0,0,0,800000.0,0.0,20.477801680561804,True
2008,12,32.76,-90.46,1,0,0,0,0,700000.0,0.0,69.54826819278358,True
2008,12,33.8221,-87.1446,2,0,0,0,0,100000.0,0.0,80.21736650052513,True
2008,12,32.1554,-89.999,1,0,0,0,0,100000.0,0.0,13.92132301677222,True
2008,11,35.5783,-78.115,2,1,0,2,0,500000.0,200000.0,35.24805640566481,True
2008,12,31.6401,-89.1819,1,0,0,2,0,250000.0,0.0,103.89774326527076,True
2008,12,31.6,-91.11,1,0,0,0,0,300000.0,200000.0,130.3720818846186,True
2008,9,29.907,-90.1298,1,0,0,0,0,1700000.0,0.0,73.15451304115541,True
2008,11,26.0814,-97.2544,0,0,0,0,0,1000.0,0.0,24.68607525327268,True
2008,12,33.4499,-89.6395,1,0,0,0,0,110000.0,0.0,131.04407612476498,True
2008,12,31.5403,-91.4017,1,0,0,0,0,2500000.0,0.0,147.8395345927446,True
2008,12,32.2368,-89.8759,1,0,0,0,0,100000.0,0.0,11.279678851920709,True
2008,12,33.0,-89.8153,1,0,0,0,0,300000.0,0.0,81.61281532869297,True
2008,12,31.6106,-91.0402,1,0,0,0,0,50000.0,300000.0,124.35143653821675,True
2008,12,31.3136,-89.3567,1,0,0,0,0,700000.0,0.0,122.74573827861343,True
2008,12,33.7176,-87.3904,1,0,0,0,0,215000.0,0.0,83.65275165055886,True
2008,12,34.738,-86.069,2,0,0,0,0,300000.0,0.0,21.452066411966648,True
2008,7,44.9383,-101.718,0,0,0,0,0,0.0,0.0,126.30534601183149,True
2008,12,40.48,-90.4643,0,0,0,0,0,0.0,0.0,102.37680760959476,True
2008,1,38.6503,-85.614,1,0,0,0,0,70000.0,0.0,80.38858627471893,True
2008,12,33.7976,-87.3403,0,0,0,0,0,5000.0,0.0,87.4071762184409,True
2008,12,32.6373,-93.4154,1,0,0,0,0,200000.0,0.0,44.98007025354994,True
2008,12,21.9422,-159.6577,0,0,0,0,0,0.0,0.0,12.10986123503078,True
2008,4,32.4663,-97.2438,1,0,0,0,0,25000000.0,0.0,13.080708716341798,True
2008,5,32.9954,-82.6183,0,0,0,0,0,2000.0,0.0,77.18115808653899,True
2008,5,34.1465,-84.5173,1,0,1,4,1,46000000.0,0.0,87.20002452597109,True
2008,4,32.6133,-96.859,1,0,0,0,0,1000000.0,0.0,41.85107696500723,True
2008,12,39.2399,-91.6986,1,0,0,0,0,0.0,0.0,106.44845812350309,True
2008,12,33.0216,-95.2119,0,0,0,0,0,15000.0,0.0,143.05065636509346,True
2008,12,31.6908,-92.21,2,0,0,1,0,750000.0,0.0,93.94918863936243,True
2008,1,36.847,-89.836,1,0,0,0,0,250000.0,0.0,97.6956404240444,True
2008,12,33.57,-96.92,1,0,0,1,0,400000.0,0.0,116.49179441631483,True
2008,12,31.3123,-92.5396,1,0,0,0,0,300000.0,0.0,45.00149830029413,True
2008,12,31.09,-92.73,1,0,0,0,0,200000.0,0.0,24.500167812914988,True
2008,12,33.7149,-96.6066,2,0,0,3,0,750000.0,0.0,142.59691006140235,True
2008,1,37.46,-89.51,1,0,0,0,0,75000.0,0.0,78.50260900757178,True
2008,9,33.3796,-91.2497,0,0,0,0,0,0.0,0.0,170.07370884943398,True
2008,10,34.2334,-89.0244,1,0,0,0,0,15000.0,0.0,74.16772336188667,True
2008,1,39.8397,-84.5592,0,0,0,0,0,25000.0,0.0,78.51517247653345,True
2008,1,36.8223,-93.5805,1,0,0,0,0,2000000.0,0.0,48.6274691946309,True
2008,1,37.0253,-93.7302,0,0,0,0,0,75000.0,0.0,37.42465462047114,True
2008,1,36.9803,-92.8142,0,0,0,0,0,75000.0,0.0,59.20159140961397,True
2008,1,37.0375,-92.3658,1,0,0,0,0,125000.0,0.0,94.29971367925192,True
2008,1,37.1904,-92.302,0,0,0,0,0,100000.0,0.0,97.38466732687802,True
2008,2,38.0179,-85.34,0,0,0,1,0,200000.0,100000.0,53.12791497751172,True
2008,1,37.2068,-92.2469,1,0,0,0,0,100000.0,0.0,102.17402670328426,True
2008,1,36.6723,-91.4224,0,0,0,0,0,1000.0,0.0,186.56080444122222,True
2008,1,38.2183,-85.7945,1,0,0,0,0,3000000.0,0.0,30.019189291420965,True
2008,1,37.133,-91.5177,1,0,0,0,0,0.0,0.0,167.15889070416426,True
2008,1,37.1563,-91.3117,1,0,0,0,0,75000.0,0.0,180.17757735731735,True
2008,1,37.9009,-92.0609,3,0,0,3,0,1000000.0,0.0,139.32926630500958,True
2008,1,33.7297,-88.2509,3,0,0,0,0,105000.0,0.0,19.950233775572247,True
2008,1,38.5299,-86.1105,1,0,0,0,0,60000.0,50000.0,63.364956024793365,True
2008,1,37.9115,-92.0308,3,0,0,0,0,110000.0,0.0,142.19618528663702,True
2008,1,33.6558,-88.3733,3,0,0,11,0,7000000.0,0.0,27.11842026619119,True
2008,2,37.4031,-85.9556,1,0,0,0,0,500000.0,0.0,63.63075858622407,True
2008,2,38.268,-85.2028,2,0,0,0,0,175000.0,0.0,72.54022853851137,True
2008,2,38.0732,-84.1446,0,0,0,0,0,200000.0,0.0,90.60958569075991,True
2008,1,31.6949,-91.2411,0,0,0,0,0,0.0,0.0,135.19862263905642,True
2008,8,27.8807,-80.5135,1,0,0,2,0,420000.0,0.0,29.30853357555761,True
2008,1,38.0115,-91.8924,1,0,0,0,0,5000.0,0.0,130.25600013814255,True
2008,4,34.407,-80.965,1,0,0,0,0,0.0,0.0,52.894201311774665,True
2008,1,37.0531,-93.6193,0,0,0,0,0,0.0,0.0,28.05738973855166,True
2008,1,37.1065,-93.5319,2,0,0,0,0,2000000.0,0.0,18.467438657930103,True
2008,1,37.486,-92.7777,3,0,0,12,0,8000000.0,0.0,61.683485485029514,True
2008,1,37.223,-93.1744,2,0,0,0,0,1000000.0,0.0,20.04408495145009,True
2008,1,37.2689,-93.0663,2,0,0,0,0,1000000.0,0.0,29.79491076257839,True
2008,1,38.0523,-91.8472,0,0,0,1,0,5000000.0,0.0,124.38683527048352,True
2008,1,37.2137,-93.2808,1,0,0,0,0,50000.0,0.0,10.846542455359335,True
2008,1,36.93,-93.3077,1,0,0,0,0,250000.0,0.0,34.92360777814583,True
2008,3,34.206,-81.345,1,0,0,0,0,10000.0,0.0,35.411075707681,True
2008,1,30.68,-91.4637,1,0,0,0,0,1500000.0,0.0,102.6596173684338,True
2008,1,36.5165,-94.1439,1,0,0,0,0,300000.0,0.0,103.74381427900052,True
2008,1,36.5808,-94.078,1,0,0,0,0,0.0,0.0,94.4823939129063,True
2008,1,37.4409,-92.9631,1,0,0,0,0,50000.0,0.0,44.90618588448308,True
2008,1,36.6114,-93.9458,1,0,0,0,0,300000.0,0.0,84.64027307295864,True
2008,1,36.8159,-94.008,2,0,0,0,0,500000.0,0.0,71.31039429660764,True
2008,1,36.8104,-93.6722,0,0,0,0,0,0.0,0.0,53.054041843606655,True
2008,5,35.9639,-80.4613,2,0,0,0,0,200000.0,0.0,119.07639133577753,True
2008,1,37.4881,-92.9207,0,0,0,0,0,0.0,0.0,50.860495404567544,True
2008,1,37.1154,-93.0032,0,0,0,0,0,8000.0,0.0,37.62035026215469,True
2008,1,37.5708,-92.7979,2,0,0,0,0,100000.0,0.0,64.98500954232563,True
2008,3,34.545,-80.3,1,0,0,0,0,25000.0,0.0,100.2961550363195,True
2008,1,37.2754,-93.1644,3,1,0,0,0,1000000.0,0.0,21.347279745362663,True
2008,1,37.3126,-93.0841,3,2,0,6,0,10000000.0,0.0,29.267377211257664,True
2008,1,32.06,-89.75,0,0,0,0,0,12000.0,0.0,32.94386099503814,True
2008,1,40.5011,-89.35,1,0,0,0,0,30000.0,0.0,39.0021330854494,True
2008,1,33.2154,-89.3185,3,0,0,3,0,3000000.0,1700000.0,118.93839337290889,True
2008,2,32.9513,-83.6903,0,0,0,0,0,50000.0,0.0,44.14473360593179,True
2008,1,42.5488,-88.3334,1,0,0,0,0,100000.0,0.0,49.84653405358709,True
2008,2,38.3633,-84.3778,2,0,0,1,0,500000.0,200000.0,126.83491791132668,True
2008,1,42.624,-87.8659,1,0,0,0,0,7930000.0,0.0,67.68848604747258,True
2008,2,37.6663,-85.1817,1,0,0,0,0,60000.0,0.0,75.24761107291795,True
2008,2,36.9614,-87.6479,2,0,0,2,0,4400000.0,0.0,40.83202276829269,True
2008,1,35.2629,-90.6479,0,0,0,0,0,25000.0,0.0,70.8753618026837,True
2008,1,34.12,-119.12,0,0,0,0,0,0.0,0.0,32.8751549152384,True
2008,1,42.5634,-88.3053,3,0,0,15,0,13710000.0,0.0,49.21950532460274,True
2008,1,35.3541,-93.0075,2,1,0,1,0,3500000.0,0.0,88.96599463794182,True
2008,1,32.7655,-89.25,0,0,0,0,0,130000.0,0.0,87.4985306809182,True
2008,2,35.4445,-77.58,2,0,0,3,0,500000.0,0.0,85.90374748767167,True
2008,1,37.2795,-92.8496,0,0,0,0,0,15000.0,0.0,48.98324273076618,True
2008,1,37.3418,-92.8633,0,0,0,0,0,750000.0,0.0,48.958207839181775,True
2008,1,36.967,-93.3042,1,0,0,1,0,200000.0,0.0,31.023146910939648,True
2008,1,35.9066,-89.4623,1,0,0,0,0,250000.0,0.0,72.68871024682561,True
2008,1,35.9407,-89.397,1,0,0,0,0,20000.0,0.0,79.0214155859467,True
2008,1,31.99,-90.1,1,0,0,0,0,400000.0,200000.0,34.03181151620807,True
2008,1,32.8954,-89.9979,3,0,0,3,0,3000000.0,700000.0,68.44208815477467,True
2008,1,35.4609,-92.7321,1,0,0,0,0,100000.0,0.0,81.54531282447742,True
2008,1,35.411,-92.8517,2,0,0,1,0,1750000.0,0.0,83.42325527504671,True
2008,1,33.3133,-87.8629,1,0,0,0,0,50000.0,0.0,77.94920763440096,True
2008,1,35.4445,-90.2921,1,0,0,0,0,50000.0,0.0,39.54725854533412,True
2008,1,35.6406,-89.9784,1,0,0,0,0,100000.0,0.0,34.2478948772145,True
2008,1,32.9624,-89.8946,1,0,0,0,0,20000.0,150000.0,76.34557384372695,True
2008,1,33.132,-89.5233,3,0,0,0,0,1000000.0,500000.0,104.1012871703622,True
2008,1,45.6787,-122.6924,1,0,0,0,0,525000.0,0.0,21.551730649333535,True
2008,2,35.63,-77.2122,1,0,0,0,0,50000.0,0.0,99.75962235971855,True
2008,2,35.7988,-77.0069,1,0,0,0,0,100000.0,0.0,114.3641673874993,True
2008,2,36.6332,-90.5159,1,0,0,0,0,100000.0,0.0,154.49573915928008,True
2008,2,33.02,-92.7645,0,0,0,0,0,200000.0,0.0,118.9461752897816,True
2008,1,39.3665,-91.0555,0,0,0,0,0,0.0,0.0,80.91615574265018,True
2008,9,30.5379,-92.5113,2,2,0,2,0,300000.0,0.0,81.71598712934835,True
2008,1,39.4289,-90.8439,0,0,0,0,0,0.0,0.0,82.35789234692876,True
2008,2,32.2411,-84.83,0,0,0,0,0,35000.0,0.0,95.9216648363081,True
2008,2,35.63,-77.1768,1,0,0,0,0,50000.0,0.0,98.82338792842366,True
2008,3,31.58,-81.37,0,0,0,0,0,0.0,0.0,123.51263029308174,True
2008,2,33.58,-85.0279,1,0,0,1,0,7000000.0,0.0,49.16639268871833,True
2008,2,32.4855,-84.42,0,0,0,0,0,200000.0,0.0,98.55462742169273,True
2008,1,36.3301,-119.3617,0,0,0,0,0,750000.0,0.0,24.292483103102395,True
2008,12,33.7666,-85.2318,0,0,0,0,0,600000.0,0.0,76.27723453246658,True
2008,1,33.482,-87.5095,3,0,0,0,0,435000.0,0.0,76.89421902490254,True
2008,5,33.1769,-82.8691,1,0,0,0,0,75000.0,0.0,71.68419593142295,True
2008,5,33.1777,-82.873,0,0,0,0,0,500.0,0.0,71.52569161808758,True
2008,1,35.3243,-87.587,2,0,0,0,0,200000.0,0.0,138.09841826445592,True
2008,2,36.6384,-88.1571,1,0,0,0,0,35000.0,0.0,72.65026638327176,True
2008,2,36.8062,-87.88,1,0,0,0,0,60000.0,0.0,53.55884977696961,True
2008,1,31.6402,-85.5289,1,0,0,0,0,70000.0,5000.0,21.03434153451469,True
2008,2,30.14,-93.35,0,0,0,0,0,0.0,0.0,13.001299914571208,True
2008,2,30.8195,-92.065,0,0,0,0,0,20000.0,0.0,94.51181626419407,True
2008,2,30.6911,-91.9,1,0,0,0,0,125000.0,0.0,114.87018721590414,True
2008,2,36.6403,-86.1132,3,4,0,11,0,1250000.0,0.0,59.37700694389434,True
2008,2,30.6066,-84.7538,1,0,0,1,0,200000.0,0.0,46.88168194627659,True
2008,2,28.347,-80.608,0,0,0,0,0,200000.0,0.0,26.40890878744697,True
2008,2,29.99,-93.57,0,0,0,0,0,0.0,0.0,37.25400502949741,True
2008,2,30.9174,-91.9992,0,0,0,0,0,20000.0,0.0,96.73554692544575,True
2008,2,35.4951,-89.5462,1,0,0,0,0,75000.0,0.0,34.03410356843802,True
2008,2,35.3884,-89.6662,0,0,0,0,0,5000.0,0.0,19.399498248678004,True
2008,2,33.4393,-85.0868,1,0,0,0,0,150000.0,0.0,49.0935313729346,True
2008,4,41.5779,-102.9768,1,0,0,0,0,300000.0,0.0,159.8366093734855,True
2008,2,35.2336,-89.6379,0,0,0,0,0,25000.0,0.0,24.683404322953976,True
2008,2,30.7531,-90.7022,1,0,0,0,0,30000.0,0.0,38.33582942279727,True
2008,3,29.828,-83.5956,2,0,0,2,0,500000.0,0.0,94.78864407401332,True
2008,2,35.204,-89.667,0,0,0,0,0,25000.0,0.0,24.40632813906967,True
2008,4,32.5746,-101.8783,0,0,0,0,0,0.0,0.0,76.02642821493927,True
2008,4,32.5664,-101.8533,0,0,0,0,0,0.0,0.0,76.13112498305759,True
2008,2,31.7071,-85.6709,1,0,0,0,0,35000.0,0.0,33.95629875621029,True
2008,2,33.1452,-85.7857,0,0,0,0,0,10000.0,0.0,67.66984233359388,True
2008,2,26.0884,-80.1894,0,0,0,0,0,350000.0,0.0,57.65547522188992,True
2008,2,35.6772,-88.8646,4,0,0,51,0,100000000.0,0.0,98.50358347287732,True
2008,2,34.9192,-88.7856,1,0,0,4,0,250000.0,0.0,109.64956186871294,True
2008,2,30.73,-91.6337,1,0,0,0,0,150000.0,0.0,119.64818378539802,True
2008,2,32.1715,-86.8239,2,0,0,10,0,215000.0,0.0,105.28359492989206,True
2008,2,32.4873,-87.1105,2,0,0,0,0,350000.0,0.0,82.51889301524656,True
2008,2,31.619,-86.0116,1,0,0,0,0,60000.0,0.0,55.219440003690735,True
2008,2,32.9988,-86.0854,1,0,0,0,0,100000.0,0.0,58.352961415681996,True
2008,2,35.0975,-93.0733,0,0,0,0,0,0.0,0.0,79.42972974666428,True
2008,2,35.1176,-93.0528,1,0,0,0,0,50000.0,0.0,78.54849828178367,True
2008,2,32.3997,-86.4767,3,0,0,50,0,10000000.0,0.0,66.21987712081744,True
2008,2,32.4651,-86.4143,1,0,0,0,0,100000.0,0.0,59.10791095685005,True
2008,2,33.0553,-86.013,0,0,0,0,0,5000.0,0.0,61.331415738651124,True
2008,2,35.553,-89.0739,3,2,0,14,0,10000000.0,0.0,76.02788464566318,True
2008,2,35.3989,-89.3173,2,0,0,0,0,200000.0,0.0,50.773720618413506,True
2008,2,32.0864,-85.1621,2,0,0,4,0,120000.0,0.0,75.05110281436318,True
2008,3,33.7961,-93.9616,0,0,0,0,0,200000.0,0.0,150.0064948440654,True
2008,3,33.6115,-94.131,0,0,0,0,0,20000.0,0.0,131.85692590311427,True
2008,4,40.85,-92.42,0,0,0,0,0,25000.0,0.0,146.44643365754322,True
2008,2,35.8547,-87.2142,2,0,0,0,0,250000.0,0.0,73.0582768393595,True
2008,2,34.9754,-90.0086,2,0,0,0,0,28400000.0,0.0,42.86808822403717,True
2008,2,36.3822,-86.3358,3,7,1,14,0,10000000.0,0.0,25.25561711403386,True
2008,2,33.1039,-86.3053,0,0,0,0,0,5000.0,0.0,43.89890623091984,True
2008,2,33.5637,-87.6666,1,0,0,0,0,25000.0,0.0,71.6048631831802,True
2008,2,33.606,-87.5864,0,0,0,0,0,10000.0,0.0,75.91046524849881,True
2008,2,34.0445,-86.867,0,0,0,0,0,0.0,0.0,97.44157490943611,True
2008,2,36.7033,-85.9673,3,0,0,0,0,30000.0,200000.0,73.512468456237,True
2008,2,32.9955,-86.5022,2,0,0,0,0,115000.0,0.0,31.719468716181748,True
2008,3,31.4195,-93.8499,0,0,0,0,0,1000.0,0.0,88.10097878604304,True
2008,2,25.8481,-81.39,0,0,0,0,0,444590.0,0.0,101.36339578566411,True
2008,2,35.81,-87.822,0,0,0,0,0,0.0,0.0,113.73040715552216,True
2008,2,33.0346,-85.9943,0,0,0,0,0,10000.0,0.0,58.579355107757394,True
2008,2,35.8708,-87.6639,0,0,0,0,0,0.0,0.0,102.09082941784078,True
2008,2,36.0125,-87.3167,0,0,0,0,0,0.0,0.0,72.58901811429774,True
2008,2,36.2083,-86.9514,0,0,0,0,0,0.0,0.0,35.15097769013433,True
2008,2,34.68,-91.2314,0,0,0,0,0,15000.0,0.0,95.735785370163,True
2008,2,35.0712,-92.1407,1,0,0,0,0,100000.0,0.0,28.35248304075714,True
2008,2,35.081,-92.1196,1,0,0,0,0,40000.0,0.0,30.135206161165694,True
2008,2,33.4011,-86.6577,1,0,0,0,0,50000.0,0.0,27.526759133350488,True
2008,2,33.6914,-87.5019,2,0,0,4,0,200000.0,0.0,79.78989530157003,True
2008,4,32.5355,-102.02,0,0,0,0,0,0.0,0.0,67.72877232712436,True
2008,4,32.4355,-101.47,0,0,0,0,0,0.0,0.0,87.03061824200566,True
2008,2,36.2073,-92.6219,1,0,0,1,0,1750000.0,0.0,133.7093020803534,True
2008,2,36.4171,-86.2698,2,2,0,5,0,1000.0,0.0,32.31541873065894,True
2008,4,32.6855,-101.0816,0,0,0,0,0,10000.0,0.0,127.47351103963746,True
2008,2,32.8046,-86.5804,1,0,0,0,0,150000.0,0.0,44.49955771522706,True
2008,2,36.2542,-88.0073,2,0,0,0,0,10000000.0,0.0,83.94563533869538,True
2008,2,36.2667,-92.5154,2,1,0,35,0,15750000.0,0.0,133.46949457498917,True
2008,2,36.2965,-87.9509,2,0,0,0,0,250000.0,0.0,77.05057353494612,True
2008,2,35.8042,-87.2875,2,0,0,1,0,500000.0,0.0,81.71596930476414,True
2008,2,35.2676,-88.2926,4,3,0,5,0,17600000.0,0.0,143.69545325486084,True
2008,4,32.7001,-100.9404,1,0,0,0,0,20000.0,0.0,133.66417081840217,True
2008,2,33.2628,-85.5124,1,0,0,0,0,100000.0,0.0,84.79550355006107,True
2008,2,36.3528,-86.6736,0,0,0,0,0,0.0,0.0,15.393287721210493,True
2008,2,35.8875,-87.0542,0,0,0,0,0,0.0,0.0,59.60775796037505,True
2008,2,36.2022,-88.0768,1,0,0,0,0,0.0,0.0,92.43850127213852,True
2008,2,35.3697,-89.3712,3,1,0,0,0,100000.0,0.0,45.620827471915554,True
2008,4,32.567,-101.782,0,0,0,0,0,0.0,0.0,79.20692534563736,True
2008,2,33.9265,-88.0309,1,0,0,0,0,50000.0,0.0,27.72228193794538,True
2008,2,33.9763,-87.9518,0,0,0,0,0,20000.0,0.0,35.91727154041439,True
2008,2,35.07,-88.6123,1,0,0,0,0,250000.0,0.0,118.57126626674327,True
2008,4,32.6861,-102.677,0,0,0,0,0,0.0,0.0,94.4458081735478,True
2008,2,33.5492,-86.5654,1,1,0,0,0,1000000.0,0.0,46.04161062137939,True
2008,2,36.4303,-88.5194,1,0,0,0,0,150000.0,0.0,74.42810869366156,True
2008,2,35.1401,-93.0295,0,0,0,0,0,10000.0,0.0,77.6519409096582,True
2008,6,41.0361,-94.1795,1,0,0,0,0,0.0,0.0,86.16075661090548,True
2008,6,41.22,-93.528,1,0,0,0,0,150000.0,10000.0,59.10463242951127,True
2008,3,30.1937,-82.6458,2,1,1,5,0,4000000.0,0.0,84.62624126670984,True
2008,12,36.0968,-95.745,1,0,0,0,0,45000.0,0.0,18.423282568965607,True
2008,3,30.8099,-81.4954,0,0,0,0,0,0.0,0.0,41.21151692619206,True
2008,1,38.1939,-87.8725,2,2,0,0,0,200000.0,0.0,14.882913198979523,True
2008,1,38.2056,-87.7975,2,0,0,0,0,50000.0,0.0,8.806039403899753,True
2008,3,30.59,-82.01,0,0,0,0,0,0.0,0.0,31.748418529168816,True
2008,1,37.0599,-86.069,1,0,0,0,0,500000.0,100000.0,100.51863235740227,True
2008,1,37.46,-89.46,1,0,0,0,0,10000.0,0.0,74.86154424126356,True
2008,2,37.7603,-84.8393,1,0,0,0,0,1000000.0,0.0,99.86292233233964,True
2008,2,37.9615,-86.2713,1,0,0,0,0,2000000.0,0.0,28.742617444260702,True
2008,2,37.1591,-87.2314,3,3,0,24,0,21300000.0,0.0,47.21397153059307,True
2008,2,36.4232,-88.5298,0,0,0,0,0,10000.0,0.0,74.90922866326105,True
2008,2,30.7026,-87.3603,1,0,0,0,0,750000.0,0.0,84.12944289101354,True
2008,2,33.5638,-85.2905,3,0,0,1,0,8000000.0,0.0,70.82183410954507,True
2008,4,40.6696,-93.0812,1,0,0,0,0,75000.0,0.0,129.66682632573807,True
2008,4,40.857,-93.0027,1,0,0,0,0,75000.0,0.0,114.30867989292125,True
2008,4,41.1942,-92.7125,1,0,0,0,0,100000.0,0.0,103.2082783350653,True
2008,4,41.5463,-92.4266,1,0,0,0,0,100000.0,0.0,109.66157286666389,True
2008,4,40.6361,-93.4821,0,0,0,0,0,0.0,0.0,123.41390798221089,True
2008,4,40.8344,-93.3823,0,0,0,0,0,0.0,0.0,103.68929253220226,True
2008,4,41.7236,-92.3479,0,0,0,0,0,50000.0,0.0,114.10489112262331,True
2008,4,40.41,-96.0,1,0,0,0,0,100000.0,0.0,105.81253725123467,True
2008,3,37.4176,-93.2022,0,0,0,0,0,25000.0,0.0,26.791213445101118,True
2008,3,37.7749,-94.4383,0,0,0,0,0,0.0,0.0,109.4736575672617,True
2008,5,32.008,-94.924,1,0,0,0,0,200000.0,0.0,113.1244222835835,True
2008,3,37.1695,-93.8444,0,0,0,0,0,20000.0,0.0,40.00942102272697,True
2008,3,36.8183,-94.6184,1,0,0,0,0,50000.0,0.0,110.73971692668732,True
2008,3,37.8508,-94.0493,0,0,0,0,0,5000.0,0.0,89.21241966059257,True
2008,3,36.6673,-92.5193,0,0,0,0,0,1000.0,0.0,100.58230316452948,True
2008,4,32.46,-98.2115,0,0,0,0,0,40000.0,0.0,86.09001244407015,True
2008,6,36.3724,-103.97,0,0,0,0,0,0.0,0.0,240.0080233629789,True
2008,5,43.6694,-108.4198,0,0,0,0,0,0.0,0.0,67.24466516716893,True
2008,5,44.1506,-106.2773,0,0,0,0,0,0.0,0.0,214.26886694538214,False
2008,4,35.0606,-91.9892,1,0,0,0,0,25000.0,0.0,35.20715505794247,True
2008,4,35.2053,-91.9315,1,0,0,0,0,25000.0,0.0,50.87480038853375,True
2008,4,36.94,-92.26,0,0,0,0,0,40000.0,0.0,106.33856414513468,True
2008,4,34.8682,-92.1913,1,0,0,0,0,30000.0,0.0,7.353117887683093,True
2008,4,34.9421,-92.0643,2,0,0,0,0,2000000.0,0.0,21.520830862994373,True
2008,4,39.5236,-98.1295,2,0,0,0,0,750000.0,500000.0,92.56523576078276,True
2008,4,34.4132,-92.9552,1,0,0,0,0,100000.0,0.0,78.98132686905718,True
2008,4,34.4163,-92.947,1,0,0,0,0,100000.0,0.0,78.17260606418779,True
2008,4,33.6705,-96.8954,0,0,0,0,0,0.0,0.0,127.83116743043391,True
2008,4,32.8138,-98.5384,0,0,0,0,0,0.0,0.0,73.6631289482655,True
2008,3,38.4611,-81.4231,0,0,0,0,0,40000.0,0.0,30.990351060723842,True
2008,5,34.0477,-112.7064,0,0,0,0,0,0.0,0.0,127.7225155913419,True
2008,6,40.6186,-92.5023,0,0,0,0,0,0.0,0.0,160.428820842851,True
2008,4,31.07,-97.47,0,0,0,0,0,500000.0,0.0,39.61779903656549,True
2008,4,32.748,-98.7685,0,0,0,0,0,0.0,0.0,51.10122782977281,True
2008,4,33.1065,-97.7358,0,0,0,0,0,0.0,0.0,71.80612750905841,True
2008,4,34.3699,-93.2032,1,0,0,0,0,15000.0,0.0,100.55846754417702,True
2008,4,36.0253,-93.9342,1,0,0,0,0,10000.0,0.0,90.390733925883,True
2008,4,39.38,-99.27,0,0,0,0,0,0.0,0.0,126.25731190939103,True
2008,4,39.4,-99.1,0,0,0,0,0,0.0,0.0,116.7847610507613,True
2008,4,37.55,-77.2,0,0,0,0,0,20000.0,0.0,65.21374523873283,True
2008,4,37.6,-77.21,0,0,0,0,0,20000.0,0.0,70.8126254151585,True
2008,4,36.1567,-93.698,1,0,0,0,0,50000.0,0.0,113.4476144556036,True
2008,4,36.2357,-93.6191,1,0,0,0,0,50000.0,0.0,112.84467793774601,True
2008,4,36.6519,-96.068,0,0,0,0,0,0.0,0.0,69.6069373189763,True
2008,4,37.72,-77.22,0,0,0,0,0,10000.0,0.0,83.98021939988874,True
2008,4,37.99,-77.25,0,0,0,0,0,15000.0,0.0,111.58090518108774,True
2008,4,37.71,-77.12,0,0,0,0,0,10000.0,0.0,81.35096812051322,True
2008,4,37.74,-77.15,0,0,0,0,0,2000.0,0.0,85.01469322988129,True
2008,5,32.972,-95.307,1,0,0,0,0,10000.0,0.0,148.87614511960263,True
2008,4,32.5603,-97.4108,2,0,0,0,0,1000000.0,0.0,10.18473762111156,True
2008,4,32.5122,-98.1534,0,0,0,0,0,10000.0,0.0,79.98519835378595,True
2008,4,36.81,-92.09,0,0,0,0,0,0.0,0.0,125.56578577840479,True
2008,4,32.2163,-97.7886,1,0,0,0,0,200000.0,0.0,60.40498423455205,True
2008,3,36.8639,-94.4191,0,0,0,3,0,100000.0,0.0,99.40008149831502,True
2008,3,36.6274,-91.9617,0,0,0,0,0,10000.0,0.0,144.62976619443782,True
2008,3,37.8299,-93.5005,0,0,0,0,0,25000.0,0.0,66.70789678897417,True
2008,3,37.6961,-92.6672,2,0,0,0,0,500000.0,0.0,82.53239053068717,True
2008,4,32.6688,-98.988,0,0,0,0,0,40000.0,0.0,28.845633704662575,True
2008,4,31.0497,-97.4783,0,0,0,0,0,0.0,0.0,37.59826674619302,True
2008,2,31.5777,-86.0985,1,0,0,0,0,25000.0,0.0,61.96665749186542,True
2008,2,32.2719,-90.142,1,0,0,0,0,1000000.0,0.0,14.840097208082431,True
2008,2,36.4984,-90.9808,1,0,0,0,0,80000.0,0.0,162.48326716488234,True
2008,2,34.7604,-89.0528,0,0,0,0,0,50000.0,0.0,98.9951932803621,True
2008,2,36.7,-90.14,1,0,0,0,0,150000.0,0.0,128.38100253282136,True
2008,2,36.6859,-90.22,2,0,0,0,0,150000.0,0.0,135.63783864216788,True
2008,2,35.3097,-89.7592,2,0,0,1,0,1000000.0,0.0,11.061911391215856,True
2008,4,35.5802,-94.9292,0,0,0,0,0,0.0,0.0,60.66377406929167,True
2008,4,41.6345,-83.37,1,0,0,0,0,200000.0,0.0,118.77293667189286,True
2008,4,34.4578,-94.1837,1,0,0,0,0,0.0,0.0,93.99801715892647,True
2008,3,32.4398,-97.5421,0,0,0,0,0,35000.0,0.0,26.84747912826738,True
2008,3,32.4722,-97.4666,0,0,0,0,0,75000.0,0.0,18.972578916866393,True
2008,5,40.9988,-105.2736,2,0,0,1,0,300000.0,0.0,42.72740330796239,True
2008,2,33.4781,-91.4471,0,0,0,0,0,0.0,0.0,168.618037917505,True
2008,3,36.2366,-79.37,0,0,0,0,0,2000000.0,0.0,101.54024516002931,True
2008,3,32.03,-99.52,0,0,0,0,0,0.0,0.0,61.80161067577363,True
2008,3,36.4467,-96.4138,1,0,0,0,0,50000.0,0.0,81.90808663724505,True
2008,3,36.5245,-95.9366,0,0,0,0,0,0.0,0.0,51.21633063260706,True
2008,3,36.8,-94.6686,1,0,0,0,0,75000.0,0.0,106.01558998898012,True
2008,3,34.0916,-95.4565,0,0,0,0,0,0.0,0.0,166.68579531455998,True
2008,3,34.2614,-95.3457,0,0,0,0,0,0.0,0.0,145.48433819999985,True
2008,4,32.4001,-90.1981,2,0,0,20,0,40000000.0,0.0,24.109925352191503,True
2008,4,32.95,-98.171,0,0,0,0,0,150000.0,0.0,91.35130349986886,True
2008,4,29.8493,-83.6203,0,0,0,0,0,75000.0,0.0,91.43323702697415,True
2008,4,36.7768,-85.0135,2,0,0,1,0,1000000.0,500000.0,150.43692902167857,True
2008,4,34.7481,-92.3774,1,0,0,1,0,50000000.0,0.0,14.40562785357738,True
2008,4,39.76,-94.85,0,0,0,0,0,70000.0,0.0,117.01537924467769,True
2008,4,35.4001,-78.146,0,0,0,0,0,200000.0,0.0,42.876001158706266,True
2008,4,32.3848,-90.0958,1,0,0,0,1,6000000.0,0.0,15.661892108794751,True
2008,4,32.4912,-97.8626,0,0,0,0,0,60000.0,0.0,53.22732571274527,True
2008,4,34.5891,-92.5476,2,0,0,1,0,5000000.0,0.0,37.91835228948019,True
2008,4,34.5085,-92.7397,1,0,0,1,0,5000000.0,0.0,56.90408194430943,True
2008,4,43.35,-94.22,0,0,0,0,0,0.0,0.0,174.66792442335264,True
2008,4,42.49,-93.71,0,0,0,0,0,50000.0,0.0,84.3924867396461,True
2008,3,32.4008,-95.5914,1,0,0,0,0,50000.0,0.0,161.68398402024778,True
2008,3,33.7413,-84.3493,1,0,0,0,0,50000.0,0.0,46.57249148370209,True
2008,3,34.09,-85.11,3,1,0,1,0,3500000.0,0.0,95.19185844191988,True
2008,3,33.4405,-94.4064,1,0,0,0,0,750000.0,0.0,122.0295329507618,True
2008,3,34.11,-85.09,3,1,0,1,0,1000000.0,0.0,96.13812645618214,True
2008,2,34.4071,-89.5288,3,0,0,14,0,35000000.0,0.0,108.89257924455814,True
2008,2,35.2835,-92.8538,3,2,0,5,0,14500000.0,0.0,73.30620478595822,True
2008,2,36.1544,-91.6802,3,0,0,15,0,30000000.0,0.0,155.73154801934177,True
2008,2,35.4588,-92.6177,4,3,0,77,0,22750000.0,0.0,76.39539448079056,True
2008,2,36.4235,-91.1749,1,0,0,4,0,200000.0,0.0,167.7428005723014,True
2008,5,38.3984,-101.6586,0,0,0,0,0,0.0,0.0,107.7571116933911,True
2008,5,38.3898,-101.4876,0,0,0,0,0,0.0,0.0,110.20143810549386,True
2008,2,37.949,-83.53,0,0,0,0,0,50000.0,0.0,44.15651682378924,True
2008,2,34.4307,-89.6522,1,0,0,0,0,25000.0,0.0,103.61626260560908,True
2008,2,34.9947,-89.9869,2,3,0,13,0,100000000.0,0.0,40.266196198233565,True
2008,2,35.9379,-91.9624,3,2,0,20,0,11500000.0,0.0,125.45707339985493,True
2008,2,31.975,-89.2371,1,0,0,0,0,20000.0,70000.0,78.119829948024,True
2008,4,35.3321,-87.1979,3,0,0,0,0,1000000.0,0.0,110.73268527059335,True
2008,4,35.68,-85.976,1,0,0,0,0,1100000.0,0.0,82.24517878287061,True
2008,4,32.7565,-97.601,0,0,0,0,0,3000.0,0.0,34.56663384990513,True
2008,4,35.57,-76.54,0,0,0,0,0,0.0,0.0,93.4508490934632,True
2008,4,35.56,-76.43,0,0,0,0,0,0.0,0.0,96.17403561415257,True
2008,3,33.06,-80.03,1,0,0,7,0,150000.0,0.0,104.69660540476983,True
2008,3,36.22,-79.38,0,0,0,0,0,150000.0,0.0,101.11413313148158,True
2008,3,36.1411,-77.6012,0,0,0,0,0,200000.0,0.0,95.95747540752262,True
2008,1,36.5141,-93.9932,0,0,0,0,0,0.0,0.0,95.97941904215394,True
2008,4,32.5336,-91.038,1,0,0,1,0,1200000.0,0.0,102.84713794109913,True
2008,1,38.1196,-93.7683,0,0,0,0,0,0.0,0.0,88.1110734397232,True
2008,1,36.5914,-94.3264,0,0,0,0,0,0.0,0.0,109.11067462693961,True
2008,1,36.7568,-91.9931,0,0,0,0,0,1000.0,0.0,135.8210718619503,True
2008,2,33.5294,-87.7729,2,0,0,0,0,100000.0,0.0,65.7073381231555,True
2008,1,38.3636,-93.2987,0,0,0,0,0,20000.0,0.0,97.53169063499342,True
2008,4,35.2677,-87.4027,3,0,0,1,0,3000000.0,0.0,125.72260724691901,True
2008,3,37.4754,-91.8608,0,0,0,0,0,0.0,0.0,138.6632226693799,True
2008,2,33.2062,-91.799,1,0,0,0,0,40000.0,0.0,186.220383560986,True
2008,2,32.7093,-90.2314,0,0,0,0,0,180000.0,0.0,53.05920567226394,True
2008,3,33.11,-80.32,1,0,0,0,0,218000.0,0.0,84.27137775020852,True
2008,2,33.02,-88.49,0,0,0,0,0,0.0,0.0,98.6424753935471,True
2008,2,31.7196,-89.6024,1,0,0,0,0,200000.0,0.0,71.97704464497461,True
2008,3,33.03,-81.5,2,0,0,0,1,2300000.0,0.0,59.69185961202721,True
2008,2,31.5629,-91.9836,0,0,0,0,0,2000.0,0.0,104.54968531377595,True
2008,5,41.0891,-104.8743,0,0,0,0,0,0.0,0.0,9.025615531813065,True
2008,3,33.05,-79.85,1,0,0,0,0,200000.0,0.0,119.690230043613,True
2008,2,36.4646,-86.1815,3,13,1,44,0,14100000.0,1000000.0,41.81335360660717,True
2008,3,32.3702,-94.8182,0,0,0,0,0,3000000.0,0.0,92.14805026418347,True
2008,3,32.2539,-94.8925,1,0,0,0,0,500000.0,0.0,101.14782708392848,True
2008,4,35.4337,-78.03,0,0,0,0,0,0.0,0.0,48.93792058339471,True
2008,2,33.8319,-90.972,0,0,0,0,0,70000.0,0.0,162.79756956345517,True
2008,2,32.8813,-89.5544,1,0,0,0,0,0.0,0.0,78.06488259015312,True
2008,2,38.0989,-83.8332,1,0,0,0,0,250000.0,0.0,72.64753752963122,True
2008,3,32.231,-89.4181,1,0,0,0,0,5000.0,0.0,53.53356941665628,True
2008,3,32.308,-89.3532,1,0,0,0,0,1200000.0,0.0,59.415041079995184,True
2008,3,35.65,-97.6403,0,0,0,0,0,0.0,0.0,48.160758053689726,True
2008,3,33.4475,-87.671,1,0,0,0,0,50000.0,0.0,78.78431966552691,True
2008,3,32.8542,-90.7862,2,0,0,0,0,2000.0,400000.0,98.59842668488189,True
2008,3,35.65,-97.5512,1,0,0,0,0,450000.0,0.0,43.06948903097817,True
2008,1,32.0542,-87.8184,0,0,0,0,0,100000.0,0.0,158.0129710340542,True
2008,1,33.3235,-87.8393,0,0,0,0,0,5000.0,0.0,78.25251979829922,True
2008,4,32.4028,-90.2041,1,0,0,0,0,25000.0,0.0,24.745351654678874,True
2008,3,34.273,-83.176,0,0,0,0,0,0.0,0.0,110.76230964936806,True
2008,3,34.274,-83.113,0,0,0,0,0,0.0,0.0,106.19136086293624,True
2008,5,35.3,-103.73,0,0,0,0,0,0.0,0.0,183.6040150830314,True
2008,5,33.39,-105.06,0,0,0,0,0,0.0,0.0,104.55325719591515,True
2008,5,32.35,-101.0714,0,0,0,0,0,0.0,0.0,114.53880551027281,True
2008,4,35.45,-86.8888,0,0,0,0,0,1000.0,0.0,93.22018496552259,True
2008,4,36.123,-87.3268,1,0,0,0,0,75000.0,0.0,68.33832450393864,True
2008,4,35.5348,-86.4421,2,0,0,0,0,100000.0,0.0,74.66304718790232,True
2008,4,35.6159,-86.2404,0,0,0,0,0,50000.0,0.0,75.95396051147102,True
2008,4,35.8167,-85.5349,1,0,0,0,0,50000.0,0.0,104.06730198557139,True
2008,5,38.768,-76.9438,0,0,0,0,0,100000.0,0.0,52.44878644591837,True
2008,5,41.8035,-104.8003,0,0,0,0,0,0.0,0.0,72.45177759564358,True
2008,5,41.1086,-104.1515,0,0,0,0,0,0.0,0.0,55.03650040046025,True
2008,5,41.1277,-104.036,0,0,0,0,0,0.0,0.0,64.5455004443818,True
2008,12,34.245,-81.442,0,0,0,0,0,4000.0,0.0,44.41781750158073,True
2008,6,39.5443,-100.3387,0,0,0,0,0,0.0,0.0,118.54894207290289,True
2008,3,34.2414,-82.3058,0,0,0,0,0,0.0,0.0,71.80882887731212,True
2008,1,36.0505,-94.9753,0,0,0,0,0,25000.0,0.0,54.675715556871445,True
2008,5,41.13,-104.6855,1,0,0,0,0,20000.0,0.0,10.389549087185362,True
2008,5,41.2528,-104.9832,1,0,0,0,0,0.0,0.0,18.582435302015785,True
2008,5,31.2811,-102.6487,0,0,0,0,0,0.0,0.0,85.5420170666505,True
2008,5,41.9233,-95.5185,0,0,0,0,0,30000.0,0.0,97.30456356623398,True
2008,1,33.2224,-88.268,0,0,0,0,0,10000.0,0.0,75.21608842384892,True
2008,2,31.6478,-85.5238,1,0,0,0,0,75000.0,0.0,21.69755890599094,True
2008,3,33.7201,-92.1632,2,0,0,0,0,1000000.0,0.0,124.45576168597188,True
2008,2,32.3395,-84.6571,0,0,0,0,0,75000.0,0.0,108.5302007901503,True
2008,4,46.55,-120.5752,0,0,0,0,0,0.0,0.0,163.56088365464785,True
2008,4,32.4019,-90.5378,1,0,0,0,0,50000.0,200000.0,53.72439230939167,True
2008,4,35.12,-77.67,0,0,0,0,0,5000.0,0.0,81.83213084623026,True
2008,2,35.1348,-90.8502,0,0,0,0,0,1000.0,0.0,91.73611905083784,True
2008,2,34.46,-90.71,0,0,0,0,0,0.0,0.0,124.49573171941414,True
2008,3,34.0074,-82.7341,2,0,0,0,0,100000.0,0.0,108.21121261012277,True
2008,3,31.86,-88.77,2,0,0,0,0,400000.0,500000.0,123.59409894879668,True
2008,3,27.7321,-97.3825,1,0,0,0,0,20000.0,0.0,13.878232940328047,True
2008,3,28.0198,-97.6461,0,0,0,0,0,10000.0,0.0,29.408735609817537,True
2008,3,27.9656,-97.6401,0,0,0,0,0,0.0,0.0,23.869385782179773,True
2008,2,36.7771,-85.5759,3,0,0,0,0,1000.0,0.0,106.0465028122499,True
2008,2,32.1582,-85.0297,0,0,0,0,0,20000.0,0.0,82.8764447611663,True
2008,3,31.17,-89.92,1,0,0,0,0,250000.0,25000.0,85.99662477519904,True
2008,2,34.4069,-89.7384,0,0,0,0,0,12000.0,0.0,105.00470873268917,True
2008,2,35.7655,-88.6877,2,0,0,0,0,200000.0,0.0,117.01611077614707,True
2008,5,40.39,-104.52,0,0,0,0,0,0.0,0.0,67.1275721694821,True
2008,4,32.36,-90.43,1,0,0,0,0,80000.0,0.0,42.80318762517011,True
2008,2,36.76,-87.96,1,0,0,0,0,8000.0,0.0,60.19741289568112,True
2008,2,34.7451,-91.0893,0,0,0,0,0,1000.0,0.0,107.56231962601302,True
2008,3,35.33,-98.201,0,0,0,0,0,0.0,0.0,83.75299972291965,True
2008,4,32.341,-90.7831,1,0,0,0,0,120000.0,0.0,75.36220643643748,True
2008,2,35.4705,-89.5857,0,0,0,0,0,7000.0,0.0,29.582737029652847,True
2008,2,35.5774,-89.5241,1,0,0,0,0,50000.0,0.0,40.86351890969367,True
2008,3,35.23,-98.4313,0,0,0,0,0,10000.0,0.0,105.3334621203913,True
2008,5,37.8369,-89.3651,0,0,0,0,0,0.0,0.0,100.22491774305256,True
2008,1,38.5515,-85.7572,1,1,0,0,0,50000.0,0.0,66.11424420042145,True
2008,5,42.3975,-94.454,1,0,0,0,0,50000.0,0.0,95.56999248838589,True
2008,5,42.2763,-94.4326,0,0,0,0,0,30000.0,0.0,84.34721701489045,True
2008,5,41.76,-94.07,0,0,0,0,0,0.0,0.0,28.979499564527664,True
2008,5,41.63,-94.13,1,0,0,0,0,100000.0,5000.0,35.63256075747438,True
2008,5,41.0607,-94.0105,1,0,0,0,0,50000.0,0.0,78.31128605182178,True
2008,5,41.1625,-93.3805,1,0,0,0,0,30000.0,5000.0,69.36599328850555,True
2008,5,41.23,-93.12,2,0,0,10,0,750000.0,25000.0,75.01150055262282,True
2008,5,41.2557,-92.8717,1,0,0,0,0,75000.0,10000.0,88.42965363800819,True
2008,4,36.7284,-85.1768,1,0,0,0,0,50000.0,0.0,134.9389404693217,True
2008,5,35.29,-105.18,0,0,0,0,0,0.0,0.0,150.1409727126892,True
2008,5,33.5113,-91.1206,0,0,0,0,0,0.0,0.0,173.19773754268576,True
2008,5,41.88,-95.91,1,0,0,0,0,0.0,0.0,72.91372479866878,True
2008,3,33.379,-81.36,0,0,0,0,0,0.0,0.0,67.16101672893572,True
2008,5,32.5596,-95.871,1,0,0,8,0,300000.0,0.0,134.21441839926027,True
2008,5,41.91,-94.91,1,0,0,0,0,200000.0,10000.0,100.36528211401956,True
2008,5,41.1639,-93.3287,1,0,0,0,0,50000.0,5000.0,71.11245068469174,True
2008,5,35.1693,-91.1687,1,0,0,0,0,60000.0,0.0,106.23277583613493,True
2008,5,38.82,-94.53,0,0,0,0,0,0.0,0.0,23.031970413301366,True
2008,6,40.4312,-101.1628,0,0,0,0,0,0.0,0.0,126.91101796583052,True
2008,5,35.2703,-91.9061,1,0,0,0,0,25000.0,0.0,58.11351247916135,True
2008,5,39.56,-94.42,0,0,0,0,0,0.0,0.0,84.44039362764667,True
2008,6,40.3897,-101.7415,0,0,0,0,0,25000.0,0.0,113.78012591708423,True
2008,6,40.43,-101.36,0,0,0,0,0,0.0,0.0,121.71843161990681,True
2008,6,40.384,-101.7856,1,0,0,0,0,30000.0,10000.0,113.32607372053079,True
2008,5,40.6086,-100.7009,0,0,0,0,0,0.0,0.0,150.4010189226198,True
2008,5,40.3621,-101.37,0,0,0,0,0,0.0,0.0,114.1903149263795,True
2008,4,34.09,-98.955,1,0,0,0,0,5000.0,0.0,30.331588872457075,True
2008,5,33.36,-91.4,2,0,0,0,0,1500000.0,200000.0,178.65622819117704,True
2008,5,33.0593,-102.6487,0,0,0,0,0,0.0,0.0,101.89386694545645,True
2008,5,39.6543,-83.7285,0,0,0,0,0,1000.0,0.0,27.221613152773546,True
2008,5,33.1302,-102.4697,0,0,0,0,0,0.0,0.0,84.24893028377063,True
2008,4,34.0411,-98.9523,0,0,0,0,0,0.0,0.0,35.773794320934186,True
2008,3,33.96,-82.593,0,0,0,0,0,0.0,0.0,108.22162244975716,True
2008,3,33.605,-82.41,1,0,0,2,0,140000.0,0.0,125.3231126736433,True
2008,3,33.6,-82.49,0,0,0,0,0,0.0,0.0,130.41332697353948,True
2008,4,34.08,-98.9601,1,0,0,1,0,30000.0,0.0,31.41501575780464,True
2008,3,33.8183,-81.581,0,0,0,0,0,0.0,0.0,45.075679460575486,True
2008,3,33.57,-82.04,0,0,0,0,0,0.0,0.0,95.01298262025603,True
2008,3,33.414,-81.47,0,0,0,0,0,0.0,0.0,67.75556042909655,True
2008,6,39.41,-103.27,0,0,0,0,0,0.0,0.0,117.05610999044545,True
2008,6,39.39,-103.27,0,0,0,0,0,0.0,0.0,117.8846269587727,True
2008,6,40.02,-103.93,0,0,0,0,0,0.0,0.0,58.58812714243853,True
2008,6,39.85,-103.95,0,0,0,0,0,0.0,0.0,51.370642546244035,True
2008,4,36.7377,-85.1372,1,0,0,0,0,2000.0,0.0,138.5925483195122,True
2008,6,39.73,-103.9,0,0,0,0,0,0.0,0.0,55.56147942246161,True
2008,6,39.3,-103.53,0,0,0,0,0,0.0,0.0,102.54035847643864,True
2008,5,39.2929,-94.4903,3,0,0,0,0,4000000.0,0.0,57.102594542965456,True
2008,4,36.7729,-85.038,2,0,0,0,0,200000.0,0.0,148.25627139584034,True
2008,5,39.2215,-94.5767,2,0,0,0,0,10000000.0,0.0,53.093630056778885,True
2008,5,40.53,-100.2467,0,0,0,0,0,0.0,0.0,154.5254261691412,True
2008,5,36.7965,-79.8518,1,0,0,0,0,156500.0,0.0,45.28732142015487,True
2008,5,38.2988,-83.1123,1,0,0,0,0,300000.0,0.0,80.66679158255879,True
2008,3,35.9879,-98.59,0,0,0,0,0,0.0,0.0,93.40447735044476,True
2008,3,33.765,-84.43,2,1,0,30,0,25000000.0,0.0,46.40293453836298,True
2008,3,29.8535,-90.1048,1,0,0,0,0,200000.0,0.0,79.57269405285106,True
2008,4,36.52,-88.559,1,0,0,0,0,50000.0,0.0,63.85169588513544,True
2008,3,32.8316,-87.9191,1,0,0,0,0,150000.0,0.0,113.66822019229339,True
2008,3,36.3702,-97.2488,0,0,0,0,0,5000.0,0.0,88.64687290047034,True
2008,3,33.247,-84.057,0,0,0,0,0,150000.0,0.0,49.02386314947034,True
2008,3,34.3288,-79.4366,0,0,0,0,0,50000.0,0.0,100.09391754668287,True
2008,3,37.23,-97.67,0,0,0,0,0,0.0,0.0,51.272510440390754,True
2008,3,34.11,-85.04,3,0,0,0,0,3000000.0,0.0,93.89213870777564,True
2008,3,35.3334,-93.9792,1,0,0,0,0,75000.0,0.0,35.05071432614028,True
2008,3,31.819,-99.657,0,0,0,0,0,0.0,0.0,88.51606067506022,True
2008,3,32.24,-100.52,0,0,0,0,0,0.0,0.0,96.6518414783392,True
2008,3,34.5911,-93.9675,0,0,0,0,0,10000.0,0.0,85.6668806374613,True
2008,3,33.2102,-82.3922,2,0,0,0,0,500000.0,0.0,107.46452902082984,True
2008,2,35.5667,-87.6833,1,0,0,0,0,400000.0,0.0,126.15608482398892,True
2008,4,33.0862,-96.7366,1,0,0,0,0,12000000.0,0.0,77.85457961281985,True
2008,5,32.59,-102.16,0,0,0,0,0,0.0,0.0,71.94451472018837,True
2008,5,34.5034,-89.5123,0,0,0,0,0,25000.0,0.0,99.17184132315339,True
2008,5,42.53,-91.66,1,0,0,0,0,50000.0,0.0,135.50422867620603,True
2008,5,41.0477,-84.126,0,0,0,0,0,1200000.0,0.0,136.14197458063046,True
2008,5,34.8461,-91.6382,1,0,0,0,0,1000.0,0.0,56.9338811916972,True
2008,5,35.7335,-102.3573,0,0,0,0,0,0.0,0.0,80.84497805635313,True
2008,2,30.785,-87.243,1,0,0,0,0,200000.0,0.0,95.985814100608,True
2008,5,36.14,-77.19,2,0,0,2,0,1000000.0,0.0,95.24025610783426,True
2008,5,32.83,-81.05,0,0,0,0,0,0.0,0.0,19.4150362740869,True
2008,5,34.5116,-92.2453,2,1,0,0,0,3500000.0,0.0,36.14593219287139,True
2008,5,36.4497,-96.638,1,0,0,0,0,75000.0,0.0,100.95139012904744,True
2008,5,36.5779,-96.4448,0,0,0,0,0,5000.0,0.0,90.68316053308675,True
2008,5,33.6426,-102.1921,0,0,0,0,0,0.0,0.0,35.00734528130824,True
2008,5,36.5031,-87.3753,1,0,0,0,0,100000.0,0.0,27.19259352419309,True
2008,5,34.7555,-88.5308,1,0,0,0,0,25000.0,0.0,97.24929386191347,True
2008,5,30.1259,-92.1595,2,0,0,0,0,300000.0,0.0,101.59755828854692,True
2008,5,30.1009,-92.184,0,0,0,0,0,100000.0,0.0,99.29089658443334,True
2008,5,30.2964,-91.909,1,0,0,1,0,1500000.0,0.0,127.01342877332416,True
2008,5,39.2,-99.26,1,0,0,0,0,100000.0,200000.0,142.90550441745378,True
2008,5,39.5355,-89.3,0,0,0,0,0,0.0,0.0,68.45586279880507,True
2008,5,39.4934,-88.8628,0,0,0,0,0,0.0,0.0,83.52873762150423,True
2008,5,41.0937,-83.5166,2,0,0,6,0,1000000.0,0.0,142.96349991752538,True
2008,5,30.812,-93.4152,1,0,0,2,0,100000.0,0.0,56.66793953303152,True
2008,5,42.577,-91.6085,1,0,0,0,0,100000.0,0.0,136.7899508211626,True
2008,5,42.5363,-91.2704,1,0,0,0,0,100000.0,0.0,117.51640545538751,True
2008,5,38.6631,-88.0445,0,0,0,0,0,0.0,0.0,52.752794280528384,True
2008,5,42.6031,-92.0183,3,0,0,3,0,1000000.0,0.0,151.28232784420553,True
2008,5,42.5272,-91.1345,1,0,0,0,0,250000.0,0.0,111.59051595378548,True
2008,5,41.69,-92.3,1,0,0,0,0,100000.0,0.0,118.19604246620324,True
2008,5,35.8155,-96.38,0,0,0,0,0,20000.0,0.0,83.57753629794995,True
2008,5,36.3,-95.4098,1,0,0,0,0,20000.0,0.0,19.616493317880472,True
2008,5,36.3106,-95.4428,1,0,0,0,0,5000.0,0.0,18.595053281712083,True
2008,5,46.35,-97.94,0,0,0,0,0,0.0,0.0,105.95031217302082,True
2008,5,31.14,-96.66,0,0,0,0,0,10000.0,0.0,83.16483505146334,True
2008,5,35.012,-91.3395,0,0,0,0,0,3000.0,0.0,86.33583697345571,True
2008,5,33.9905,-93.6297,1,0,0,0,0,100000.0,0.0,156.80733023061995,True
2008,5,40.8382,-84.803,0,0,0,0,0,500.0,0.0,94.85699982507776,True
2008,5,36.4012,-96.734,1,0,0,0,0,20000.0,0.0,107.82808627732236,True
2008,5,40.8381,-84.8025,0,0,0,0,0,60000.0,0.0,94.89702723386942,True
2008,5,38.9712,-95.4458,2,0,0,0,0,260000.0,0.0,68.0568722275615,True
2008,5,32.0589,-98.3611,0,0,0,0,0,0.0,0.0,99.43636682548026,True
2008,5,34.4289,-88.5264,2,0,0,0,0,150000.0,0.0,61.87482673328549,True
2008,4,43.6322,-89.0669,0,0,0,0,0,0.0,0.0,84.87864711232908,True
2008,4,43.4786,-89.371,0,0,0,0,0,0.0,0.0,87.43954832932033,True
2008,5,38.9445,-100.288,4,0,0,2,0,2500000.0,0.0,130.51573803551216,True
2008,5,34.8634,-100.2133,0,0,0,0,0,0.0,0.0,126.14774690694313,True
2008,5,35.7414,-102.2544,0,0,0,0,0,0.0,0.0,75.01749796032774,True
2008,5,35.7544,-102.1611,0,0,0,0,0,0.0,0.0,70.92455070826624,True
2008,5,35.4864,-92.2497,2,0,0,12,0,32000000.0,0.0,72.2874899781544,True
2008,5,40.7898,-85.6776,0,0,0,0,0,40000.0,0.0,63.27553963784626,True
2008,7,40.4056,-76.4576,0,0,0,0,0,0.0,0.0,142.54815365597992,True
2008,5,32.586,-102.1231,0,0,0,0,0,0.0,0.0,71.7173184405411,True
2008,5,35.3649,-91.55,0,0,0,0,0,0.0,0.0,87.45578453961514,True
2008,5,41.7889,-91.6101,0,0,0,0,0,10000.0,0.0,87.69471206481984,True
2008,5,38.7879,-100.1931,1,0,0,0,0,150000.0,0.0,115.8699737592833,True
2008,5,38.9597,-100.1885,0,0,0,0,0,0.0,0.0,134.67639212968655,True
2008,5,39.6312,-100.4205,1,0,0,0,0,1500000.0,0.0,113.66917208017169,True
2008,3,33.2065,-95.6016,1,0,0,0,0,250000.0,0.0,173.79905313965725,True
2008,5,35.3747,-92.4444,1,0,0,0,0,0.0,0.0,62.11701114547467,True
2008,5,43.552,-104.881,0,0,0,0,0,0.0,0.0,176.39039184029994,True
2008,5,34.5265,-88.9426,1,0,0,0,0,50000.0,0.0,89.90290313522954,True
2008,5,34.8903,-100.0807,0,0,0,0,0,0.0,0.0,116.84616407717049,True
2008,4,43.4618,-89.4164,1,0,0,0,0,600000.0,0.0,89.1118270718698,True
2008,5,36.315,-95.4356,1,0,0,2,0,50000.0,0.0,19.37089834222323,True
2008,6,36.8302,-90.8134,1,0,0,0,0,50000.0,0.0,183.3296225879994,True
2008,5,35.9835,-80.3753,3,0,0,2,0,2500000.0,0.0,116.0686567698183,True
2008,5,34.803,-91.6987,1,0,0,0,0,0.0,0.0,51.549550204064055,True
2008,5,34.8043,-91.6971,1,0,0,0,0,0.0,0.0,51.68464540193063,True
2008,5,48.83,-97.53,0,0,0,0,0,0.0,0.0,145.56589579316417,True
2008,5,36.3767,-87.5399,1,0,0,0,0,5000.0,0.0,46.0483822964406,True
2008,5,34.745,-76.752,0,0,0,0,0,10000.0,0.0,11.869059888090984,True
2008,4,41.3121,-91.955,0,0,0,0,0,0.0,0.0,119.25311848464733,True
2008,4,41.473,-92.063,0,0,0,0,0,50000.0,0.0,124.31275912231293,True
2008,4,32.47,-99.85,0,0,0,0,0,0.0,0.0,56.389930071211346,True
2008,4,34.3459,-92.5056,1,0,0,0,0,20000.0,0.0,58.923353006701305,True
2008,4,34.495,-92.3458,1,0,0,0,0,10000.0,0.0,38.726756010845634,True
2008,4,34.9038,-92.1129,1,0,0,0,0,25000.0,0.0,15.526663107092489,True
2008,5,43.5344,-109.6311,0,0,0,1,0,10000.0,0.0,106.90852279637276,True
2008,4,33.3805,-86.7942,0,0,0,0,0,50000.0,0.0,23.302205643635542,True
2008,4,48.5026,-118.2,0,0,0,0,0,0.0,0.0,100.86552864982464,True
2008,4,37.2444,-77.3977,1,0,0,21,0,2000000.0,0.0,45.125156154173,True
2008,4,37.253,-77.3768,1,0,0,0,0,15000.0,0.0,44.35843771143359,True
2008,4,41.5317,-91.2648,2,0,0,0,0,200000.0,0.0,57.58831671905834,True
2008,4,30.5471,-92.3114,0,0,0,0,0,75000.0,0.0,92.71525008449925,True
2008,4,34.6352,-92.521,2,0,0,0,0,10000000.0,0.0,32.57014200405462,True
2008,5,34.84,-77.24,0,0,0,0,0,0.0,0.0,33.95533483222478,True
2008,5,34.7322,-76.85,1,0,0,0,0,30000.0,0.0,5.417481426583798,True
2008,4,31.3351,-100.6896,1,0,0,0,0,150000.0,0.0,19.166657090975747,True
2008,6,43.35,-93.78,1,0,0,0,0,250000.0,10000.0,167.545327272806,True
2008,5,35.9749,-80.3996,2,0,0,0,0,0.0,0.0,117.20988482143635,True
2008,4,32.8505,-99.8806,0,0,0,0,0,12000.0,0.0,68.12683721699261,True
2008,6,43.42,-93.3,0,0,0,0,0,0.0,1000.0,160.2907225212841,True
2008,6,43.42,-93.21,0,0,0,0,0,5000.0,0.0,161.3971059583945,True
2008,6,43.24,-93.34,0,0,0,0,0,5000.0,0.0,170.69323626059037,True
2008,6,40.74,-94.77,0,0,0,0,0,50000.0,5000.0,140.75357721562884,True
2008,6,41.9099,-92.8395,1,0,0,0,0,30000.0,2000.0,75.85177919087985,True
2008,6,41.14,-92.35,1,0,0,0,0,75000.0,5000.0,131.97356637988213,True
2008,4,41.1318,-91.4477,1,0,0,0,0,10000.0,0.0,89.88548151244616,True
2008,4,37.2614,-76.8571,0,0,0,0,0,200000.0,0.0,33.61661177812572,True
2008,4,37.3904,-76.5883,0,0,0,0,0,15000.0,0.0,58.50034910469897,True
2008,4,32.6833,-89.7482,1,0,0,0,0,20000.0,150000.0,50.021958091085935,True
2008,4,32.7486,-89.8088,1,0,0,0,0,300000.0,0.0,54.64770190860405,True
2008,4,36.8269,-77.6582,1,0,0,0,0,5000.0,0.0,60.4323802837996,True
2008,4,36.7295,-77.8045,1,0,0,0,0,700000.0,0.0,76.34318062500236,True
2008,4,30.58,-92.1387,0,0,0,0,0,60000.0,0.0,102.3503777381895,True
2008,4,36.7102,-76.6872,3,0,0,200,0,30000000.0,0.0,41.69417874161271,True
2008,4,36.8903,-76.4084,1,0,0,0,0,60000.0,0.0,54.253715715350644,True
2008,5,36.3889,-87.5288,1,0,0,0,0,20000.0,0.0,44.378591341111324,True
2008,5,36.4216,-87.5108,1,0,0,3,0,20000.0,0.0,40.421200913376076,True
2008,4,36.9211,-76.3423,1,0,0,0,0,100000.0,0.0,59.52011862593776,True
2008,4,40.815,-91.873,1,0,0,0,0,30000.0,0.0,139.7468789127427,True
2008,4,36.2744,-91.3347,1,0,0,0,0,10000.0,0.0,167.48456187326704,True
2008,4,33.4836,-87.1151,0,0,0,0,0,5000.0,0.0,47.229626765879814,True
2008,4,32.49,-99.92,0,0,0,0,0,0.0,0.0,62.66396293025738,True
2008,5,37.1698,-83.2872,1,0,0,0,0,25000.0,0.0,46.87208288357639,True
2008,5,31.0829,-96.438,0,0,0,0,0,0.0,0.0,98.68491122971396,True
2008,5,31.1846,-96.5369,1,0,0,0,0,0.0,0.0,95.6872293692975,True
2008,5,36.8456,-84.3784,1,0,0,0,0,100000.0,0.0,115.27225015502418,True
2008,5,36.059,-80.0206,2,1,0,3,0,4000000.0,0.0,109.68530389437143,True
2008,5,34.8046,-87.366,1,0,0,0,0,5000.0,0.0,117.83032698735695,True
2008,4,35.8287,-94.5049,2,0,0,0,0,75000.0,0.0,61.237300690219946,True
2008,4,40.279,-91.306,1,0,0,0,0,100000.0,0.0,160.2119043785737,True
2008,5,34.5852,-86.7891,1,0,0,0,0,10000.0,0.0,75.02227678124729,True
2008,6,41.2874,-94.8755,0,0,0,0,0,0.0,0.0,107.91593497621017,True
2008,6,41.0807,-94.3894,1,0,0,0,0,25000.0,2000.0,91.21719948310172,True
2008,6,41.57,-93.0,1,0,0,2,0,250000.0,5000.0,62.67320021366107,True
2008,6,40.94,-93.75,1,0,0,0,0,0.0,0.0,87.99550626474316,True
2008,6,41.42,-93.33,1,0,0,0,0,30000.0,0.0,47.587012995151056,True
2008,4,33.9761,-87.5155,0,0,0,0,0,10000.0,0.0,75.58033809435629,True
2008,5,44.82,-101.17,0,0,0,0,0,0.0,0.0,152.72498198734493,True
2008,5,44.84,-101.14,0,0,0,0,0,0.0,0.0,155.88520050553166,True
2008,5,34.5707,-86.8201,0,0,0,0,0,10000.0,0.0,78.28549046499653,True
2008,5,34.478,-87.0022,0,0,0,0,0,10000.0,0.0,97.89439281029009,True
2008,5,33.9732,-87.1389,1,0,0,0,0,20000.0,0.0,95.43537270547873,True
2008,5,34.0785,-86.9988,1,0,0,0,0,20000.0,0.0,103.01204651898706,True
2008,4,35.234,-81.398,0,0,0,0,0,20000.0,0.0,84.35714777667508,True
2008,6,41.56,-93.23,1,0,0,0,0,75000.0,0.0,45.15575519920972,True
2008,6,41.737,-93.025,0,0,0,0,0,25000.0,0.0,57.91003669405787,True
2008,4,35.996,-94.115,2,0,0,0,0,125000.0,0.0,81.56799970896178,True
2008,5,44.83,-101.14,0,0,0,0,0,0.0,0.0,155.3307995099563,True
2008,5,34.1823,-86.8014,1,0,0,0,0,50000.0,0.0,106.03365027672776,True
2008,4,32.75,-99.23,0,0,0,0,0,0.0,0.0,23.645085519552378,True
2008,6,41.027,-94.355,0,0,0,0,0,0.0,0.0,94.40053676610958,True
2008,6,40.9747,-94.8257,1,0,0,0,0,15000.0,5000.0,124.68960920705679,True
2008,6,40.9536,-94.6007,1,0,0,0,0,25000.0,5000.0,113.3344201471063,True
2008,6,40.9974,-94.355,1,0,0,0,0,50000.0,5000.0,97.15414916594928,True
2008,6,41.0903,-94.0144,0,0,0,0,0,5000.0,5000.0,75.28764000235557,True
2008,4,32.72,-99.94,0,0,0,0,0,0.0,0.0,67.32788618383157,True
2008,6,40.8034,-95.305,0,0,0,0,0,0.0,0.0,105.96183384296208,True
2008,6,40.8035,-95.6207,0,0,0,0,0,0.0,0.0,84.93980942301133,True
2008,6,40.678,-95.786,0,0,0,0,0,0.0,0.0,86.4640746774174,True
2008,6,40.5561,-89.2861,0,0,0,0,0,0.0,0.0,45.30584896798419,True
2008,5,45.2038,-92.768,0,0,0,0,0,300000.0,0.0,74.06686013073627,True
2008,6,39.4108,-85.405,1,0,0,0,0,70000.0,0.0,81.9665582561312,True
2008,6,39.44,-98.79,0,0,0,0,0,0.0,0.0,102.3474987362128,True
2008,6,39.57,-98.68,0,0,0,0,0,0.0,0.0,85.91952020999919,True
2008,6,39.3348,-86.1381,2,0,0,0,1,200000.0,0.0,43.19817448524934,True
2008,6,38.9681,-86.6851,1,0,0,1,0,120000.0,0.0,89.28390027068437,True
2008,5,40.0749,-97.3876,2,0,0,0,0,1750000.0,0.0,93.62988393610614,True
2008,6,39.4561,-85.6844,0,0,0,0,0,200000.0,0.0,58.21586693205678,True
2008,8,34.6283,-104.4635,0,0,0,0,0,0.0,0.0,222.95172247313477,True
2008,6,37.4047,-77.6893,0,0,0,0,0,3000.0,0.0,76.39817170308584,True
2008,6,39.1344,-84.3973,0,0,0,0,0,40000.0,0.0,58.86791578665948,True
2008,6,39.03,-86.88,1,0,0,0,0,50000.0,0.0,91.28457107895794,True
2008,6,42.6962,-94.1234,0,0,0,0,0,10000.0,1000.0,112.26948476599503,True
2008,6,39.3597,-85.9526,1,0,0,1,0,15000.0,0.0,47.803807438810345,True
2008,6,39.3447,-86.0862,2,0,0,3,0,23000000.0,0.0,43.63948640233156,True
2008,4,31.3178,-100.524,0,0,0,0,0,10000.0,0.0,6.652302352131284,True
2008,4,31.4378,-100.5176,1,0,0,0,0,6000000.0,0.0,7.7972718057756785,True
2008,4,32.57,-99.94,0,0,0,0,0,0.0,0.0,64.376170887601,True
2008,4,36.7529,-85.0845,2,0,0,0,0,75000.0,0.0,143.5767571515927,True
2008,6,40.9367,-94.918,0,0,0,0,0,0.0,0.0,128.6211273361817,True
2008,4,39.5551,-97.9286,1,0,0,0,0,0.0,0.0,95.73453513234904,True
2008,4,39.64,-97.52,0,0,0,0,0,0.0,0.0,109.09450579507418,True
2008,4,32.8,-100.46,0,0,0,0,0,0.0,0.0,116.56066479170286,True
2008,6,40.9177,-84.465,0,0,0,0,0,5000.0,0.0,114.45350071407276,True
2008,4,31.304,-100.152,0,0,0,0,0,50000.0,0.0,33.16147525940085,True
2008,4,32.7,-100.44,0,0,0,0,0,0.0,0.0,112.50634228976695,True
2008,5,39.9716,-83.2657,0,0,0,0,0,5000.0,0.0,77.59430797518453,True
2008,5,39.984,-83.2487,0,0,0,0,0,5000.0,0.0,79.57313318140979,True
2008,4,31.7039,-99.0707,1,0,0,0,0,150000.0,0.0,94.37918005738167,True
2008,4,31.422,-100.7376,0,0,0,0,0,0.0,0.0,23.968498076542577,True
2008,6,38.751,-97.6827,3,0,0,0,0,2630000.0,0.0,123.7168608778909,True
2008,5,31.3255,-86.7654,0,0,0,0,0,25000.0,0.0,116.72568701825317,True
2008,5,35.278,-81.0133,1,0,0,0,0,0.0,0.0,118.23526173334271,True
2008,5,32.7002,-82.5243,2,0,0,3,1,7000000.0,0.0,77.42735772966935,True
2008,5,37.5332,-95.7937,0,0,0,0,0,0.0,0.0,145.93953880150212,True
2008,5,37.15,-95.08,0,0,0,0,0,0.0,0.0,116.69919493540547,True
2008,5,37.1,-95.05,0,0,0,0,0,10000.0,0.0,112.6219796904293,True
2008,5,45.9586,-98.3184,0,0,0,0,0,10000.0,0.0,56.38649670281872,True
2008,5,37.59,-95.47,0,0,0,0,0,0.0,0.0,157.56448021582025,True
2008,5,37.78,-95.45,0,0,0,0,0,0.0,0.0,151.53032221108805,True
2008,5,37.6488,-95.505,0,0,0,0,0,0.0,0.0,162.78486242621582,True
2008,5,37.4908,-95.899,0,0,0,0,0,0.0,0.0,137.28818250816946,True
2008,5,37.752,-95.1373,0,0,0,0,0,0.0,0.0,140.17961577485457,True
2008,5,37.36,-96.18,0,0,0,0,0,0.0,0.0,116.12145331307045,True
2008,5,35.4384,-90.2725,0,0,0,0,0,4000.0,0.0,37.65331949120559,True
2008,5,34.5018,-91.1369,1,0,0,0,0,25000.0,0.0,109.4064913004757,True
2008,5,39.0765,-100.5101,0,0,0,0,0,25000.0,0.0,107.49035209896934,True
2008,5,39.1335,-100.4977,0,0,0,0,0,0.0,0.0,106.75408881917576,True
2008,5,34.5087,-89.0342,2,0,0,0,0,75000.0,0.0,93.97524052773532,True
2008,5,35.96,-89.6665,2,0,0,0,0,40000.0,0.0,70.92232857192543,True
2008,5,39.1324,-100.238,2,0,0,0,0,1000000.0,0.0,128.58539300086323,True
2008,5,31.1438,-89.4009,1,0,0,0,0,10000.0,0.0,118.54375135719286,True
2008,5,39.7893,-100.56,1,0,0,0,0,1000000.0,0.0,108.4239226733393,True
2008,5,39.3503,-100.5107,2,0,0,0,0,750000.0,0.0,102.28928147758661,True
2008,5,39.4821,-100.4679,0,0,0,0,0,0.0,0.0,106.62384205607343,True
2008,5,41.5379,-104.2931,1,0,0,0,0,10000.0,0.0,60.628283258427054,True
2008,5,38.7351,-100.7559,0,0,0,0,0,0.0,0.0,107.63833026375553,True
2008,5,38.9563,-100.63,0,0,0,0,0,0.0,0.0,102.95377461642741,True
2008,5,39.5242,-100.621,1,0,0,0,0,250000.0,0.0,94.30932102338272,True
2008,5,46.13,-98.1427,0,0,0,0,0,10000.0,0.0,77.83936006192326,True
2008,5,46.0609,-98.289,0,0,0,0,0,10000.0,0.0,67.96547902536535,True
2008,5,40.0019,-100.3116,1,0,0,0,0,350000.0,0.0,138.2220231730738,True
2008,5,41.677,-96.1729,1,0,0,0,0,0.0,0.0,42.827592269293994,True
2008,5,46.8505,-101.2099,0,0,0,0,0,0.0,0.0,35.34633039262197,True
2008,7,35.165,-103.647,0,0,0,0,0,0.0,0.0,176.22959518548805,True
2008,5,38.7194,-87.172,0,0,0,0,0,0.0,0.0,70.13683890689542,True
2008,5,31.392,-86.6725,0,0,0,0,0,150000.0,0.0,115.35711441977705,True
2008,5,35.3733,-80.5511,0,0,0,0,0,0.0,0.0,161.240262107486,True
2008,5,33.1084,-84.8635,2,0,0,0,0,30000.0,0.0,39.623302701281595,True
2008,5,32.2599,-82.3897,2,0,0,3,0,500000.0,0.0,101.31769706045053,True
2008,5,41.61,-96.43,1,0,0,0,0,0.0,0.0,32.644068796147124,True
2008,5,32.3399,-82.5803,3,0,0,0,0,200000.0,0.0,81.31943991185011,True
2008,5,32.33,-82.49,3,0,0,0,0,25000.0,0.0,89.40138318272929,True
2008,5,33.0655,-84.93,2,0,0,0,0,80000.0,0.0,47.37589728394157,True
2008,5,33.1098,-84.8902,2,0,0,0,0,50000.0,0.0,41.28987735962857,True
2008,5,32.75,-83.63,0,0,0,0,0,5000.0,0.0,27.393232095241576,True
2008,5,36.2043,-76.8241,2,0,0,0,0,50000.0,0.0,88.21802515560105,True
2008,5,36.244,-76.7641,2,0,0,0,0,50000.0,0.0,85.09068535095074,True
2008,5,30.7241,-98.2009,0,0,0,0,0,10000.0,0.0,78.20414347112202,True
2008,5,32.74,-83.32,1,0,0,0,0,50000.0,0.0,7.792809728674874,True
2008,5,32.71,-82.85,1,0,0,5,1,15000000.0,0.0,47.05493788736152,True
2008,4,32.8897,-89.3762,1,0,0,0,0,100000.0,150000.0,88.5656392106956,True
2008,5,35.2535,-81.1765,2,0,0,0,0,7000000.0,0.0,103.49094425476241,True
2008,5,35.5895,-81.6182,0,0,0,0,0,0.0,0.0,95.6652883414257,True
2008,5,36.9596,-92.6551,0,0,0,0,0,100000.0,0.0,72.85169053755435,True
2008,5,37.1832,-94.2185,1,1,0,10,0,1000000.0,0.0,72.69255084679848,True
2008,4,31.9761,-90.6927,1,0,0,0,0,120000.0,150000.0,74.76599748983288,True
2008,5,31.0022,-98.2101,0,0,0,0,0,0.0,0.0,84.90670216746452,True
2008,5,33.0259,-82.7738,0,0,0,0,0,150000.0,0.0,66.56414795574067,True
2008,5,35.5398,-81.4102,0,0,0,0,0,0.0,0.0,103.62914625256336,True
2008,5,37.187,-95.096,0,0,0,0,0,0.0,0.0,120.02359920128794,True
2008,5,33.8399,-117.23,0,0,0,0,0,0.0,0.0,103.89084232493632,True
2008,5,36.8593,-94.0612,2,1,0,0,0,10000000.0,0.0,72.02997139472946,True
2008,5,36.8143,-93.7811,0,0,0,0,0,0.0,0.0,57.741970797253565,True
2008,5,36.9278,-94.6186,4,14,0,200,0,35000000.0,0.0,113.3544634378566,True
2008,5,38.7093,-100.352,0,0,0,0,0,0.0,0.0,110.64591542410585,True
2008,5,34.7686,-95.6048,2,0,0,0,0,200000.0,0.0,127.17690346789801,True
2008,5,35.6369,-97.5841,0,0,0,0,0,50000.0,0.0,43.71391652837768,True
2008,5,47.079,-94.38,0,0,0,0,0,0.0,0.0,166.89179359766342,True
2008,5,33.8744,-117.2708,0,0,0,0,0,0.0,0.0,108.35246387593693,True
2008,5,35.6899,-90.2371,2,0,0,1,0,500000.0,0.0,50.5681415841931,True
2008,5,33.58,-84.9584,2,0,0,0,0,7000000.0,0.0,43.66142550967661,True
2008,5,33.55,-85.23,2,0,0,0,0,2000000.0,0.0,65.01737034337411,True
2008,5,32.3645,-82.8,1,0,0,0,0,900000.0,0.0,62.14472531037808,True
2008,5,33.022,-82.194,0,0,0,0,0,5000.0,0.0,114.7719558090311,True
2008,5,34.1422,-90.0146,1,0,0,2,0,175000.0,0.0,134.335642511442,True
2008,5,34.87,-77.24,2,0,0,6,0,150000.0,0.0,34.80368062334801,True
2008,5,34.4225,-95.4288,1,0,0,0,0,0.0,0.0,137.0779109560954,True
2008,6,44.302,-105.551,0,0,0,0,0,10000.0,0.0,217.74509252553682,True
2008,5,36.95,-94.6985,1,0,0,0,0,0.0,0.0,115.77270537528696,True
2008,5,32.8215,-83.7841,2,0,0,0,0,5000000.0,0.0,43.64788889716907,True
2008,5,33.6079,-84.23,0,0,0,0,0,5000.0,0.0,41.3466900645117,True
2008,5,41.1593,-83.3831,1,0,0,0,0,750000.0,0.0,130.35026286583528,True
2008,6,39.3133,-83.8192,0,0,0,0,0,15000.0,0.0,11.89640105892246,True
2008,5,36.15,-97.4338,0,0,0,0,0,0.0,0.0,90.36653333834265,True
2008,5,35.1925,-91.0419,1,0,0,0,0,30000.0,0.0,107.43034395344021,True
2008,6,44.9614,-105.569,0,0,0,0,0,0.0,0.0,236.1510404648622,False
2008,5,34.6111,-92.0297,2,0,0,2,0,3000000.0,0.0,32.83285073046912,True
2008,5,33.02,-82.58,0,0,0,0,0,5000000.0,0.0,81.6129553297626,True
2008,5,34.2626,-90.3005,1,0,0,0,0,25000.0,0.0,126.48897900617125,True
2008,5,34.113,-89.926,0,0,0,0,0,10000.0,0.0,137.04555995678533,True
2008,5,33.6199,-84.1645,0,0,0,0,0,5000.0,0.0,46.89327204106978,True
2008,5,34.9022,-96.0152,2,0,0,0,0,500000.0,0.0,124.42605106573362,True
2008,5,34.5707,-95.7027,2,0,0,0,0,75000.0,0.0,146.09814649714474,True
2008,5,35.0766,-95.67,0,0,0,0,0,0.0,0.0,121.23595642950734,True
2008,5,34.8751,-77.2215,2,0,0,0,0,5000.0,0.0,33.379387674701135,True
2008,5,34.4116,-92.4916,1,0,0,0,0,1500000.0,0.0,51.697112313175715,True
2008,5,35.0326,-95.4574,0,0,0,0,0,0.0,0.0,103.63190961658269,True
2008,5,37.5576,-99.0309,0,0,0,0,0,0.0,0.0,85.60503986376266,True
2008,5,34.5661,-95.6719,1,0,0,0,0,0.0,0.0,144.04549040418928,True
2008,6,40.24,-103.32,0,0,0,0,0,0.0,0.0,115.92708064271788,True
2008,5,43.243,-96.3797,1,0,0,0,0,10000.0,0.0,47.593410287389396,True
2008,5,35.4607,-95.4823,0,0,0,0,0,0.0,0.0,79.76738159078752,True
2008,5,45.2097,-92.7473,0,0,0,0,0,0.0,0.0,75.79086821276607,True
2008,5,32.6111,-83.0806,2,2,0,2,0,1400000.0,0.0,26.305683715054325,True
2008,5,34.1459,-92.5707,2,0,0,0,0,3500000.0,0.0,81.82639019285546,True
2008,7,41.7675,-79.1165,1,0,0,0,0,0.0,0.0,132.0714311693239,True
2008,5,34.9147,-95.7887,0,0,0,0,0,0.0,0.0,136.35548538432943,True
2008,5,35.3059,-92.6035,2,2,0,6,0,5000000.0,0.0,60.761073192198,True
2008,5,36.9503,-99.6923,0,0,0,0,0,10000.0,0.0,93.38324414007455,True
2008,5,35.3682,-92.4816,3,3,0,6,0,10000000.0,0.0,62.42062737868309,True
2008,6,38.46,-77.73,1,0,0,0,0,25000.0,0.0,61.12258966511488,True
2008,6,40.5777,-89.2688,0,0,0,0,0,0.0,0.0,47.85156593601319,True
2008,6,40.5954,-89.2026,0,0,0,0,0,0.0,0.0,50.76095258125229,True
2008,6,42.0187,-95.5925,0,0,0,0,0,0.0,0.0,100.83426587298081,True
2008,6,38.32,-88.8078,0,0,0,0,0,5000.0,0.0,94.77598233178313,True
2008,6,38.7594,-98.2765,0,0,0,0,0,0.0,0.0,142.82394429917488,True
2008,6,38.6895,-98.4782,0,0,0,0,0,0.0,0.0,146.40406013391652,True
2008,6,38.53,-98.92,0,0,0,0,0,0.0,0.0,125.4101776422454,True
2008,6,38.5677,-98.3473,0,0,0,0,0,9750.0,0.0,128.72754434205456,True
2008,5,32.73,-82.45,2,0,0,0,0,750000.0,0.0,84.53738996982202,True
2008,6,38.6344,-98.6037,1,0,0,0,0,65000.0,0.0,148.91229543652688,True
2008,5,45.2044,-92.7641,0,0,0,0,0,0.0,0.0,74.36156943800572,True
2008,5,32.26,-81.74,1,0,0,0,0,125000.0,0.0,78.87170184853052,True
2008,5,31.41,-81.46,4,0,0,9,0,12500000.0,0.0,105.45059188555277,True
2008,5,39.5671,-89.9273,1,0,0,0,0,63000.0,0.0,82.149677923611,True
2008,6,40.9747,-88.6805,0,0,0,0,0,0.0,0.0,85.92660318469595,True
2008,6,41.3972,-87.8465,2,0,0,0,0,500000.0,0.0,30.392045572347786,True
2008,3,32.39,-81.31,2,0,0,5,1,1500000.0,0.0,38.75768799540963,True
2008,5,32.75,-81.99,0,0,0,1,0,50000.0,0.0,89.30524832773986,True
2008,3,27.6881,-97.3845,0,0,0,0,0,50000.0,0.0,16.371113403272748,True
2008,5,39.5783,-90.0014,1,0,0,0,0,129000.0,0.0,85.23847921461815,True
2008,5,34.2599,-88.7935,3,0,0,0,0,1500000.0,0.0,58.80288751900303,True
2008,5,33.5662,-84.02,0,0,0,0,0,1000.0,0.0,55.429795514531925,True
2008,5,45.185,-92.125,0,0,0,0,0,200000.0,0.0,119.23668129565057,True
2008,6,38.96,-77.92,0,0,0,0,0,15000.0,0.0,37.43402072251668,True
2008,5,32.7472,-83.4121,1,0,0,0,0,4000000.0,0.0,9.8504866211145,True
2008,6,35.0,-77.4647,0,0,0,0,0,0.0,0.0,59.166670195169985,True
2008,6,25.8476,-80.119,0,0,0,0,0,0.0,0.0,39.5270829632729,True
2008,6,26.464,-80.0576,0,0,0,0,0,0.0,0.0,101.32621646657971,True
2008,6,46.82,-95.06,2,0,0,1,0,5000000.0,800000.0,188.43032182056194,True
2008,6,39.5277,-86.2682,0,0,0,0,0,20000.0,0.0,20.018450684509496,True
2008,6,43.4814,-90.9078,0,0,0,0,0,15000.0,10000.0,44.27595101763039,True
2008,6,46.75,-95.08,2,0,0,1,0,5000000.0,500000.0,190.56383718625372,True
2008,6,40.3245,-87.2656,0,0,0,0,0,1000.0,2000.0,108.38764621005993,True
2008,6,43.06,-90.9,0,0,0,0,0,750.0,0.0,88.0119763174882,True
2008,6,39.35,-86.6844,0,0,0,0,0,20000.0,0.0,52.73965288806981,True
2008,6,39.53,-98.69,0,0,0,0,0,0.0,0.0,90.44452376601501,True
2008,6,42.7243,-88.135,0,0,0,0,0,20000.0,0.0,43.36652047412285,True
2008,6,39.4596,-85.6295,3,1,0,8,0,1000000.0,0.0,62.20912068220583,True
2008,6,47.35,-96.76,1,0,0,0,0,40000.0,0.0,46.87829244409304,True
2008,6,34.5171,-100.9761,0,0,0,0,0,0.0,0.0,103.99936313306412,True
2008,6,34.2206,-100.1997,0,0,0,0,0,0.0,0.0,113.4544124723321,True
2008,5,32.69,-80.2,2,0,0,0,0,1200000.0,0.0,78.92219142466654,True
2008,6,41.3635,-87.9193,2,0,0,0,0,50000.0,0.0,30.11657652139454,True
2008,6,41.4828,-87.6573,1,0,0,0,0,1000000.0,0.0,38.03448574993413,True
2008,6,42.8361,-90.5116,0,0,0,0,0,3000.0,10000.0,122.7084756760061,True
2008,5,34.9684,-87.2645,1,0,0,0,0,5000.0,0.0,107.7100191970563,True
2008,6,41.5725,-87.5339,0,0,0,0,0,10000.0,0.0,45.92378288148252,True
2008,6,41.4436,-87.7698,2,0,0,6,0,5500000.0,0.0,31.716824620133824,True
2008,6,40.7791,-88.8998,1,0,0,0,0,40000.0,0.0,79.07196007313208,True
2008,6,41.0495,-88.5465,1,0,0,0,0,50000.0,0.0,72.7756943211194,True
2008,6,39.0201,-84.9593,0,0,0,0,0,30000.0,0.0,107.62968666573848,True
2008,6,38.7083,-75.9336,0,0,0,0,1,300000.0,0.0,44.73631013109543,True
2008,6,43.3484,-103.2124,0,0,0,0,0,0.0,0.0,91.62590725936032,True
2008,6,38.3072,-96.5218,0,0,0,0,0,0.0,0.0,80.70539785889301,True
2008,5,31.2,-99.58,0,0,0,0,0,0.0,0.0,88.74695118405963,True
2008,5,36.3409,-95.2692,0,0,0,0,0,0.0,0.0,32.24357269759799,True
2008,5,34.4869,-91.5949,3,0,0,9,0,75000000.0,0.0,72.33291784481641,True
2008,5,39.5686,-100.6078,1,0,0,0,0,250000.0,0.0,96.4211024164431,True
2008,5,36.9924,-95.0345,4,6,0,150,0,15000000.0,0.0,102.4574666590433,True
2008,5,35.5183,-97.6646,1,0,0,0,1,100000.0,0.0,40.656652384568275,True
2008,5,34.1397,-92.5842,0,0,0,0,0,0.0,0.0,82.90664045781585,True
2008,5,34.7743,-91.7574,1,0,0,0,0,1000000.0,0.0,46.579652793373725,True
2008,5,34.9556,-91.2622,0,0,0,0,0,3000.0,0.0,92.13573262100228,True
2008,5,34.4986,-91.7226,1,0,0,0,0,0.0,0.0,61.9970248793365,True
2008,5,34.4994,-91.6794,1,0,0,0,0,0.0,0.0,65.1327937141166,True
2008,5,36.9982,-95.1415,2,0,0,0,0,600000.0,0.0,99.00908865144322,True
2008,5,33.875,-87.0631,0,0,0,0,0,5000.0,0.0,82.77194594232215,True
2008,5,32.33,-100.54,0,0,0,0,0,0.0,0.0,106.71920168926289,True
2008,5,32.34,-100.4,0,0,0,0,0,0.0,0.0,108.08706069770889,True
2008,5,33.6148,-101.8428,0,0,0,0,0,100000.0,0.0,5.114299934716278,True
2008,5,34.6188,-95.0378,1,0,0,0,0,0.0,0.0,96.80686317352439,True
2008,5,34.2396,-88.1647,1,0,0,0,0,100000.0,0.0,41.00707572901314,True
2008,5,31.126,-99.397,0,0,0,0,0,250000.0,0.0,107.62201175137315,True
2008,5,33.6209,-84.2809,2,0,0,0,0,7500000.0,0.0,38.966748073145055,True
2008,5,33.8829,-117.2549,2,0,0,1,0,350000.0,0.0,109.00189462043028,True
2008,5,33.644,-85.638,1,0,0,0,0,1750000.0,0.0,104.1946660095707,True
2008,5,33.6459,-85.5045,1,0,0,0,0,50000.0,0.0,92.53001323164548,True
2008,5,34.8023,-97.1786,1,0,0,1,0,50000.0,0.0,59.702568428888085,True
2008,6,39.6393,-102.8899,0,0,0,0,0,0.0,0.0,106.46386268518263,True
2008,5,34.4932,-92.2946,2,0,0,1,0,1000000.0,0.0,38.27659987110142,True
2008,5,31.4,-102.4687,0,0,0,0,0,0.0,0.0,65.96359578843027,True
2008,5,35.5,-97.7222,1,0,0,0,0,50000.0,0.0,44.34815696538916,True
2008,5,35.5002,-97.2826,0,0,0,0,0,15000.0,0.0,18.59142767397633,True
2008,5,36.3402,-96.7873,0,0,0,0,0,0.0,0.0,111.20118925899916,True
2008,5,30.7422,-90.0178,1,0,0,0,0,100000.0,0.0,44.74610589915944,True
2008,5,35.1449,-97.4737,0,0,0,0,0,15000.0,0.0,27.46627530595626,True
2008,5,45.2,-93.34,1,0,0,2,0,700000.0,0.0,42.87755675831295,True
2008,5,45.1835,-92.831,0,0,0,0,0,0.0,0.0,68.68687958198569,True
2008,5,30.87,-102.59,0,0,0,0,0,0.0,0.0,125.27594822816366,True
2008,5,35.1539,-97.4309,0,0,0,0,0,10000.0,0.0,24.29535956350976,True
2008,5,37.003,-99.6664,0,0,0,0,0,0.0,0.0,88.40334248748265,True
2008,5,34.7591,-95.5143,2,0,0,4,0,1000000.0,0.0,120.42338421226688,True
2008,5,39.1327,-99.45,1,0,0,0,0,60000.0,200000.0,157.7507081441913,True
2008,5,33.865,-87.733,1,0,0,0,0,25000.0,0.0,55.150724166721304,True
2008,5,33.8848,-87.6391,1,0,0,0,0,20000.0,0.0,63.71152545209578,True
2008,5,33.9718,-87.1825,1,0,0,0,0,100000.0,0.0,96.81343498925247,True
2008,6,43.2643,-90.0778,0,0,0,0,0,0.0,0.0,109.1224761914457,True
2008,6,46.75,-95.3,0,0,0,0,0,100000.0,100000.0,175.90152345446896,True
2008,6,46.97,-97.76,0,0,0,0,0,20000.0,40000.0,70.20381099177739,True
2008,6,46.95,-97.69,0,0,0,0,0,10000.0,20000.0,69.93394426302382,True
2008,6,41.1909,-96.1364,2,0,0,3,0,0.0,0.0,24.03918166731282,True
2008,6,43.5333,-89.2631,2,0,0,6,0,2500000.0,500000.0,85.35046090013459,True
2008,6,44.3257,-94.7593,0,0,0,0,0,100000.0,0.0,111.0004455208967,True
2008,6,44.5671,-94.1764,0,0,0,0,0,0.0,0.0,57.55201045576661,True
2008,6,38.3684,-86.1169,0,0,0,0,0,0.0,0.0,46.256667649852204,True
2008,6,38.382,-86.0885,0,0,0,0,0,25000.0,1000.0,46.95970935799761,True
2008,6,38.1536,-86.1442,0,0,0,0,0,1000.0,0.0,26.471798307568363,True
2008,6,44.3517,-94.6826,1,0,0,0,0,100000.0,0.0,104.29832480863374,True
2008,6,44.2002,-94.8721,1,0,0,0,0,300000.0,0.0,126.21837014270787,True
2008,6,41.8641,-96.0191,3,4,0,48,0,0.0,0.0,67.0285498376036,True
2008,6,46.93,-94.86,1,0,0,0,0,300000.0,100000.0,197.64115764058363,True
2008,6,47.1,-95.29,1,0,0,0,0,200000.0,100000.0,160.62187327464719,True
2008,6,40.209,-97.08,0,0,0,0,0,0.0,0.0,116.2250017685909,True
2008,6,47.1415,-95.22,1,0,0,0,0,200000.0,20000.0,164.34267931859537,True
2008,6,47.15,-95.17,1,0,0,0,0,300000.0,100000.0,167.7300122742037,True
2008,5,43.353,-75.7774,0,0,0,0,0,5000.0,0.0,45.474036072864656,True
2008,6,40.78,-100.03,0,0,0,0,0,40000.0,0.0,138.6842662014088,True
2008,6,43.686,-89.5995,1,0,0,0,0,300000.0,50000.0,116.52032682558388,True
2008,6,46.3107,-96.3644,1,0,0,0,0,150000.0,100000.0,153.76865616767103,True
2008,6,46.2966,-96.1281,1,0,0,0,0,100000.0,50000.0,164.35939210025515,True
2008,6,37.2507,-79.9683,0,0,0,0,0,350000.0,0.0,37.008440985195115,True
2008,6,41.1903,-95.317,0,0,0,0,0,0.0,0.0,88.93843526532777,True
2008,6,41.0447,-96.7367,1,0,0,0,0,0.0,0.0,43.556734089621685,True
2008,6,43.4141,-89.0178,0,0,0,0,0,0.0,0.0,62.433557773563734,True
2008,6,42.7044,-89.7932,1,0,0,0,0,0.0,0.0,105.47102492747588,True
2008,6,42.7747,-89.5052,0,0,0,0,0,0.0,0.0,80.70459959438647,True
2008,6,42.8022,-89.6946,1,0,0,0,0,0.0,0.0,95.01130213024425,True
2008,6,42.9276,-89.1422,0,0,0,0,0,0.0,0.0,48.36220394309017,True
2008,6,43.4693,-88.5261,0,0,0,0,0,0.0,0.0,55.80277371384613,True
2008,6,41.3572,-98.634,0,0,0,0,0,50000.0,100000.0,116.3661074810906,True
2008,6,43.0823,-88.8384,0,0,0,0,0,0.0,0.0,26.640328810653187,True
2008,6,42.8585,-88.4755,0,0,0,0,0,0.0,0.0,13.600894178811389,True
2008,6,43.5607,-89.1235,0,0,0,0,0,0.0,0.0,80.61703648547025,True
2008,6,43.6705,-89.0365,0,0,0,0,0,0.0,0.0,87.47167466699248,True
2008,6,43.2136,-89.2582,0,0,0,0,0,0.0,0.0,63.63311291915702,True
2008,6,42.924,-89.2537,1,0,0,0,0,429000.0,0.0,57.43887816904399,True
2008,6,43.0901,-89.1582,0,0,0,0,0,0.0,0.0,51.23119960989343,True
2008,6,43.493,-89.0151,0,0,0,0,0,0.0,0.0,69.47928160323819,True
2008,6,43.4505,-92.8082,0,0,0,0,0,0.0,0.0,136.5585602818686,True
2008,6,43.3488,-93.0212,0,0,0,0,0,0.0,1000.0,156.53653831671483,True
2008,6,41.77,-95.34,0,0,0,0,0,0.0,0.0,99.00840032422786,True
2008,6,33.18,-102.6311,0,0,0,0,0,0.0,0.0,92.34938757571405,True
2008,6,40.97,-96.2,1,0,0,0,0,0.0,0.0,41.376805900659576,True
2008,6,42.13,-95.83,0,0,0,0,0,0.0,0.0,100.45552163104175,True
2008,6,41.86,-95.38,0,0,0,0,0,0.0,0.0,101.66840791029033,True
2008,6,41.37,-96.24,0,0,0,0,0,0.0,0.0,11.942475491018886,True
2008,6,40.96,-96.44,0,0,0,0,0,0.0,0.0,40.52646106508091,True
2008,6,40.2905,-96.0583,1,0,0,0,0,0.0,0.0,117.41206243712864,True
2008,6,40.3995,-96.0269,1,0,0,0,0,0.0,0.0,106.30013159940779,True
2008,6,41.0708,-97.2441,1,0,0,0,0,0.0,0.0,78.47024695165155,True
2008,7,40.65,-96.47,0,0,0,0,0,0.0,0.0,75.03232414154706,True
2008,6,41.0467,-97.2043,1,0,0,0,0,0.0,0.0,76.40323363008459,True
2008,6,40.0932,-103.0996,0,0,0,0,0,0.0,0.0,127.91999222848291,True
2008,6,41.2033,-96.238,1,0,0,0,0,0.0,0.0,16.88405658408186,True
2008,6,41.5112,-95.9014,0,0,0,0,0,0.0,0.0,44.23637883784717,True
2008,6,40.32,-103.01,0,0,0,0,0,0.0,0.0,143.54001178285634,True
2008,6,40.0766,-103.07,0,0,0,0,0,0.0,0.0,129.89827665349588,True
2008,6,41.0825,-97.1147,1,0,0,0,0,0.0,0.0,67.92763490349323,True
2008,6,41.1381,-96.2753,2,0,0,0,0,0.0,0.0,21.65346250188762,True
2008,6,41.8043,-96.117,1,0,0,0,0,0.0,0.0,57.69498839489869,True
2008,6,43.8201,-91.673,0,0,0,0,0,0.0,0.0,38.66261023302855,True
2008,6,43.8369,-91.0727,1,0,0,0,0,93000.0,10000.0,9.626655556279129,True
2008,6,41.8137,-96.1013,2,0,0,0,0,0.0,0.0,59.1459739262268,True
2008,6,40.8704,-91.8335,0,0,0,0,0,0.0,0.0,133.27881722772025,True
2008,7,39.72,-79.53,0,0,0,0,0,100000.0,0.0,107.5475897016435,True
2008,7,47.0023,-100.6719,0,0,0,0,0,0.0,0.0,26.600006384832746,True
2008,7,47.5773,-102.4907,0,0,0,0,0,0.0,0.0,158.58115251225132,True
2008,5,40.3405,-96.7058,2,0,0,0,0,750000.0,0.0,112.61681333379669,True
2008,6,40.0844,-95.5227,2,0,0,0,0,0.0,0.0,135.37292115268005,True
2008,6,39.99,-104.07,0,0,0,0,0,0.0,0.0,46.46851656366192,True
2008,6,40.2905,-96.0583,1,0,0,0,0,0.0,0.0,117.41206243712864,True
2008,6,43.72,-105.8705,0,0,0,0,0,0.0,0.0,222.8151332983895,False
2008,5,32.28,-82.24,1,0,0,0,0,5000.0,0.0,113.10216015663222,True
2008,6,38.0905,-94.674,0,0,0,0,0,50000.0,0.0,87.61774682038539,True
2008,6,39.0865,-94.9657,0,0,0,0,0,0.0,0.0,67.9779905398411,True
2008,6,46.83,-101.16,0,0,0,0,0,0.0,0.0,31.129677988664344,True
2008,6,44.7705,-83.5921,1,0,0,0,0,50000.0,0.0,90.16906758775424,True
2008,6,40.53,-99.63,0,0,0,0,0,0.0,0.0,103.21963032552173,True
2008,6,29.95,-96.04,0,0,0,0,0,0.0,0.0,106.9650610414572,True
2008,6,40.9384,-95.807,1,0,0,0,0,0.0,0.0,63.25574093683012,True
2008,6,29.03,-96.71,0,0,0,0,0,20000.0,0.0,148.13804555275095,True
2008,6,44.3639,-84.122,0,0,0,0,0,75000.0,0.0,76.63821885585722,True
2008,6,44.2181,-86.1517,0,0,0,0,0,15000.0,0.0,136.85676373691092,True
2008,6,41.0,-95.4,1,0,0,0,0,0.0,0.0,88.42400299871488,True
2008,5,40.8045,-97.1974,0,0,0,0,0,0.0,0.0,90.2132025564786,True
2008,7,46.4634,-101.408,0,0,0,0,0,0.0,0.0,60.13290624830551,True
2008,6,41.3869,-90.6873,0,0,0,0,0,0.0,0.0,26.51849764199948,True
2008,6,46.73,-101.04,0,0,0,0,0,0.0,0.0,21.790354419967066,True
2008,6,40.58,-99.75,0,0,0,0,0,0.0,0.0,114.37141352308147,True
2008,6,38.0204,-94.1166,0,0,0,1,0,150000.0,0.0,88.76589917035952,True
2008,6,40.2056,-95.4801,1,0,0,0,0,250000.0,0.0,144.70253945333286,True
2008,6,40.5727,-88.6254,0,0,0,0,0,50000.0,0.0,76.40023449573937,True
2008,6,33.3735,-102.1785,0,0,0,0,0,0.0,0.0,45.985328741652246,True
2008,6,39.4043,-88.333,1,0,0,0,0,275000.0,0.0,119.3417685384835,True
2008,6,43.6905,-89.6052,0,0,0,0,0,2000.0,0.0,117.19669514905549,True
2008,6,46.98,-95.02,3,0,0,0,0,0.0,0.0,184.32175522997642,True
2008,6,46.9901,-94.9257,0,0,0,0,0,100000.0,0.0,190.68072458874175,True
2008,6,46.85,-94.72,1,0,0,0,0,200000.0,0.0,190.92163062371654,True
2008,6,47.16,-94.99,1,0,0,0,0,400000.0,0.0,180.61967044858244,True
2008,6,40.48,-95.62,0,0,0,0,0,0.0,0.0,112.55759935592134,True
2008,6,37.9828,-94.0611,0,0,0,0,0,25000.0,0.0,93.69830569798049,True
2008,6,39.55,-90.4112,0,0,0,0,0,0.0,0.0,97.49632674138557,True
2008,6,40.2,-95.389,0,0,0,0,0,2000.0,0.0,149.3278596226375,True
2008,6,39.3675,-86.6308,0,0,0,2,0,50000.0,0.0,48.29901458784803,True
2008,6,47.97,-99.57,0,0,0,0,0,0.0,20000.0,160.6646906100734,True
2008,6,40.42,-95.36,0,0,0,0,0,210000.0,0.0,131.10040523782203,True
2008,6,42.98,-95.54,2,0,0,0,0,200000.0,0.0,117.59217371615864,True
2008,6,39.0864,-93.5623,0,0,0,0,0,500.0,0.0,68.04399164522297,True
2008,6,38.17,-94.52,0,0,0,0,0,25000.0,0.0,74.58453667796118,True
2008,6,43.73,-96.77,2,0,0,0,0,0.0,0.0,16.157491999976845,True
2008,6,38.8308,-84.2932,0,0,0,0,0,60000.0,0.0,77.14106494050402,True
2008,6,36.6814,-100.8965,2,0,0,0,0,200000.0,0.0,145.4383126437289,True
2008,6,36.6279,-102.78,0,0,0,0,0,0.0,0.0,182.5904618112163,True
2008,6,45.1,-100.8,0,0,0,0,0,0.0,0.0,185.81321474471952,True
2008,6,42.8569,-89.559,1,0,0,0,0,0.0,0.0,83.04652768342375,True
2008,6,41.2026,-88.2007,2,0,0,0,0,500000.0,0.0,45.72257460303718,True
2008,8,40.14,-103.14,0,0,0,0,0,0.0,0.0,126.0876858418331,True
2008,8,39.58,-104.52,0,0,0,0,0,0.0,0.0,23.08203903473605,True
2008,7,38.26,-98.81,0,0,0,0,0,0.0,0.0,115.71008465328258,True
2008,7,38.34,-98.81,0,0,0,0,0,0.0,0.0,120.1837872006022,True
2008,6,45.14,-101.1,0,0,0,0,0,0.0,0.0,177.4330152597336,True
2008,6,41.4698,-87.7387,2,0,0,0,0,4000000.0,0.0,32.43821774910855,True
2008,6,42.4318,-99.234,2,0,0,0,0,150000.0,15000.0,122.48245512134054,True
2008,6,42.13,-100.83,0,0,0,0,0,3000.0,0.0,28.376795266311582,True
2008,5,40.0154,-91.74,1,0,0,0,0,10000.0,0.0,172.31151146067015,True
2008,9,34.6102,-105.2124,0,0,0,0,0,0.0,0.0,158.76538842483637,True
2008,5,39.4693,-91.5698,0,0,0,0,0,30000.0,0.0,114.89174666777596,True
2008,6,42.2043,-99.464,2,0,0,0,0,50000.0,10000.0,95.78879584538785,True
2008,5,32.31,-82.23,3,0,0,2,0,1000000.0,0.0,112.7073232400304,True
2008,8,35.0681,-77.4026,0,0,0,0,0,0.0,50000.0,57.946874513838196,True
2008,7,47.78,-94.4515,0,0,0,0,0,0.0,5000.0,198.89638820079568,True
2008,7,47.25,-95.93,0,0,0,0,0,0.0,5000.0,109.47091476537011,True
2008,6,41.82,-101.35,0,0,0,0,0,0.0,0.0,65.86336339621525,True
2008,7,40.85,-102.007,0,0,0,0,0,0.0,0.0,166.95880915810713,True
2008,7,29.0157,-98.0393,0,0,0,0,0,10000.0,0.0,76.54805160337051,True
2008,7,29.391,-98.4825,0,0,0,0,0,800000.0,0.0,56.03174094094543,True
2008,7,43.6068,-88.8234,1,0,0,0,0,20000.0,0.0,74.40971875415947,True
2008,7,43.6365,-88.9889,1,0,0,0,0,30000.0,10000.0,82.38646960510039,True
2008,7,39.6973,-87.7148,0,0,0,0,0,60000.0,0.0,122.72847708701417,True
2008,7,43.6524,-89.2179,1,0,0,0,0,150000.0,0.0,93.33174373248829,True
2008,8,39.0253,-104.1246,1,0,0,0,0,10000.0,0.0,92.0660799838999,True
2008,8,39.1139,-105.0898,1,0,0,0,0,20000.0,0.0,88.18905452363293,True
2008,7,45.91,-86.98,0,0,0,0,0,10000.0,0.0,81.73991476829951,True
2008,6,43.4109,-89.005,0,0,0,0,0,0.0,0.0,61.524726726310696,True
2008,5,45.5966,-95.9873,0,0,0,0,0,0.0,0.0,189.60880377844188,True
2008,7,27.44,-81.3254,0,0,0,0,0,50000.0,0.0,99.79113113919533,True
2008,5,39.6783,-90.85,1,0,0,0,0,5000.0,0.0,109.8559932262936,True
2008,6,42.18,-100.47,0,0,0,0,0,0.0,0.0,26.20214997555086,True
2008,6,40.3865,-101.9306,1,0,0,0,0,95000.0,15000.0,115.06093687824627,True
2008,6,42.55,-99.9482,0,0,0,0,0,10000.0,0.0,83.69950786685303,True
2008,8,37.6278,-105.736,1,0,0,0,0,8000.0,0.0,261.31655480767415,True
2008,6,43.4947,-89.0063,1,0,0,0,0,200000.0,100000.0,69.25526588575373,True
2008,6,42.26,-99.86,0,0,0,0,0,0.0,0.0,67.96125988780454,True
2008,7,48.88,-97.69,0,0,0,0,0,0.0,0.0,152.7438229838433,True
2008,2,35.1703,-92.9864,3,5,0,15,0,11500000.0,0.0,75.71421470450932,True
2008,7,40.17,-93.5,0,0,0,0,0,0.0,0.0,164.81430103481128,True
2008,7,43.7652,-87.8427,1,0,0,0,0,350000.0,1000.0,84.3187174833904,True
2008,7,38.21,-98.79,0,0,0,0,0,0.0,0.0,114.75501547515367,True
2008,7,38.22,-98.85,0,0,0,0,0,0.0,0.0,110.54786171022644,True
2008,7,45.0735,-95.1445,3,0,0,2,0,0.0,0.0,126.71763391423761,True
2008,8,42.5918,-94.3611,0,0,0,0,0,0.0,0.0,109.2101189730866,True
2008,7,43.0001,-94.2179,0,0,0,0,0,5000.0,1000.0,146.85019990973524,True
2008,7,43.1102,-94.0793,0,0,0,0,0,0.0,0.0,156.114882084,True
2008,7,42.0734,-92.9267,0,0,0,0,0,0.0,0.0,76.09290911194114,True
2008,7,39.7769,-87.805,1,0,0,0,0,85000.0,0.0,130.5926049446224,True
2008,7,48.2535,-96.4533,0,0,0,0,0,0.0,0.0,103.59063498506038,True
2008,7,41.8473,-90.5407,0,0,0,0,0,0.0,0.0,26.412748396947134,True
2008,7,42.01,-92.04,1,0,0,0,0,100000.0,0.0,128.78884601431622,True
2008,7,39.6884,-79.4768,0,0,0,0,0,500000.0,0.0,112.97995394702217,True
2008,7,39.7219,-79.5326,0,0,0,0,0,5000.0,0.0,107.2496610687997,True
2008,7,41.91,-94.96,1,0,0,0,0,150000.0,500000.0,104.42953229187714,True
2008,7,41.7357,-93.324,0,0,0,0,0,0.0,0.0,33.10019397690087,True
2008,7,41.6703,-93.055,0,0,0,0,0,0.0,0.0,55.85639549795201,True
2008,7,41.7911,-93.5418,1,0,0,0,0,50000.0,10000.0,16.432254836429912,True
2008,7,41.9332,-90.7078,0,0,0,0,0,125000.0,0.0,37.27183709790341,True
2008,7,42.2155,-91.2,0,0,0,0,0,0.0,0.0,84.4578321300385,True
2008,7,38.27,-96.44,0,0,0,0,0,0.0,0.0,82.81718528934186,True
2008,7,38.26,-96.41,0,0,0,0,0,0.0,0.0,83.38210090392117,True
2008,8,42.5567,-94.3485,0,0,0,0,0,0.0,0.0,105.30110899970421,True
2008,7,44.5119,-92.6583,0,0,0,0,0,0.0,0.0,80.9252840175184,True
2008,7,47.0505,-100.74,0,0,0,0,0,0.0,0.0,31.135979745943697,True
2008,7,48.852,-99.917,3,0,0,3,0,1500000.0,0.0,239.82600270055318,True
2008,7,45.1225,-94.2598,0,0,0,0,0,0.0,0.0,62.5067171465319,True
2008,7,48.9213,-100.05,0,0,0,0,0,8000.0,0.0,244.92229094026789,True
2008,8,47.3345,-97.73,0,0,0,0,0,0.0,5000.0,37.30013389683225,True
2008,7,48.9981,-100.3605,0,0,0,0,0,0.0,0.0,249.44779842883406,True
2008,7,46.67,-95.68,1,0,0,0,0,200000.0,100000.0,156.86170654779502,True
2008,2,30.9411,-84.2,1,0,0,1,0,150000.0,0.0,61.69083480748756,True
2008,2,30.7276,-84.55,0,0,0,0,0,75000.0,0.0,42.37410740927705,True
2008,7,47.57,-97.84,0,0,0,0,0,2000.0,0.0,38.93291957524155,True
2008,7,46.31,-95.25,1,0,0,0,0,40000.0,20000.0,207.7853528921559,True
2008,7,46.71,-95.77,0,0,0,0,0,5000.0,5000.0,148.71610351205032,True
2008,7,48.86,-99.53,3,0,0,0,0,5000.0,5000.0,220.54845709997974,True
2008,7,48.69,-99.09,1,0,0,0,0,150000.0,5000.0,184.0187381263031,True
2008,7,48.7,-98.95,1,0,0,0,0,100000.0,100000.0,177.57521513640864,True
2008,7,40.33,-97.67,0,0,0,0,0,0.0,0.0,65.4473584058329,True
2008,7,48.63,-97.1,1,0,0,0,0,10000.0,10000.0,123.66584053115986,True
2008,7,48.35,-97.97,0,0,0,0,0,0.0,10000.0,103.25579930469176,True
2008,7,48.37,-97.42,0,0,0,0,0,0.0,60000.0,93.88758063347144,True
2008,7,48.76,-97.41,1,0,0,0,0,5000.0,10000.0,137.13169522191853,True
2008,7,48.51,-96.91,0,0,0,0,0,10000.0,20000.0,113.46609767838358,True
2008,6,39.9609,-95.7304,0,0,0,0,0,0.0,0.0,115.52488784909082,True
2008,7,45.119,-89.427,0,0,0,0,0,0.0,0.0,124.63721722522916,True
2008,7,48.64,-97.23,1,0,0,0,0,4000.0,20000.0,123.8443454004603,True
2008,6,39.2495,-97.361,1,0,0,0,0,0.0,0.0,101.31874989138157,True
2008,6,39.9722,-96.5473,0,0,0,0,0,0.0,0.0,111.7584600795331,True
2008,8,35.81,-112.33,0,0,0,0,0,0.0,0.0,171.6132002073117,True
2008,7,45.1,-89.69,0,0,0,0,0,0.0,0.0,141.38675888868076,True
2008,7,44.55,-90.201,0,0,0,0,0,0.0,0.0,113.00922904989002,True
2008,7,45.1153,-94.2721,0,0,0,0,0,200000.0,0.0,62.975995050115365,True
2008,6,40.0082,-95.5234,0,0,0,0,0,0.0,0.0,127.84873352712479,True
2008,7,46.2555,-96.6,0,0,0,0,0,10000.0,10000.0,151.84523363200609,True
2008,8,42.0128,-90.4562,0,0,0,0,0,250000.0,0.0,45.785029884776435,True
2008,7,47.23,-95.97,0,0,0,0,0,5000.0,5000.0,107.27034576648687,True
2008,7,46.75,-95.62,0,0,0,0,0,5000.0,20000.0,155.28662253274996,True
2008,9,32.608,-93.417,0,0,0,0,0,0.0,0.0,43.44285122369747,True
2008,9,32.6346,-93.3035,0,0,0,0,0,0.0,0.0,54.39016043880185,True
2008,9,33.0349,-92.185,0,0,0,0,0,20000.0,0.0,167.96382175243855,True
2008,9,33.124,-92.198,0,0,0,0,0,0.0,0.0,170.87405135038853,True
2008,9,32.1538,-93.3386,0,0,0,0,0,0.0,0.0,57.64193619378903,True
2008,9,38.8762,-95.0818,1,0,0,0,0,0.0,0.0,71.16513243130292,True
2008,9,32.1467,-92.6996,0,0,0,0,0,0.0,0.0,112.50499904835044,True
2008,8,34.441,-82.92,1,0,0,0,0,0.0,0.0,80.74383516558066,True
2008,9,31.66,-92.88,0,0,0,0,0,0.0,0.0,56.855493822042554,True
2008,6,41.4795,-95.9273,1,0,0,0,0,0.0,0.0,40.70993961554342,True
2008,9,31.4822,-94.5205,0,0,0,0,0,50000.0,0.0,125.32492755250772,True
2008,5,39.2053,-99.6051,1,0,0,0,0,75000.0,100000.0,158.96451182148746,True
2008,5,40.6615,-99.1829,0,0,0,0,0,25000.0,0.0,73.21902115984975,True
2008,5,40.8989,-98.1146,0,0,0,0,0,20000.0,100000.0,69.96600112201246,True
2008,8,47.4286,-100.631,0,0,0,0,0,0.0,0.0,73.79226664123641,True
2008,8,48.02,-100.7326,0,0,0,0,0,0.0,0.0,138.9169779538349,True
2008,8,25.7789,-80.8202,0,0,0,0,0,0.0,0.0,44.886067249887596,True
2008,8,48.0898,-100.6047,0,0,0,0,0,0.0,0.0,147.12880139114628,True
2008,8,47.9091,-100.5911,0,0,0,0,0,0.0,0.0,127.21002815933534,True
2008,9,36.5323,-93.7194,0,0,0,0,0,5000.0,0.0,83.16020162197842,True
2008,8,46.8507,-100.5649,0,0,0,0,0,0.0,0.0,17.31873629221754,True
2008,8,26.6241,-80.2348,2,0,0,0,0,1250000.0,0.0,114.09804314034756,True
2008,8,39.548,-104.598,0,0,0,0,0,5000.0,0.0,26.90798593520658,True
2008,8,40.4991,-87.355,0,0,0,0,0,5000.0,5000.0,126.89680574290949,True
2008,8,39.38,-104.91,0,0,0,0,0,0.0,0.0,54.94119640403771,True
2008,5,40.0023,-97.5006,1,0,0,0,0,50000.0,0.0,87.48345308933524,True
2008,9,42.3805,-83.4628,2,0,0,0,0,250000.0,0.0,35.53308223358272,True
2008,5,39.4827,-98.1995,0,0,0,0,0,5000.0,300000.0,95.4627082179808,True
2008,8,39.4791,-104.8231,0,0,0,0,0,0.0,0.0,41.63251716650308,True
2008,8,39.4947,-104.6,0,0,0,0,0,0.0,0.0,32.79121502716789,True
2008,5,39.5671,-98.125,0,0,0,0,0,2000.0,100000.0,88.05837777795993,True
2008,5,40.6982,-99.2096,1,0,0,0,0,100000.0,100000.0,77.28246400771843,True
2008,5,39.222,-99.4731,0,0,0,0,0,5000.0,0.0,150.64760470029353,True
2008,5,40.8553,-98.0371,2,0,0,0,0,20000.0,100000.0,68.5608575746595,True
2008,5,39.4146,-98.4896,1,0,0,0,0,10000.0,0.0,100.85023365632156,True
2008,8,43.47,-95.3,0,0,0,0,0,5000.0,0.0,115.93585385091048,True
2008,5,40.5638,-99.9699,0,0,0,0,0,0.0,0.0,132.09550723449934,True
2008,5,39.2347,-99.3732,0,0,0,0,0,5000.0,0.0,144.63281462475587,True
2008,8,30.25,-88.12,0,0,0,0,0,5000.0,0.0,49.11080065114071,True
2008,5,39.4696,-98.318,2,0,0,0,0,500000.0,500000.0,95.24116025232568,True
2008,8,38.9,-105.48,1,0,0,0,4,30000.0,0.0,127.17342749000257,True
2008,7,27.4849,-98.1048,0,0,0,0,0,0.0,0.0,67.29705483588428,True
2008,7,28.0203,-97.2182,0,0,0,0,0,10000.0,0.0,38.961730549880315,True
2008,7,27.9989,-97.3127,0,0,0,0,0,0.0,0.0,30.83501389615089,True
2008,5,40.715,-99.1199,2,0,0,0,0,11000000.0,500000.0,72.147363858375,True
2008,5,40.8057,-98.7218,0,0,0,0,0,25000.0,250000.0,58.870283896655096,True
2008,5,40.9675,-97.4532,0,0,0,0,0,40000.0,0.0,99.06700072427505,True
2008,5,39.5673,-98.2411,3,0,0,0,0,5000000.0,1000000.0,85.52008346210523,True
2008,5,40.5985,-99.681,0,0,0,0,0,0.0,0.0,109.28075746434047,True
2008,5,40.6128,-99.644,0,0,0,0,0,0.0,0.0,106.74413477995601,True
2008,5,39.4541,-99.103,1,0,0,0,0,60000.0,0.0,111.66605270560737,True
2008,5,39.3895,-98.5843,0,0,0,0,0,5000.0,0.0,104.26965789910315,True
2008,5,39.7169,-97.9703,0,0,0,0,0,2000.0,0.0,78.24765042632984,True
2008,5,40.65,-99.213,2,0,0,0,0,75000.0,0.0,74.7794511525636,True
2008,8,25.8419,-80.2844,1,0,0,0,0,150000.0,0.0,28.772455819568798,True
2008,8,34.6679,-82.8482,1,0,0,0,0,0.0,0.0,62.189103586364865,True
2008,8,34.5987,-81.1955,0,0,0,0,0,0.0,0.0,72.63225559900366,True
2008,8,34.6397,-82.3776,1,0,0,0,0,50000.0,0.0,30.682642236981426,True
2008,7,44.6629,-93.0729,0,0,0,0,0,0.0,200000.0,44.053249519586025,True
2008,8,34.5846,-82.8066,1,0,0,0,0,0.0,0.0,63.07287757695674,True
2008,8,34.6555,-82.8065,2,0,0,0,0,0.0,0.0,59.27227689611587,True
2008,7,43.8804,-94.178,0,0,0,0,0,0.0,0.0,118.1840637544507,True
2008,8,29.66,-81.66,0,0,0,0,0,0.0,0.0,91.78327088364976,True
2008,2,34.8873,-88.8739,0,0,0,0,0,100000.0,0.0,104.16549951534171,True
2008,8,30.0409,-81.7106,0,0,0,0,0,0.0,0.0,49.347599180037676,True
2008,8,41.9442,-88.1276,1,0,0,0,0,40000.0,0.0,37.948743475867275,True
2008,8,30.2584,-81.4362,0,0,0,0,0,0.0,0.0,35.81258955379306,True
2008,8,29.85,-81.6,0,0,0,0,0,0.0,0.0,71.24432415127535,True
2008,8,29.9988,-91.806,0,0,0,0,0,200000.0,0.0,136.40939030030697,True
2008,8,29.7631,-93.6982,0,0,0,0,0,50000.0,0.0,61.49571604955235,True
2008,8,29.88,-81.43,0,0,0,0,0,0.0,0.0,72.1328170138651,True
2008,8,31.166,-84.8252,0,0,0,0,0,75000.0,0.0,68.57306322519604,True
2008,8,31.2894,-83.4697,1,0,0,0,0,25000.0,0.0,62.88717827299611,True
2008,8,44.36,-99.44,0,0,0,0,0,0.0,0.0,146.2448029517245,True
2008,8,34.7205,-80.9249,0,0,0,0,0,0.0,0.0,87.654835997563,True
2008,8,34.5934,-82.8715,0,0,0,0,0,0.0,0.0,67.71207081158711,True
2008,9,31.949,-92.189,0,0,0,0,0,0.0,0.0,115.5342416130908,True
2008,7,40.05,-92.99,0,0,0,0,0,0.0,0.0,176.0220642898294,True
2008,7,41.7217,-71.2348,0,0,0,0,0,15000.0,0.0,27.262727248934915,True
2008,9,41.2295,-87.1342,1,0,0,0,0,30000.0,5000.0,89.53551630883462,True
2008,9,32.7004,-92.1319,0,0,0,0,0,5000.0,0.0,162.55276462584814,True
2008,7,44.6993,-72.8428,0,0,0,0,0,50000.0,0.0,33.07852247501306,True
2008,9,31.52,-93.18,0,0,0,0,0,0.0,0.0,44.95328108968492,True
2008,7,41.1364,-85.3891,0,0,0,0,0,20000.0,3000.0,35.8617679557852,True
2008,9,32.266,-92.162,0,0,0,0,0,0.0,0.0,145.53441340829036,True
2008,9,32.408,-92.6017,0,0,0,0,0,0.0,0.0,116.43304202564322,True
2008,9,32.755,-92.65,0,0,0,0,0,0.0,0.0,116.5997832340746,True
2008,9,32.825,-92.684,0,0,0,0,0,0.0,0.0,116.07226075575869,True
2008,9,32.406,-92.6136,0,0,0,0,0,0.0,0.0,115.32781170147086,True
2008,9,32.4905,-92.6316,0,0,0,0,0,0.0,0.0,113.5631436153117,True
2008,9,32.12,-92.71,0,0,0,0,0,0.0,0.0,110.18533427229941,True
2008,9,31.713,-92.22,0,0,0,0,0,30000.0,0.0,94.80670491380484,True
2008,9,40.6226,-75.4329,1,0,0,0,0,1500000.0,0.0,114.72564004951107,True
2008,7,41.7123,-71.2909,1,0,0,0,0,45000.0,0.0,29.929867232797836,True
2008,5,38.6405,-95.6538,0,0,0,0,0,100000.0,0.0,63.909187525497956,True
2008,11,34.3956,-79.3307,2,0,0,0,0,325000.0,0.0,94.43540181298393,True
2008,10,31.3154,-85.8587,1,0,0,0,0,4000000.0,0.0,41.19766267148631,True
2008,10,31.2434,-85.63,0,0,0,0,0,75000.0,0.0,29.077990146571032,True
2008,10,33.0653,-94.0975,0,0,0,0,0,75000.0,0.0,72.40615638856296,True
2008,10,30.1445,-85.7351,0,0,0,0,0,500000.0,0.0,50.07000498269346,True
2008,10,30.4443,-84.0322,1,0,0,0,0,10000.0,0.0,28.92083507966443,True
2008,10,31.3124,-85.5335,0,0,0,0,0,0.0,0.0,17.913103922518083,True
2008,10,34.5838,-94.1453,1,0,0,0,0,75000.0,0.0,81.01373156572474,True
2008,10,31.3776,-85.65,0,0,0,0,0,50000.0,0.0,20.304104912799385,True
2008,10,33.4812,-84.4392,0,0,0,0,0,125000.0,0.0,17.603823945462903,True
2008,4,34.8133,-92.2744,2,0,0,0,0,12000000.0,0.0,2.807109886426718,True
2008,5,39.7333,-97.933,3,0,0,0,0,1000000.0,0.0,78.3956223043559,True
2008,3,33.688,-84.7251,1,0,0,1,0,2000000.0,0.0,39.00380215116158,True
2008,9,38.78,-94.83,0,0,0,0,0,0.0,0.0,49.12729346897283,True
2008,8,38.45,-103.63,0,0,0,0,0,0.0,0.0,168.31782476416757,True
2008,8,38.31,-102.21,0,0,0,0,0,0.0,0.0,125.54430612266852,True
2008,9,43.9212,-105.709,0,0,0,0,0,0.0,0.0,231.29159089611974,True
2008,10,39.33,-101.55,0,0,0,0,0,0.0,0.0,13.558498522948895,True
2008,10,31.8455,-95.8679,0,0,0,0,0,55000.0,0.0,157.39194119007132,True
2008,9,30.35,-87.15,0,0,0,0,0,12000.0,0.0,110.62917798360911,True
2008,8,34.4344,-77.5289,0,0,0,0,0,0.0,0.0,70.76552973563486,True
2008,9,30.43,-86.58,0,0,0,0,0,0.0,0.0,64.83867126431379,True
2008,9,30.48,-86.53,0,0,0,0,0,20000.0,0.0,59.03282730461985,True
2008,9,30.4,-86.87,0,0,0,0,0,0.0,0.0,92.70955815081402,True
2008,9,30.35,-87.32,0,0,0,0,0,5000.0,0.0,95.41552429002519,True
2008,9,30.35,-87.32,0,0,0,0,0,0.0,0.0,95.41552429002519,True
2008,9,30.4345,-87.6,0,0,0,0,0,20000.0,0.0,67.03686979792508,True
2008,8,33.0598,-83.8049,0,0,0,0,0,0.0,0.0,60.22553724678237,True
2008,9,35.59,-77.63,0,0,0,0,0,2000.0,0.0,78.17710232996853,True
2008,8,34.1201,-83.5499,1,0,0,3,0,350000.0,0.0,126.11445918165815,True
2008,6,41.1984,-88.206,1,0,0,0,0,0.0,0.0,46.27398374152422,True
2008,8,41.5523,-87.4317,2,0,0,0,0,1000000.0,0.0,54.60293774549868,True
2008,9,37.01,-77.04,0,0,0,0,0,2000.0,0.0,4.0946383394591725,True
2008,8,41.6933,-88.1529,1,0,0,0,0,500000.0,0.0,11.401129760131226,True
2008,5,34.462,-89.1634,2,0,0,0,0,250000.0,0.0,99.18126806146108,True
2008,5,36.1505,-90.1447,0,0,0,0,0,20000.0,0.0,92.8851436968015,True
2008,9,39.03,-94.91,0,0,0,0,0,0.0,0.0,60.95898452609337,True
2008,9,38.87,-94.63,0,0,0,0,0,0.0,0.0,32.349104128783004,True
2008,9,38.94,-94.99,0,0,0,0,0,0.0,0.0,64.44364183284858,True
2008,10,33.9523,-87.5761,0,0,0,0,0,15000.0,0.0,69.75726105088947,True
2008,8,34.211,-83.8949,1,0,0,0,0,750000.0,0.0,112.82124887489817,True
2008,8,41.9425,-88.0926,1,0,0,0,0,250000.0,0.0,37.59664706302174,True
2008,8,34.369,-83.8624,1,0,0,0,0,550000.0,0.0,129.3167833142429,True
2008,10,33.93,-87.85,0,0,0,0,0,0.0,0.0,44.37175360448328,True
2008,8,34.3252,-83.7109,1,0,0,0,0,100000.0,0.0,132.93988394581936,True
2008,8,41.6441,-87.8517,0,0,0,0,0,30000.0,0.0,19.841646443422633,True
2008,9,38.97,-94.91,0,0,0,0,0,8000.0,0.0,58.62669975161134,True
2008,9,38.84,-93.24,0,0,0,0,0,5000.0,0.0,88.80799654329631,True
2008,8,33.8963,-82.7768,0,0,0,0,0,30000.0,0.0,121.06497788856569,True
2008,9,39.08,-94.34,0,0,0,0,0,6000.0,0.0,30.699091154055225,True
2008,9,38.8247,-95.213,0,0,0,0,0,0.0,0.0,82.19418871489053,True
2008,9,30.4194,-91.9034,0,0,0,0,0,0.0,0.0,130.21287070122906,True
2008,9,34.4733,-92.6903,1,0,0,0,0,70000.0,0.0,56.25930220955579,True
2008,9,34.5233,-92.8635,1,0,0,0,0,20000.0,0.0,65.09743727395998,True
2008,9,24.8513,-80.7331,1,0,0,0,0,120000.0,0.0,90.35422021194147,True
2008,9,25.1675,-80.3766,0,0,0,0,0,25000.0,0.0,49.40079742445361,True
2008,9,35.0275,-92.681,1,0,0,0,0,5000.0,0.0,43.71520612361448,True
2008,9,34.6153,-92.8839,1,0,0,0,0,5000.0,0.0,61.928759284747436,True
2008,9,34.6353,-92.8829,0,0,0,0,0,1000.0,0.0,60.98867500345625,True
2008,9,34.9468,-92.0497,1,0,0,0,0,300000.0,0.0,22.92309115803281,True
2008,9,34.4421,-92.691,1,0,0,0,0,30000.0,0.0,58.84617321168339,True
2008,9,34.9551,-92.9795,1,0,0,0,0,20000.0,0.0,66.76053544690421,True
2008,9,33.3355,-92.1287,0,0,0,0,0,2000.0,0.0,167.3406450791815,True
2008,9,31.17,-93.09,0,0,0,0,0,0.0,0.0,10.986025010097995,True
2008,9,31.0515,-92.0216,0,0,0,0,0,0.0,0.0,91.58094698526929,True
2008,9,31.13,-92.97,0,0,0,0,0,0.0,0.0,2.8641511244278344,True
2008,9,30.6,-89.9,0,0,0,0,0,100000.0,0.0,49.399123406627595,True
2008,9,30.48,-90.0636,0,0,0,0,0,15000.0,0.0,33.23213187402474,True
2008,9,35.9874,-91.8509,0,0,0,0,0,25000.0,0.0,133.29776107025867,True
2008,9,30.206,-92.4043,0,0,0,0,0,10000.0,0.0,78.53660111265269,True
2008,9,31.1698,-92.1978,0,0,0,0,0,0.0,0.0,74.04688329630658,True
2008,9,31.0135,-92.2888,1,0,0,0,0,40000.0,0.0,67.29689058225273,True
2008,9,30.4889,-92.9759,0,0,0,0,0,30000.0,0.0,46.53335723504701,True
2008,9,30.6121,-92.3997,2,0,0,0,0,200000.0,0.0,81.67351557790539,True
2008,11,36.5781,-93.6905,1,0,0,0,0,40000.0,0.0,77.49642310275152,True
2008,9,30.4066,-91.9283,1,0,0,0,0,40000.0,0.0,127.55110106800558,True
2008,9,30.06,-92.51,0,0,0,0,0,0.0,0.0,68.29797770687985,True
2008,1,42.429,-88.7061,3,0,0,1,0,2000000.0,0.0,61.24222344607376,True
2008,6,26.6795,-81.8627,1,0,0,1,0,100000.0,0.0,125.91316148820624,True
2008,8,28.8311,-81.776,0,0,0,0,0,12000.0,0.0,135.6203036396322,True
2008,5,39.5123,-100.4352,0,0,0,0,0,0.0,0.0,109.83301965441561,True
2008,5,44.96,-101.02,0,0,0,0,0,0.0,0.0,170.88327745720557,True
2008,1,36.6293,-93.266,0,0,0,0,0,75000.0,0.0,68.42949656892819,True
2008,12,34.6621,-86.9045,1,0,0,0,0,200000.0,0.0,80.68155457646849,True
2008,3,30.4494,-84.0912,1,0,0,1,0,750000.0,0.0,23.51027350704529,True
2008,5,38.8317,-76.9141,0,0,0,0,0,50000.0,0.0,52.150631676856094,True
2008,5,36.8009,-79.8473,1,0,0,0,0,8500.0,0.0,45.34903577446243,True
2008,8,34.8348,-82.8089,0,0,0,0,0,0.0,0.0,54.017827430362566,True
2008,8,34.4633,-82.914,0,0,0,0,0,0.0,0.0,78.80831101003793,True
2008,7,47.3,-95.83,2,0,0,0,0,500000.0,100000.0,115.31143271788783,True
2008,5,39.3233,-100.4157,0,0,0,0,0,0.0,0.0,110.56784731454489,True
2008,2,30.77,-90.5017,1,0,0,0,0,15000.0,0.0,29.268203471764554,True
2008,5,42.0235,-95.3004,1,0,0,0,0,150000.0,10000.0,118.15003809554739,True
2008,4,32.4702,-98.3357,0,0,0,0,0,20000.0,0.0,86.46212386268519,True
2008,6,41.0115,-97.2702,1,0,0,0,0,0.0,0.0,83.05061119344349,True
2008,6,40.01,-102.83,0,0,0,0,0,0.0,0.0,120.23852756474083,True
2008,9,31.78,-89.0981,0,0,0,0,0,5000.0,0.0,100.35922593338212,True
2008,9,31.9388,-90.3978,0,0,0,0,0,0.0,0.0,54.36066234906955,True
2008,11,33.671,-80.542,1,0,0,0,0,500000.0,20000.0,61.56987081185333,True
2008,5,34.6331,-88.6779,1,0,0,0,0,75000.0,0.0,87.90911060236402,True
2008,4,36.7045,-77.2048,0,0,0,0,0,5000.0,0.0,35.683571813958096,True
2008,3,31.6512,-93.2285,0,0,0,3,0,750000.0,0.0,60.13320883865989,True
2008,8,26.3654,-97.7829,0,0,0,0,0,2000.0,0.0,61.8425712212441,True
2008,6,40.5612,-89.3218,0,0,0,0,0,0.0,0.0,45.686528125621244,True
2008,3,32.7766,-90.8672,0,0,0,0,0,0.0,0.0,99.49058368396787,True
2008,5,35.6507,-96.1228,0,0,0,0,0,35000.0,0.0,77.00657250144539,True
2008,8,27.9425,-81.4161,0,0,0,0,0,30000.0,0.0,77.12762017733488,True
2008,2,33.5411,-86.3123,1,0,0,0,0,250000.0,0.0,59.075067953480534,True
2008,2,31.097,-86.8023,2,0,0,0,0,700000.0,0.0,102.80596720533885,True
2008,2,34.945,-90.22,0,0,0,0,0,50000.0,0.0,54.48908241027888,True
2008,3,37.6155,-93.1593,2,0,0,3,0,1000000.0,0.0,47.33236582658856,True
2008,4,36.03,-77.14,0,0,0,0,0,3000.0,0.0,106.72563707034934,True
2008,5,36.9475,-99.12,2,0,0,0,0,20000.0,0.0,91.25969902292859,True
2008,5,37.2229,-99.4215,0,0,0,0,0,0.0,0.0,76.8768105498738,True
2008,5,33.9433,-87.2472,1,0,0,0,0,20000.0,0.0,96.51013073188317,True
2008,6,41.0708,-96.6989,1,0,0,0,0,0.0,0.0,39.26329068528376,True
2008,5,35.2329,-90.5188,0,0,0,0,0,0.0,0.0,59.889531258442545,True
2008,4,40.72,-92.065,2,0,0,0,0,150000.0,0.0,158.94618527018903,True
2008,6,40.9653,-94.4682,0,0,0,0,0,5000.0,0.0,105.46051859663832,True
2008,5,34.0592,-94.3442,1,0,0,0,0,250000.0,0.0,136.91385098042466,True
2008,6,40.42,-95.4,0,0,0,0,0,0.0,0.0,128.95428837749913,True
2008,5,34.7365,-76.65,0,0,0,0,0,0.0,0.0,21.13943104287922,True
2008,6,38.73,-97.86,0,0,0,0,0,0.0,0.0,125.02415227485528,True
2008,2,35.713,-92.2759,4,1,0,7,0,29000000.0,0.0,97.4839336736276,True
2008,7,44.698,-72.8319,1,0,0,0,0,100000.0,0.0,33.662011823436586,True
2008,5,39.0905,-100.2564,0,0,0,0,0,750000.0,0.0,128.10801715968603,True
2008,2,31.7431,-85.2887,0,0,0,0,0,6000.0,0.0,35.332494727102095,True
2008,5,32.6807,-102.03,0,0,0,0,0,0.0,0.0,83.3320077266869,True
2008,5,36.2411,-96.8968,0,0,0,0,0,0.0,0.0,106.65709506280331,True
2008,4,35.0446,-92.02,1,0,0,0,0,10000.0,0.0,31.975087043900114,True
2008,4,31.4361,-97.9134,0,0,0,0,0,0.0,0.0,94.15224756883352,True
2008,5,33.8028,-117.3419,0,0,0,0,0,0.0,0.0,102.15921618124572,True
2008,2,35.5921,-87.6491,0,0,0,0,0,500000.0,0.0,121.98566075702337,True
2008,6,39.4748,-84.8045,0,0,0,0,0,30000.0,0.0,84.60913612861117,True
2008,5,33.3743,-90.3308,1,0,0,0,0,40000.0,300000.0,125.91166993008542,True
2008,5,37.5491,-99.3761,0,0,0,0,0,0.0,0.0,57.249357409589855,True
2008,5,40.7608,-85.8319,1,0,0,0,2,100000.0,0.0,67.38596362595554,True
2008,5,32.7022,-82.8809,1,0,0,0,0,900000.0,0.0,44.107842390828935,True
2008,4,32.7238,-98.9127,1,0,0,6,0,1000000.0,0.0,38.049459073373754,True
2008,6,45.02,-101.25,0,0,0,0,0,0.0,0.0,159.9128314479848,True
2008,2,31.2602,-93.8314,1,0,0,0,0,50000.0,0.0,82.20051424911748,True
2008,5,31.15,-89.28,1,0,0,0,0,80000.0,0.0,112.18851219508899,True
2008,6,29.6241,-95.432,0,0,0,0,0,110000.0,0.0,38.11906377892792,True
2008,2,36.4042,-86.5417,1,0,0,0,0,0.0,0.0,17.554556577580243,True
2008,4,33.7133,-85.7877,0,0,0,0,0,0.0,0.0,109.2049540411556,True
2008,5,36.8798,-92.7995,0,0,0,0,0,0.0,0.0,66.3650329324676,True
2008,2,36.625,-85.89,3,0,0,0,0,3700000.0,0.0,73.37495691599622,True
2008,6,37.2301,-93.2278,1,0,0,0,0,150000.0,0.0,15.279881862038444,True
2008,8,25.9837,-80.1278,0,0,0,0,0,5000.0,0.0,50.36996660622916,True
2008,6,26.5801,-81.9827,0,0,0,0,0,110000.0,0.0,131.81083126064084,True
2008,1,42.3828,-88.8218,3,0,0,4,0,2000000.0,0.0,68.72160762196587,True
2008,6,39.3507,-97.2339,0,0,0,0,0,0.0,0.0,94.86281414016851,True
2008,6,39.7116,-96.8761,0,0,0,0,0,0.0,0.0,96.83530596196276,True
2008,6,39.4279,-97.1278,1,0,0,0,0,0.0,0.0,90.8079077768415,True
2008,6,39.1314,-96.7141,4,0,0,0,0,66000000.0,0.0,44.18669805710345,True
2008,6,39.2729,-96.433,0,0,0,0,0,0.0,0.0,35.22312687882728,True
2008,6,38.5576,-96.1,0,0,0,0,0,0.0,0.0,50.18425132029009,True
2008,6,38.9409,-95.7674,0,0,0,0,0,0.0,0.0,40.68820262832635,True
2008,6,39.4531,-96.1103,2,0,0,0,0,0.0,0.0,51.80319708836454,True
2008,6,38.9119,-97.1283,3,1,0,3,0,20200000.0,0.0,78.03569031938599,True
2008,6,38.68,-97.28,0,0,0,0,0,0.0,0.0,97.33016480057907,True
2008,8,32.1608,-86.4345,0,0,0,0,0,2000.0,0.0,73.58542366957437,True
2008,8,33.583,-85.6783,2,0,0,0,0,100000.0,0.0,106.03559016403271,True
2008,8,33.7546,-86.3768,1,0,0,0,0,20000.0,0.0,74.33747040921808,True
2008,8,33.6815,-85.6949,1,0,0,0,0,150000.0,0.0,110.48156627186071,True
2008,8,31.8503,-85.95,0,0,0,0,0,50000.0,0.0,63.518907883171984,True
2008,8,33.8561,-86.4739,1,0,0,0,0,10000.0,0.0,80.86742692986577,True
2008,8,32.4604,-86.1095,0,0,0,0,0,0.0,0.0,31.16219573681385,True
2008,8,34.0857,-87.2155,0,0,0,0,0,500.0,0.0,104.79919552685388,True
2008,8,33.6415,-85.6832,1,0,0,0,0,10000.0,0.0,108.12199309095385,True
2008,8,32.76,-86.36,0,0,0,0,0,0.0,0.0,58.88417007822394,True
2008,8,31.8072,-85.7287,0,0,0,0,0,2000.0,0.0,46.215640729170346,True
