YEAR,MONTH,BEGIN_LAT,BEGIN_LON,END_LAT,END_LON,TOR_F_SCALE,DEATHS_DIRECT,DEATHS_INDIRECT,INJURIES_DIRECT,INJURIES_INDIRECT,DAMAGE_PROPERTY,DAMAGE_CROPS,RADAR_2026
2008,5,33.819,-81.764,33.822,-81.694,EF0,0,0,0,0,0.0,1000000.0,True
2008,2,29.37,-94.99,29.37,-94.99,EF0,0,0,0,0,0.0,0.0,True
2008,5,33.796,-81.708,33.807,-81.649,EF0,0,0,0,0,0.0,0.0,True
2008,3,34.6,-80.83,34.58,-80.84,EF0,0,0,0,0,0.0,0.0,True
2008,7,45.32,-92.3227,45.32,-92.3206,EF0,0,0,0,0,0.0,0.0,True
2008,4,30.8881,-97.457,30.8775,-97.457,EF0,0,0,0,0,0.0,0.0,True
2008,12,32.25,-93.46,32.2533,-93.4555,EF0,0,0,0,0,300.0,0.0,True
2008,12,36.8807,-94.0165,36.8819,-94.0119,EF0,0,0,0,0,5000.0,0.0,True
2008,12,36.6445,-94.1939,36.6467,-94.1897,EF0,0,0,0,0,0.0,0.0,True
2008,12,39.0537,-91.0072,39.0566,-90.9866,EF1,0,0,0,0,0.0,0.0,True
2008,12,39.908,-91.1333,39.9138,-91.1174,EF1,0,0,0,0,0.0,0.0,True
2008,12,39.9078,-91.0804,39.913,-91.0686,EF0,0,0,0,0,0.0,0.0,True
2008,7,45.3736,-93.8442,45.3871,-93.7566,EF0,0,0,0,0,0.0,300000.0,True
2008,12,39.5583,-91.5458,39.586,-91.4588,EF0,0,0,0,0,0.0,0.0,True
2008,1,32.0741,-90.8003,32.0971,-90.7539,EF1,0,0,0,0,20000.0,60000.0,True
2008,1,32.4356,-89.9554,32.4426,-89.9255,EF0,0,0,0,0,0.0,10000.0,True
2008,12,39.6721,-91.4056,39.6708,-91.4218,EF0,0,0,0,0,0.0,0.0,True
2008,2,30.24,-82.2,30.24,-82.2,EF0,0,0,0,0,0.0,0.0,True
2008,12,35.4638,-80.4488,35.4985,-80.4406,EF1,0,0,0,0,0.0,0.0,True
2008,2,29.79,-82.17,29.79,-82.17,EF0,0,0,0,0,0.0,0.0,True
2008,11,35.82,-77.29,35.843,-77.2784,EF1,0,0,0,0,50000.0,0.0,True
2008,2,30.08,-91.83,30.0819,-91.8263,EF0,0,0,0,0,15000.0,0.0,True
2008,2,30.03,-91.88,30.0302,-91.8771,EF0,0,0,0,0,20000.0,0.0,True
2008,8,31.5764,-85.5981,31.5802,-85.592,EF1,0,0,0,0,30000.0,0.0,True
2008,8,31.1238,-85.0817,31.1261,-85.0796,EF1,0,0,0,0,75000.0,0.0,True
2008,8,30.4148,-83.9292,30.4177,-83.9298,EF0,0,0,0,0,0.0,0.0,True
2008,8,30.8812,-85.3593,30.884,-85.3583,EF0,0,0,0,0,0.0,0.0,True
2008,3,31.4069,-81.6919,31.4058,-81.6816,EF1,0,0,0,0,1000.0,10000.0,True
2008,1,38.3878,-91.636,38.3919,-91.6355,EF0,0,0,0,0,0.0,0.0,True
2008,5,30.16,-92.05,30.1692,-92.0454,EF0,0,0,0,0,100000.0,0.0,True
2008,5,29.8878,-92.2156,29.8939,-92.1233,EF0,0,0,0,0,50000.0,0.0,True
2008,5,43.02,-97.23,43.02,-97.23,EF0,0,0,0,0,0.0,0.0,True
2008,5,30.201,-92.0176,30.2108,-92.0091,EF1,0,0,0,0,3000000.0,0.0,True
2008,5,43.046,-97.105,43.058,-97.071,EF1,0,0,0,0,100000.0,0.0,True
2008,6,38.8177,-101.3014,38.8177,-101.3014,EF0,0,0,0,0,0.0,0.0,True
2008,6,38.8799,-101.1914,38.8799,-101.1914,EF0,0,0,0,0,0.0,0.0,True
2008,6,38.7908,-100.48,38.7908,-100.48,EF0,0,0,0,0,0.0,0.0,True
2008,5,30.4077,-93.9324,30.4103,-93.9295,EF0,0,0,0,0,10000.0,0.0,True
2008,5,30.7526,-93.2425,30.7525,-93.2377,EF0,0,0,0,0,5000.0,0.0,True
2008,5,29.967,-92.5827,29.9693,-92.5789,EF0,0,0,0,0,35000.0,0.0,True
2008,5,43.33,-95.79,43.33,-95.79,EF0,0,0,0,0,0.0,0.0,True
2008,5,42.92,-97.85,42.92,-97.85,EF0,0,0,0,0,0.0,0.0,True
2008,5,36.9346,-79.5096,36.9434,-79.4993,EF1,0,0,0,0,116000.0,0.0,True
2008,5,39.2197,-100.43,39.2197,-100.43,EF0,0,0,0,0,0.0,0.0,True
2008,5,39.2776,-100.17,39.4803,-100.17,EF1,0,0,0,0,15000.0,0.0,True
2008,8,35.82,-79.8,35.82,-79.8,EF0,0,0,0,0,2000.0,0.0,True
2008,8,35.71,-78.33,35.71,-78.33,EF0,0,0,0,0,0.0,0.0,True
2008,8,35.73,-78.03,35.79,-78.0,EF0,0,0,0,0,0.0,20000.0,True
2008,8,35.78,-79.42,35.8,-79.38,EF0,0,0,0,0,20000.0,0.0,True
2008,11,27.9997,-80.6393,28.0009,-80.6368,EF0,0,0,0,0,576000.0,0.0,True
2008,5,39.0165,-100.2787,39.0752,-100.3148,EF0,0,0,0,0,0.0,0.0,True
2008,5,38.8884,-100.3354,38.8975,-100.3354,EF0,0,0,0,0,0.0,0.0,True
2008,5,39.1112,-100.2406,39.1324,-100.2274,EF1,0,0,0,0,25000.0,0.0,True
2008,5,39.1324,-100.2274,39.1761,-100.206,EF1,0,0,0,0,25000.0,0.0,True
2008,5,38.4966,-101.4013,38.4966,-101.4013,EF0,0,0,0,0,0.0,0.0,True
2008,5,39.2197,-100.17,39.2776,-100.17,EF0,0,0,0,0,0.0,0.0,True
2008,8,35.5891,-77.9304,35.6062,-77.9312,EF0,0,0,0,0,50000.0,0.0,True
2008,5,37.47,-94.59,37.4701,-94.5895,EF0,0,0,0,0,0.0,0.0,True
2008,9,31.8104,-90.8105,31.8375,-90.8024,EF0,0,0,0,0,0.0,0.0,True
2008,5,39.1764,-100.2757,39.2634,-100.2564,EF0,0,0,0,0,0.0,0.0,True
2008,5,38.85,-102.0492,38.85,-102.0492,EF0,0,0,0,0,0.0,0.0,True
2008,5,44.88,-101.1,44.8813,-101.0976,EF0,0,0,0,0,0.0,0.0,True
2008,5,44.9788,-101.0276,44.9801,-101.0252,EF0,0,0,0,0,0.0,0.0,True
2008,5,44.9735,-101.0054,44.9998,-100.9671,EF0,0,0,0,0,0.0,0.0,True
2008,5,37.3244,-78.697,37.3334,-78.6917,EF1,0,0,0,0,25000.0,0.0,True
2008,5,35.0778,-87.4868,35.1113,-87.4526,EF1,0,0,0,0,50000.0,0.0,True
2008,2,31.1878,-86.7004,31.2563,-86.646,EF1,0,0,0,0,250000.0,0.0,True
2008,5,43.0391,-96.236,43.0391,-96.236,EF0,0,0,0,0,0.0,0.0,True
2008,5,43.1421,-96.3,43.2573,-96.3787,EF2,0,0,0,0,500000.0,0.0,True
2008,5,43.28,-96.1902,43.28,-96.1902,EF0,0,0,0,0,0.0,0.0,True
2008,5,30.6044,-90.2297,30.6106,-90.1456,EF1,0,0,0,0,50000.0,0.0,True
2008,5,43.35,-96.0398,43.35,-96.0398,EF0,0,0,0,0,0.0,0.0,True
2008,8,28.8311,-81.776,28.8304,-81.7758,EF0,0,0,0,0,12000.0,0.0,True
2008,4,35.389,-81.523,35.427,-81.463,EF1,0,0,0,0,25000.0,0.0,True
2008,4,33.0903,-89.0711,33.1914,-88.9767,EF1,0,0,1,0,3000000.0,100000.0,True
2008,4,35.427,-81.463,35.431,-81.453,EF1,0,0,0,0,0.0,0.0,True
2008,4,35.466,-81.354,35.479,-81.28,EF1,0,0,0,0,130000.0,0.0,True
2008,3,35.55,-95.65,35.55,-95.65,EF0,0,0,0,0,125000.0,0.0,True
2008,3,35.5519,-95.6484,35.546,-95.6341,EF0,0,0,0,0,5000.0,0.0,True
2008,6,38.7586,-102.4512,38.7586,-102.4512,EF0,0,0,0,0,0.0,0.0,True
2008,6,38.7621,-102.35,38.7621,-102.35,EF0,0,0,0,0,0.0,0.0,True
2008,6,38.7688,-102.5957,38.7688,-102.5957,EF0,0,0,0,0,0.0,0.0,True
2008,6,40.1507,-102.7602,40.1507,-102.7602,EF0,0,0,0,0,0.0,0.0,True
2008,4,32.9197,-89.5839,32.9316,-89.5612,EF1,0,0,0,0,160000.0,0.0,True
2008,4,32.931,-89.324,32.9669,-89.2773,EF1,0,0,0,0,100000.0,100000.0,True
2008,5,30.5,-90.666,30.5,-90.666,EF0,0,0,0,0,0.0,0.0,True
2008,5,43.1366,-95.87,43.1366,-95.87,EF0,0,0,0,0,0.0,0.0,True
2008,4,32.1227,-90.3858,32.1518,-90.3318,EF1,0,0,0,0,450000.0,0.0,True
2008,4,32.692,-89.73,32.7275,-89.6596,EF1,0,0,0,0,80000.0,150000.0,True
2008,4,32.0477,-90.5383,32.0794,-90.4889,EF1,0,0,0,0,3000.0,0.0,True
2008,4,32.796,-89.73,32.8219,-89.6982,EF1,0,0,0,0,50000.0,0.0,True
2008,5,37.7658,-77.2705,37.7782,-77.2488,EF0,0,0,0,0,50000.0,0.0,True
2008,6,40.0799,-102.7417,40.0799,-102.7417,EF0,0,0,0,0,0.0,0.0,True
2008,6,40.1958,-102.23,40.1958,-102.23,EF0,0,0,0,0,0.0,0.0,True
2008,5,36.2769,-76.6873,36.2904,-76.6451,EF1,0,0,0,0,20000.0,0.0,True
2008,5,36.3535,-76.2575,36.3535,-76.2575,EF0,0,0,0,0,15000.0,0.0,True
2008,6,40.2102,-100.6334,40.2102,-100.6334,EF0,0,0,0,0,0.0,0.0,True
2008,5,33.6729,-90.9225,33.7777,-90.8104,EF1,0,0,0,0,20000.0,300000.0,True
2008,5,39.5603,-79.5168,39.5495,-79.494,EF0,0,0,1,0,75000.0,0.0,True
2008,5,31.1658,-89.3483,31.2175,-89.1551,EF1,0,0,0,0,700000.0,500000.0,True
2008,5,33.529,-91.11,33.5503,-91.099,EF0,0,0,0,0,0.0,0.0,True
2008,5,32.8032,-91.8378,32.8395,-91.8011,EF0,0,0,0,0,0.0,0.0,True
2008,5,35.9112,-101.5656,35.914,-101.5573,EF0,0,0,0,0,0.0,0.0,True
2008,2,32.2434,-95.0635,32.2567,-95.0569,EF1,0,0,0,0,30000.0,0.0,True
2008,4,34.427,-81.642,34.42,-81.723,EF0,0,0,0,0,10000.0,0.0,True
2008,1,33.1544,-88.4811,33.1607,-88.4497,EF1,0,0,0,0,30000.0,0.0,True
2008,1,33.1804,-88.3984,33.1859,-88.387,EF0,0,0,0,0,0.0,0.0,True
2008,3,31.9235,-89.8879,31.9275,-89.8828,EF1,0,0,0,0,5000.0,30000.0,True
2008,2,32.6586,-84.093,32.7609,-83.9713,EF1,0,0,8,0,550000.0,0.0,True
2008,2,38.1218,-85.0512,38.1246,-85.0467,EF0,0,0,0,0,60000.0,0.0,True
2008,3,31.8002,-93.0248,31.7927,-93.0054,EF0,0,0,0,0,1000.0,0.0,True
2008,3,34.1561,-95.047,34.1806,-94.9661,EF1,0,0,0,0,10000.0,0.0,True
2008,4,35.6111,-77.5671,35.6111,-77.5671,EF0,0,0,0,0,0.0,0.0,True
2008,4,38.9634,-76.9847,38.9677,-76.9868,EF1,0,0,0,0,40000.0,0.0,True
2008,2,37.6625,-86.0125,37.6807,-85.8848,EF2,0,0,0,0,3000000.0,0.0,True
2008,2,37.6965,-85.7759,37.7037,-85.7596,EF2,0,0,0,0,150000.0,0.0,True
2008,1,36.35,-94.2081,36.35,-94.2081,EF0,0,0,0,0,0.0,0.0,True
2008,1,36.3007,-94.5181,36.3095,-94.4754,EF1,0,0,0,0,0.0,0.0,True
2008,4,48.2196,-114.3423,48.2196,-114.3423,EF0,0,0,0,0,0.0,0.0,True
2008,2,37.6889,-85.0649,37.6937,-85.0478,EF2,0,0,0,0,15000.0,0.0,True
2008,1,36.0791,-94.6207,36.0791,-94.6207,EF0,0,0,0,0,0.0,0.0,True
2008,4,38.5921,-76.8687,38.6136,-76.884,EF0,0,0,0,0,50000.0,0.0,True
2008,2,37.8113,-85.3812,37.8215,-85.3763,EF2,0,0,2,0,250000.0,0.0,True
2008,2,32.2948,-89.8812,32.2895,-89.8359,EF1,0,0,0,0,200000.0,0.0,True
2008,4,35.51,-76.99,35.5101,-76.9888,EF0,0,0,0,0,0.0,0.0,True
2008,4,35.51,-77.1,35.5105,-77.0972,EF0,0,0,0,0,0.0,0.0,True
2008,2,32.0431,-89.459,32.0496,-89.45,EF0,0,0,0,0,25000.0,0.0,True
2008,1,35.8905,-95.4947,35.8905,-95.4947,EF0,0,0,0,0,0.0,0.0,True
2008,1,35.9063,-95.3105,35.9339,-95.2764,EF0,0,0,0,0,0.0,0.0,True
2008,3,32.65,-88.57,32.666,-88.5577,EF0,0,0,0,0,55000.0,0.0,True
2008,2,37.9917,-85.4187,37.9973,-85.4089,EF0,0,0,0,0,150000.0,0.0,True
2008,2,37.7265,-85.6326,37.7311,-85.6098,EF2,0,0,0,0,50000.0,100000.0,True
2008,3,32.3551,-89.3226,32.3589,-89.3197,EF0,0,0,0,0,0.0,0.0,True
2008,3,31.4954,-93.452,31.4945,-93.4659,EF0,0,0,0,0,15000.0,0.0,True
2008,2,38.2428,-84.8121,38.2572,-84.771,EF1,0,0,0,0,250000.0,250000.0,True
2008,3,31.956,-89.7666,31.9813,-89.7553,EF1,0,0,0,0,300000.0,0.0,True
2008,1,36.4011,-94.33,36.4011,-94.33,EF0,0,0,0,0,0.0,0.0,True
2008,2,34.0388,-84.4789,34.0388,-84.4789,EF0,0,0,0,0,5000.0,0.0,True
2008,3,31.1989,-89.2265,31.2068,-89.2105,EF1,0,0,14,0,1500000.0,0.0,True
2008,4,37.4359,-76.4515,37.4652,-76.4085,EF0,0,0,0,0,5000.0,0.0,True
2008,3,33.8716,-86.4459,33.9141,-86.3538,EF2,0,0,0,0,960000.0,0.0,True
2008,4,44.529,-114.23,44.529,-114.23,EF0,0,0,0,0,1000.0,0.0,True
2008,4,31.921,-92.501,31.889,-92.377,EF1,0,0,1,0,0.0,0.0,True
2008,4,40.33,-91.28,40.3321,-91.2775,EF0,0,0,0,0,20000.0,0.0,True
2008,4,40.395,-91.236,40.4035,-91.227,EF0,0,0,0,0,30000.0,0.0,True
2008,5,38.3612,-77.5225,38.3904,-77.4715,EF2,0,0,0,0,10000000.0,0.0,True
2008,5,37.7272,-78.8388,37.7291,-78.8362,EF0,0,0,0,0,50000.0,0.0,True
2008,6,40.9137,-96.6024,40.9123,-96.603,EF0,0,0,0,0,0.0,0.0,True
2008,4,31.82,-92.79,31.805,-92.693,EF1,0,0,0,0,25000.0,0.0,True
2008,3,33.9835,-85.6295,33.992,-85.5674,EF2,0,0,0,0,75000.0,0.0,True
2008,4,30.5481,-92.2544,30.5732,-92.1756,EF0,0,0,0,0,20000.0,0.0,True
2008,4,36.5837,-77.4267,36.592,-77.3985,EF1,0,0,0,0,15000.0,0.0,True
2008,4,37.2179,-76.9715,37.2247,-76.9504,EF1,0,0,0,0,74000.0,0.0,True
2008,4,36.6821,-76.8713,36.7112,-76.8293,EF1,0,0,0,0,184000.0,0.0,True
2008,4,37.3857,-76.3681,37.3905,-76.3637,EF1,0,0,0,0,50000.0,0.0,True
2008,4,39.0409,-78.2851,39.0457,-78.2817,EF0,0,0,0,0,40000.0,0.0,True
2008,8,39.3741,-103.65,39.3741,-103.65,EF0,0,0,0,0,0.0,0.0,True
2008,5,42.806,-106.3181,42.806,-106.3181,EF0,0,0,0,0,0.0,0.0,True
2008,7,40.031,-92.9866,39.9819,-92.9031,EF0,0,0,0,0,0.0,0.0,True
2008,7,42.42,-114.46,42.42,-114.46,EF0,0,0,0,0,0.0,0.0,True
2008,4,36.3898,-100.8127,36.3908,-100.8114,EF0,0,0,0,0,0.0,0.0,True
2008,4,34.0445,-95.7,34.0445,-95.7,EF0,0,0,0,0,0.0,0.0,True
2008,4,35.1398,-94.9825,35.1398,-94.9825,EF0,0,0,0,0,1000.0,0.0,True
2008,4,35.28,-94.4823,35.28,-94.4823,EF0,0,0,0,0,0.0,0.0,True
2008,4,35.7535,-94.8075,35.7813,-94.77,EF2,0,0,0,0,100000.0,0.0,True
2008,4,33.4216,-94.2351,33.4936,-94.1929,EF2,0,0,1,0,1000000.0,0.0,True
2008,4,35.7895,-94.5393,35.8287,-94.5049,EF2,0,0,0,0,50000.0,0.0,True
2008,4,34.3817,-95.0368,34.3851,-95.0196,EF0,0,0,0,0,0.0,0.0,True
2008,4,34.2127,-94.813,34.2197,-94.7984,EF0,0,0,0,0,0.0,0.0,True
2008,2,30.9705,-90.3039,30.9705,-90.3039,EF0,0,0,0,0,8000.0,0.0,True
2008,2,30.6155,-90.5,30.6198,-90.4881,EF1,1,0,0,0,25000.0,0.0,True
2008,2,29.63,-89.95,29.63,-89.95,EF0,0,0,0,0,0.0,0.0,True
2008,2,30.7072,-90.75,30.7072,-90.75,EF0,0,0,0,0,0.0,0.0,True
2008,2,30.88,-89.9986,30.88,-89.9944,EF0,0,0,0,0,20000.0,0.0,True
2008,1,34.7168,-88.2335,34.7355,-88.1896,EF1,0,0,0,0,25000.0,0.0,True
2008,2,30.4414,-89.1512,30.4414,-89.1512,EF0,0,0,0,0,0.0,0.0,True
2008,2,31.25,-90.3346,31.25,-90.3346,EF0,0,0,0,0,0.0,0.0,True
2008,2,24.7028,-81.0857,24.7058,-81.0764,EF0,0,0,0,0,2000.0,0.0,True
2008,2,30.0,-90.47,30.0,-90.47,EF0,0,0,0,0,0.0,0.0,True
2008,8,27.1517,-80.2187,27.1514,-80.2185,EF0,0,0,0,0,20000.0,0.0,True
2008,8,27.3935,-80.3665,27.3944,-80.3674,EF0,0,0,0,0,10000.0,0.0,True
2008,3,31.17,-90.7793,31.17,-90.7793,EF1,0,0,0,0,150000.0,0.0,True
2008,6,31.99,-81.07,31.99,-81.07,EF1,0,0,0,0,3100000.0,0.0,True
2008,8,41.1709,-102.3054,41.1661,-102.3009,EF0,0,0,0,0,0.0,0.0,True
2008,7,42.53,-96.45,42.533,-96.445,EF0,0,0,0,0,0.0,0.0,True
2008,8,42.26,-100.32,42.26,-100.32,EF0,0,0,0,0,0.0,0.0,True
2008,7,39.37,-101.4379,39.37,-101.4379,EF0,0,0,0,0,0.0,0.0,True
2008,7,43.5835,-95.5006,43.584,-95.495,EF0,0,0,0,0,0.0,0.0,True
2008,6,36.6456,-94.3343,36.6522,-94.3108,EF0,0,0,2,0,25000.0,0.0,True
2008,6,38.0892,-92.9131,38.0473,-92.8159,EF1,0,0,0,0,10000.0,0.0,True
2008,6,43.62,-97.1,43.62,-97.07,EF0,0,0,0,0,0.0,0.0,True
2008,6,43.86,-96.69,43.87,-96.68,EF1,0,0,0,0,10000.0,0.0,True
2008,3,32.33,-81.2,32.33,-81.2,EF2,0,0,0,0,3000000.0,0.0,True
2008,6,38.97,-77.72,38.98,-77.62,EF0,0,0,0,0,15000.0,0.0,True
2008,6,35.7889,-96.1425,35.8129,-96.1123,EF0,0,0,0,0,15000.0,0.0,True
2008,6,35.8721,-95.15,35.8721,-95.15,EF0,0,0,0,0,0.0,0.0,True
2008,6,38.44,-77.9,38.43,-77.84,EF0,0,0,0,0,15000.0,0.0,True
2008,5,39.55,-83.78,39.5556,-83.7804,EF0,0,0,0,0,5000.0,0.0,True
2008,5,39.7895,-83.7169,39.7918,-83.7166,EF0,0,0,0,0,1000.0,0.0,True
2008,6,39.07,-78.04,39.07,-78.03,EF1,0,0,0,0,20000.0,0.0,True
2008,3,35.9249,-80.4957,35.9249,-80.4957,EF0,0,0,0,0,15000.0,0.0,True
2008,6,38.42,-77.63,38.4,-77.57,EF1,0,0,0,0,25000.0,0.0,True
2008,7,38.7898,-77.5394,38.7934,-77.5137,EF0,0,0,0,0,50000.0,0.0,True
2008,7,38.6695,-78.167,38.6812,-78.1494,EF0,0,0,0,0,15000.0,0.0,True
2008,8,34.5179,-81.3983,34.56,-81.33,EF0,0,0,0,0,5000.0,0.0,True
2008,12,31.4999,-89.9883,31.51,-89.97,EF0,0,0,0,0,0.0,0.0,True
2008,12,31.54,-89.9,31.5666,-89.851,EF1,0,0,0,0,100000.0,0.0,True
2008,11,35.3385,-78.4554,35.3507,-78.4582,EF1,0,0,0,0,30000.0,0.0,True
2008,12,31.9649,-90.3922,31.9716,-90.3607,EF0,0,0,0,0,12000.0,0.0,True
2008,12,31.9474,-90.4368,31.9548,-90.4104,EF1,0,0,0,0,20000.0,0.0,True
2008,11,36.2744,-96.3883,36.2744,-96.3883,EF0,0,0,2,0,50000.0,0.0,True
2008,5,33.707,-93.596,33.706,-93.578,EF0,0,0,0,0,5000.0,0.0,True
2008,5,42.5512,-92.882,42.556,-92.8616,EF2,0,0,0,0,300000.0,2000.0,True
2008,5,42.556,-92.8616,42.5664,-92.5547,EF5,9,0,50,0,75000000.0,75000.0,True
2008,11,35.5891,-78.0991,35.6161,-78.0495,EF2,0,0,0,0,0.0,0.0,True
2008,8,35.58,-77.93,35.591,-77.93,EF0,0,0,0,0,100000.0,100000.0,True
2008,12,32.962,-90.201,33.0473,-90.1059,EF2,0,0,0,0,700000.0,0.0,True
2008,5,42.5664,-92.5547,42.6226,-92.0843,EF2,0,0,20,0,25000000.0,155000.0,True
2008,5,42.5501,-92.6822,42.5511,-92.6612,EF0,0,0,0,0,1000.0,1000.0,True
2008,11,35.4622,-78.2707,35.4945,-78.228,EF0,0,0,0,0,75000.0,0.0,True
2008,6,38.3821,-77.4868,38.3845,-77.4681,EF1,0,0,0,0,20000.0,0.0,True
2008,6,39.0318,-76.9958,39.0333,-76.9901,EF0,0,0,0,0,2000.0,0.0,True
2008,6,39.2994,-78.1554,39.3034,-78.1487,EF0,0,0,0,0,8000.0,0.0,True
2008,5,32.202,-94.524,32.193,-94.46,EF1,0,0,0,0,400000.0,0.0,True
2008,6,38.7,-76.56,38.6878,-76.5339,EF0,0,0,0,0,400000.0,0.0,True
2008,5,34.443,-94.707,34.441,-94.701,EF0,0,0,0,0,0.0,0.0,True
2008,5,33.582,-93.312,33.566,-93.276,EF1,0,0,0,0,0.0,0.0,True
2008,5,34.241,-94.026,34.25,-93.955,EF1,0,0,0,0,100000.0,0.0,True
2008,5,32.183,-94.764,32.196,-94.656,EF1,0,0,0,0,50000.0,0.0,True
2008,6,37.87,-102.36,37.94,-102.28,EF0,0,0,0,0,5000.0,0.0,True
2008,6,42.99,-98.45,43.13,-98.4102,EF1,0,0,0,0,100000.0,0.0,True
2008,6,43.8351,-95.7589,43.848,-95.7455,EF1,0,0,0,0,20000.0,0.0,True
2008,6,43.848,-95.7455,43.8815,-95.7172,EF1,0,0,0,0,50000.0,0.0,True
2008,6,43.9028,-95.6053,43.9385,-95.5829,EF1,0,0,1,0,100000.0,0.0,True
2008,6,44.133,-95.19,44.159,-95.1725,EF0,0,0,0,0,5000.0,0.0,True
2008,6,40.38,-92.96,40.3817,-92.9567,EF0,0,0,0,0,0.0,0.0,True
2008,6,40.44,-92.96,40.4412,-92.9557,EF0,0,0,0,0,0.0,0.0,True
2008,6,33.26,-80.24,33.26,-80.24,EF0,0,0,1,0,20000.0,0.0,True
2008,6,32.74,-80.09,32.74,-80.09,EF0,0,0,0,0,35000.0,0.0,True
2008,7,44.79,-99.1,44.7897,-99.099,EF0,0,0,0,0,0.0,0.0,True
2008,6,37.8813,-101.7895,37.8834,-101.7737,EF0,0,0,0,0,0.0,0.0,True
2008,6,42.98,-95.67,42.99,-95.66,EF0,0,0,0,0,0.0,0.0,True
2008,6,42.93,-95.55,42.94,-95.54,EF1,0,0,0,0,5000.0,0.0,True
2008,6,43.0121,-95.28,43.155,-95.11,EF2,0,0,0,0,300000.0,0.0,True
2008,6,43.16,-95.02,43.165,-95.015,EF0,0,0,0,0,0.0,0.0,True
2008,6,42.98,-94.99,42.985,-94.985,EF0,0,0,0,0,0.0,0.0,True
2008,6,39.0558,-100.047,39.0651,-100.0318,EF0,0,0,0,0,0.0,0.0,True
2008,6,43.97,-104.92,43.97,-104.92,EF0,0,0,0,0,0.0,0.0,True
2008,6,43.33,-96.0,43.34,-95.99,EF0,0,0,0,0,0.0,0.0,True
2008,6,43.34,-95.83,43.35,-95.82,EF0,0,0,0,0,0.0,0.0,True
2008,6,42.54,-95.97,42.55,-95.96,EF0,0,0,0,0,0.0,0.0,True
2008,5,39.0091,-99.5459,39.0861,-99.5639,EF0,0,0,0,0,0.0,0.0,True
2008,6,35.11,-101.36,35.1112,-101.3576,EF0,0,0,0,0,11000.0,0.0,True
2008,7,37.2187,-77.4245,37.2192,-77.424,EF1,0,0,0,0,500000.0,0.0,True
2008,6,36.63,-100.66,36.5866,-100.68,EF0,0,0,0,0,0.0,0.0,True
2008,10,30.79,-82.56,30.79,-82.56,EF0,0,0,0,0,0.0,0.0,True
2008,5,38.9622,-99.5526,38.9725,-99.5508,EF0,0,0,0,0,0.0,0.0,True
2008,6,36.47,-100.65,36.4569,-100.6337,EF0,0,0,0,0,0.0,0.0,True
2008,5,36.6845,-96.33,36.6845,-96.33,EF0,0,0,0,0,0.0,0.0,True
2008,5,36.324,-94.2772,36.3192,-94.2461,EF1,0,0,0,0,100000.0,0.0,True
2008,5,35.57,-93.7844,35.57,-93.7844,EF0,0,0,0,0,0.0,0.0,True
2008,9,36.2239,-77.1189,36.231,-77.1109,EF0,0,0,0,0,75000.0,0.0,True
2008,10,31.1399,-86.4719,31.1611,-86.4518,EF0,0,0,0,0,50000.0,0.0,True
2008,5,38.279,-100.2445,38.2894,-100.2759,EF0,0,0,0,0,0.0,0.0,True
2008,5,37.4707,-98.651,37.4817,-98.6499,EF0,0,0,0,0,0.0,0.0,True
2008,5,37.4318,-98.6359,37.4708,-98.6035,EF0,0,0,0,0,0.0,0.0,True
2008,11,33.671,-80.542,33.707,-80.5,EF0,0,0,0,0,10000.0,5000.0,True
2008,5,38.2325,-100.2318,38.2468,-100.2266,EF0,0,0,0,0,0.0,0.0,True
2008,9,20.8104,-156.9404,20.8213,-156.9359,EF0,0,0,0,0,0.0,0.0,True
2008,5,37.0724,-100.0556,37.0998,-100.0377,EF0,0,0,0,0,0.0,0.0,True
2008,8,34.8319,-104.5672,34.8251,-104.561,EF0,0,0,0,0,0.0,0.0,True
2008,5,37.1922,-98.8663,37.2492,-98.8663,EF0,0,0,0,0,0.0,0.0,True
2008,9,37.09,-92.14,37.0917,-92.136,EF0,0,0,0,0,0.0,0.0,True
2008,8,35.58,-105.84,35.5797,-105.8286,EF0,0,0,0,0,0.0,0.0,True
2008,5,37.0717,-98.9081,37.1297,-98.8756,EF0,0,0,0,0,0.0,0.0,True
2008,5,37.4359,-98.6618,37.4707,-98.651,EF0,0,0,0,0,0.0,0.0,True
2008,5,35.2445,-90.5047,35.4384,-90.2725,EF3,0,0,4,0,2000000.0,0.0,True
2008,5,38.5127,-100.872,38.5148,-100.8634,EF0,0,0,0,0,0.0,0.0,True
2008,5,39.0136,-99.6749,39.0079,-99.6534,EF0,0,0,0,0,0.0,0.0,True
2008,5,38.4143,-99.4697,38.4297,-99.4413,EF0,0,0,0,0,0.0,0.0,True
2008,5,38.5117,-99.2849,38.5133,-99.2757,EF0,0,0,0,0,0.0,0.0,True
2008,5,38.4978,-99.2177,38.5037,-99.1982,EF0,0,0,0,0,0.0,0.0,True
2008,5,38.4738,-99.2103,38.4755,-99.2013,EF0,0,0,0,0,0.0,0.0,True
2008,5,38.5526,-99.0556,38.5588,-99.0507,EF0,0,0,0,0,0.0,0.0,True
2008,9,30.755,-98.435,30.745,-98.425,EF0,0,0,0,0,0.0,0.0,True
2008,5,38.8186,-99.9591,38.8985,-99.9279,EF0,0,0,0,0,0.0,0.0,True
2008,5,38.9665,-100.125,39.0303,-100.0813,EF0,0,0,0,0,0.0,0.0,True
2008,8,34.4922,-104.4151,34.4664,-104.3938,EF0,0,0,0,0,0.0,0.0,True
2008,5,37.2397,-99.8949,37.267,-99.8655,EF0,0,0,0,0,0.0,0.0,True
2008,10,31.3251,-85.7287,31.3331,-85.7127,EF0,0,0,0,0,150000.0,0.0,True
2008,10,31.4934,-85.4109,31.497,-85.4047,EF0,0,0,0,0,75000.0,0.0,True
2008,5,37.7748,-100.4489,37.784,-100.4457,EF0,0,0,0,0,0.0,0.0,True
2008,9,33.9303,-89.5882,33.9307,-89.5877,EF0,0,0,0,0,200.0,0.0,True
2008,9,34.1872,-89.4649,34.189,-89.4642,EF0,0,0,0,0,0.0,0.0,True
2008,6,42.1721,-88.8767,42.2201,-88.7743,EF1,0,0,0,0,25000.0,0.0,True
2008,5,37.5271,-99.38,37.545,-99.3812,EF0,0,0,0,0,0.0,0.0,True
2008,5,38.5225,-100.4732,38.5678,-100.4805,EF0,0,0,0,0,0.0,0.0,True
2008,9,24.5697,-81.7945,24.5695,-81.7981,EF0,0,0,0,0,0.0,0.0,True
2008,5,35.9795,-94.0253,35.9795,-94.0253,EF0,0,0,0,0,0.0,0.0,True
2008,8,34.3505,-116.5859,34.3638,-116.5759,EF1,0,0,0,0,10000.0,0.0,True
2008,5,38.6068,-100.5493,38.6316,-100.5531,EF0,0,0,0,0,0.0,0.0,True
2008,5,37.8101,-98.9219,37.8185,-98.8501,EF0,0,0,0,0,0.0,0.0,True
2008,9,33.85,-109.38,33.85,-109.38,EF0,0,0,0,0,0.0,0.0,True
2008,9,24.6179,-81.5923,24.6179,-81.5923,EF0,0,0,0,0,0.0,0.0,True
2008,5,37.6262,-99.2516,37.6323,-99.2471,EF0,0,0,0,0,0.0,0.0,True
2008,5,37.7044,-99.1778,37.7177,-99.1695,EF0,0,0,0,0,0.0,0.0,True
2008,5,37.4099,-99.3049,37.4522,-99.2663,EF0,0,0,0,0,0.0,0.0,True
2008,5,38.6333,-100.4664,38.6937,-100.4734,EF1,0,0,0,0,0.0,0.0,True
2008,5,38.3177,-100.1422,38.3361,-100.1225,EF0,0,0,0,0,0.0,0.0,True
2008,5,38.4091,-100.0843,38.4597,-100.0679,EF0,0,0,0,0,0.0,0.0,True
2008,5,36.0592,-95.8125,36.0619,-95.8097,EF0,0,0,0,0,75000.0,0.0,True
2008,9,36.68,-76.94,36.6806,-76.94,EF0,0,0,0,0,0.0,0.0,True
2008,9,31.693,-89.3554,31.699,-89.3544,EF0,0,0,0,0,80000.0,0.0,True
2008,9,32.2214,-89.1025,32.224,-89.1022,EF0,0,0,0,0,1000.0,0.0,True
2008,9,32.224,-89.1022,32.2805,-89.1012,EF0,0,0,0,0,12000.0,0.0,True
2008,9,31.64,-90.51,31.645,-90.5102,EF0,0,0,0,0,0.0,0.0,True
2008,9,31.6993,-89.4861,31.7709,-89.4981,EF1,0,0,0,0,425000.0,0.0,True
2008,9,32.2863,-90.8659,32.2893,-90.8657,EF0,0,0,0,0,150000.0,0.0,True
2008,9,31.4246,-90.8954,31.4824,-90.8308,EF0,0,0,0,0,100000.0,0.0,True
2008,9,31.7277,-90.3299,31.7647,-90.3299,EF1,0,0,0,0,200000.0,100000.0,True
2008,9,31.5105,-90.3493,31.5165,-90.3502,EF0,0,0,0,0,0.0,0.0,True
2008,3,33.1,-81.9,33.01,-81.66,EF1,0,0,0,0,100000.0,0.0,True
2008,5,36.1734,-97.7825,36.1734,-97.7825,EF0,0,0,0,0,10000.0,0.0,True
2008,5,36.176,-97.7363,36.1776,-97.718,EF0,0,0,0,0,20000.0,0.0,True
2008,5,36.165,-97.4,36.173,-97.395,EF0,0,0,0,0,0.0,0.0,True
2008,9,31.6347,-91.8625,31.707,-91.814,EF1,0,0,0,0,600000.0,0.0,True
2008,9,31.3544,-91.8375,31.3732,-91.8164,EF1,0,0,0,0,7000.0,0.0,True
2008,9,31.6582,-91.8334,31.6652,-91.8278,EF1,0,0,0,0,400000.0,0.0,True
2008,9,31.7074,-91.8093,31.7187,-91.8028,EF1,0,0,0,0,150000.0,0.0,True
2008,11,35.7532,-77.9195,35.842,-77.8227,EF3,1,0,4,0,1000000.0,200000.0,True
2008,9,31.423,-89.8139,31.4304,-89.8249,EF0,0,0,0,0,1000.0,0.0,True
2008,9,31.43,-89.8243,31.4333,-89.8313,EF0,0,0,0,0,1000.0,0.0,True
2008,9,31.8857,-89.2095,31.8881,-89.2217,EF0,0,0,0,0,0.0,0.0,True
2008,9,31.9552,-89.3166,31.9602,-89.3245,EF0,0,0,0,0,0.0,0.0,True
2008,9,31.9967,-88.8382,32.02,-88.86,EF0,0,0,0,0,10000.0,0.0,True
2008,9,32.4183,-89.4335,32.4584,-89.5255,EF1,0,0,0,0,20000.0,0.0,True
2008,9,32.5083,-89.8946,32.5109,-89.9075,EF0,0,0,0,0,0.0,0.0,True
2008,11,34.7925,-78.9211,34.8063,-78.9115,EF0,0,0,0,0,50000.0,0.0,True
2008,11,35.0863,-78.6197,35.1391,-78.5792,EF0,0,0,0,0,25000.0,0.0,True
2008,5,36.158,-97.405,36.165,-97.4,EF0,0,0,0,0,0.0,0.0,True
2008,5,36.174,-97.961,36.188,-97.933,EF0,0,0,0,0,5000.0,0.0,True
2008,9,30.9515,-89.1832,30.9535,-89.1911,EF0,0,0,0,0,2000.0,0.0,True
2008,9,31.1372,-89.3856,31.1511,-89.4158,EF0,0,0,0,0,2000.0,0.0,True
2008,9,31.3032,-89.5815,31.3232,-89.6289,EF0,0,0,0,0,10000.0,0.0,True
2008,9,34.5518,-77.2972,34.5531,-77.302,EF0,0,0,0,0,0.0,0.0,True
2008,9,31.9213,-89.4332,31.9257,-89.4355,EF0,0,0,0,0,0.0,0.0,True
2008,9,32.1322,-89.45,32.1441,-89.4588,EF0,0,0,0,0,0.0,0.0,True
2008,12,33.6243,-86.4544,33.6477,-86.3923,EF1,0,0,0,0,82000.0,0.0,True
2008,12,32.96,-90.58,32.9649,-90.5668,EF0,0,0,0,0,0.0,0.0,True
2008,8,24.7059,-81.3716,24.706,-81.3754,EF0,0,0,0,0,1000.0,0.0,True
2008,8,24.6598,-81.4742,24.66,-81.4752,EF0,0,0,0,0,1000.0,0.0,True
2008,12,32.7,-90.93,32.7166,-90.9151,EF0,0,0,0,0,0.0,0.0,True
2008,5,40.94,-93.69,40.98,-93.57,EF1,0,0,0,0,0.0,0.0,True
2008,10,31.0191,-81.8052,31.0191,-81.8052,EF0,0,0,0,0,500.0,0.0,True
2008,12,32.1046,-90.0508,32.1159,-90.0409,EF2,0,0,0,0,800000.0,0.0,True
2008,12,32.76,-90.46,32.962,-90.201,EF1,0,0,0,0,700000.0,0.0,True
2008,12,33.8221,-87.1446,33.8667,-87.0838,EF2,0,0,0,0,100000.0,0.0,True
2008,12,32.1554,-89.999,32.2036,-89.9289,EF1,0,0,0,0,100000.0,0.0,True
2008,11,35.5783,-78.115,35.5861,-78.1063,EF2,1,0,2,0,500000.0,200000.0,True
2008,12,31.6401,-89.1819,31.6448,-89.1656,EF1,0,0,2,0,250000.0,0.0,True
2008,12,31.6,-91.11,31.6106,-91.0402,EF1,0,0,0,0,300000.0,200000.0,True
2008,9,29.907,-90.1298,29.8838,-90.1346,EF1,0,0,0,0,1700000.0,0.0,True
2008,11,26.0814,-97.2544,26.0781,-97.2554,EF0,0,0,0,0,1000.0,0.0,True
2008,12,33.4499,-89.6395,33.4587,-89.6294,EF1,0,0,0,0,110000.0,0.0,True
2008,12,31.5403,-91.4017,31.5341,-91.3501,EF1,0,0,0,0,2500000.0,0.0,True
2008,12,32.2368,-89.8759,32.2613,-89.8474,EF1,0,0,0,0,100000.0,0.0,True
2008,12,33.0,-89.8153,33.0116,-89.7781,EF1,0,0,0,0,300000.0,0.0,True
2008,12,31.6106,-91.0402,31.6423,-90.9376,EF1,0,0,0,0,50000.0,300000.0,True
2008,12,31.3136,-89.3567,31.3183,-89.3489,EF1,0,0,0,0,700000.0,0.0,True
2008,12,33.7176,-87.3904,33.7255,-87.3813,EF1,0,0,0,0,215000.0,0.0,True
2008,12,34.738,-86.069,34.7668,-85.9987,EF2,0,0,0,0,300000.0,0.0,True
2008,7,44.9383,-101.718,44.9203,-101.6623,EF0,0,0,0,0,0.0,0.0,True
2008,12,40.48,-90.4643,40.4833,-90.4595,EF0,0,0,0,0,0.0,0.0,True
2008,1,38.6503,-85.614,38.6499,-85.5804,EF1,0,0,0,0,70000.0,0.0,True
2008,12,33.7976,-87.3403,33.7976,-87.3403,EF0,0,0,0,0,5000.0,0.0,True
2008,12,32.6373,-93.4154,32.6392,-93.4122,EF1,0,0,0,0,200000.0,0.0,True
2008,12,21.9422,-159.6577,21.9493,-159.647,EF0,0,0,0,0,0.0,0.0,True
2008,4,32.4663,-97.2438,32.4879,-97.2007,EF1,0,0,0,0,25000000.0,0.0,True
2008,5,32.9954,-82.6183,32.9851,-82.6061,EF0,0,0,0,0,2000.0,0.0,True
2008,5,34.1465,-84.5173,34.0809,-84.4523,EF1,0,1,4,1,46000000.0,0.0,True
2008,4,32.6133,-96.859,32.6195,-96.8252,EF1,0,0,0,0,1000000.0,0.0,True
2008,12,39.2399,-91.6986,39.2596,-91.6373,EF1,0,0,0,0,0.0,0.0,True
2008,12,33.0216,-95.2119,33.0243,-95.1883,EF0,0,0,0,0,15000.0,0.0,True
2008,12,31.6908,-92.21,31.9242,-92.0709,EF2,0,0,1,0,750000.0,0.0,True
2008,1,36.847,-89.836,36.899,-89.779,EF1,0,0,0,0,250000.0,0.0,True
2008,12,33.57,-96.92,33.6364,-96.7751,EF1,0,0,1,0,400000.0,0.0,True
2008,12,31.3123,-92.5396,31.3492,-92.4994,EF1,0,0,0,0,300000.0,0.0,True
2008,12,31.09,-92.73,31.1688,-92.6829,EF1,0,0,0,0,200000.0,0.0,True
2008,12,33.7149,-96.6066,33.7349,-96.5482,EF2,0,0,3,0,750000.0,0.0,True
2008,1,37.46,-89.51,37.4592,-89.4624,EF1,0,0,0,0,75000.0,0.0,True
2008,9,33.3796,-91.2497,33.3912,-91.2449,EF0,0,0,0,0,0.0,0.0,True
2008,10,34.2334,-89.0244,34.2332,-89.0215,EF1,0,0,0,0,15000.0,0.0,True
2008,1,39.8397,-84.5592,39.8406,-84.5336,EF0,0,0,0,0,25000.0,0.0,True
2008,1,36.8223,-93.5805,36.838,-93.4519,EF1,0,0,0,0,2000000.0,0.0,True
2008,1,37.0253,-93.7302,37.0534,-93.6199,EF0,0,0,0,0,75000.0,0.0,True
2008,1,36.9803,-92.8142,37.0187,-92.646,EF0,0,0,0,0,75000.0,0.0,True
2008,1,37.0375,-92.3658,37.0439,-92.3262,EF1,0,0,0,0,125000.0,0.0,True
2008,1,37.1904,-92.302,37.2074,-92.2546,EF0,0,0,0,0,100000.0,0.0,True
2008,2,38.0179,-85.34,38.0215,-85.3309,EF0,0,0,1,0,200000.0,100000.0,True
2008,1,37.2068,-92.2469,37.2619,-92.0968,EF1,0,0,0,0,100000.0,0.0,True
2008,1,36.6723,-91.4224,36.6779,-91.4039,EF0,0,0,0,0,1000.0,0.0,True
2008,1,38.2183,-85.7945,38.2695,-85.4997,EF1,0,0,0,0,3000000.0,0.0,True
2008,1,37.133,-91.5177,37.1529,-91.485,EF1,0,0,0,0,0.0,0.0,True
2008,1,37.1563,-91.3117,37.1817,-91.1361,EF1,0,0,0,0,75000.0,0.0,True
2008,1,37.9009,-92.0609,37.911,-92.031,EF3,0,0,3,0,1000000.0,0.0,True
2008,1,33.7297,-88.2509,33.7512,-88.183,EF3,0,0,0,0,105000.0,0.0,True
2008,1,38.5299,-86.1105,38.5951,-85.9306,EF1,0,0,0,0,60000.0,50000.0,True
2008,1,37.9115,-92.0308,37.942,-91.9545,EF3,0,0,0,0,110000.0,0.0,True
2008,1,33.6558,-88.3733,33.7297,-88.2509,EF3,0,0,11,0,7000000.0,0.0,True
2008,2,37.4031,-85.9556,37.41,-85.7586,EF1,0,0,0,0,500000.0,0.0,True
2008,2,38.268,-85.2028,38.3135,-85.0877,EF2,0,0,0,0,175000.0,0.0,True
2008,2,38.0732,-84.1446,38.0791,-84.1294,EF0,0,0,0,0,200000.0,0.0,True
2008,1,31.6949,-91.2411,31.7276,-91.168,EF0,0,0,0,0,0.0,0.0,True
2008,8,27.8807,-80.5135,27.8838,-80.5175,EF1,0,0,2,0,420000.0,0.0,True
2008,1,38.0115,-91.8924,38.0528,-91.847,EF1,0,0,0,0,5000.0,0.0,True
2008,4,34.407,-80.965,34.49,-80.91,EF1,0,0,0,0,0.0,0.0,True
2008,1,37.0531,-93.6193,37.0534,-93.6187,EF0,0,0,0,0,0.0,0.0,True
2008,1,37.1065,-93.5319,37.1502,-93.4287,EF2,0,0,0,0,2000000.0,0.0,True
2008,1,37.486,-92.7777,37.6916,-92.4089,EF3,0,0,12,0,8000000.0,0.0,True
2008,1,37.223,-93.1744,37.2685,-93.067,EF2,0,0,0,0,1000000.0,0.0,True
2008,1,37.2689,-93.0663,37.3387,-92.9367,EF2,0,0,0,0,1000000.0,0.0,True
2008,1,38.0523,-91.8472,38.1787,-91.7155,EF0,0,0,1,0,5000000.0,0.0,True
2008,1,37.2137,-93.2808,37.2168,-93.2605,EF1,0,0,0,0,50000.0,0.0,True
2008,1,36.93,-93.3077,36.9421,-93.2187,EF1,0,0,0,0,250000.0,0.0,True
2008,3,34.206,-81.345,34.2,-81.28,EF1,0,0,0,0,10000.0,0.0,True
2008,1,30.68,-91.4637,30.68,-91.4637,EF1,0,0,0,0,1500000.0,0.0,True
2008,1,36.5165,-94.1439,36.578,-94.0814,EF1,0,0,0,0,300000.0,0.0,True
2008,1,36.5808,-94.078,36.6029,-94.0564,EF1,0,0,0,0,0.0,0.0,True
2008,1,37.4409,-92.9631,37.4875,-92.9226,EF1,0,0,0,0,50000.0,0.0,True
2008,1,36.6114,-93.9458,36.6219,-93.8596,EF1,0,0,0,0,300000.0,0.0,True
2008,1,36.8159,-94.008,36.9156,-93.8208,EF2,0,0,0,0,500000.0,0.0,True
2008,1,36.8104,-93.6722,36.8207,-93.5907,EF0,0,0,0,0,0.0,0.0,True
2008,5,35.9639,-80.4613,35.9767,-80.4063,EF2,0,0,0,0,200000.0,0.0,True
2008,1,37.4881,-92.9207,37.5041,-92.9073,EF0,0,0,0,0,0.0,0.0,True
2008,1,37.1154,-93.0032,37.197,-92.8396,EF0,0,0,0,0,8000.0,0.0,True
2008,1,37.5708,-92.7979,37.6074,-92.71,EF2,0,0,0,0,100000.0,0.0,True
2008,3,34.545,-80.3,34.57,-80.18,EF1,0,0,0,0,25000.0,0.0,True
2008,1,37.2754,-93.1644,37.3133,-93.0851,EF3,1,0,0,0,1000000.0,0.0,True
2008,1,37.3126,-93.0841,37.4855,-92.7777,EF3,2,0,6,0,10000000.0,0.0,True
2008,1,32.06,-89.75,32.0619,-89.7435,EF0,0,0,0,0,12000.0,0.0,True
2008,1,40.5011,-89.35,40.4942,-89.3029,EF1,0,0,0,0,30000.0,0.0,True
2008,1,33.2154,-89.3185,33.278,-89.1496,EF3,0,0,3,0,3000000.0,1700000.0,True
2008,2,32.9513,-83.6903,32.9646,-83.652,EF0,0,0,0,0,50000.0,0.0,True
2008,1,42.5488,-88.3334,42.5634,-88.3053,EF1,0,0,0,0,100000.0,0.0,True
2008,2,38.3633,-84.3778,38.3803,-84.3172,EF2,0,0,1,0,500000.0,200000.0,True
2008,1,42.624,-87.8659,42.6313,-87.8182,EF1,0,0,0,0,7930000.0,0.0,True
2008,2,37.6663,-85.1817,37.6671,-85.1762,EF1,0,0,0,0,60000.0,0.0,True
2008,2,36.9614,-87.6479,37.0807,-87.4415,EF2,0,0,2,0,4400000.0,0.0,True
2008,1,35.2629,-90.6479,35.365,-90.5074,EF0,0,0,0,0,25000.0,0.0,True
2008,1,34.12,-119.12,34.12,-119.12,EF0,0,0,0,0,0.0,0.0,True
2008,1,42.5634,-88.3053,42.6006,-88.1352,EF3,0,0,15,0,13710000.0,0.0,True
2008,1,35.3541,-93.0075,35.411,-92.8517,EF2,1,0,1,0,3500000.0,0.0,True
2008,1,32.7655,-89.25,32.7508,-89.2682,EF0,0,0,0,0,130000.0,0.0,True
2008,2,35.4445,-77.58,35.4505,-77.5549,EF2,0,0,3,0,500000.0,0.0,True
2008,1,37.2795,-92.8496,37.3309,-92.7356,EF0,0,0,0,0,15000.0,0.0,True
2008,1,37.3418,-92.8633,37.38,-92.7919,EF0,0,0,0,0,750000.0,0.0,True
2008,1,36.967,-93.3042,36.9682,-93.2979,EF1,0,0,1,0,200000.0,0.0,True
2008,1,35.9066,-89.4623,35.9407,-89.397,EF1,0,0,0,0,250000.0,0.0,True
2008,1,35.9407,-89.397,35.9602,-89.34,EF1,0,0,0,0,20000.0,0.0,True
2008,1,31.99,-90.1,32.0216,-89.7708,EF1,0,0,0,0,400000.0,200000.0,True
2008,1,32.8954,-89.9979,32.9624,-89.8946,EF3,0,0,3,0,3000000.0,700000.0,True
2008,1,35.4609,-92.7321,35.4786,-92.6779,EF1,0,0,0,0,100000.0,0.0,True
2008,1,35.411,-92.8517,35.4609,-92.7321,EF2,0,0,1,0,1750000.0,0.0,True
2008,1,33.3133,-87.8629,33.3235,-87.8393,EF1,0,0,0,0,50000.0,0.0,True
2008,1,35.4445,-90.2921,35.4466,-90.2896,EF1,0,0,0,0,50000.0,0.0,True
2008,1,35.6406,-89.9784,35.6054,-90.0234,EF1,0,0,0,0,100000.0,0.0,True
2008,1,32.9624,-89.8946,32.9852,-89.8637,EF1,0,0,0,0,20000.0,150000.0,True
2008,1,33.132,-89.5233,33.2154,-89.3185,EF3,0,0,0,0,1000000.0,500000.0,True
2008,1,45.6787,-122.6924,45.7342,-122.4986,EF1,0,0,0,0,525000.0,0.0,True
2008,2,35.63,-77.2122,35.6466,-77.1806,EF1,0,0,0,0,50000.0,0.0,True
2008,2,35.7988,-77.0069,35.81,-76.8971,EF1,0,0,0,0,100000.0,0.0,True
2008,2,36.6332,-90.5159,36.6433,-90.4562,EF1,0,0,0,0,100000.0,0.0,True
2008,2,33.02,-92.7645,33.0869,-92.697,EF0,0,0,0,0,200000.0,0.0,True
2008,1,39.3665,-91.0555,39.3986,-90.9721,EF0,0,0,0,0,0.0,0.0,True
2008,9,30.5379,-92.5113,30.6304,-92.4611,EF2,2,0,2,0,300000.0,0.0,True
2008,1,39.4289,-90.8439,39.442,-90.8031,EF0,0,0,0,0,0.0,0.0,True
2008,2,32.2411,-84.83,32.3322,-84.6383,EF0,0,0,0,0,35000.0,0.0,True
2008,2,35.63,-77.1768,35.6701,-77.0496,EF1,0,0,0,0,50000.0,0.0,True
2008,3,31.58,-81.37,31.58,-81.37,EF0,0,0,0,0,0.0,0.0,True
2008,2,33.58,-85.0279,33.58,-84.9931,EF1,0,0,1,0,7000000.0,0.0,True
2008,2,32.4855,-84.42,32.6222,-84.1665,EF0,0,0,0,0,200000.0,0.0,True
2008,1,36.3301,-119.3617,36.3388,-119.3308,EF0,0,0,0,0,750000.0,0.0,True
2008,12,33.7666,-85.2318,33.7672,-85.2301,EF0,0,0,0,0,600000.0,0.0,True
2008,1,33.482,-87.5095,33.5384,-87.4392,EF3,0,0,0,0,435000.0,0.0,True
2008,5,33.1769,-82.8691,33.1436,-82.8002,EF1,0,0,0,0,75000.0,0.0,True
2008,5,33.1777,-82.873,33.1769,-82.8691,EF0,0,0,0,0,500.0,0.0,True
2008,1,35.3243,-87.587,35.342,-87.5745,EF2,0,0,0,0,200000.0,0.0,True
2008,2,36.6384,-88.1571,36.6552,-88.1419,EF1,0,0,0,0,35000.0,0.0,True
2008,2,36.8062,-87.88,36.8516,-87.797,EF1,0,0,0,0,60000.0,0.0,True
2008,1,31.6402,-85.5289,31.6788,-85.4908,EF1,0,0,0,0,70000.0,5000.0,True
2008,2,30.14,-93.35,30.141,-93.3495,EF0,0,0,0,0,0.0,0.0,True
2008,2,30.8195,-92.065,30.8221,-92.0577,EF0,0,0,0,0,20000.0,0.0,True
2008,2,30.6911,-91.9,30.7609,-91.8524,EF1,0,0,0,0,125000.0,0.0,True
2008,2,36.6403,-86.1132,36.7023,-85.9718,EF3,4,0,11,0,1250000.0,0.0,True
2008,2,30.6066,-84.7538,30.67,-84.68,EF1,0,0,1,0,200000.0,0.0,True
2008,2,28.347,-80.608,28.347,-80.608,EF0,0,0,0,0,200000.0,0.0,True
2008,2,29.99,-93.57,29.9917,-93.5689,EF0,0,0,0,0,0.0,0.0,True
2008,2,30.9174,-91.9992,30.9192,-91.9878,EF0,0,0,0,0,20000.0,0.0,True
2008,2,35.4951,-89.5462,35.5035,-89.5382,EF1,0,0,0,0,75000.0,0.0,True
2008,2,35.3884,-89.6662,35.3996,-89.6559,EF0,0,0,0,0,5000.0,0.0,True
2008,2,33.4393,-85.0868,33.4802,-85.0377,EF1,0,0,0,0,150000.0,0.0,True
2008,4,41.5779,-102.9768,41.5932,-102.9973,EF1,0,0,0,0,300000.0,0.0,True
2008,2,35.2336,-89.6379,35.2601,-89.6139,EF0,0,0,0,0,25000.0,0.0,True
2008,2,30.7531,-90.7022,30.7531,-90.7022,EF1,0,0,0,0,30000.0,0.0,True
2008,3,29.828,-83.5956,29.8293,-83.5893,EF2,0,0,2,0,500000.0,0.0,True
2008,2,35.204,-89.667,35.2336,-89.6379,EF0,0,0,0,0,25000.0,0.0,True
2008,4,32.5746,-101.8783,32.57,-101.875,EF0,0,0,0,0,0.0,0.0,True
2008,4,32.5664,-101.8533,32.5582,-101.8371,EF0,0,0,0,0,0.0,0.0,True
2008,2,31.7071,-85.6709,31.8688,-85.3603,EF1,0,0,0,0,35000.0,0.0,True
2008,2,33.1452,-85.7857,33.1537,-85.7607,EF0,0,0,0,0,10000.0,0.0,True
2008,2,26.0884,-80.1894,26.1316,-80.186,EF0,0,0,0,0,350000.0,0.0,True
2008,2,35.6772,-88.8646,35.7325,-88.7473,EF4,0,0,51,0,100000000.0,0.0,True
2008,2,34.9192,-88.7856,34.9444,-88.7524,EF1,0,0,4,0,250000.0,0.0,True
2008,2,30.73,-91.6337,30.7395,-91.5935,EF1,0,0,0,0,150000.0,0.0,True
2008,2,32.1715,-86.8239,32.2836,-86.6903,EF2,0,0,10,0,215000.0,0.0,True
2008,2,32.4873,-87.1105,32.5458,-87.0004,EF2,0,0,0,0,350000.0,0.0,True
2008,2,31.619,-86.0116,31.6894,-85.8959,EF1,0,0,0,0,60000.0,0.0,True
2008,2,32.9988,-86.0854,33.0553,-86.013,EF1,0,0,0,0,100000.0,0.0,True
2008,2,35.0975,-93.0733,35.1176,-93.0528,EF0,0,0,0,0,0.0,0.0,True
2008,2,35.1176,-93.0528,35.1401,-93.0295,EF1,0,0,0,0,50000.0,0.0,True
2008,2,32.3997,-86.4767,32.4695,-86.4143,EF3,0,0,50,0,10000000.0,0.0,True
2008,2,32.4651,-86.4143,32.5827,-86.3656,EF1,0,0,0,0,100000.0,0.0,True
2008,2,33.0553,-86.013,33.1035,-85.948,EF0,0,0,0,0,5000.0,0.0,True
2008,2,35.553,-89.0739,35.6467,-88.935,EF3,2,0,14,0,10000000.0,0.0,True
2008,2,35.3989,-89.3173,35.553,-89.0739,EF2,0,0,0,0,200000.0,0.0,True
2008,2,32.0864,-85.1621,32.1424,-85.0478,EF2,0,0,4,0,120000.0,0.0,True
2008,3,33.7961,-93.9616,33.8284,-93.8569,EF0,0,0,0,0,200000.0,0.0,True
2008,3,33.6115,-94.131,33.6315,-94.0802,EF0,0,0,0,0,20000.0,0.0,True
2008,4,40.85,-92.42,40.85,-92.4,EF0,0,0,0,0,25000.0,0.0,True
2008,2,35.8547,-87.2142,36.04,-86.94,EF2,0,0,0,0,250000.0,0.0,True
2008,2,34.9754,-90.0086,34.9947,-89.9869,EF2,0,0,0,0,28400000.0,0.0,True
2008,2,36.3822,-86.3358,36.4165,-86.2708,EF3,7,1,14,0,10000000.0,0.0,True
2008,2,33.1039,-86.3053,33.124,-86.2745,EF0,0,0,0,0,5000.0,0.0,True
2008,2,33.5637,-87.6666,33.606,-87.5864,EF1,0,0,0,0,25000.0,0.0,True
2008,2,33.606,-87.5864,33.6914,-87.5019,EF0,0,0,0,0,10000.0,0.0,True
2008,2,34.0445,-86.867,34.0464,-86.8618,EF0,0,0,0,0,0.0,0.0,True
2008,2,36.7033,-85.9673,36.7064,-85.9589,EF3,0,0,0,0,30000.0,200000.0,True
2008,2,32.9955,-86.5022,33.1039,-86.3053,EF2,0,0,0,0,115000.0,0.0,True
2008,3,31.4195,-93.8499,31.4333,-93.8273,EF0,0,0,0,0,1000.0,0.0,True
2008,2,25.8481,-81.39,25.8666,-81.3852,EF0,0,0,0,0,444590.0,0.0,True
2008,2,35.81,-87.822,35.81,-87.822,EF0,0,0,0,0,0.0,0.0,True
2008,2,33.0346,-85.9943,33.0714,-85.9296,EF0,0,0,0,0,10000.0,0.0,True
2008,2,35.8708,-87.6639,35.8708,-87.6639,EF0,0,0,0,0,0.0,0.0,True
2008,2,36.0125,-87.3167,36.0125,-87.3167,EF0,0,0,0,0,0.0,0.0,True
2008,2,36.2083,-86.9514,36.2083,-86.9514,EF0,0,0,0,0,0.0,0.0,True
2008,2,34.68,-91.2314,34.7499,-91.1199,EF0,0,0,0,0,15000.0,0.0,True
2008,2,35.0712,-92.1407,35.081,-92.1196,EF1,0,0,0,0,100000.0,0.0,True
2008,2,35.081,-92.1196,35.1099,-92.0565,EF1,0,0,0,0,40000.0,0.0,True
2008,2,33.4011,-86.6577,33.4035,-86.6497,EF1,0,0,0,0,50000.0,0.0,True
2008,2,33.6914,-87.5019,33.7409,-87.4053,EF2,0,0,4,0,200000.0,0.0,True
2008,4,32.5355,-102.02,32.5353,-102.0128,EF0,0,0,0,0,0.0,0.0,True
2008,4,32.4355,-101.47,32.4353,-101.4628,EF0,0,0,0,0,0.0,0.0,True
2008,2,36.2073,-92.6219,36.2667,-92.5154,EF1,0,0,1,0,1750000.0,0.0,True
2008,2,36.4171,-86.2698,36.4642,-86.182,EF2,2,0,5,0,1000.0,0.0,True
2008,4,32.6855,-101.0816,32.6917,-100.9948,EF0,0,0,0,0,10000.0,0.0,True
2008,2,32.8046,-86.5804,32.8158,-86.5651,EF1,0,0,0,0,150000.0,0.0,True
2008,2,36.2542,-88.0073,36.2962,-87.952,EF2,0,0,0,0,10000000.0,0.0,True
2008,2,36.2667,-92.5154,36.3186,-92.4458,EF2,1,0,35,0,15750000.0,0.0,True
2008,2,36.2965,-87.9509,36.3193,-87.92,EF2,0,0,0,0,250000.0,0.0,True
2008,2,35.8042,-87.2875,35.8543,-87.2149,EF2,0,0,1,0,500000.0,0.0,True
2008,2,35.2676,-88.2926,35.3762,-88.0384,EF4,3,0,5,0,17600000.0,0.0,True
2008,4,32.7001,-100.9404,32.7039,-100.9108,EF1,0,0,0,0,20000.0,0.0,True
2008,2,33.2628,-85.5124,33.3502,-85.2801,EF1,0,0,0,0,100000.0,0.0,True
2008,2,36.3528,-86.6736,36.3681,-86.6181,EF0,0,0,0,0,0.0,0.0,True
2008,2,35.8875,-87.0542,35.9083,-87.0417,EF0,0,0,0,0,0.0,0.0,True
2008,2,36.2022,-88.0768,36.2204,-88.0485,EF1,0,0,0,0,0.0,0.0,True
2008,2,35.3697,-89.3712,35.3989,-89.3173,EF3,1,0,0,0,100000.0,0.0,True
2008,4,32.567,-101.782,32.5664,-101.7796,EF0,0,0,0,0,0.0,0.0,True
2008,2,33.9265,-88.0309,33.9763,-87.9518,EF1,0,0,0,0,50000.0,0.0,True
2008,2,33.9763,-87.9518,33.9906,-87.9295,EF0,0,0,0,0,20000.0,0.0,True
2008,2,35.07,-88.6123,35.1493,-88.4872,EF1,0,0,0,0,250000.0,0.0,True
2008,4,32.6861,-102.677,32.689,-102.6329,EF0,0,0,0,0,0.0,0.0,True
2008,2,33.5492,-86.5654,33.5419,-86.5175,EF1,1,0,0,0,1000000.0,0.0,True
2008,2,36.4303,-88.5194,36.4685,-88.4576,EF1,0,0,0,0,150000.0,0.0,True
2008,2,35.1401,-93.0295,35.1703,-92.9864,EF0,0,0,0,0,10000.0,0.0,True
2008,6,41.0361,-94.1795,41.0903,-94.0144,EF1,0,0,0,0,0.0,0.0,True
2008,6,41.22,-93.528,41.42,-93.33,EF1,0,0,0,0,150000.0,10000.0,True
2008,3,30.1937,-82.6458,30.2002,-82.622,EF2,1,1,5,0,4000000.0,0.0,True
2008,12,36.0968,-95.745,36.1044,-95.7397,EF1,0,0,0,0,45000.0,0.0,True
2008,3,30.8099,-81.4954,30.8122,-81.4849,EF0,0,0,0,0,0.0,0.0,True
2008,1,38.1939,-87.8725,38.2056,-87.7975,EF2,2,0,0,0,200000.0,0.0,True
2008,1,38.2056,-87.7975,38.23,-87.7461,EF2,0,0,0,0,50000.0,0.0,True
2008,3,30.59,-82.01,30.59,-82.01,EF0,0,0,0,0,0.0,0.0,True
2008,1,37.0599,-86.069,37.0845,-86.0226,EF1,0,0,0,0,500000.0,100000.0,True
2008,1,37.46,-89.46,37.46,-89.43,EF1,0,0,0,0,10000.0,0.0,True
2008,2,37.7603,-84.8393,37.7608,-84.8232,EF1,0,0,0,0,1000000.0,0.0,True
2008,2,37.9615,-86.2713,38.0041,-86.1659,EF1,0,0,0,0,2000000.0,0.0,True
2008,2,37.1591,-87.2314,37.359,-87.02,EF3,3,0,24,0,21300000.0,0.0,True
2008,2,36.4232,-88.5298,36.4303,-88.5194,EF0,0,0,0,0,10000.0,0.0,True
2008,2,30.7026,-87.3603,30.739,-87.286,EF1,0,0,0,0,750000.0,0.0,True
2008,2,33.5638,-85.2905,33.58,-85.1669,EF3,0,0,1,0,8000000.0,0.0,True
2008,4,40.6696,-93.0812,40.6975,-93.0703,EF1,0,0,0,0,75000.0,0.0,True
2008,4,40.857,-93.0027,40.8953,-92.9792,EF1,0,0,0,0,75000.0,0.0,True
2008,4,41.1942,-92.7125,41.235,-92.6945,EF1,0,0,0,0,100000.0,0.0,True
2008,4,41.5463,-92.4266,41.6512,-92.3795,EF1,0,0,0,0,100000.0,0.0,True
2008,4,40.6361,-93.4821,40.6439,-93.4789,EF0,0,0,0,0,0.0,0.0,True
2008,4,40.8344,-93.3823,40.8398,-93.3801,EF0,0,0,0,0,0.0,0.0,True
2008,4,41.7236,-92.3479,41.7569,-92.332,EF0,0,0,0,0,50000.0,0.0,True
2008,4,40.41,-96.0,40.4131,-95.9954,EF1,0,0,0,0,100000.0,0.0,True
2008,3,37.4176,-93.2022,37.4223,-93.1881,EF0,0,0,0,0,25000.0,0.0,True
2008,3,37.7749,-94.4383,37.7766,-94.4359,EF0,0,0,0,0,0.0,0.0,True
2008,5,32.008,-94.924,32.032,-94.857,EF1,0,0,0,0,200000.0,0.0,True
2008,3,37.1695,-93.8444,37.1721,-93.8369,EF0,0,0,0,0,20000.0,0.0,True
2008,3,36.8183,-94.6184,36.8259,-94.5765,EF1,0,0,0,0,50000.0,0.0,True
2008,3,37.8508,-94.0493,37.8542,-94.0394,EF0,0,0,0,0,5000.0,0.0,True
2008,3,36.6673,-92.5193,36.6688,-92.5167,EF0,0,0,0,0,1000.0,0.0,True
2008,4,32.46,-98.2115,32.5125,-98.1531,EF0,0,0,0,0,40000.0,0.0,True
2008,6,36.3724,-103.97,36.3724,-103.97,EF0,0,0,0,0,0.0,0.0,True
2008,5,43.6694,-108.4198,43.6717,-108.4146,EF0,0,0,0,0,0.0,0.0,True
2008,5,44.1506,-106.2773,44.152,-106.2754,EF0,0,0,0,0,0.0,0.0,False
2008,4,35.0606,-91.9892,35.1675,-91.8421,EF1,0,0,0,0,25000.0,0.0,True
2008,4,35.2053,-91.9315,35.2127,-91.9185,EF1,0,0,0,0,25000.0,0.0,True
2008,4,36.94,-92.26,36.9416,-92.2543,EF0,0,0,0,0,40000.0,0.0,True
2008,4,34.8682,-92.1913,34.875,-92.1822,EF1,0,0,0,0,30000.0,0.0,True
2008,4,34.9421,-92.0643,35.0251,-91.9317,EF2,0,0,0,0,2000000.0,0.0,True
2008,4,39.5236,-98.1295,39.5551,-97.9286,EF2,0,0,0,0,750000.0,500000.0,True
2008,4,34.4132,-92.9552,34.4163,-92.947,EF1,0,0,0,0,100000.0,0.0,True
2008,4,34.4163,-92.947,34.4203,-92.9378,EF1,0,0,0,0,100000.0,0.0,True
2008,4,33.6705,-96.8954,33.6795,-96.8764,EF0,0,0,0,0,0.0,0.0,True
2008,4,32.8138,-98.5384,32.8234,-98.5226,EF0,0,0,0,0,0.0,0.0,True
2008,3,38.4611,-81.4231,38.4583,-81.4233,EF0,0,0,0,0,40000.0,0.0,True
2008,5,34.0477,-112.7064,34.0497,-112.7089,EF0,0,0,0,0,0.0,0.0,True
2008,6,40.6186,-92.5023,40.6299,-92.4833,EF0,0,0,0,0,0.0,0.0,True
2008,4,31.07,-97.47,31.0953,-97.3657,EF0,0,0,0,0,500000.0,0.0,True
2008,4,32.748,-98.7685,32.7613,-98.7472,EF0,0,0,0,0,0.0,0.0,True
2008,4,33.1065,-97.7358,33.122,-97.7103,EF0,0,0,0,0,0.0,0.0,True
2008,4,34.3699,-93.2032,34.384,-93.1317,EF1,0,0,0,0,15000.0,0.0,True
2008,4,36.0253,-93.9342,36.0372,-93.9342,EF1,0,0,0,0,10000.0,0.0,True
2008,4,39.38,-99.27,39.38,-99.27,EF0,0,0,0,0,0.0,0.0,True
2008,4,39.4,-99.1,39.4,-99.1,EF0,0,0,0,0,0.0,0.0,True
2008,4,37.55,-77.2,37.55,-77.2,EF0,0,0,0,0,20000.0,0.0,True
2008,4,37.6,-77.21,37.6,-77.21,EF0,0,0,0,0,20000.0,0.0,True
2008,4,36.1567,-93.698,36.2357,-93.6191,EF1,0,0,0,0,50000.0,0.0,True
2008,4,36.2357,-93.6191,36.2772,-93.5774,EF1,0,0,0,0,50000.0,0.0,True
2008,4,36.6519,-96.068,36.6519,-96.068,EF0,0,0,0,0,0.0,0.0,True
2008,4,37.72,-77.22,37.72,-77.22,EF0,0,0,0,0,10000.0,0.0,True
2008,4,37.99,-77.25,37.99,-77.25,EF0,0,0,0,0,15000.0,0.0,True
2008,4,37.71,-77.12,37.71,-77.12,EF0,0,0,0,0,10000.0,0.0,True
2008,4,37.74,-77.15,37.74,-77.15,EF0,0,0,0,0,2000.0,0.0,True
2008,5,32.972,-95.307,32.967,-95.252,EF1,0,0,0,0,10000.0,0.0,True
2008,4,32.5603,-97.4108,32.5567,-97.4079,EF2,0,0,0,0,1000000.0,0.0,True
2008,4,32.5122,-98.1534,32.5373,-98.1299,EF0,0,0,0,0,10000.0,0.0,True
2008,4,36.81,-92.09,36.8472,-92.0524,EF0,0,0,0,0,0.0,0.0,True
2008,4,32.2163,-97.7886,32.2551,-97.6672,EF1,0,0,0,0,200000.0,0.0,True
2008,3,36.8639,-94.4191,36.8835,-94.3545,EF0,0,0,3,0,100000.0,0.0,True
2008,3,36.6274,-91.9617,36.6277,-91.9613,EF0,0,0,0,0,10000.0,0.0,True
2008,3,37.8299,-93.5005,37.8543,-93.4468,EF0,0,0,0,0,25000.0,0.0,True
2008,3,37.6961,-92.6672,37.6906,-92.6352,EF2,0,0,0,0,500000.0,0.0,True
2008,4,32.6688,-98.988,32.6874,-98.9547,EF0,0,0,0,0,40000.0,0.0,True
2008,4,31.0497,-97.4783,31.0585,-97.457,EF0,0,0,0,0,0.0,0.0,True
2008,2,31.5777,-86.0985,31.5908,-86.0851,EF1,0,0,0,0,25000.0,0.0,True
2008,2,32.2719,-90.142,32.2635,-90.0876,EF1,0,0,0,0,1000000.0,0.0,True
2008,2,36.4984,-90.9808,36.5852,-90.6379,EF1,0,0,0,0,80000.0,0.0,True
2008,2,34.7604,-89.0528,34.7697,-89.0318,EF0,0,0,0,0,50000.0,0.0,True
2008,2,36.7,-90.14,36.7292,-89.97,EF1,0,0,0,0,150000.0,0.0,True
2008,2,36.6859,-90.22,36.6885,-90.143,EF2,0,0,0,0,150000.0,0.0,True
2008,2,35.3097,-89.7592,35.3884,-89.6662,EF2,0,0,1,0,1000000.0,0.0,True
2008,4,35.5802,-94.9292,35.5936,-94.9224,EF0,0,0,0,0,0.0,0.0,True
2008,4,41.6345,-83.37,41.6649,-83.2769,EF1,0,0,0,0,200000.0,0.0,True
2008,4,34.4578,-94.1837,34.4737,-94.1517,EF1,0,0,0,0,0.0,0.0,True
2008,3,32.4398,-97.5421,32.4429,-97.5292,EF0,0,0,0,0,35000.0,0.0,True
2008,3,32.4722,-97.4666,32.4783,-97.4417,EF0,0,0,0,0,75000.0,0.0,True
2008,5,40.9988,-105.2736,41.3345,-105.58,EF2,0,0,1,0,300000.0,0.0,True
2008,2,33.4781,-91.4471,33.4879,-91.432,EF0,0,0,0,0,0.0,0.0,True
2008,3,36.2366,-79.37,36.2487,-79.3438,EF0,0,0,0,0,2000000.0,0.0,True
2008,3,32.03,-99.52,32.03,-99.52,EF0,0,0,0,0,0.0,0.0,True
2008,3,36.4467,-96.4138,36.4532,-96.3003,EF1,0,0,0,0,50000.0,0.0,True
2008,3,36.5245,-95.9366,36.5245,-95.9366,EF0,0,0,0,0,0.0,0.0,True
2008,3,36.8,-94.6686,36.8183,-94.6184,EF1,0,0,0,0,75000.0,0.0,True
2008,3,34.0916,-95.4565,34.0916,-95.4565,EF0,0,0,0,0,0.0,0.0,True
2008,3,34.2614,-95.3457,34.2614,-95.3457,EF0,0,0,0,0,0.0,0.0,True
2008,4,32.4001,-90.1981,32.3848,-90.0958,EF2,0,0,20,0,40000000.0,0.0,True
2008,4,32.95,-98.171,32.9624,-98.1463,EF0,0,0,0,0,150000.0,0.0,True
2008,4,29.8493,-83.6203,29.85,-83.615,EF0,0,0,0,0,75000.0,0.0,True
2008,4,36.7768,-85.0135,36.8078,-84.8872,EF2,0,0,1,0,1000000.0,500000.0,True
2008,4,34.7481,-92.3774,34.7987,-92.3193,EF1,0,0,1,0,50000000.0,0.0,True
2008,4,39.76,-94.85,39.76,-94.85,EF0,0,0,0,0,70000.0,0.0,True
2008,4,35.4001,-78.146,35.4038,-78.1395,EF0,0,0,0,0,200000.0,0.0,True
2008,4,32.3848,-90.0958,32.3582,-89.9882,EF1,0,0,0,1,6000000.0,0.0,True
2008,4,32.4912,-97.8626,32.4921,-97.8386,EF0,0,0,0,0,60000.0,0.0,True
2008,4,34.5891,-92.5476,34.6186,-92.5164,EF2,0,0,1,0,5000000.0,0.0,True
2008,4,34.5085,-92.7397,34.5722,-92.6203,EF1,0,0,1,0,5000000.0,0.0,True
2008,4,43.35,-94.22,43.35,-94.22,EF0,0,0,0,0,0.0,0.0,True
2008,4,42.49,-93.71,42.48,-93.68,EF0,0,0,0,0,50000.0,0.0,True
2008,3,32.4008,-95.5914,32.4142,-95.5738,EF1,0,0,0,0,50000.0,0.0,True
2008,3,33.7413,-84.3493,33.7349,-84.3275,EF1,0,0,0,0,50000.0,0.0,True
2008,3,34.09,-85.11,34.11,-85.06,EF3,1,0,1,0,3500000.0,0.0,True
2008,3,33.4405,-94.4064,33.4547,-94.3326,EF1,0,0,0,0,750000.0,0.0,True
2008,3,34.11,-85.09,34.11,-85.04,EF3,1,0,1,0,1000000.0,0.0,True
2008,2,34.4071,-89.5288,34.5009,-89.4569,EF3,0,0,14,0,35000000.0,0.0,True
2008,2,35.2835,-92.8538,35.4588,-92.6177,EF3,2,0,5,0,14500000.0,0.0,True
2008,2,36.1544,-91.6802,36.2859,-91.4714,EF3,0,0,15,0,30000000.0,0.0,True
2008,2,35.4588,-92.6177,35.713,-92.2759,EF4,3,0,77,0,22750000.0,0.0,True
2008,2,36.4235,-91.1749,36.4984,-90.9808,EF1,0,0,4,0,200000.0,0.0,True
2008,5,38.3984,-101.6586,38.4202,-101.5964,EF0,0,0,0,0,0.0,0.0,True
2008,5,38.3898,-101.4876,38.4086,-101.4516,EF0,0,0,0,0,0.0,0.0,True
2008,2,37.949,-83.53,37.9657,-83.4592,EF0,0,0,0,0,50000.0,0.0,True
2008,2,34.4307,-89.6522,34.5012,-89.5667,EF1,0,0,0,0,25000.0,0.0,True
2008,2,34.9947,-89.9869,35.0496,-89.8538,EF2,3,0,13,0,100000000.0,0.0,True
2008,2,35.9379,-91.9624,36.1544,-91.6802,EF3,2,0,20,0,11500000.0,0.0,True
2008,2,31.975,-89.2371,31.982,-89.2243,EF1,0,0,0,0,20000.0,70000.0,True
2008,4,35.3321,-87.1979,35.3562,-87.1198,EF3,0,0,0,0,1000000.0,0.0,True
2008,4,35.68,-85.976,35.7312,-85.717,EF1,0,0,0,0,1100000.0,0.0,True
2008,4,32.7565,-97.601,32.7567,-97.5896,EF0,0,0,0,0,3000.0,0.0,True
2008,4,35.57,-76.54,35.5704,-76.5369,EF0,0,0,0,0,0.0,0.0,True
2008,4,35.56,-76.43,35.5602,-76.4292,EF0,0,0,0,0,0.0,0.0,True
2008,3,33.06,-80.03,33.06,-80.03,EF1,0,0,7,0,150000.0,0.0,True
2008,3,36.22,-79.38,36.2495,-79.3609,EF0,0,0,0,0,150000.0,0.0,True
2008,3,36.1411,-77.6012,36.1486,-77.5936,EF0,0,0,0,0,200000.0,0.0,True
2008,1,36.5141,-93.9932,36.5156,-93.9922,EF0,0,0,0,0,0.0,0.0,True
2008,4,32.5336,-91.038,32.5086,-90.9828,EF1,0,0,1,0,1200000.0,0.0,True
2008,1,38.1196,-93.7683,38.1203,-93.7674,EF0,0,0,0,0,0.0,0.0,True
2008,1,36.5914,-94.3264,36.5937,-94.323,EF0,0,0,0,0,0.0,0.0,True
2008,1,36.7568,-91.9931,36.7586,-91.987,EF0,0,0,0,0,1000.0,0.0,True
2008,2,33.5294,-87.7729,33.5637,-87.6666,EF2,0,0,0,0,100000.0,0.0,True
2008,1,38.3636,-93.2987,38.3649,-93.2959,EF0,0,0,0,0,20000.0,0.0,True
2008,4,35.2677,-87.4027,35.3153,-87.2288,EF3,0,0,1,0,3000000.0,0.0,True
2008,3,37.4754,-91.8608,37.476,-91.8594,EF0,0,0,0,0,0.0,0.0,True
2008,2,33.2062,-91.799,33.212,-91.7908,EF1,0,0,0,0,40000.0,0.0,True
2008,2,32.7093,-90.2314,32.7665,-90.1854,EF0,0,0,0,0,180000.0,0.0,True
2008,3,33.11,-80.32,33.11,-80.32,EF1,0,0,0,0,218000.0,0.0,True
2008,2,33.02,-88.49,33.0341,-88.4667,EF0,0,0,0,0,0.0,0.0,True
2008,2,31.7196,-89.6024,31.7293,-89.5801,EF1,0,0,0,0,200000.0,0.0,True
2008,3,33.03,-81.5,32.98,-81.2,EF2,0,0,0,1,2300000.0,0.0,True
2008,2,31.5629,-91.9836,31.5746,-91.9628,EF0,0,0,0,0,2000.0,0.0,True
2008,5,41.0891,-104.8743,41.0891,-104.8743,EF0,0,0,0,0,0.0,0.0,True
2008,3,33.05,-79.85,33.05,-79.85,EF1,0,0,0,0,200000.0,0.0,True
2008,2,36.4646,-86.1815,36.6206,-85.8923,EF3,13,1,44,0,14100000.0,1000000.0,True
2008,3,32.3702,-94.8182,32.51,-94.7151,EF0,0,0,0,0,3000000.0,0.0,True
2008,3,32.2539,-94.8925,32.3702,-94.8182,EF1,0,0,0,0,500000.0,0.0,True
2008,4,35.4337,-78.03,35.4346,-78.0137,EF0,0,0,0,0,0.0,0.0,True
2008,2,33.8319,-90.972,33.8637,-90.9261,EF0,0,0,0,0,70000.0,0.0,True
2008,2,32.8813,-89.5544,32.898,-89.5379,EF1,0,0,0,0,0.0,0.0,True
2008,2,38.0989,-83.8332,38.1335,-83.6787,EF1,0,0,0,0,250000.0,0.0,True
2008,3,32.231,-89.4181,32.2581,-89.4002,EF1,0,0,0,0,5000.0,0.0,True
2008,3,32.308,-89.3532,32.3551,-89.3226,EF1,0,0,0,0,1200000.0,0.0,True
2008,3,35.65,-97.6403,35.65,-97.6403,EF0,0,0,0,0,0.0,0.0,True
2008,3,33.4475,-87.671,33.4577,-87.6648,EF1,0,0,0,0,50000.0,0.0,True
2008,3,32.8542,-90.7862,32.9332,-90.7121,EF2,0,0,0,0,2000.0,400000.0,True
2008,3,35.65,-97.5512,35.6834,-97.497,EF1,0,0,0,0,450000.0,0.0,True
2008,1,32.0542,-87.8184,32.0605,-87.8158,EF0,0,0,0,0,100000.0,0.0,True
2008,1,33.3235,-87.8393,33.326,-87.8313,EF0,0,0,0,0,5000.0,0.0,True
2008,4,32.4028,-90.2041,32.4001,-90.1981,EF1,0,0,0,0,25000.0,0.0,True
2008,3,34.273,-83.176,34.274,-83.113,EF0,0,0,0,0,0.0,0.0,True
2008,3,34.274,-83.113,34.274,-83.094,EF0,0,0,0,0,0.0,0.0,True
2008,5,35.3,-103.73,35.302,-103.728,EF0,0,0,0,0,0.0,0.0,True
2008,5,33.39,-105.06,33.3903,-105.057,EF0,0,0,0,0,0.0,0.0,True
2008,5,32.35,-101.0714,32.3555,-101.0358,EF0,0,0,0,0,0.0,0.0,True
2008,4,35.45,-86.8888,35.45,-86.8888,EF0,0,0,0,0,1000.0,0.0,True
2008,4,36.123,-87.3268,36.1394,-87.3065,EF1,0,0,0,0,75000.0,0.0,True
2008,4,35.5348,-86.4421,35.5936,-86.3304,EF2,0,0,0,0,100000.0,0.0,True
2008,4,35.6159,-86.2404,35.6171,-86.2376,EF0,0,0,0,0,50000.0,0.0,True
2008,4,35.8167,-85.5349,35.816,-85.5036,EF1,0,0,0,0,50000.0,0.0,True
2008,5,38.768,-76.9438,38.7758,-76.9448,EF0,0,0,0,0,100000.0,0.0,True
2008,5,41.8035,-104.8003,42.0999,-104.8079,EF0,0,0,0,0,0.0,0.0,True
2008,5,41.1086,-104.1515,41.1395,-104.1677,EF0,0,0,0,0,0.0,0.0,True
2008,5,41.1277,-104.036,41.17,-104.04,EF0,0,0,0,0,0.0,0.0,True
2008,12,34.245,-81.442,34.2767,-81.3943,EF0,0,0,0,0,4000.0,0.0,True
2008,6,39.5443,-100.3387,39.5443,-100.3387,EF0,0,0,0,0,0.0,0.0,True
2008,3,34.2414,-82.3058,34.2414,-82.3058,EF0,0,0,0,0,0.0,0.0,True
2008,1,36.0505,-94.9753,36.0647,-94.95,EF0,0,0,0,0,25000.0,0.0,True
2008,5,41.13,-104.6855,41.13,-104.6855,EF1,0,0,0,0,20000.0,0.0,True
2008,5,41.2528,-104.9832,41.2835,-105.0141,EF1,0,0,0,0,0.0,0.0,True
2008,5,31.2811,-102.6487,31.3109,-102.6321,EF0,0,0,0,0,0.0,0.0,True
2008,5,41.9233,-95.5185,41.9242,-95.5023,EF0,0,0,0,0,30000.0,0.0,True
2008,1,33.2224,-88.268,33.2224,-88.268,EF0,0,0,0,0,10000.0,0.0,True
2008,2,31.6478,-85.5238,31.6602,-85.4883,EF1,0,0,0,0,75000.0,0.0,True
2008,3,33.7201,-92.1632,33.7402,-91.9677,EF2,0,0,0,0,1000000.0,0.0,True
2008,2,32.3395,-84.6571,32.4696,-84.386,EF0,0,0,0,0,75000.0,0.0,True
2008,4,46.55,-120.5752,46.55,-120.5763,EF0,0,0,0,0,0.0,0.0,True
2008,4,32.4019,-90.5378,32.3811,-90.4982,EF1,0,0,0,0,50000.0,200000.0,True
2008,4,35.12,-77.67,35.1472,-77.6312,EF0,0,0,0,0,5000.0,0.0,True
2008,2,35.1348,-90.8502,35.1356,-90.8488,EF0,0,0,0,0,1000.0,0.0,True
2008,2,34.46,-90.71,34.4617,-90.7082,EF0,0,0,0,0,0.0,0.0,True
2008,3,34.0074,-82.7341,34.0286,-82.6036,EF2,0,0,0,0,100000.0,0.0,True
2008,3,31.86,-88.77,31.9589,-88.6885,EF2,0,0,0,0,400000.0,500000.0,True
2008,3,27.7321,-97.3825,27.7329,-97.38,EF1,0,0,0,0,20000.0,0.0,True
2008,3,28.0198,-97.6461,28.0171,-97.6414,EF0,0,0,0,0,10000.0,0.0,True
2008,3,27.9656,-97.6401,27.9656,-97.6401,EF0,0,0,0,0,0.0,0.0,True
2008,2,36.7771,-85.5759,36.783,-85.5558,EF3,0,0,0,0,1000.0,0.0,True
2008,2,32.1582,-85.0297,32.2171,-84.8856,EF0,0,0,0,0,20000.0,0.0,True
2008,3,31.17,-89.92,31.1757,-89.913,EF1,0,0,0,0,250000.0,25000.0,True
2008,2,34.4069,-89.7384,34.4078,-89.7351,EF0,0,0,0,0,12000.0,0.0,True
2008,2,35.7655,-88.6877,35.7682,-88.6817,EF2,0,0,0,0,200000.0,0.0,True
2008,5,40.39,-104.52,40.39,-104.52,EF0,0,0,0,0,0.0,0.0,True
2008,4,32.36,-90.43,32.3508,-90.3933,EF1,0,0,0,0,80000.0,0.0,True
2008,2,36.76,-87.96,36.7609,-87.9591,EF1,0,0,0,0,8000.0,0.0,True
2008,2,34.7451,-91.0893,34.7461,-91.0882,EF0,0,0,0,0,1000.0,0.0,True
2008,3,35.33,-98.201,35.33,-98.201,EF0,0,0,0,0,0.0,0.0,True
2008,4,32.341,-90.7831,32.3449,-90.7464,EF1,0,0,0,0,120000.0,0.0,True
2008,2,35.4705,-89.5857,35.4719,-89.5832,EF0,0,0,0,0,7000.0,0.0,True
2008,2,35.5774,-89.5241,35.5813,-89.5221,EF1,0,0,0,0,50000.0,0.0,True
2008,3,35.23,-98.4313,35.23,-98.4313,EF0,0,0,0,0,10000.0,0.0,True
2008,5,37.8369,-89.3651,37.8361,-89.3613,EF0,0,0,0,0,0.0,0.0,True
2008,1,38.5515,-85.7572,38.5537,-85.7555,EF1,1,0,0,0,50000.0,0.0,True
2008,5,42.3975,-94.454,42.4,-94.4001,EF1,0,0,0,0,50000.0,0.0,True
2008,5,42.2763,-94.4326,42.2849,-94.3882,EF0,0,0,0,0,30000.0,0.0,True
2008,5,41.76,-94.07,41.76,-94.07,EF0,0,0,0,0,0.0,0.0,True
2008,5,41.63,-94.13,41.64,-94.06,EF1,0,0,0,0,100000.0,5000.0,True
2008,5,41.0607,-94.0105,41.0923,-93.8414,EF1,0,0,0,0,50000.0,0.0,True
2008,5,41.1625,-93.3805,41.1639,-93.3287,EF1,0,0,0,0,30000.0,5000.0,True
2008,5,41.23,-93.12,41.26,-92.87,EF2,0,0,10,0,750000.0,25000.0,True
2008,5,41.2557,-92.8717,41.2788,-92.7425,EF1,0,0,0,0,75000.0,10000.0,True
2008,4,36.7284,-85.1768,36.7301,-85.1701,EF1,0,0,0,0,50000.0,0.0,True
2008,5,35.29,-105.18,35.29,-105.17,EF0,0,0,0,0,0.0,0.0,True
2008,5,33.5113,-91.1206,33.529,-91.11,EF0,0,0,0,0,0.0,0.0,True
2008,5,41.88,-95.91,41.8818,-95.8361,EF1,0,0,0,0,0.0,0.0,True
2008,3,33.379,-81.36,33.378,-81.35,EF0,0,0,0,0,0.0,0.0,True
2008,5,32.5596,-95.871,32.5601,-95.8481,EF1,0,0,8,0,300000.0,0.0,True
2008,5,41.91,-94.91,41.9156,-94.8306,EF1,0,0,0,0,200000.0,10000.0,True
2008,5,41.1639,-93.3287,41.1704,-93.2427,EF1,0,0,0,0,50000.0,5000.0,True
2008,5,35.1693,-91.1687,35.1925,-91.0419,EF1,0,0,0,0,60000.0,0.0,True
2008,5,38.82,-94.53,38.82,-94.53,EF0,0,0,0,0,0.0,0.0,True
2008,6,40.4312,-101.1628,40.4312,-101.1628,EF0,0,0,0,0,0.0,0.0,True
2008,5,35.2703,-91.9061,35.3177,-91.7544,EF1,0,0,0,0,25000.0,0.0,True
2008,5,39.56,-94.42,39.56,-94.42,EF0,0,0,0,0,0.0,0.0,True
2008,6,40.3897,-101.7415,40.3897,-101.7415,EF0,0,0,0,0,25000.0,0.0,True
2008,6,40.43,-101.36,40.43,-101.36,EF0,0,0,0,0,0.0,0.0,True
2008,6,40.384,-101.7856,40.384,-101.7856,EF1,0,0,0,0,30000.0,10000.0,True
2008,5,40.6086,-100.7009,40.6086,-100.7009,EF0,0,0,0,0,0.0,0.0,True
2008,5,40.3621,-101.37,40.3636,-101.37,EF0,0,0,0,0,0.0,0.0,True
2008,4,34.09,-98.955,34.0955,-98.9362,EF1,0,0,0,0,5000.0,0.0,True
2008,5,33.36,-91.4,33.4747,-91.28,EF2,0,0,0,0,1500000.0,200000.0,True
2008,5,33.0593,-102.6487,33.0754,-102.6219,EF0,0,0,0,0,0.0,0.0,True
2008,5,39.6543,-83.7285,39.6553,-83.7285,EF0,0,0,0,0,1000.0,0.0,True
2008,5,33.1302,-102.4697,33.1485,-102.4558,EF0,0,0,0,0,0.0,0.0,True
2008,4,34.0411,-98.9523,34.0411,-98.9523,EF0,0,0,0,0,0.0,0.0,True
2008,3,33.96,-82.593,33.967,-82.575,EF0,0,0,0,0,0.0,0.0,True
2008,3,33.605,-82.41,33.58,-82.19,EF1,0,0,2,0,140000.0,0.0,True
2008,3,33.6,-82.49,33.605,-82.41,EF0,0,0,0,0,0.0,0.0,True
2008,4,34.08,-98.9601,34.1077,-98.9493,EF1,0,0,1,0,30000.0,0.0,True
2008,3,33.8183,-81.581,33.8183,-81.576,EF0,0,0,0,0,0.0,0.0,True
2008,3,33.57,-82.04,33.57,-81.975,EF0,0,0,0,0,0.0,0.0,True
2008,3,33.414,-81.47,33.414,-81.468,EF0,0,0,0,0,0.0,0.0,True
2008,6,39.41,-103.27,39.41,-103.27,EF0,0,0,0,0,0.0,0.0,True
2008,6,39.39,-103.27,39.39,-103.27,EF0,0,0,0,0,0.0,0.0,True
2008,6,40.02,-103.93,40.02,-103.93,EF0,0,0,0,0,0.0,0.0,True
2008,6,39.85,-103.95,39.85,-103.95,EF0,0,0,0,0,0.0,0.0,True
2008,4,36.7377,-85.1372,36.7396,-85.1334,EF1,0,0,0,0,2000.0,0.0,True
2008,6,39.73,-103.9,39.73,-103.9,EF0,0,0,0,0,0.0,0.0,True
2008,6,39.3,-103.53,39.3,-103.53,EF0,0,0,0,0,0.0,0.0,True
2008,5,39.2929,-94.4903,39.2972,-94.4741,EF3,0,0,0,0,4000000.0,0.0,True
2008,4,36.7729,-85.038,36.7768,-85.0135,EF2,0,0,0,0,200000.0,0.0,True
2008,5,39.2215,-94.5767,39.2334,-94.5557,EF2,0,0,0,0,10000000.0,0.0,True
2008,5,40.53,-100.2467,40.53,-100.2467,EF0,0,0,0,0,0.0,0.0,True
2008,5,36.7965,-79.8518,36.8009,-79.8473,EF1,0,0,0,0,156500.0,0.0,True
2008,5,38.2988,-83.1123,38.3156,-83.1012,EF1,0,0,0,0,300000.0,0.0,True
2008,3,35.9879,-98.59,35.9879,-98.59,EF0,0,0,0,0,0.0,0.0,True
2008,3,33.765,-84.43,33.7413,-84.3493,EF2,1,0,30,0,25000000.0,0.0,True
2008,3,29.8535,-90.1048,29.8661,-90.0891,EF1,0,0,0,0,200000.0,0.0,True
2008,4,36.52,-88.559,36.5249,-88.4936,EF1,0,0,0,0,50000.0,0.0,True
2008,3,32.8316,-87.9191,32.9095,-87.8915,EF1,0,0,0,0,150000.0,0.0,True
2008,3,36.3702,-97.2488,36.3702,-97.2488,EF0,0,0,0,0,5000.0,0.0,True
2008,3,33.247,-84.057,33.2434,-84.0007,EF0,0,0,0,0,150000.0,0.0,True
2008,3,34.3288,-79.4366,34.3241,-79.4135,EF0,0,0,0,0,50000.0,0.0,True
2008,3,37.23,-97.67,37.2387,-97.6606,EF0,0,0,0,0,0.0,0.0,True
2008,3,34.11,-85.04,34.12,-84.85,EF3,0,0,0,0,3000000.0,0.0,True
2008,3,35.3334,-93.9792,35.3722,-93.8644,EF1,0,0,0,0,75000.0,0.0,True
2008,3,31.819,-99.657,31.819,-99.657,EF0,0,0,0,0,0.0,0.0,True
2008,3,32.24,-100.52,32.24,-100.52,EF0,0,0,0,0,0.0,0.0,True
2008,3,34.5911,-93.9675,34.5927,-93.9626,EF0,0,0,0,0,10000.0,0.0,True
2008,3,33.2102,-82.3922,33.208,-82.24,EF2,0,0,0,0,500000.0,0.0,True
2008,2,35.5667,-87.6833,35.5917,-87.6494,EF1,0,0,0,0,400000.0,0.0,True
2008,4,33.0862,-96.7366,33.1572,-96.6462,EF1,0,0,0,0,12000000.0,0.0,True
2008,5,32.59,-102.16,32.5857,-102.157,EF0,0,0,0,0,0.0,0.0,True
2008,5,34.5034,-89.5123,34.5217,-89.4807,EF0,0,0,0,0,25000.0,0.0,True
2008,5,42.53,-91.66,42.5331,-91.5924,EF1,0,0,0,0,50000.0,0.0,True
2008,5,41.0477,-84.126,41.0491,-84.0638,EF0,0,0,0,0,1200000.0,0.0,True
2008,5,34.8461,-91.6382,34.8637,-91.5982,EF1,0,0,0,0,1000.0,0.0,True
2008,5,35.7335,-102.3573,35.7451,-102.33,EF0,0,0,0,0,0.0,0.0,True
2008,2,30.785,-87.243,30.8093,-87.2225,EF1,0,0,0,0,200000.0,0.0,True
2008,5,36.14,-77.19,36.2122,-76.9258,EF2,0,0,2,0,1000000.0,0.0,True
2008,5,32.83,-81.05,32.83,-81.05,EF0,0,0,0,0,0.0,0.0,True
2008,5,34.5116,-92.2453,34.6111,-92.0297,EF2,1,0,0,0,3500000.0,0.0,True
2008,5,36.4497,-96.638,36.6257,-96.4633,EF1,0,0,0,0,75000.0,0.0,True
2008,5,36.5779,-96.4448,36.67,-96.4292,EF0,0,0,0,0,5000.0,0.0,True
2008,5,33.6426,-102.1921,33.6424,-102.1711,EF0,0,0,0,0,0.0,0.0,True
2008,5,36.5031,-87.3753,36.5064,-87.372,EF1,0,0,0,0,100000.0,0.0,True
2008,5,34.7555,-88.5308,34.7748,-88.5074,EF1,0,0,0,0,25000.0,0.0,True
2008,5,30.1259,-92.1595,30.1715,-92.0874,EF2,0,0,0,0,300000.0,0.0,True
2008,5,30.1009,-92.184,30.1259,-92.1595,EF0,0,0,0,0,100000.0,0.0,True
2008,5,30.2964,-91.909,30.2509,-91.8735,EF1,0,0,1,0,1500000.0,0.0,True
2008,5,39.2,-99.26,39.2179,-99.1475,EF1,0,0,0,0,100000.0,200000.0,True
2008,5,39.5355,-89.3,39.5355,-89.3,EF0,0,0,0,0,0.0,0.0,True
2008,5,39.4934,-88.8628,39.5005,-88.8435,EF0,0,0,0,0,0.0,0.0,True
2008,5,41.0937,-83.5166,41.1374,-83.4213,EF2,0,0,6,0,1000000.0,0.0,True
2008,5,30.812,-93.4152,30.7977,-93.334,EF1,0,0,2,0,100000.0,0.0,True
2008,5,42.577,-91.6085,42.5636,-91.3917,EF1,0,0,0,0,100000.0,0.0,True
2008,5,42.5363,-91.2704,42.5272,-91.1345,EF1,0,0,0,0,100000.0,0.0,True
2008,5,38.6631,-88.0445,38.6631,-88.0445,EF0,0,0,0,0,0.0,0.0,True
2008,5,42.6031,-92.0183,42.577,-91.6085,EF3,0,0,3,0,1000000.0,0.0,True
2008,5,42.5272,-91.1345,42.513,-91.1115,EF1,0,0,0,0,250000.0,0.0,True
2008,5,41.69,-92.3,41.68,-92.18,EF1,0,0,0,0,100000.0,0.0,True
2008,5,35.8155,-96.38,35.8674,-96.2687,EF0,0,0,0,0,20000.0,0.0,True
2008,5,36.3,-95.4098,36.3,-95.4098,EF1,0,0,0,0,20000.0,0.0,True
2008,5,36.3106,-95.4428,36.315,-95.4356,EF1,0,0,0,0,5000.0,0.0,True
2008,5,46.35,-97.94,46.35,-97.94,EF0,0,0,0,0,0.0,0.0,True
2008,5,31.14,-96.66,31.147,-96.6454,EF0,0,0,0,0,10000.0,0.0,True
2008,5,35.012,-91.3395,35.0297,-91.3095,EF0,0,0,0,0,3000.0,0.0,True
2008,5,33.9905,-93.6297,34.0401,-93.5,EF1,0,0,0,0,100000.0,0.0,True
2008,5,40.8382,-84.803,40.8381,-84.8025,EF0,0,0,0,0,500.0,0.0,True
2008,5,36.4012,-96.734,36.4395,-96.7139,EF1,0,0,0,0,20000.0,0.0,True
2008,5,40.8381,-84.8025,40.8381,-84.7979,EF0,0,0,0,0,60000.0,0.0,True
2008,5,38.9712,-95.4458,38.9495,-95.4763,EF2,0,0,0,0,260000.0,0.0,True
2008,5,32.0589,-98.3611,32.0567,-98.3577,EF0,0,0,0,0,0.0,0.0,True
2008,5,34.4289,-88.5264,34.446,-88.5131,EF2,0,0,0,0,150000.0,0.0,True
2008,4,43.6322,-89.0669,43.6981,-88.9586,EF0,0,0,0,0,0.0,0.0,True
2008,4,43.4786,-89.371,43.4806,-89.367,EF0,0,0,0,0,0.0,0.0,True
2008,5,38.9445,-100.288,39.1053,-100.3344,EF4,0,0,2,0,2500000.0,0.0,True
2008,5,34.8634,-100.2133,34.864,-100.2129,EF0,0,0,0,0,0.0,0.0,True
2008,5,35.7414,-102.2544,35.7544,-102.1611,EF0,0,0,0,0,0.0,0.0,True
2008,5,35.7544,-102.1611,35.76,-102.12,EF0,0,0,0,0,0.0,0.0,True
2008,5,35.4864,-92.2497,35.6985,-91.9627,EF2,0,0,12,0,32000000.0,0.0,True
2008,5,40.7898,-85.6776,40.7902,-85.6756,EF0,0,0,0,0,40000.0,0.0,True
2008,7,40.4056,-76.4576,40.4073,-76.4544,EF0,0,0,0,0,0.0,0.0,True
2008,5,32.586,-102.1231,32.576,-102.11,EF0,0,0,0,0,0.0,0.0,True
2008,5,35.3649,-91.55,35.3649,-91.55,EF0,0,0,0,0,0.0,0.0,True
2008,5,41.7889,-91.6101,41.7899,-91.6083,EF0,0,0,0,0,10000.0,0.0,True
2008,5,38.7879,-100.1931,38.9027,-100.1746,EF1,0,0,0,0,150000.0,0.0,True
2008,5,38.9597,-100.1885,38.9692,-100.1854,EF0,0,0,0,0,0.0,0.0,True
2008,5,39.6312,-100.4205,40.0019,-100.3116,EF1,0,0,0,0,1500000.0,0.0,True
2008,3,33.2065,-95.6016,33.2195,-95.5576,EF1,0,0,0,0,250000.0,0.0,True
2008,5,35.3747,-92.4444,35.3823,-92.4283,EF1,0,0,0,0,0.0,0.0,True
2008,5,43.552,-104.881,43.552,-104.881,EF0,0,0,0,0,0.0,0.0,True
2008,5,34.5265,-88.9426,34.5519,-88.8902,EF1,0,0,0,0,50000.0,0.0,True
2008,5,34.8903,-100.0807,34.8908,-100.0804,EF0,0,0,0,0,0.0,0.0,True
2008,4,43.4618,-89.4164,43.6322,-89.0669,EF1,0,0,0,0,600000.0,0.0,True
2008,5,36.315,-95.4356,36.3897,-95.3149,EF1,0,0,2,0,50000.0,0.0,True
2008,6,36.8302,-90.8134,36.8277,-90.8026,EF1,0,0,0,0,50000.0,0.0,True
2008,5,35.9835,-80.3753,36.0083,-80.3335,EF3,0,0,2,0,2500000.0,0.0,True
2008,5,34.803,-91.6987,34.8043,-91.6971,EF1,0,0,0,0,0.0,0.0,True
2008,5,34.8043,-91.6971,34.8209,-91.6788,EF1,0,0,0,0,0.0,0.0,True
2008,5,48.83,-97.53,48.83,-97.53,EF0,0,0,0,0,0.0,0.0,True
2008,5,36.3767,-87.5399,36.3836,-87.5304,EF1,0,0,0,0,5000.0,0.0,True
2008,5,34.745,-76.752,34.7425,-76.7474,EF0,0,0,0,0,10000.0,0.0,True
2008,4,41.3121,-91.955,41.3121,-91.955,EF0,0,0,0,0,0.0,0.0,True
2008,4,41.473,-92.063,41.499,-92.056,EF0,0,0,0,0,50000.0,0.0,True
2008,4,32.47,-99.85,32.47,-99.85,EF0,0,0,0,0,0.0,0.0,True
2008,4,34.3459,-92.5056,34.495,-92.3458,EF1,0,0,0,0,20000.0,0.0,True
2008,4,34.495,-92.3458,34.5071,-92.3281,EF1,0,0,0,0,10000.0,0.0,True
2008,4,34.9038,-92.1129,34.9189,-92.0801,EF1,0,0,0,0,25000.0,0.0,True
2008,5,43.5344,-109.6311,43.5346,-109.6303,EF0,0,0,1,0,10000.0,0.0,True
2008,4,33.3805,-86.7942,33.3846,-86.7922,EF0,0,0,0,0,50000.0,0.0,True
2008,4,48.5026,-118.2,48.5026,-118.2,EF0,0,0,0,0,0.0,0.0,True
2008,4,37.2444,-77.3977,37.2518,-77.3799,EF1,0,0,21,0,2000000.0,0.0,True
2008,4,37.253,-77.3768,37.2555,-77.365,EF1,0,0,0,0,15000.0,0.0,True
2008,4,41.5317,-91.2648,41.5795,-91.1192,EF2,0,0,0,0,200000.0,0.0,True
2008,4,30.5471,-92.3114,30.5481,-92.2544,EF0,0,0,0,0,75000.0,0.0,True
2008,4,34.6352,-92.521,34.6605,-92.4877,EF2,0,0,0,0,10000000.0,0.0,True
2008,5,34.84,-77.24,34.8409,-77.2366,EF0,0,0,0,0,0.0,0.0,True
2008,5,34.7322,-76.85,34.7427,-76.804,EF1,0,0,0,0,30000.0,0.0,True
2008,4,31.3351,-100.6896,31.3454,-100.6672,EF1,0,0,0,0,150000.0,0.0,True
2008,6,43.35,-93.78,43.38,-93.66,EF1,0,0,0,0,250000.0,10000.0,True
2008,5,35.9749,-80.3996,35.9769,-80.3941,EF2,0,0,0,0,0.0,0.0,True
2008,4,32.8505,-99.8806,32.8382,-99.7764,EF0,0,0,0,0,12000.0,0.0,True
2008,6,43.42,-93.3,43.43,-93.27,EF0,0,0,0,0,0.0,1000.0,True
2008,6,43.42,-93.21,43.43,-93.17,EF0,0,0,0,0,5000.0,0.0,True
2008,6,43.24,-93.34,43.24,-93.32,EF0,0,0,0,0,5000.0,0.0,True
2008,6,40.74,-94.77,40.75,-94.75,EF0,0,0,0,0,50000.0,5000.0,True
2008,6,41.9099,-92.8395,41.9148,-92.8205,EF1,0,0,0,0,30000.0,2000.0,True
2008,6,41.14,-92.35,41.16,-92.32,EF1,0,0,0,0,75000.0,5000.0,True
2008,4,41.1318,-91.4477,41.1453,-91.4299,EF1,0,0,0,0,10000.0,0.0,True
2008,4,37.2614,-76.8571,37.2902,-76.8384,EF0,0,0,0,0,200000.0,0.0,True
2008,4,37.3904,-76.5883,37.4359,-76.4515,EF0,0,0,0,0,15000.0,0.0,True
2008,4,32.6833,-89.7482,32.6923,-89.7307,EF1,0,0,0,0,20000.0,150000.0,True
2008,4,32.7486,-89.8088,32.796,-89.73,EF1,0,0,0,0,300000.0,0.0,True
2008,4,36.8269,-77.6582,36.8425,-77.592,EF1,0,0,0,0,5000.0,0.0,True
2008,4,36.7295,-77.8045,36.8269,-77.6582,EF1,0,0,0,0,700000.0,0.0,True
2008,4,30.58,-92.1387,30.5862,-92.0696,EF0,0,0,0,0,60000.0,0.0,True
2008,4,36.7102,-76.6872,36.8903,-76.4084,EF3,0,0,200,0,30000000.0,0.0,True
2008,4,36.8903,-76.4084,36.9211,-76.3423,EF1,0,0,0,0,60000.0,0.0,True
2008,5,36.3889,-87.5288,36.3917,-87.5277,EF1,0,0,0,0,20000.0,0.0,True
2008,5,36.4216,-87.5108,36.427,-87.5051,EF1,0,0,3,0,20000.0,0.0,True
2008,4,36.9211,-76.3423,36.9441,-76.2907,EF1,0,0,0,0,100000.0,0.0,True
2008,4,40.815,-91.873,40.886,-91.835,EF1,0,0,0,0,30000.0,0.0,True
2008,4,36.2744,-91.3347,36.2838,-91.3205,EF1,0,0,0,0,10000.0,0.0,True
2008,4,33.4836,-87.1151,33.4836,-87.1151,EF0,0,0,0,0,5000.0,0.0,True
2008,4,32.49,-99.92,32.49,-99.92,EF0,0,0,0,0,0.0,0.0,True
2008,5,37.1698,-83.2872,37.1714,-83.2843,EF1,0,0,0,0,25000.0,0.0,True
2008,5,31.0829,-96.438,31.08,-96.403,EF0,0,0,0,0,0.0,0.0,True
2008,5,31.1846,-96.5369,31.1858,-96.4929,EF1,0,0,0,0,0.0,0.0,True
2008,5,36.8456,-84.3784,36.8424,-84.3499,EF1,0,0,0,0,100000.0,0.0,True
2008,5,36.059,-80.0206,36.1038,-79.9798,EF2,1,0,3,0,4000000.0,0.0,True
2008,5,34.8046,-87.366,34.85,-87.29,EF1,0,0,0,0,5000.0,0.0,True
2008,4,35.8287,-94.5049,35.9091,-94.4706,EF2,0,0,0,0,75000.0,0.0,True
2008,4,40.279,-91.306,40.2952,-91.2842,EF1,0,0,0,0,100000.0,0.0,True
2008,5,34.5852,-86.7891,34.589,-86.7547,EF1,0,0,0,0,10000.0,0.0,True
2008,6,41.2874,-94.8755,41.3085,-94.8666,EF0,0,0,0,0,0.0,0.0,True
2008,6,41.0807,-94.3894,41.1108,-94.3468,EF1,0,0,0,0,25000.0,2000.0,True
2008,6,41.57,-93.0,41.746,-92.856,EF1,0,0,2,0,250000.0,5000.0,True
2008,6,40.94,-93.75,41.04,-93.69,EF1,0,0,0,0,0.0,0.0,True
2008,6,41.42,-93.33,41.42,-93.31,EF1,0,0,0,0,30000.0,0.0,True
2008,4,33.9761,-87.5155,33.9831,-87.4727,EF0,0,0,0,0,10000.0,0.0,True
2008,5,44.82,-101.17,44.82,-101.17,EF0,0,0,0,0,0.0,0.0,True
2008,5,44.84,-101.14,44.84,-101.14,EF0,0,0,0,0,0.0,0.0,True
2008,5,34.5707,-86.8201,34.5852,-86.7891,EF0,0,0,0,0,10000.0,0.0,True
2008,5,34.478,-87.0022,34.4876,-86.9928,EF0,0,0,0,0,10000.0,0.0,True
2008,5,33.9732,-87.1389,33.9755,-87.1269,EF1,0,0,0,0,20000.0,0.0,True
2008,5,34.0785,-86.9988,34.0978,-86.9467,EF1,0,0,0,0,20000.0,0.0,True
2008,4,35.234,-81.398,35.234,-81.398,EF0,0,0,0,0,20000.0,0.0,True
2008,6,41.56,-93.23,41.67,-93.11,EF1,0,0,0,0,75000.0,0.0,True
2008,6,41.737,-93.025,41.857,-92.888,EF0,0,0,0,0,25000.0,0.0,True
2008,4,35.996,-94.115,36.037,-94.103,EF2,0,0,0,0,125000.0,0.0,True
2008,5,44.83,-101.14,44.83,-101.14,EF0,0,0,0,0,0.0,0.0,True
2008,5,34.1823,-86.8014,34.243,-86.7127,EF1,0,0,0,0,50000.0,0.0,True
2008,4,32.75,-99.23,32.75,-99.23,EF0,0,0,0,0,0.0,0.0,True
2008,6,41.027,-94.355,41.0278,-94.3379,EF0,0,0,0,0,0.0,0.0,True
2008,6,40.9747,-94.8257,40.9521,-94.6462,EF1,0,0,0,0,15000.0,5000.0,True
2008,6,40.9536,-94.6007,40.9974,-94.5096,EF1,0,0,0,0,25000.0,5000.0,True
2008,6,40.9974,-94.355,41.0275,-94.2923,EF1,0,0,0,0,50000.0,5000.0,True
2008,6,41.0903,-94.0144,41.0994,-93.9873,EF0,0,0,0,0,5000.0,5000.0,True
2008,4,32.72,-99.94,32.72,-99.94,EF0,0,0,0,0,0.0,0.0,True
2008,6,40.8034,-95.305,40.8172,-95.2923,EF0,0,0,0,0,0.0,0.0,True
2008,6,40.8035,-95.6207,40.8195,-95.6065,EF0,0,0,0,0,0.0,0.0,True
2008,6,40.678,-95.786,40.6857,-95.7834,EF0,0,0,0,0,0.0,0.0,True
2008,6,40.5561,-89.2861,40.5777,-89.2688,EF0,0,0,0,0,0.0,0.0,True
2008,5,45.2038,-92.768,45.2044,-92.7641,EF0,0,0,0,0,300000.0,0.0,True
2008,6,39.4108,-85.405,39.4336,-85.3343,EF1,0,0,0,0,70000.0,0.0,True
2008,6,39.44,-98.79,39.44,-98.79,EF0,0,0,0,0,0.0,0.0,True
2008,6,39.57,-98.68,39.57,-98.68,EF0,0,0,0,0,0.0,0.0,True
2008,6,39.3348,-86.1381,39.3444,-86.0866,EF2,0,0,0,1,200000.0,0.0,True
2008,6,38.9681,-86.6851,38.9111,-86.3998,EF1,0,0,1,0,120000.0,0.0,True
2008,5,40.0749,-97.3876,40.2088,-97.104,EF2,0,0,0,0,1750000.0,0.0,True
2008,6,39.4561,-85.6844,39.4599,-85.6297,EF0,0,0,0,0,200000.0,0.0,True
2008,8,34.6283,-104.4635,34.624,-104.4606,EF0,0,0,0,0,0.0,0.0,True
2008,6,37.4047,-77.6893,37.4116,-77.6828,EF0,0,0,0,0,3000.0,0.0,True
2008,6,39.1344,-84.3973,39.1228,-84.3663,EF0,0,0,0,0,40000.0,0.0,True
2008,6,39.03,-86.88,38.9685,-86.6845,EF1,0,0,0,0,50000.0,0.0,True
2008,6,42.6962,-94.1234,42.6799,-94.0995,EF0,0,0,0,0,10000.0,1000.0,True
2008,6,39.3597,-85.9526,39.3623,-85.9424,EF1,0,0,1,0,15000.0,0.0,True
2008,6,39.3447,-86.0862,39.3602,-85.9531,EF2,0,0,3,0,23000000.0,0.0,True
2008,4,31.3178,-100.524,31.3647,-100.424,EF0,0,0,0,0,10000.0,0.0,True
2008,4,31.4378,-100.5176,31.4609,-100.4543,EF1,0,0,0,0,6000000.0,0.0,True
2008,4,32.57,-99.94,32.57,-99.94,EF0,0,0,0,0,0.0,0.0,True
2008,4,36.7529,-85.0845,36.7697,-85.0318,EF2,0,0,0,0,75000.0,0.0,True
2008,6,40.9367,-94.918,40.9614,-94.8878,EF0,0,0,0,0,0.0,0.0,True
2008,4,39.5551,-97.9286,39.5493,-97.87,EF1,0,0,0,0,0.0,0.0,True
2008,4,39.64,-97.52,39.64,-97.52,EF0,0,0,0,0,0.0,0.0,True
2008,4,32.8,-100.46,32.8,-100.46,EF0,0,0,0,0,0.0,0.0,True
2008,6,40.9177,-84.465,40.9224,-84.4589,EF0,0,0,0,0,5000.0,0.0,True
2008,4,31.304,-100.152,31.3091,-100.1186,EF0,0,0,0,0,50000.0,0.0,True
2008,4,32.7,-100.44,32.7,-100.44,EF0,0,0,0,0,0.0,0.0,True
2008,5,39.9716,-83.2657,39.9833,-83.2498,EF0,0,0,0,0,5000.0,0.0,True
2008,5,39.984,-83.2487,39.9911,-83.2426,EF0,0,0,0,0,5000.0,0.0,True
2008,4,31.7039,-99.0707,31.7112,-99.0459,EF1,0,0,0,0,150000.0,0.0,True
2008,4,31.422,-100.7376,31.4649,-100.701,EF0,0,0,0,0,0.0,0.0,True
2008,6,38.751,-97.6827,38.8539,-97.4072,EF3,0,0,0,0,2630000.0,0.0,True
2008,5,31.3255,-86.7654,31.392,-86.672,EF0,0,0,0,0,25000.0,0.0,True
2008,5,35.278,-81.0133,35.3204,-80.8652,EF1,0,0,0,0,0.0,0.0,True
2008,5,32.7002,-82.5243,32.73,-82.45,EF2,0,0,3,1,7000000.0,0.0,True
2008,5,37.5332,-95.7937,37.537,-95.7843,EF0,0,0,0,0,0.0,0.0,True
2008,5,37.15,-95.08,37.1505,-95.0613,EF0,0,0,0,0,0.0,0.0,True
2008,5,37.1,-95.05,37.1004,-95.0129,EF0,0,0,0,0,10000.0,0.0,True
2008,5,45.9586,-98.3184,45.9995,-98.2595,EF0,0,0,0,0,10000.0,0.0,True
2008,5,37.59,-95.47,37.5941,-95.4654,EF0,0,0,0,0,0.0,0.0,True
2008,5,37.78,-95.45,37.7945,-95.4206,EF0,0,0,0,0,0.0,0.0,True
2008,5,37.6488,-95.505,37.6553,-95.4945,EF0,0,0,0,0,0.0,0.0,True
2008,5,37.4908,-95.899,37.4975,-95.8901,EF0,0,0,0,0,0.0,0.0,True
2008,5,37.752,-95.1373,37.7585,-95.1289,EF0,0,0,0,0,0.0,0.0,True
2008,5,37.36,-96.18,37.3661,-96.1697,EF0,0,0,0,0,0.0,0.0,True
2008,5,35.4384,-90.2725,35.442,-90.2693,EF0,0,0,0,0,4000.0,0.0,True
2008,5,34.5018,-91.1369,34.5096,-91.0601,EF1,0,0,0,0,25000.0,0.0,True
2008,5,39.0765,-100.5101,39.1335,-100.4977,EF0,0,0,0,0,25000.0,0.0,True
2008,5,39.1335,-100.4977,39.2297,-100.4944,EF0,0,0,0,0,0.0,0.0,True
2008,5,34.5087,-89.0342,34.5106,-89.0253,EF2,0,0,0,0,75000.0,0.0,True
2008,5,35.96,-89.6665,35.974,-89.6493,EF2,0,0,0,0,40000.0,0.0,True
2008,5,39.1324,-100.238,39.2868,-100.2564,EF2,0,0,0,0,1000000.0,0.0,True
2008,5,31.1438,-89.4009,31.1659,-89.3484,EF1,0,0,0,0,10000.0,0.0,True
2008,5,39.7893,-100.56,39.9698,-100.5367,EF1,0,0,0,0,1000000.0,0.0,True
2008,5,39.3503,-100.5107,39.4855,-100.5247,EF2,0,0,0,0,750000.0,0.0,True
2008,5,39.4821,-100.4679,39.5107,-100.4641,EF0,0,0,0,0,0.0,0.0,True
2008,5,41.5379,-104.2931,41.8893,-104.3413,EF1,0,0,0,0,10000.0,0.0,True
2008,5,38.7351,-100.7559,38.7351,-100.7559,EF0,0,0,0,0,0.0,0.0,True
2008,5,38.9563,-100.63,38.9997,-100.63,EF0,0,0,0,0,0.0,0.0,True
2008,5,39.5242,-100.621,39.5686,-100.6078,EF1,0,0,0,0,250000.0,0.0,True
2008,5,46.13,-98.1427,46.2434,-98.122,EF0,0,0,0,0,10000.0,0.0,True
2008,5,46.0609,-98.289,46.13,-98.2262,EF0,0,0,0,0,10000.0,0.0,True
2008,5,40.0019,-100.3116,40.1238,-100.2863,EF1,0,0,0,0,350000.0,0.0,True
2008,5,41.677,-96.1729,41.6819,-96.1616,EF1,0,0,0,0,0.0,0.0,True
2008,5,46.8505,-101.2099,46.8734,-101.18,EF0,0,0,0,0,0.0,0.0,True
2008,7,35.165,-103.647,35.167,-103.642,EF0,0,0,0,0,0.0,0.0,True
2008,5,38.7194,-87.172,38.7199,-87.1702,EF0,0,0,0,0,0.0,0.0,True
2008,5,31.392,-86.6725,31.4712,-86.5785,EF0,0,0,0,0,150000.0,0.0,True
2008,5,35.3733,-80.5511,35.3733,-80.5511,EF0,0,0,0,0,0.0,0.0,True
2008,5,33.1084,-84.8635,33.1247,-84.833,EF2,0,0,0,0,30000.0,0.0,True
2008,5,32.2599,-82.3897,32.2595,-82.37,EF2,0,0,3,0,500000.0,0.0,True
2008,5,41.61,-96.43,41.6106,-96.4013,EF1,0,0,0,0,0.0,0.0,True
2008,5,32.3399,-82.5803,32.33,-82.49,EF3,0,0,0,0,200000.0,0.0,True
2008,5,32.33,-82.49,32.33,-82.45,EF3,0,0,0,0,25000.0,0.0,True
2008,5,33.0655,-84.93,33.0756,-84.9172,EF2,0,0,0,0,80000.0,0.0,True
2008,5,33.1098,-84.8902,33.125,-84.8662,EF2,0,0,0,0,50000.0,0.0,True
2008,5,32.75,-83.63,32.75,-83.6214,EF0,0,0,0,0,5000.0,0.0,True
2008,5,36.2043,-76.8241,36.244,-76.7641,EF2,0,0,0,0,50000.0,0.0,True
2008,5,36.244,-76.7641,36.2769,-76.6873,EF2,0,0,0,0,50000.0,0.0,True
2008,5,30.7241,-98.2009,30.7265,-98.1977,EF0,0,0,0,0,10000.0,0.0,True
2008,5,32.74,-83.32,32.7385,-82.9854,EF1,0,0,0,0,50000.0,0.0,True
2008,5,32.71,-82.85,32.7373,-82.7123,EF1,0,0,5,1,15000000.0,0.0,True
2008,4,32.8897,-89.3762,32.9313,-89.324,EF1,0,0,0,0,100000.0,150000.0,True
2008,5,35.2535,-81.1765,35.278,-81.0133,EF2,0,0,0,0,7000000.0,0.0,True
2008,5,35.5895,-81.6182,35.5895,-81.6182,EF0,0,0,0,0,0.0,0.0,True
2008,5,36.9596,-92.6551,36.9644,-92.6531,EF0,0,0,0,0,100000.0,0.0,True
2008,5,37.1832,-94.2185,37.182,-94.1636,EF1,1,0,10,0,1000000.0,0.0,True
2008,4,31.9761,-90.6927,32.0477,-90.5383,EF1,0,0,0,0,120000.0,150000.0,True
2008,5,31.0022,-98.2101,31.0022,-98.2101,EF0,0,0,0,0,0.0,0.0,True
2008,5,33.0259,-82.7738,33.02,-82.58,EF0,0,0,0,0,150000.0,0.0,True
2008,5,35.5398,-81.4102,35.5398,-81.4102,EF0,0,0,0,0,0.0,0.0,True
2008,5,37.187,-95.096,37.1886,-95.0899,EF0,0,0,0,0,0.0,0.0,True
2008,5,33.8399,-117.23,33.8358,-117.2446,EF0,0,0,0,0,0.0,0.0,True
2008,5,36.8593,-94.0612,36.8184,-93.7833,EF2,1,0,0,0,10000000.0,0.0,True
2008,5,36.8143,-93.7811,36.79,-93.72,EF0,0,0,0,0,0.0,0.0,True
2008,5,36.9278,-94.6186,36.8688,-94.0644,EF4,14,0,200,0,35000000.0,0.0,True
2008,5,38.7093,-100.352,38.7762,-100.3875,EF0,0,0,0,0,0.0,0.0,True
2008,5,34.7686,-95.6048,34.7591,-95.5143,EF2,0,0,0,0,200000.0,0.0,True
2008,5,35.6369,-97.5841,35.6101,-97.5296,EF0,0,0,0,0,50000.0,0.0,True
2008,5,47.079,-94.38,47.079,-94.38,EF0,0,0,0,0,0.0,0.0,True
2008,5,33.8744,-117.2708,33.8668,-117.2848,EF0,0,0,0,0,0.0,0.0,True
2008,5,35.6899,-90.2371,35.7283,-90.1997,EF2,0,0,1,0,500000.0,0.0,True
2008,5,33.58,-84.9584,33.58,-84.9574,EF2,0,0,0,0,7000000.0,0.0,True
2008,5,33.55,-85.23,33.55,-85.229,EF2,0,0,0,0,2000000.0,0.0,True
2008,5,32.3645,-82.8,32.3634,-82.7934,EF1,0,0,0,0,900000.0,0.0,True
2008,5,33.022,-82.194,33.0293,-82.2866,EF0,0,0,0,0,5000.0,0.0,True
2008,5,34.1422,-90.0146,34.113,-89.926,EF1,0,0,2,0,175000.0,0.0,True
2008,5,34.87,-77.24,34.8751,-77.2215,EF2,0,0,6,0,150000.0,0.0,True
2008,5,34.4225,-95.4288,34.4066,-95.4109,EF1,0,0,0,0,0.0,0.0,True
2008,6,44.302,-105.551,44.302,-105.551,EF0,0,0,0,0,10000.0,0.0,True
2008,5,36.95,-94.6985,36.9504,-94.67,EF1,0,0,0,0,0.0,0.0,True
2008,5,32.8215,-83.7841,32.75,-83.63,EF2,0,0,0,0,5000000.0,0.0,True
2008,5,33.6079,-84.23,33.5901,-84.1499,EF0,0,0,0,0,5000.0,0.0,True
2008,5,41.1593,-83.3831,41.1374,-83.4213,EF1,0,0,0,0,750000.0,0.0,True
2008,6,39.3133,-83.8192,39.3129,-83.8161,EF0,0,0,0,0,15000.0,0.0,True
2008,5,36.15,-97.4338,36.1279,-97.4462,EF0,0,0,0,0,0.0,0.0,True
2008,5,35.1925,-91.0419,35.1951,-90.9916,EF1,0,0,0,0,30000.0,0.0,True
2008,6,44.9614,-105.569,44.9614,-105.569,EF0,0,0,0,0,0.0,0.0,False
2008,5,34.6111,-92.0297,34.7102,-91.8781,EF2,0,0,2,0,3000000.0,0.0,True
2008,5,33.02,-82.58,33.022,-82.24,EF0,0,0,0,0,5000000.0,0.0,True
2008,5,34.2626,-90.3005,34.2655,-90.2965,EF1,0,0,0,0,25000.0,0.0,True
2008,5,34.113,-89.926,34.0959,-89.873,EF0,0,0,0,0,10000.0,0.0,True
2008,5,33.6199,-84.1645,33.57,-84.02,EF0,0,0,0,0,5000.0,0.0,True
2008,5,34.9022,-96.0152,34.93,-95.8477,EF2,0,0,0,0,500000.0,0.0,True
2008,5,34.5707,-95.7027,34.5649,-95.6669,EF2,0,0,0,0,75000.0,0.0,True
2008,5,35.0766,-95.67,35.0766,-95.67,EF0,0,0,0,0,0.0,0.0,True
2008,5,34.8751,-77.2215,34.8865,-77.1546,EF2,0,0,0,0,5000.0,0.0,True
2008,5,34.4116,-92.4916,34.4932,-92.2946,EF1,0,0,0,0,1500000.0,0.0,True
2008,5,35.0326,-95.4574,34.9814,-95.3949,EF0,0,0,0,0,0.0,0.0,True
2008,5,37.5576,-99.0309,37.5607,-99.0253,EF0,0,0,0,0,0.0,0.0,True
2008,5,34.5661,-95.6719,34.5685,-95.6392,EF1,0,0,0,0,0.0,0.0,True
2008,6,40.24,-103.32,40.24,-103.32,EF0,0,0,0,0,0.0,0.0,True
2008,5,43.243,-96.3797,43.2954,-96.4163,EF1,0,0,0,0,10000.0,0.0,True
2008,5,35.4607,-95.4823,35.4607,-95.4823,EF0,0,0,0,0,0.0,0.0,True
2008,5,45.2097,-92.7473,45.2108,-92.745,EF0,0,0,0,0,0.0,0.0,True
2008,5,32.6111,-83.0806,32.6031,-82.8439,EF2,2,0,2,0,1400000.0,0.0,True
2008,5,34.1459,-92.5707,34.3076,-92.2398,EF2,0,0,0,0,3500000.0,0.0,True
2008,7,41.7675,-79.1165,41.7647,-79.1125,EF1,0,0,0,0,0.0,0.0,True
2008,5,34.9147,-95.7887,34.9198,-95.7825,EF0,0,0,0,0,0.0,0.0,True
2008,5,35.3059,-92.6035,35.3682,-92.4816,EF2,2,0,6,0,5000000.0,0.0,True
2008,5,36.9503,-99.6923,36.9964,-99.63,EF0,0,0,0,0,10000.0,0.0,True
2008,5,35.3682,-92.4816,35.4864,-92.2497,EF3,3,0,6,0,10000000.0,0.0,True
2008,6,38.46,-77.73,38.42,-77.63,EF1,0,0,0,0,25000.0,0.0,True
2008,6,40.5777,-89.2688,40.5954,-89.2026,EF0,0,0,0,0,0.0,0.0,True
2008,6,40.5954,-89.2026,40.6017,-89.192,EF0,0,0,0,0,0.0,0.0,True
2008,6,42.0187,-95.5925,42.0272,-95.572,EF0,0,0,0,0,0.0,0.0,True
2008,6,38.32,-88.8078,38.32,-88.8041,EF0,0,0,0,0,5000.0,0.0,True
2008,6,38.7594,-98.2765,38.766,-98.266,EF0,0,0,0,0,0.0,0.0,True
2008,6,38.6895,-98.4782,38.7004,-98.4342,EF0,0,0,0,0,0.0,0.0,True
2008,6,38.53,-98.92,38.5318,-98.9077,EF0,0,0,0,0,0.0,0.0,True
2008,6,38.5677,-98.3473,38.5696,-98.3336,EF0,0,0,0,0,9750.0,0.0,True
2008,5,32.73,-82.45,32.7528,-82.412,EF2,0,0,0,0,750000.0,0.0,True
2008,6,38.6344,-98.6037,38.6882,-98.482,EF1,0,0,0,0,65000.0,0.0,True
2008,5,45.2044,-92.7641,45.2097,-92.7473,EF0,0,0,0,0,0.0,0.0,True
2008,5,32.26,-81.74,32.26,-81.68,EF1,0,0,0,0,125000.0,0.0,True
2008,5,31.41,-81.46,31.4,-81.3,EF4,0,0,9,0,12500000.0,0.0,True
2008,5,39.5671,-89.9273,39.5621,-89.8987,EF1,0,0,0,0,63000.0,0.0,True
2008,6,40.9747,-88.6805,40.9813,-88.6654,EF0,0,0,0,0,0.0,0.0,True
2008,6,41.3972,-87.8465,41.4261,-87.7873,EF2,0,0,0,0,500000.0,0.0,True
2008,3,32.39,-81.31,32.37,-81.21,EF2,0,0,5,1,1500000.0,0.0,True
2008,5,32.75,-81.99,32.76,-81.97,EF0,0,0,1,0,50000.0,0.0,True
2008,3,27.6881,-97.3845,27.6953,-97.3472,EF0,0,0,0,0,50000.0,0.0,True
2008,5,39.5783,-90.0014,39.5671,-89.9273,EF1,0,0,0,0,129000.0,0.0,True
2008,5,34.2599,-88.7935,34.3176,-88.6809,EF3,0,0,0,0,1500000.0,0.0,True
2008,5,33.5662,-84.02,33.5634,-84.0034,EF0,0,0,0,0,1000.0,0.0,True
2008,5,45.185,-92.125,45.2077,-92.0604,EF0,0,0,0,0,200000.0,0.0,True
2008,6,38.96,-77.92,38.94,-77.85,EF0,0,0,0,0,15000.0,0.0,True
2008,5,32.7472,-83.4121,32.74,-83.32,EF1,0,0,0,0,4000000.0,0.0,True
2008,6,35.0,-77.4647,35.0006,-77.4619,EF0,0,0,0,0,0.0,0.0,True
2008,6,25.8476,-80.119,25.8476,-80.119,EF0,0,0,0,0,0.0,0.0,True
2008,6,26.464,-80.0576,26.464,-80.0576,EF0,0,0,0,0,0.0,0.0,True
2008,6,46.82,-95.06,46.9507,-95.025,EF2,0,0,1,0,5000000.0,800000.0,True
2008,6,39.5277,-86.2682,39.5263,-86.261,EF0,0,0,0,0,20000.0,0.0,True
2008,6,43.4814,-90.9078,43.4834,-90.9005,EF0,0,0,0,0,15000.0,10000.0,True
2008,6,46.75,-95.08,46.82,-95.06,EF2,0,0,1,0,5000000.0,500000.0,True
2008,6,40.3245,-87.2656,40.3255,-87.2606,EF0,0,0,0,0,1000.0,2000.0,True
2008,6,43.06,-90.9,43.0617,-90.8939,EF0,0,0,0,0,750.0,0.0,True
2008,6,39.35,-86.6844,39.366,-86.6317,EF0,0,0,0,0,20000.0,0.0,True
2008,6,39.53,-98.69,39.53,-98.69,EF0,0,0,0,0,0.0,0.0,True
2008,6,42.7243,-88.135,42.753,-88.0813,EF0,0,0,0,0,20000.0,0.0,True
2008,6,39.4596,-85.6295,39.5015,-85.5123,EF3,1,0,8,0,1000000.0,0.0,True
2008,6,47.35,-96.76,47.35,-96.76,EF1,0,0,0,0,40000.0,0.0,True
2008,6,34.5171,-100.9761,34.5171,-100.9761,EF0,0,0,0,0,0.0,0.0,True
2008,6,34.2206,-100.1997,34.2206,-100.1997,EF0,0,0,0,0,0.0,0.0,True
2008,5,32.69,-80.2,32.68,-80.01,EF2,0,0,0,0,1200000.0,0.0,True
2008,6,41.3635,-87.9193,41.3821,-87.8857,EF2,0,0,0,0,50000.0,0.0,True
2008,6,41.4828,-87.6573,41.5025,-87.6299,EF1,0,0,0,0,1000000.0,0.0,True
2008,6,42.8361,-90.5116,42.8361,-90.5116,EF0,0,0,0,0,3000.0,10000.0,True
2008,5,34.9684,-87.2645,34.9671,-87.2469,EF1,0,0,0,0,5000.0,0.0,True
2008,6,41.5725,-87.5339,41.5743,-87.5257,EF0,0,0,0,0,10000.0,0.0,True
2008,6,41.4436,-87.7698,41.4698,-87.7387,EF2,0,0,6,0,5500000.0,0.0,True
2008,6,40.7791,-88.8998,40.8106,-88.8494,EF1,0,0,0,0,40000.0,0.0,True
2008,6,41.0495,-88.5465,41.093,-88.5089,EF1,0,0,0,0,50000.0,0.0,True
2008,6,39.0201,-84.9593,39.0181,-84.9499,EF0,0,0,0,0,30000.0,0.0,True
2008,6,38.7083,-75.9336,38.7111,-75.8922,EF0,0,0,0,1,300000.0,0.0,True
2008,6,43.3484,-103.2124,43.3484,-103.2124,EF0,0,0,0,0,0.0,0.0,True
2008,6,38.3072,-96.5218,38.402,-96.4383,EF0,0,0,0,0,0.0,0.0,True
2008,5,31.2,-99.58,31.2,-99.58,EF0,0,0,0,0,0.0,0.0,True
2008,5,36.3409,-95.2692,36.3409,-95.2692,EF0,0,0,0,0,0.0,0.0,True
2008,5,34.4869,-91.5949,34.4313,-91.3577,EF3,0,0,9,0,75000000.0,0.0,True
2008,5,39.5686,-100.6078,39.7688,-100.5866,EF1,0,0,0,0,250000.0,0.0,True
2008,5,36.9924,-95.0345,36.9278,-94.6186,EF4,6,0,150,0,15000000.0,0.0,True
2008,5,35.5183,-97.6646,35.5255,-97.6036,EF1,0,0,0,1,100000.0,0.0,True
2008,5,34.1397,-92.5842,34.1459,-92.5707,EF0,0,0,0,0,0.0,0.0,True
2008,5,34.7743,-91.7574,34.7908,-91.7173,EF1,0,0,0,0,1000000.0,0.0,True
2008,5,34.9556,-91.2622,34.9596,-91.2582,EF0,0,0,0,0,3000.0,0.0,True
2008,5,34.4986,-91.7226,34.4994,-91.6794,EF1,0,0,0,0,0.0,0.0,True
2008,5,34.4994,-91.6794,34.5006,-91.6756,EF1,0,0,0,0,0.0,0.0,True
2008,5,36.9982,-95.1415,36.9924,-95.0345,EF2,0,0,0,0,600000.0,0.0,True
2008,5,33.875,-87.0631,33.8893,-87.0225,EF0,0,0,0,0,5000.0,0.0,True
2008,5,32.33,-100.54,32.33,-100.54,EF0,0,0,0,0,0.0,0.0,True
2008,5,32.34,-100.4,32.34,-100.4,EF0,0,0,0,0,0.0,0.0,True
2008,5,33.6148,-101.8428,33.6154,-101.8388,EF0,0,0,0,0,100000.0,0.0,True
2008,5,34.6188,-95.0378,34.6188,-95.0378,EF1,0,0,0,0,0.0,0.0,True
2008,5,34.2396,-88.1647,34.1963,-87.7222,EF1,0,0,0,0,100000.0,0.0,True
2008,5,31.126,-99.397,31.131,-99.381,EF0,0,0,0,0,250000.0,0.0,True
2008,5,33.6209,-84.2809,33.6132,-84.2337,EF2,0,0,0,0,7500000.0,0.0,True
2008,5,33.8829,-117.2549,33.857,-117.2924,EF2,0,0,1,0,350000.0,0.0,True
2008,5,33.644,-85.638,33.636,-85.573,EF1,0,0,0,0,1750000.0,0.0,True
2008,5,33.6459,-85.5045,33.6441,-85.4648,EF1,0,0,0,0,50000.0,0.0,True
2008,5,34.8023,-97.1786,34.8023,-97.1786,EF1,0,0,1,0,50000.0,0.0,True
2008,6,39.6393,-102.8899,39.6393,-102.8899,EF0,0,0,0,0,0.0,0.0,True
2008,5,34.4932,-92.2946,34.5116,-92.2453,EF2,0,0,1,0,1000000.0,0.0,True
2008,5,31.4,-102.4687,31.436,-102.4519,EF0,0,0,0,0,0.0,0.0,True
2008,5,35.5,-97.7222,35.5,-97.66,EF1,0,0,0,0,50000.0,0.0,True
2008,5,35.5002,-97.2826,35.5002,-97.2826,EF0,0,0,0,0,15000.0,0.0,True
2008,5,36.3402,-96.7873,36.3402,-96.7873,EF0,0,0,0,0,0.0,0.0,True
2008,5,30.7422,-90.0178,30.756,-89.9789,EF1,0,0,0,0,100000.0,0.0,True
2008,5,35.1449,-97.4737,35.15,-97.4446,EF0,0,0,0,0,15000.0,0.0,True
2008,5,45.2,-93.34,45.18,-93.22,EF1,0,0,2,0,700000.0,0.0,True
2008,5,45.1835,-92.831,45.1808,-92.81,EF0,0,0,0,0,0.0,0.0,True
2008,5,30.87,-102.59,30.88,-102.59,EF0,0,0,0,0,0.0,0.0,True
2008,5,35.1539,-97.4309,35.1617,-97.39,EF0,0,0,0,0,10000.0,0.0,True
2008,5,37.003,-99.6664,37.0587,-99.6448,EF0,0,0,0,0,0.0,0.0,True
2008,5,34.7591,-95.5143,34.7,-95.2971,EF2,0,0,4,0,1000000.0,0.0,True
2008,5,39.1327,-99.45,39.17,-99.43,EF1,0,0,0,0,60000.0,200000.0,True
2008,5,33.865,-87.733,33.8848,-87.6369,EF1,0,0,0,0,25000.0,0.0,True
2008,5,33.8848,-87.6391,33.902,-87.548,EF1,0,0,0,0,20000.0,0.0,True
2008,5,33.9718,-87.1825,33.976,-87.138,EF1,0,0,0,0,100000.0,0.0,True
2008,6,43.2643,-90.0778,43.2641,-90.0703,EF0,0,0,0,0,0.0,0.0,True
2008,6,46.75,-95.3,46.7655,-95.27,EF0,0,0,0,0,100000.0,100000.0,True
2008,6,46.97,-97.76,46.95,-97.69,EF0,0,0,0,0,20000.0,40000.0,True
2008,6,46.95,-97.69,46.9501,-97.6578,EF0,0,0,0,0,10000.0,20000.0,True
2008,6,41.1909,-96.1364,41.2279,-96.1187,EF2,0,0,3,0,0.0,0.0,True
2008,6,43.5333,-89.2631,43.4956,-89.0988,EF2,0,0,6,0,2500000.0,500000.0,True
2008,6,44.3257,-94.7593,44.3307,-94.7545,EF0,0,0,0,0,100000.0,0.0,True
2008,6,44.5671,-94.1764,44.5687,-94.17,EF0,0,0,0,0,0.0,0.0,True
2008,6,38.3684,-86.1169,38.3675,-86.1092,EF0,0,0,0,0,0.0,0.0,True
2008,6,38.382,-86.0885,38.3811,-86.0748,EF0,0,0,0,0,25000.0,1000.0,True
2008,6,38.1536,-86.1442,38.1536,-86.1442,EF0,0,0,0,0,1000.0,0.0,True
2008,6,44.3517,-94.6826,44.3795,-94.6733,EF1,0,0,0,0,100000.0,0.0,True
2008,6,44.2002,-94.8721,44.2074,-94.8661,EF1,0,0,0,0,300000.0,0.0,True
2008,6,41.8641,-96.0191,41.8987,-95.8811,EF3,4,0,48,0,0.0,0.0,True
2008,6,46.93,-94.86,46.9495,-94.8,EF1,0,0,0,0,300000.0,100000.0,True
2008,6,47.1,-95.29,47.1436,-95.277,EF1,0,0,0,0,200000.0,100000.0,True
2008,6,40.209,-97.08,40.212,-97.0804,EF0,0,0,0,0,0.0,0.0,True
2008,6,47.1415,-95.22,47.15,-95.17,EF1,0,0,0,0,200000.0,20000.0,True
2008,6,47.15,-95.17,47.2,-95.1278,EF1,0,0,0,0,300000.0,100000.0,True
2008,5,43.353,-75.7774,43.3542,-75.7676,EF0,0,0,0,0,5000.0,0.0,True
2008,6,40.78,-100.03,40.8045,-99.9389,EF0,0,0,0,0,40000.0,0.0,True
2008,6,43.686,-89.5995,43.6695,-89.5606,EF1,0,0,0,0,300000.0,50000.0,True
2008,6,46.3107,-96.3644,46.309,-96.32,EF1,0,0,0,0,150000.0,100000.0,True
2008,6,46.2966,-96.1281,46.2982,-96.0732,EF1,0,0,0,0,100000.0,50000.0,True
2008,6,37.2507,-79.9683,37.2388,-79.943,EF0,0,0,0,0,350000.0,0.0,True
2008,6,41.1903,-95.317,41.1871,-95.3127,EF0,0,0,0,0,0.0,0.0,True
2008,6,41.0447,-96.7367,41.0535,-96.6131,EF1,0,0,0,0,0.0,0.0,True
2008,6,43.4141,-89.0178,43.4109,-89.005,EF0,0,0,0,0,0.0,0.0,True
2008,6,42.7044,-89.7932,42.7234,-89.7746,EF1,0,0,0,0,0.0,0.0,True
2008,6,42.7747,-89.5052,42.7814,-89.4816,EF0,0,0,0,0,0.0,0.0,True
2008,6,42.8022,-89.6946,42.8569,-89.559,EF1,0,0,0,0,0.0,0.0,True
2008,6,42.9276,-89.1422,42.9549,-89.1081,EF0,0,0,0,0,0.0,0.0,True
2008,6,43.4693,-88.5261,43.4702,-88.5249,EF0,0,0,0,0,0.0,0.0,True
2008,6,41.3572,-98.634,41.3758,-98.569,EF0,0,0,0,0,50000.0,100000.0,True
2008,6,43.0823,-88.8384,43.0828,-88.8356,EF0,0,0,0,0,0.0,0.0,True
2008,6,42.8585,-88.4755,42.8597,-88.4736,EF0,0,0,0,0,0.0,0.0,True
2008,6,43.5607,-89.1235,43.5644,-89.0169,EF0,0,0,0,0,0.0,0.0,True
2008,6,43.6705,-89.0365,43.6704,-89.0317,EF0,0,0,0,0,0.0,0.0,True
2008,6,43.2136,-89.2582,43.2137,-89.254,EF0,0,0,0,0,0.0,0.0,True
2008,6,42.924,-89.2537,42.9643,-89.2017,EF1,0,0,0,0,429000.0,0.0,True
2008,6,43.0901,-89.1582,43.0935,-89.1505,EF0,0,0,0,0,0.0,0.0,True
2008,6,43.493,-89.0151,43.4947,-89.0063,EF0,0,0,0,0,0.0,0.0,True
2008,6,43.4505,-92.8082,43.4513,-92.8031,EF0,0,0,0,0,0.0,0.0,True
2008,6,43.3488,-93.0212,43.356,-93.002,EF0,0,0,0,0,0.0,1000.0,True
2008,6,41.77,-95.34,41.7725,-95.3382,EF0,0,0,0,0,0.0,0.0,True
2008,6,33.18,-102.6311,33.18,-102.6311,EF0,0,0,0,0,0.0,0.0,True
2008,6,40.97,-96.2,41.0216,-96.1232,EF1,0,0,0,0,0.0,0.0,True
2008,6,42.13,-95.83,42.1334,-95.8276,EF0,0,0,0,0,0.0,0.0,True
2008,6,41.86,-95.38,41.8652,-95.377,EF0,0,0,0,0,0.0,0.0,True
2008,6,41.37,-96.24,41.3718,-96.2402,EF0,0,0,0,0,0.0,0.0,True
2008,6,40.96,-96.44,40.961,-96.4361,EF0,0,0,0,0,0.0,0.0,True
2008,6,40.2905,-96.0583,40.3769,-96.0082,EF1,0,0,0,0,0.0,0.0,True
2008,6,40.3995,-96.0269,40.4072,-96.0185,EF1,0,0,0,0,0.0,0.0,True
2008,6,41.0708,-97.2441,41.0708,-97.1713,EF1,0,0,0,0,0.0,0.0,True
2008,7,40.65,-96.47,40.65,-96.47,EF0,0,0,0,0,0.0,0.0,True
2008,6,41.0467,-97.2043,41.061,-97.1858,EF1,0,0,0,0,0.0,0.0,True
2008,6,40.0932,-103.0996,40.0932,-103.0996,EF0,0,0,0,0,0.0,0.0,True
2008,6,41.2033,-96.238,41.2414,-96.0913,EF1,0,0,0,0,0.0,0.0,True
2008,6,41.5112,-95.9014,41.5176,-95.889,EF0,0,0,0,0,0.0,0.0,True
2008,6,40.32,-103.01,40.32,-103.01,EF0,0,0,0,0,0.0,0.0,True
2008,6,40.0766,-103.07,40.0766,-103.07,EF0,0,0,0,0,0.0,0.0,True
2008,6,41.0825,-97.1147,41.0869,-97.0093,EF1,0,0,0,0,0.0,0.0,True
2008,6,41.1381,-96.2753,41.1909,-96.136,EF2,0,0,0,0,0.0,0.0,True
2008,6,41.8043,-96.117,41.8139,-96.096,EF1,0,0,0,0,0.0,0.0,True
2008,6,43.8201,-91.673,43.8201,-91.673,EF0,0,0,0,0,0.0,0.0,True
2008,6,43.8369,-91.0727,43.8327,-90.9525,EF1,0,0,0,0,93000.0,10000.0,True
2008,6,41.8137,-96.1013,41.8641,-96.0191,EF2,0,0,0,0,0.0,0.0,True
2008,6,40.8704,-91.8335,40.8704,-91.8335,EF0,0,0,0,0,0.0,0.0,True
2008,7,39.72,-79.53,39.6898,-79.477,EF0,0,0,0,0,100000.0,0.0,True
2008,7,47.0023,-100.6719,46.9995,-100.6621,EF0,0,0,0,0,0.0,0.0,True
2008,7,47.5773,-102.4907,47.575,-102.48,EF0,0,0,0,0,0.0,0.0,True
2008,5,40.3405,-96.7058,40.3523,-96.5012,EF2,0,0,0,0,750000.0,0.0,True
2008,6,40.0844,-95.5227,40.2056,-95.4801,EF2,0,0,0,0,0.0,0.0,True
2008,6,39.99,-104.07,39.99,-104.07,EF0,0,0,0,0,0.0,0.0,True
2008,6,40.2905,-96.0583,40.3277,-96.0542,EF1,0,0,0,0,0.0,0.0,True
2008,6,43.72,-105.8705,43.72,-105.8705,EF0,0,0,0,0,0.0,0.0,False
2008,5,32.28,-82.24,32.31,-82.23,EF1,0,0,0,0,5000.0,0.0,True
2008,6,38.0905,-94.674,38.1007,-94.661,EF0,0,0,0,0,50000.0,0.0,True
2008,6,39.0865,-94.9657,39.087,-94.9628,EF0,0,0,0,0,0.0,0.0,True
2008,6,46.83,-101.16,46.8283,-101.157,EF0,0,0,0,0,0.0,0.0,True
2008,6,44.7705,-83.5921,44.7665,-83.5778,EF1,0,0,0,0,50000.0,0.0,True
2008,6,40.53,-99.63,40.53,-99.63,EF0,0,0,0,0,0.0,0.0,True
2008,6,29.95,-96.04,29.95,-96.04,EF0,0,0,0,0,0.0,0.0,True
2008,6,40.9384,-95.807,41.0074,-95.796,EF1,0,0,0,0,0.0,0.0,True
2008,6,29.03,-96.71,29.03,-96.71,EF0,0,0,0,0,20000.0,0.0,True
2008,6,44.3639,-84.122,44.377,-84.11,EF0,0,0,0,0,75000.0,0.0,True
2008,6,44.2181,-86.1517,44.2268,-86.1345,EF0,0,0,0,0,15000.0,0.0,True
2008,6,41.0,-95.4,40.9631,-95.4853,EF1,0,0,0,0,0.0,0.0,True
2008,5,40.8045,-97.1974,40.8077,-97.1817,EF0,0,0,0,0,0.0,0.0,True
2008,7,46.4634,-101.408,46.4634,-101.392,EF0,0,0,0,0,0.0,0.0,True
2008,6,41.3869,-90.6873,41.3869,-90.6873,EF0,0,0,0,0,0.0,0.0,True
2008,6,46.73,-101.04,46.7272,-101.032,EF0,0,0,0,0,0.0,0.0,True
2008,6,40.58,-99.75,40.58,-99.75,EF0,0,0,0,0,0.0,0.0,True
2008,6,38.0204,-94.1166,37.9837,-94.0609,EF0,0,0,1,0,150000.0,0.0,True
2008,6,40.2056,-95.4801,40.258,-95.3826,EF1,0,0,0,0,250000.0,0.0,True
2008,6,40.5727,-88.6254,40.568,-88.6139,EF0,0,0,0,0,50000.0,0.0,True
2008,6,33.3735,-102.1785,33.3655,-102.1825,EF0,0,0,0,0,0.0,0.0,True
2008,6,39.4043,-88.333,39.4327,-88.2489,EF1,0,0,0,0,275000.0,0.0,True
2008,6,43.6905,-89.6052,43.686,-89.5995,EF0,0,0,0,0,2000.0,0.0,True
2008,6,46.98,-95.02,47.0805,-94.9726,EF3,0,0,0,0,0.0,0.0,True
2008,6,46.9901,-94.9257,47.0633,-94.86,EF0,0,0,0,0,100000.0,0.0,True
2008,6,46.85,-94.72,46.8465,-94.6876,EF1,0,0,0,0,200000.0,0.0,True
2008,6,47.16,-94.99,47.1945,-94.9803,EF1,0,0,0,0,400000.0,0.0,True
2008,6,40.48,-95.62,40.48,-95.62,EF0,0,0,0,0,0.0,0.0,True
2008,6,37.9828,-94.0611,37.9396,-93.9523,EF0,0,0,0,0,25000.0,0.0,True
2008,6,39.55,-90.4112,39.5929,-90.2962,EF0,0,0,0,0,0.0,0.0,True
2008,6,40.2,-95.389,40.2187,-95.3661,EF0,0,0,0,0,2000.0,0.0,True
2008,6,39.3675,-86.6308,39.3749,-86.6137,EF0,0,0,2,0,50000.0,0.0,True
2008,6,47.97,-99.57,47.97,-99.57,EF0,0,0,0,0,0.0,20000.0,True
2008,6,40.42,-95.36,40.2691,-95.3792,EF0,0,0,0,0,210000.0,0.0,True
2008,6,42.98,-95.54,43.06,-95.51,EF2,0,0,0,0,200000.0,0.0,True
2008,6,39.0864,-93.5623,39.0973,-93.5307,EF0,0,0,0,0,500.0,0.0,True
2008,6,38.17,-94.52,38.1715,-94.5154,EF0,0,0,0,0,25000.0,0.0,True
2008,6,43.73,-96.77,43.76,-96.74,EF2,0,0,0,0,0.0,0.0,True
2008,6,38.8308,-84.2932,38.833,-84.2906,EF0,0,0,0,0,60000.0,0.0,True
2008,6,36.6814,-100.8965,36.5187,-100.82,EF2,0,0,0,0,200000.0,0.0,True
2008,6,36.6279,-102.78,36.6269,-102.7754,EF0,0,0,0,0,0.0,0.0,True
2008,6,45.1,-100.8,45.0972,-100.7948,EF0,0,0,0,0,0.0,0.0,True
2008,6,42.8569,-89.559,42.9023,-89.4976,EF1,0,0,0,0,0.0,0.0,True
2008,6,41.2026,-88.2007,41.3443,-88.005,EF2,0,0,0,0,500000.0,0.0,True
2008,8,40.14,-103.14,40.14,-103.14,EF0,0,0,0,0,0.0,0.0,True
2008,8,39.58,-104.52,39.58,-104.52,EF0,0,0,0,0,0.0,0.0,True
2008,7,38.26,-98.81,38.2643,-98.8045,EF0,0,0,0,0,0.0,0.0,True
2008,7,38.34,-98.81,38.3391,-98.8044,EF0,0,0,0,0,0.0,0.0,True
2008,6,45.14,-101.1,45.13,-101.0801,EF0,0,0,0,0,0.0,0.0,True
2008,6,41.4698,-87.7387,41.5054,-87.6754,EF2,0,0,0,0,4000000.0,0.0,True
2008,6,42.4318,-99.234,42.5518,-99.1166,EF2,0,0,0,0,150000.0,15000.0,True
2008,6,42.13,-100.83,42.13,-100.83,EF0,0,0,0,0,3000.0,0.0,True
2008,5,40.0154,-91.74,40.0307,-91.6799,EF1,0,0,0,0,10000.0,0.0,True
2008,9,34.6102,-105.2124,34.6102,-105.2124,EF0,0,0,0,0,0.0,0.0,True
2008,5,39.4693,-91.5698,39.4872,-91.5134,EF0,0,0,0,0,30000.0,0.0,True
2008,6,42.2043,-99.464,42.4318,-99.234,EF2,0,0,0,0,50000.0,10000.0,True
2008,5,32.31,-82.23,32.29,-82.13,EF3,0,0,2,0,1000000.0,0.0,True
2008,8,35.0681,-77.4026,35.0681,-77.4026,EF0,0,0,0,0,0.0,50000.0,True
2008,7,47.78,-94.4515,47.78,-94.4515,EF0,0,0,0,0,0.0,5000.0,True
2008,7,47.25,-95.93,47.25,-95.92,EF0,0,0,0,0,0.0,5000.0,True
2008,6,41.82,-101.35,41.82,-101.35,EF0,0,0,0,0,0.0,0.0,True
2008,7,40.85,-102.007,40.85,-102.007,EF0,0,0,0,0,0.0,0.0,True
2008,7,29.0157,-98.0393,29.0157,-98.0393,EF0,0,0,0,0,10000.0,0.0,True
2008,7,29.391,-98.4825,29.3932,-98.4866,EF0,0,0,0,0,800000.0,0.0,True
2008,7,43.6068,-88.8234,43.6115,-88.8041,EF1,0,0,0,0,20000.0,0.0,True
2008,7,43.6365,-88.9889,43.6445,-88.969,EF1,0,0,0,0,30000.0,10000.0,True
2008,7,39.6973,-87.7148,39.7169,-87.6436,EF0,0,0,0,0,60000.0,0.0,True
2008,7,43.6524,-89.2179,43.6535,-89.195,EF1,0,0,0,0,150000.0,0.0,True
2008,8,39.0253,-104.1246,39.0103,-104.116,EF1,0,0,0,0,10000.0,0.0,True
2008,8,39.1139,-105.0898,39.1089,-105.0798,EF1,0,0,0,0,20000.0,0.0,True
2008,7,45.91,-86.98,45.91,-86.98,EF0,0,0,0,0,10000.0,0.0,True
2008,6,43.4109,-89.005,43.4023,-88.9775,EF0,0,0,0,0,0.0,0.0,True
2008,5,45.5966,-95.9873,45.5966,-95.9873,EF0,0,0,0,0,0.0,0.0,True
2008,7,27.44,-81.3254,27.4385,-81.3316,EF0,0,0,0,0,50000.0,0.0,True
2008,5,39.6783,-90.85,39.6795,-90.8234,EF1,0,0,0,0,5000.0,0.0,True
2008,6,42.18,-100.47,42.18,-100.47,EF0,0,0,0,0,0.0,0.0,True
2008,6,40.3865,-101.9306,40.3974,-101.9229,EF1,0,0,0,0,95000.0,15000.0,True
2008,6,42.55,-99.9482,42.55,-99.9482,EF0,0,0,0,0,10000.0,0.0,True
2008,8,37.6278,-105.736,37.6313,-105.7348,EF1,0,0,0,0,8000.0,0.0,True
2008,6,43.4947,-89.0063,43.5062,-88.9606,EF1,0,0,0,0,200000.0,100000.0,True
2008,6,42.26,-99.86,42.26,-99.86,EF0,0,0,0,0,0.0,0.0,True
2008,7,48.88,-97.69,48.88,-97.69,EF0,0,0,0,0,0.0,0.0,True
2008,2,35.1703,-92.9864,35.2835,-92.8538,EF3,5,0,15,0,11500000.0,0.0,True
2008,7,40.17,-93.5,40.0592,-93.4634,EF0,0,0,0,0,0.0,0.0,True
2008,7,43.7652,-87.8427,43.7538,-87.8171,EF1,0,0,0,0,350000.0,1000.0,True
2008,7,38.21,-98.79,38.2123,-98.7753,EF0,0,0,0,0,0.0,0.0,True
2008,7,38.22,-98.85,38.2207,-98.8407,EF0,0,0,0,0,0.0,0.0,True
2008,7,45.0735,-95.1445,45.0881,-94.9823,EF3,0,0,2,0,0.0,0.0,True
2008,8,42.5918,-94.3611,42.5833,-94.3569,EF0,0,0,0,0,0.0,0.0,True
2008,7,43.0001,-94.2179,42.9975,-94.2067,EF0,0,0,0,0,5000.0,1000.0,True
2008,7,43.1102,-94.0793,43.1101,-94.07,EF0,0,0,0,0,0.0,0.0,True
2008,7,42.0734,-92.9267,42.0689,-92.9151,EF0,0,0,0,0,0.0,0.0,True
2008,7,39.7769,-87.805,39.7648,-87.7708,EF1,0,0,0,0,85000.0,0.0,True
2008,7,48.2535,-96.4533,48.2535,-96.4533,EF0,0,0,0,0,0.0,0.0,True
2008,7,41.8473,-90.5407,41.8473,-90.5407,EF0,0,0,0,0,0.0,0.0,True
2008,7,42.01,-92.04,42.01,-92.01,EF1,0,0,0,0,100000.0,0.0,True
2008,7,39.6884,-79.4768,39.6301,-79.3169,EF0,0,0,0,0,500000.0,0.0,True
2008,7,39.7219,-79.5326,39.7209,-79.5302,EF0,0,0,0,0,5000.0,0.0,True
2008,7,41.91,-94.96,41.8855,-94.8121,EF1,0,0,0,0,150000.0,500000.0,True
2008,7,41.7357,-93.324,41.7333,-93.3199,EF0,0,0,0,0,0.0,0.0,True
2008,7,41.6703,-93.055,41.6686,-93.0518,EF0,0,0,0,0,0.0,0.0,True
2008,7,41.7911,-93.5418,41.7874,-93.5392,EF1,0,0,0,0,50000.0,10000.0,True
2008,7,41.9332,-90.7078,41.9,-90.6583,EF0,0,0,0,0,125000.0,0.0,True
2008,7,42.2155,-91.2,42.2155,-91.2,EF0,0,0,0,0,0.0,0.0,True
2008,7,38.27,-96.44,38.2731,-96.4344,EF0,0,0,0,0,0.0,0.0,True
2008,7,38.26,-96.41,38.2615,-96.405,EF0,0,0,0,0,0.0,0.0,True
2008,8,42.5567,-94.3485,42.5506,-94.346,EF0,0,0,0,0,0.0,0.0,True
2008,7,44.5119,-92.6583,44.509,-92.6491,EF0,0,0,0,0,0.0,0.0,True
2008,7,47.0505,-100.74,47.0079,-100.6916,EF0,0,0,0,0,0.0,0.0,True
2008,7,48.852,-99.917,48.86,-99.53,EF3,0,0,3,0,1500000.0,0.0,True
2008,7,45.1225,-94.2598,45.1311,-94.2167,EF0,0,0,0,0,0.0,0.0,True
2008,7,48.9213,-100.05,48.9175,-100.0408,EF0,0,0,0,0,8000.0,0.0,True
2008,8,47.3345,-97.73,47.3345,-97.73,EF0,0,0,0,0,0.0,5000.0,True
2008,7,48.9981,-100.3605,48.991,-100.34,EF0,0,0,0,0,0.0,0.0,True
2008,7,46.67,-95.68,46.6936,-95.6265,EF1,0,0,0,0,200000.0,100000.0,True
2008,2,30.9411,-84.2,30.977,-84.1484,EF1,0,0,1,0,150000.0,0.0,True
2008,2,30.7276,-84.55,30.7465,-84.5242,EF0,0,0,0,0,75000.0,0.0,True
2008,7,47.57,-97.84,47.57,-97.84,EF0,0,0,0,0,2000.0,0.0,True
2008,7,46.31,-95.25,46.3201,-95.2041,EF1,0,0,0,0,40000.0,20000.0,True
2008,7,46.71,-95.77,46.71,-95.77,EF0,0,0,0,0,5000.0,5000.0,True
2008,7,48.86,-99.53,48.8409,-99.4534,EF3,0,0,0,0,5000.0,5000.0,True
2008,7,48.69,-99.09,48.6632,-98.9786,EF1,0,0,0,0,150000.0,5000.0,True
2008,7,48.7,-98.95,48.6834,-98.8116,EF1,0,0,0,0,100000.0,100000.0,True
2008,7,40.33,-97.67,40.33,-97.67,EF0,0,0,0,0,0.0,0.0,True
2008,7,48.63,-97.1,48.6299,-97.082,EF1,0,0,0,0,10000.0,10000.0,True
2008,7,48.35,-97.97,48.3507,-97.9662,EF0,0,0,0,0,0.0,10000.0,True
2008,7,48.37,-97.42,48.3602,-97.32,EF0,0,0,0,0,0.0,60000.0,True
2008,7,48.76,-97.41,48.76,-97.41,EF1,0,0,0,0,5000.0,10000.0,True
2008,7,48.51,-96.91,48.4901,-96.8951,EF0,0,0,0,0,10000.0,20000.0,True
2008,6,39.9609,-95.7304,39.9609,-95.7304,EF0,0,0,0,0,0.0,0.0,True
2008,7,45.119,-89.427,45.119,-89.432,EF0,0,0,0,0,0.0,0.0,True
2008,7,48.64,-97.23,48.6235,-97.1365,EF1,0,0,0,0,4000.0,20000.0,True
2008,6,39.2495,-97.361,39.4085,-97.1881,EF1,0,0,0,0,0.0,0.0,True
2008,6,39.9722,-96.5473,39.9722,-96.5473,EF0,0,0,0,0,0.0,0.0,True
2008,8,35.81,-112.33,35.81,-112.33,EF0,0,0,0,0,0.0,0.0,True
2008,7,45.1,-89.69,45.1,-89.69,EF0,0,0,0,0,0.0,0.0,True
2008,7,44.55,-90.201,44.538,-90.174,EF0,0,0,0,0,0.0,0.0,True
2008,7,45.1153,-94.2721,45.1225,-94.2598,EF0,0,0,0,0,200000.0,0.0,True
2008,6,40.0082,-95.5234,40.0218,-95.5069,EF0,0,0,0,0,0.0,0.0,True
2008,7,46.2555,-96.6,46.2555,-96.6,EF0,0,0,0,0,10000.0,10000.0,True
2008,8,42.0128,-90.4562,41.9165,-90.3702,EF0,0,0,0,0,250000.0,0.0,True
2008,7,47.23,-95.97,47.2335,-95.9174,EF0,0,0,0,0,5000.0,5000.0,True
2008,7,46.75,-95.62,46.8366,-95.3886,EF0,0,0,0,0,5000.0,20000.0,True
2008,9,32.608,-93.417,32.615,-93.418,EF0,0,0,0,0,0.0,0.0,True
2008,9,32.6346,-93.3035,32.6628,-93.3033,EF0,0,0,0,0,0.0,0.0,True
2008,9,33.0349,-92.185,33.0396,-92.1866,EF0,0,0,0,0,20000.0,0.0,True
2008,9,33.124,-92.198,33.1214,-92.1959,EF0,0,0,0,0,0.0,0.0,True
2008,9,32.1538,-93.3386,32.157,-93.3385,EF0,0,0,0,0,0.0,0.0,True
2008,9,38.8762,-95.0818,38.8809,-95.0723,EF1,0,0,0,0,0.0,0.0,True
2008,9,32.1467,-92.6996,32.17,-92.69,EF0,0,0,0,0,0.0,0.0,True
2008,8,34.441,-82.92,34.485,-82.907,EF1,0,0,0,0,0.0,0.0,True
2008,9,31.66,-92.88,31.7,-92.83,EF0,0,0,0,0,0.0,0.0,True
2008,6,41.4795,-95.9273,41.5014,-95.8925,EF1,0,0,0,0,0.0,0.0,True
2008,9,31.4822,-94.5205,31.4841,-94.5245,EF0,0,0,0,0,50000.0,0.0,True
2008,5,39.2053,-99.6051,39.2066,-99.5578,EF1,0,0,0,0,75000.0,100000.0,True
2008,5,40.6615,-99.1829,40.6907,-98.9515,EF0,0,0,0,0,25000.0,0.0,True
2008,5,40.8989,-98.1146,40.8811,-98.0496,EF0,0,0,0,0,20000.0,100000.0,True
2008,8,47.4286,-100.631,47.4318,-100.5915,EF0,0,0,0,0,0.0,0.0,True
2008,8,48.02,-100.7326,48.02,-100.711,EF0,0,0,0,0,0.0,0.0,True
2008,8,25.7789,-80.8202,25.7996,-80.8398,EF0,0,0,0,0,0.0,0.0,True
2008,8,48.0898,-100.6047,48.0795,-100.5894,EF0,0,0,0,0,0.0,0.0,True
2008,8,47.9091,-100.5911,47.8965,-100.5631,EF0,0,0,0,0,0.0,0.0,True
2008,9,36.5323,-93.7194,36.5336,-93.7255,EF0,0,0,0,0,5000.0,0.0,True
2008,8,46.8507,-100.5649,46.8467,-100.5362,EF0,0,0,0,0,0.0,0.0,True
2008,8,26.6241,-80.2348,26.6486,-80.2694,EF2,0,0,0,0,1250000.0,0.0,True
2008,8,39.548,-104.598,39.551,-104.591,EF0,0,0,0,0,5000.0,0.0,True
2008,8,40.4991,-87.355,40.4987,-87.3541,EF0,0,0,0,0,5000.0,5000.0,True
2008,8,39.38,-104.91,39.38,-104.91,EF0,0,0,0,0,0.0,0.0,True
2008,5,40.0023,-97.5006,40.0706,-97.3696,EF1,0,0,0,0,50000.0,0.0,True
2008,9,42.3805,-83.4628,42.3908,-83.4128,EF2,0,0,0,0,250000.0,0.0,True
2008,5,39.4827,-98.1995,39.5672,-98.1256,EF0,0,0,0,0,5000.0,300000.0,True
2008,8,39.4791,-104.8231,39.4842,-104.8164,EF0,0,0,0,0,0.0,0.0,True
2008,8,39.4947,-104.6,39.4947,-104.6,EF0,0,0,0,0,0.0,0.0,True
2008,5,39.5671,-98.125,39.5819,-98.0763,EF0,0,0,0,0,2000.0,100000.0,True
2008,5,40.6982,-99.2096,40.7813,-98.7333,EF1,0,0,0,0,100000.0,100000.0,True
2008,5,39.222,-99.4731,39.2256,-99.4685,EF0,0,0,0,0,5000.0,0.0,True
2008,5,40.8553,-98.0371,40.8722,-97.8933,EF2,0,0,0,0,20000.0,100000.0,True
2008,5,39.4146,-98.4896,39.4733,-98.3057,EF1,0,0,0,0,10000.0,0.0,True
2008,8,43.47,-95.3,43.473,-95.295,EF0,0,0,0,0,5000.0,0.0,True
2008,5,40.5638,-99.9699,40.6114,-99.8717,EF0,0,0,0,0,0.0,0.0,True
2008,5,39.2347,-99.3732,39.2396,-99.364,EF0,0,0,0,0,5000.0,0.0,True
2008,8,30.25,-88.12,30.25,-88.12,EF0,0,0,0,0,5000.0,0.0,True
2008,5,39.4696,-98.318,39.5673,-98.2411,EF2,0,0,0,0,500000.0,500000.0,True
2008,8,38.9,-105.48,38.9,-105.48,EF1,0,0,0,4,30000.0,0.0,True
2008,7,27.4849,-98.1048,27.4815,-98.1093,EF0,0,0,0,0,0.0,0.0,True
2008,7,28.0203,-97.2182,28.0165,-97.2387,EF0,0,0,0,0,10000.0,0.0,True
2008,7,27.9989,-97.3127,27.9955,-97.3228,EF0,0,0,0,0,0.0,0.0,True
2008,5,40.715,-99.1199,40.8057,-98.7218,EF2,0,0,0,0,11000000.0,500000.0,True
2008,5,40.8057,-98.7218,40.8785,-98.5592,EF0,0,0,0,0,25000.0,250000.0,True
2008,5,40.9675,-97.4532,40.9424,-97.3814,EF0,0,0,0,0,40000.0,0.0,True
2008,5,39.5673,-98.2411,39.7013,-98.1291,EF3,0,0,0,0,5000000.0,1000000.0,True
2008,5,40.5985,-99.681,40.6128,-99.644,EF0,0,0,0,0,0.0,0.0,True
2008,5,40.6128,-99.644,40.6567,-99.2924,EF0,0,0,0,0,0.0,0.0,True
2008,5,39.4541,-99.103,39.4538,-99.0958,EF1,0,0,0,0,60000.0,0.0,True
2008,5,39.3895,-98.5843,39.4146,-98.4896,EF0,0,0,0,0,5000.0,0.0,True
2008,5,39.7169,-97.9703,39.7336,-97.9322,EF0,0,0,0,0,2000.0,0.0,True
2008,5,40.65,-99.213,40.6615,-99.1829,EF2,0,0,0,0,75000.0,0.0,True
2008,8,25.8419,-80.2844,25.8474,-80.2835,EF1,0,0,0,0,150000.0,0.0,True
2008,8,34.6679,-82.8482,34.689,-82.8415,EF1,0,0,0,0,0.0,0.0,True
2008,8,34.5987,-81.1955,34.5987,-81.1955,EF0,0,0,0,0,0.0,0.0,True
2008,8,34.6397,-82.3776,34.7276,-82.3845,EF1,0,0,0,0,50000.0,0.0,True
2008,7,44.6629,-93.0729,44.663,-92.9533,EF0,0,0,0,0,0.0,200000.0,True
2008,8,34.5846,-82.8066,34.6555,-82.8065,EF1,0,0,0,0,0.0,0.0,True
2008,8,34.6555,-82.8065,34.6639,-82.8065,EF2,0,0,0,0,0.0,0.0,True
2008,7,43.8804,-94.178,43.8804,-94.178,EF0,0,0,0,0,0.0,0.0,True
2008,8,29.66,-81.66,29.7101,-81.6367,EF0,0,0,0,0,0.0,0.0,True
2008,2,34.8873,-88.8739,34.9154,-88.8466,EF0,0,0,0,0,100000.0,0.0,True
2008,8,30.0409,-81.7106,30.06,-81.71,EF0,0,0,0,0,0.0,0.0,True
2008,8,41.9442,-88.1276,41.947,-88.1174,EF1,0,0,0,0,40000.0,0.0,True
2008,8,30.2584,-81.4362,30.2609,-81.4363,EF0,0,0,0,0,0.0,0.0,True
2008,8,29.85,-81.6,29.85,-81.6,EF0,0,0,0,0,0.0,0.0,True
2008,8,29.9988,-91.806,29.9906,-91.8052,EF0,0,0,0,0,200000.0,0.0,True
2008,8,29.7631,-93.6982,29.7609,-93.6988,EF0,0,0,0,0,50000.0,0.0,True
2008,8,29.88,-81.43,29.8884,-81.4314,EF0,0,0,0,0,0.0,0.0,True
2008,8,31.166,-84.8252,31.178,-84.8174,EF0,0,0,0,0,75000.0,0.0,True
2008,8,31.2894,-83.4697,31.3037,-83.4865,EF1,0,0,0,0,25000.0,0.0,True
2008,8,44.36,-99.44,44.359,-99.4387,EF0,0,0,0,0,0.0,0.0,True
2008,8,34.7205,-80.9249,34.7205,-80.9249,EF0,0,0,0,0,0.0,0.0,True
2008,8,34.5934,-82.8715,34.6679,-82.8482,EF0,0,0,0,0,0.0,0.0,True
2008,9,31.949,-92.189,31.952,-92.1875,EF0,0,0,0,0,0.0,0.0,True
2008,7,40.05,-92.99,40.0366,-92.9079,EF0,0,0,0,0,0.0,0.0,True
2008,7,41.7217,-71.2348,41.7251,-71.2099,EF0,0,0,0,0,15000.0,0.0,True
2008,9,41.2295,-87.1342,41.231,-87.1301,EF1,0,0,0,0,30000.0,5000.0,True
2008,9,32.7004,-92.1319,32.7525,-92.1319,EF0,0,0,0,0,5000.0,0.0,True
2008,7,44.6993,-72.8428,44.6993,-72.8428,EF0,0,0,0,0,50000.0,0.0,True
2008,9,31.52,-93.18,31.65,-93.11,EF0,0,0,0,0,0.0,0.0,True
2008,7,41.1364,-85.3891,41.138,-85.3867,EF0,0,0,0,0,20000.0,3000.0,True
2008,9,32.266,-92.162,32.268,-92.165,EF0,0,0,0,0,0.0,0.0,True
2008,9,32.408,-92.6017,32.4512,-92.6218,EF0,0,0,0,0,0.0,0.0,True
2008,9,32.755,-92.65,32.7586,-92.6507,EF0,0,0,0,0,0.0,0.0,True
2008,9,32.825,-92.684,32.826,-92.6859,EF0,0,0,0,0,0.0,0.0,True
2008,9,32.406,-92.6136,32.3939,-92.6083,EF0,0,0,0,0,0.0,0.0,True
2008,9,32.4905,-92.6316,32.4924,-92.6324,EF0,0,0,0,0,0.0,0.0,True
2008,9,32.12,-92.71,32.1467,-92.6996,EF0,0,0,0,0,0.0,0.0,True
2008,9,31.713,-92.22,31.729,-92.216,EF0,0,0,0,0,30000.0,0.0,True
2008,9,40.6226,-75.4329,40.6218,-75.4435,EF1,0,0,0,0,1500000.0,0.0,True
2008,7,41.7123,-71.2909,41.7217,-71.2347,EF1,0,0,0,0,45000.0,0.0,True
2008,5,38.6405,-95.6538,38.6539,-95.632,EF0,0,0,0,0,100000.0,0.0,True
2008,11,34.3956,-79.3307,34.4121,-79.3138,EF2,0,0,0,0,325000.0,0.0,True
2008,10,31.3154,-85.8587,31.3247,-85.8284,EF1,0,0,0,0,4000000.0,0.0,True
2008,10,31.2434,-85.63,31.2794,-85.578,EF0,0,0,0,0,75000.0,0.0,True
2008,10,33.0653,-94.0975,33.088,-94.0837,EF0,0,0,0,0,75000.0,0.0,True
2008,10,30.1445,-85.7351,30.1904,-85.7121,EF0,0,0,0,0,500000.0,0.0,True
2008,10,30.4443,-84.0322,30.4555,-84.0312,EF1,0,0,0,0,10000.0,0.0,True
2008,10,31.3124,-85.5335,31.3154,-85.5286,EF0,0,0,0,0,0.0,0.0,True
2008,10,34.5838,-94.1453,34.6299,-94.1238,EF1,0,0,0,0,75000.0,0.0,True
2008,10,31.3776,-85.65,31.392,-85.6125,EF0,0,0,0,0,50000.0,0.0,True
2008,10,33.4812,-84.4392,33.4814,-84.4384,EF0,0,0,0,0,125000.0,0.0,True
2008,4,34.8133,-92.2744,34.8896,-92.1915,EF2,0,0,0,0,12000000.0,0.0,True
2008,5,39.7333,-97.933,40.0023,-97.5006,EF3,0,0,0,0,1000000.0,0.0,True
2008,3,33.688,-84.7251,33.775,-84.6635,EF1,0,0,1,0,2000000.0,0.0,True
2008,9,38.78,-94.83,38.7803,-94.8295,EF0,0,0,0,0,0.0,0.0,True
2008,8,38.45,-103.63,38.447,-103.627,EF0,0,0,0,0,0.0,0.0,True
2008,8,38.31,-102.21,38.3,-102.2,EF0,0,0,0,0,0.0,0.0,True
2008,9,43.9212,-105.709,43.9212,-105.709,EF0,0,0,0,0,0.0,0.0,True
2008,10,39.33,-101.55,39.33,-101.55,EF0,0,0,0,0,0.0,0.0,True
2008,10,31.8455,-95.8679,31.8773,-95.7321,EF0,0,0,0,0,55000.0,0.0,True
2008,9,30.35,-87.15,30.35,-87.15,EF0,0,0,0,0,12000.0,0.0,True
2008,8,34.4344,-77.5289,34.4345,-77.5293,EF0,0,0,0,0,0.0,0.0,True
2008,9,30.43,-86.58,30.43,-86.58,EF0,0,0,0,0,0.0,0.0,True
2008,9,30.48,-86.53,30.48,-86.53,EF0,0,0,0,0,20000.0,0.0,True
2008,9,30.4,-86.87,30.4,-86.87,EF0,0,0,0,0,0.0,0.0,True
2008,9,30.35,-87.32,30.35,-87.32,EF0,0,0,0,0,5000.0,0.0,True
2008,9,30.35,-87.32,30.35,-87.32,EF0,0,0,0,0,0.0,0.0,True
2008,9,30.4345,-87.6,30.4345,-87.6,EF0,0,0,0,0,20000.0,0.0,True
2008,8,33.0598,-83.8049,33.0637,-83.8032,EF0,0,0,0,0,0.0,0.0,True
2008,9,35.59,-77.63,35.5909,-77.6388,EF0,0,0,0,0,2000.0,0.0,True
2008,8,34.1201,-83.5499,34.2032,-83.4616,EF1,0,0,3,0,350000.0,0.0,True
2008,6,41.1984,-88.206,41.2026,-88.2007,EF1,0,0,0,0,0.0,0.0,True
2008,8,41.5523,-87.4317,41.5492,-87.3787,EF2,0,0,0,0,1000000.0,0.0,True
2008,9,37.01,-77.04,37.0124,-77.0398,EF0,0,0,0,0,2000.0,0.0,True
2008,8,41.6933,-88.1529,41.689,-88.1321,EF1,0,0,0,0,500000.0,0.0,True
2008,5,34.462,-89.1634,34.4882,-89.119,EF2,0,0,0,0,250000.0,0.0,True
2008,5,36.1505,-90.1447,36.1544,-90.1416,EF0,0,0,0,0,20000.0,0.0,True
2008,9,39.03,-94.91,39.0313,-94.9059,EF0,0,0,0,0,0.0,0.0,True
2008,9,38.87,-94.63,38.8709,-94.6282,EF0,0,0,0,0,0.0,0.0,True
2008,9,38.94,-94.99,38.9411,-94.9885,EF0,0,0,0,0,0.0,0.0,True
2008,10,33.9523,-87.5761,33.959,-87.5741,EF0,0,0,0,0,15000.0,0.0,True
2008,8,34.211,-83.8949,34.2702,-83.8505,EF1,0,0,0,0,750000.0,0.0,True
2008,8,41.9425,-88.0926,41.9425,-88.0771,EF1,0,0,0,0,250000.0,0.0,True
2008,8,34.369,-83.8624,34.3855,-83.8612,EF1,0,0,0,0,550000.0,0.0,True
2008,10,33.93,-87.85,33.93,-87.85,EF0,0,0,0,0,0.0,0.0,True
2008,8,34.3252,-83.7109,34.3326,-83.7008,EF1,0,0,0,0,100000.0,0.0,True
2008,8,41.6441,-87.8517,41.6419,-87.8467,EF0,0,0,0,0,30000.0,0.0,True
2008,9,38.97,-94.91,38.9709,-94.9084,EF0,0,0,0,0,8000.0,0.0,True
2008,9,38.84,-93.24,38.8405,-93.2381,EF0,0,0,0,0,5000.0,0.0,True
2008,8,33.8963,-82.7768,33.9577,-82.7286,EF0,0,0,0,0,30000.0,0.0,True
2008,9,39.08,-94.34,39.0805,-94.3395,EF0,0,0,0,0,6000.0,0.0,True
2008,9,38.8247,-95.213,38.8247,-95.213,EF0,0,0,0,0,0.0,0.0,True
2008,9,30.4194,-91.9034,30.4218,-91.9003,EF0,0,0,0,0,0.0,0.0,True
2008,9,34.4733,-92.6903,34.5659,-92.6722,EF1,0,0,0,0,70000.0,0.0,True
2008,9,34.5233,-92.8635,34.5579,-92.8621,EF1,0,0,0,0,20000.0,0.0,True
2008,9,24.8513,-80.7331,24.8568,-80.7392,EF1,0,0,0,0,120000.0,0.0,True
2008,9,25.1675,-80.3766,25.1695,-80.3822,EF0,0,0,0,0,25000.0,0.0,True
2008,9,35.0275,-92.681,35.049,-92.6837,EF1,0,0,0,0,5000.0,0.0,True
2008,9,34.6153,-92.8839,34.6353,-92.8829,EF1,0,0,0,0,5000.0,0.0,True
2008,9,34.6353,-92.8829,34.644,-92.8828,EF0,0,0,0,0,1000.0,0.0,True
2008,9,34.9468,-92.0497,34.9548,-92.0557,EF1,0,0,0,0,300000.0,0.0,True
2008,9,34.4421,-92.691,34.4733,-92.6903,EF1,0,0,0,0,30000.0,0.0,True
2008,9,34.9551,-92.9795,34.9739,-92.981,EF1,0,0,0,0,20000.0,0.0,True
2008,9,33.3355,-92.1287,33.3705,-92.1276,EF0,0,0,0,0,2000.0,0.0,True
2008,9,31.17,-93.09,31.1793,-93.0951,EF0,0,0,0,0,0.0,0.0,True
2008,9,31.0515,-92.0216,31.0529,-92.0224,EF0,0,0,0,0,0.0,0.0,True
2008,9,31.13,-92.97,31.1392,-92.9763,EF0,0,0,0,0,0.0,0.0,True
2008,9,30.6,-89.9,30.6,-89.9,EF0,0,0,0,0,100000.0,0.0,True
2008,9,30.48,-90.0636,30.48,-90.0636,EF0,0,0,0,0,15000.0,0.0,True
2008,9,35.9874,-91.8509,35.9967,-91.8627,EF0,0,0,0,0,25000.0,0.0,True
2008,9,30.206,-92.4043,30.2108,-92.4009,EF0,0,0,0,0,10000.0,0.0,True
2008,9,31.1698,-92.1978,31.1712,-92.1983,EF0,0,0,0,0,0.0,0.0,True
2008,9,31.0135,-92.2888,31.0176,-92.2867,EF1,0,0,0,0,40000.0,0.0,True
2008,9,30.4889,-92.9759,30.5268,-92.9567,EF0,0,0,0,0,30000.0,0.0,True
2008,9,30.6121,-92.3997,30.6533,-92.4314,EF2,0,0,0,0,200000.0,0.0,True
2008,11,36.5781,-93.6905,36.6267,-93.604,EF1,0,0,0,0,40000.0,0.0,True
2008,9,30.4066,-91.9283,30.4115,-91.9243,EF1,0,0,0,0,40000.0,0.0,True
2008,9,30.06,-92.51,30.0639,-92.5121,EF0,0,0,0,0,0.0,0.0,True
2008,1,42.429,-88.7061,42.4598,-88.5905,EF3,0,0,1,0,2000000.0,0.0,True
2008,6,26.6795,-81.8627,26.7447,-81.9094,EF1,0,0,1,0,100000.0,0.0,True
2008,8,28.8311,-81.776,28.8304,-81.7758,EF0,0,0,0,0,12000.0,0.0,True
2008,5,39.5123,-100.4352,39.5204,-100.4328,EF0,0,0,0,0,0.0,0.0,True
2008,5,44.96,-101.02,44.9609,-101.0182,EF0,0,0,0,0,0.0,0.0,True
2008,1,36.6293,-93.266,36.6338,-93.2144,EF0,0,0,0,0,75000.0,0.0,True
2008,12,34.6621,-86.9045,34.6603,-86.8755,EF1,0,0,0,0,200000.0,0.0,True
2008,3,30.4494,-84.0912,30.5104,-84.0608,EF1,0,0,1,0,750000.0,0.0,True
2008,5,38.8317,-76.9141,38.8378,-76.9101,EF0,0,0,0,0,50000.0,0.0,True
2008,5,36.8009,-79.8473,36.808,-79.8431,EF1,0,0,0,0,8500.0,0.0,True
2008,8,34.8348,-82.8089,34.8348,-82.8089,EF0,0,0,0,0,0.0,0.0,True
2008,8,34.4633,-82.914,34.5934,-82.8715,EF0,0,0,0,0,0.0,0.0,True
2008,7,47.3,-95.83,47.4905,-95.7218,EF2,0,0,0,0,500000.0,100000.0,True
2008,5,39.3233,-100.4157,39.35,-100.3551,EF0,0,0,0,0,0.0,0.0,True
2008,2,30.77,-90.5017,30.7967,-90.4871,EF1,0,0,0,0,15000.0,0.0,True
2008,5,42.0235,-95.3004,42.0386,-95.2561,EF1,0,0,0,0,150000.0,10000.0,True
2008,4,32.4702,-98.3357,32.4716,-98.2973,EF0,0,0,0,0,20000.0,0.0,True
2008,6,41.0115,-97.2702,41.0467,-97.2043,EF1,0,0,0,0,0.0,0.0,True
2008,6,40.01,-102.83,40.01,-102.83,EF0,0,0,0,0,0.0,0.0,True
2008,9,31.78,-89.0981,31.7905,-89.099,EF0,0,0,0,0,5000.0,0.0,True
2008,9,31.9388,-90.3978,31.9583,-90.4096,EF0,0,0,0,0,0.0,0.0,True
2008,11,33.671,-80.542,33.6175,-80.5912,EF1,0,0,0,0,500000.0,20000.0,True
2008,5,34.6331,-88.6779,34.7555,-88.5308,EF1,0,0,0,0,75000.0,0.0,True
2008,4,36.7045,-77.2048,36.7052,-77.1907,EF0,0,0,0,0,5000.0,0.0,True
2008,3,31.6512,-93.2285,31.6556,-93.2321,EF0,0,0,3,0,750000.0,0.0,True
2008,8,26.3654,-97.7829,26.3654,-97.7829,EF0,0,0,0,0,2000.0,0.0,True
2008,6,40.5612,-89.3218,40.575,-89.2999,EF0,0,0,0,0,0.0,0.0,True
2008,3,32.7766,-90.8672,32.7876,-90.8575,EF0,0,0,0,0,0.0,0.0,True
2008,5,35.6507,-96.1228,35.6878,-96.0665,EF0,0,0,0,0,35000.0,0.0,True
2008,8,27.9425,-81.4161,27.9529,-81.4161,EF0,0,0,0,0,30000.0,0.0,True
2008,2,33.5411,-86.3123,33.5485,-86.2643,EF1,0,0,0,0,250000.0,0.0,True
2008,2,31.097,-86.8023,31.1878,-86.7004,EF2,0,0,0,0,700000.0,0.0,True
2008,2,34.945,-90.22,34.9704,-90.1851,EF0,0,0,0,0,50000.0,0.0,True
2008,3,37.6155,-93.1593,37.6503,-93.0861,EF2,0,0,3,0,1000000.0,0.0,True
2008,4,36.03,-77.14,36.03,-77.14,EF0,0,0,0,0,3000.0,0.0,True
2008,5,36.9475,-99.12,36.9905,-99.0265,EF2,0,0,0,0,20000.0,0.0,True
2008,5,37.2229,-99.4215,37.2642,-99.3695,EF0,0,0,0,0,0.0,0.0,True
2008,5,33.9433,-87.2472,33.9023,-87.0928,EF1,0,0,0,0,20000.0,0.0,True
2008,6,41.0708,-96.6989,41.0763,-96.6055,EF1,0,0,0,0,0.0,0.0,True
2008,5,35.2329,-90.5188,35.2445,-90.5047,EF0,0,0,0,0,0.0,0.0,True
2008,4,40.72,-92.065,40.746,-92.072,EF2,0,0,0,0,150000.0,0.0,True
2008,6,40.9653,-94.4682,40.9699,-94.4485,EF0,0,0,0,0,5000.0,0.0,True
2008,5,34.0592,-94.3442,34.0617,-94.3236,EF1,0,0,0,0,250000.0,0.0,True
2008,6,40.42,-95.4,40.42,-95.4,EF0,0,0,0,0,0.0,0.0,True
2008,5,34.7365,-76.65,34.7364,-76.649,EF0,0,0,0,0,0.0,0.0,True
2008,6,38.73,-97.86,38.737,-97.8326,EF0,0,0,0,0,0.0,0.0,True
2008,2,35.713,-92.2759,35.9379,-91.9624,EF4,1,0,7,0,29000000.0,0.0,True
2008,7,44.698,-72.8319,44.6963,-72.8261,EF1,0,0,0,0,100000.0,0.0,True
2008,5,39.0905,-100.2564,39.1324,-100.238,EF0,0,0,0,0,750000.0,0.0,True
2008,2,31.7431,-85.2887,31.7484,-85.286,EF0,0,0,0,0,6000.0,0.0,True
2008,5,32.6807,-102.03,32.6807,-102.035,EF0,0,0,0,0,0.0,0.0,True
2008,5,36.2411,-96.8968,36.2411,-96.8968,EF0,0,0,0,0,0.0,0.0,True
2008,4,35.0446,-92.02,35.0606,-91.9892,EF1,0,0,0,0,10000.0,0.0,True
2008,4,31.4361,-97.9134,31.4392,-97.8827,EF0,0,0,0,0,0.0,0.0,True
2008,5,33.8028,-117.3419,33.8011,-117.3478,EF0,0,0,0,0,0.0,0.0,True
2008,2,35.5921,-87.6491,35.652,-87.5685,EF0,0,0,0,0,500000.0,0.0,True
2008,6,39.4748,-84.8045,39.4737,-84.7982,EF0,0,0,0,0,30000.0,0.0,True
2008,5,33.3743,-90.3308,33.3789,-90.3092,EF1,0,0,0,0,40000.0,300000.0,True
2008,5,37.5491,-99.3761,37.5626,-99.3742,EF0,0,0,0,0,0.0,0.0,True
2008,5,40.7608,-85.8319,40.761,-85.8277,EF1,0,0,0,2,100000.0,0.0,True
2008,5,32.7022,-82.8809,32.71,-82.85,EF1,0,0,0,0,900000.0,0.0,True
2008,4,32.7238,-98.9127,32.7807,-98.8118,EF1,0,0,6,0,1000000.0,0.0,True
2008,6,45.02,-101.25,45.0184,-101.2469,EF0,0,0,0,0,0.0,0.0,True
2008,2,31.2602,-93.8314,31.2643,-93.8281,EF1,0,0,0,0,50000.0,0.0,True
2008,5,31.15,-89.28,31.1576,-89.2598,EF1,0,0,0,0,80000.0,0.0,True
2008,6,29.6241,-95.432,29.6138,-95.42,EF0,0,0,0,0,110000.0,0.0,True
2008,2,36.4042,-86.5417,36.5,-86.3667,EF1,0,0,0,0,0.0,0.0,True
2008,4,33.7133,-85.7877,33.7133,-85.7877,EF0,0,0,0,0,0.0,0.0,True
2008,5,36.8798,-92.7995,36.9341,-92.6845,EF0,0,0,0,0,0.0,0.0,True
2008,2,36.625,-85.89,36.7705,-85.5862,EF3,0,0,0,0,3700000.0,0.0,True
2008,6,37.2301,-93.2278,37.2142,-93.2169,EF1,0,0,0,0,150000.0,0.0,True
2008,8,25.9837,-80.1278,25.9844,-80.1316,EF0,0,0,0,0,5000.0,0.0,True
2008,6,26.5801,-81.9827,26.5843,-81.983,EF0,0,0,0,0,110000.0,0.0,True
2008,1,42.3828,-88.8218,42.429,-88.7061,EF3,0,0,4,0,2000000.0,0.0,True
2008,6,39.3507,-97.2339,39.4053,-97.184,EF0,0,0,0,0,0.0,0.0,True
2008,6,39.7116,-96.8761,39.7116,-96.8761,EF0,0,0,0,0,0.0,0.0,True
2008,6,39.4279,-97.1278,39.5541,-97.0334,EF1,0,0,0,0,0.0,0.0,True
2008,6,39.1314,-96.7141,39.1963,-96.5763,EF4,0,0,0,0,66000000.0,0.0,True
2008,6,39.2729,-96.433,39.2946,-96.352,EF0,0,0,0,0,0.0,0.0,True
2008,6,38.5576,-96.1,38.5576,-96.1,EF0,0,0,0,0,0.0,0.0,True
2008,6,38.9409,-95.7674,38.944,-95.7634,EF0,0,0,0,0,0.0,0.0,True
2008,6,39.4531,-96.1103,39.5031,-96.0356,EF2,0,0,0,0,0.0,0.0,True
2008,6,38.9119,-97.1283,38.9915,-96.9636,EF3,1,0,3,0,20200000.0,0.0,True
2008,6,38.68,-97.28,38.68,-97.28,EF0,0,0,0,0,0.0,0.0,True
2008,8,32.1608,-86.4345,32.1608,-86.4345,EF0,0,0,0,0,2000.0,0.0,True
2008,8,33.583,-85.6783,33.5873,-85.6818,EF2,0,0,0,0,100000.0,0.0,True
2008,8,33.7546,-86.3768,33.7854,-86.4226,EF1,0,0,0,0,20000.0,0.0,True
2008,8,33.6815,-85.6949,33.6972,-85.6981,EF1,0,0,0,0,150000.0,0.0,True
2008,8,31.8503,-85.95,31.8564,-85.947,EF0,0,0,0,0,50000.0,0.0,True
2008,8,33.8561,-86.4739,33.8603,-86.4789,EF1,0,0,0,0,10000.0,0.0,True
2008,8,32.4604,-86.1095,32.4604,-86.1095,EF0,0,0,0,0,0.0,0.0,True
2008,8,34.0857,-87.2155,34.0857,-87.2155,EF0,0,0,0,0,500.0,0.0,True
2008,8,33.6415,-85.6832,33.6415,-85.6832,EF1,0,0,0,0,10000.0,0.0,True
2008,8,32.76,-86.36,32.76,-86.36,EF0,0,0,0,0,0.0,0.0,True
2008,8,31.8072,-85.7287,31.8072,-85.7287,EF0,0,0,0,0,2000.0,0.0,True
