YEAR,MONTH,BEGIN_LAT,BEGIN_LON,END_LAT,END_LON,TOR_F_SCALE,DEATHS_DIRECT,DEATHS_INDIRECT,INJURIES_DIRECT,INJURIES_INDIRECT,DAMAGE_PROPERTY,DAMAGE_CROPS,RADAR_2026
2024,11,40.803,-92.3482,40.8062,-92.3437,EF0,0,0,0,0,120000.0,0.0,True
2024,2,42.0572,-88.1184,42.0898,-88.0937,EF1,0,0,0,0,0.0,0.0,True
2024,2,42.0722,-88.1485,42.0994,-88.1177,EF1,0,0,0,0,0.0,0.0,True
2024,2,41.7168,-89.0537,41.7173,-89.0529,EF0,0,0,0,0,0.0,0.0,True
2024,2,41.8827,-88.3482,41.8866,-88.3262,EF1,0,0,0,0,0.0,0.0,True
2024,2,41.6349,-87.4305,41.6359,-87.3902,EF1,0,0,0,0,0.0,0.0,True
2024,2,41.7544,-88.602,41.7638,-88.5492,EF0,0,0,0,0,0.0,0.0,True
2024,2,41.7949,-88.4686,41.8543,-88.3324,EF1,0,0,0,0,0.0,0.0,True
2024,2,41.7507,-88.652,41.7544,-88.602,EF0,0,0,0,0,0.0,0.0,True
2024,2,42.047,-88.1991,42.0855,-88.1453,EF0,0,0,0,0,0.0,0.0,True
2024,2,41.8034,-88.7514,41.7982,-88.7295,EFU,0,0,0,0,0.0,0.0,True
2024,4,34.898,-97.662,34.939,-97.67,EF1,0,0,0,0,40000.0,0.0,True
2024,4,34.953,-97.67,34.96,-97.669,EF1,0,0,0,0,2000.0,0.0,True
2024,4,35.069,-97.612,35.076,-97.612,EF1,0,0,0,0,2000.0,0.0,True
2024,4,36.56,-97.99,36.569,-97.981,EF1,0,0,0,0,5000.0,0.0,True
2024,4,36.172,-97.129,36.237,-97.082,EF0,0,0,0,0,10000.0,0.0,True
2024,4,34.314,-96.897,34.328,-96.889,EFU,0,0,0,0,0.0,0.0,True
2024,4,34.621,-96.915,34.711,-96.833,EF1,0,0,0,0,250000.0,0.0,True
2024,4,34.389,-96.973,34.448,-96.907,EF1,0,0,0,0,200000.0,0.0,True
2024,4,34.939,-97.67,34.953,-97.67,EF1,0,0,0,0,2000.0,0.0,True
2024,4,35.105,-97.584,35.122,-97.563,EF0,0,0,0,0,2000.0,0.0,True
2024,4,34.383,-97.032,34.427,-97.004,EF1,0,0,0,0,2000.0,0.0,True
2024,4,35.142,-97.565,35.174,-97.49,EF2,0,0,0,0,200000.0,0.0,True
2024,4,35.231,-97.483,35.258,-97.43,EF1,0,0,0,0,100000.0,0.0,True
2024,4,35.413,-97.358,35.495,-97.249,EF1,0,0,0,0,300000.0,0.0,True
2024,4,34.071,-97.041,34.266,-96.967,EF2,0,0,0,0,1000000.0,0.0,True
2024,4,34.282,-96.731,34.348,-96.747,EF1,0,0,0,0,50000.0,0.0,True
2024,4,34.804,-96.519,34.825,-96.515,EF1,0,0,0,0,10000.0,0.0,True
2024,4,34.212,-97.1,34.219,-97.097,EF0,0,0,0,0,0.0,0.0,True
2024,4,35.653,-96.843,35.786,-96.758,EF1,0,0,0,0,30000.0,0.0,True
2024,4,36.861,-97.141,36.884,-97.104,EF1,0,0,0,0,20000.0,0.0,True
2024,4,36.935,-97.033,36.942,-97.017,EF1,0,0,0,0,75000.0,0.0,True
2024,2,35.1206,-120.623,35.1203,-120.6108,EF1,0,0,0,0,0.0,0.0,True
2024,2,35.2993,-120.8132,35.2838,-120.729,EF1,0,0,0,0,0.0,0.0,True
2024,12,31.3773,-90.8606,31.559,-90.633,EF3,0,0,2,0,1000000.0,0.0,True
2024,4,37.5304,-95.8562,37.5341,-95.839,EF0,0,0,0,0,0.0,0.0,True
2024,4,37.6281,-95.6515,37.6322,-95.6294,EF1,0,0,0,0,0.0,0.0,True
2024,4,37.7262,-95.8364,37.734,-95.823,EF0,0,0,0,0,0.0,0.0,True
2024,4,37.4598,-96.0134,37.483,-95.963,EF0,0,0,0,0,0.0,0.0,True
2024,4,30.9186,-88.2743,30.92,-88.277,EF1,0,0,0,0,0.0,0.0,True
2024,2,42.262,-87.9874,42.2619,-87.9853,EF1,0,0,1,0,0.0,0.0,True
2024,1,26.1076,-80.1297,26.1199,-80.1086,EF0,0,0,0,0,150000.0,0.0,True
2024,3,37.0233,-120.0594,37.0243,-120.0519,EF0,0,0,0,0,50000.0,0.0,True
2024,7,36.8261,-79.1162,36.8119,-78.9443,EF1,0,0,0,0,75000.0,0.0,True
2024,5,36.0505,-90.5774,36.0376,-90.5159,EF2,0,0,0,0,1000000.0,0.0,True
2024,5,35.967,-90.4717,35.9628,-90.4498,EF1,0,0,0,0,100000.0,0.0,True
2024,5,35.8901,-88.0419,35.8851,-88.0193,EF0,0,0,0,0,3000.0,0.0,True
2024,3,34.4954,-89.017,34.489,-89.0042,EF1,0,0,0,0,200000.0,0.0,True
2024,5,35.4404,-88.9974,35.428,-88.844,EF1,0,0,0,0,150000.0,0.0,True
2024,5,35.428,-88.844,35.427,-88.842,EF1,0,0,0,0,2000.0,0.0,True
2024,5,42.3654,-93.5889,42.4024,-93.5636,EF1,0,0,0,0,80000.0,0.0,True
2024,5,41.8948,-93.9315,41.9409,-93.7329,EF0,0,0,0,0,10000.0,0.0,True
2024,5,41.6419,-93.9477,41.6911,-93.8144,EF0,0,0,0,0,10000.0,0.0,True
2024,5,41.6911,-93.8144,41.7003,-93.788,EF0,0,0,0,0,50000.0,0.0,True
2024,5,41.6607,-93.7063,41.6952,-93.6649,EF0,0,0,0,0,50000.0,0.0,True
2024,5,41.395,-93.533,41.4144,-93.5,EF0,0,0,0,0,2000.0,0.0,True
2024,5,41.7492,-93.5045,41.7583,-93.4777,EF0,0,0,0,0,90000.0,0.0,True
2024,4,30.2067,-93.2188,30.2067,-93.2166,EF1,0,0,0,0,10000.0,0.0,True
2024,1,28.1061,-82.6458,28.109,-82.6369,EF1,0,0,0,0,250000.0,0.0,True
2024,4,29.9906,-93.2479,30.0186,-93.2071,EF1,0,0,0,0,250000.0,0.0,True
2024,4,30.6552,-92.0735,30.6637,-92.0552,EF1,0,0,0,0,15000.0,0.0,True
2024,4,30.6033,-91.9579,30.6036,-91.9571,EF1,0,0,0,0,2000.0,0.0,True
2024,4,30.1822,-93.2148,30.1848,-93.1974,EF2,0,0,0,0,500000.0,0.0,True
2024,1,31.135,-85.3554,31.1485,-85.3427,EF1,0,0,0,0,100000.0,0.0,True
2024,2,42.8471,-89.1193,42.8895,-89.0133,EF1,0,0,0,0,0.0,0.0,True
2024,4,30.0166,-93.2505,30.0447,-93.2105,EF1,0,0,0,0,10000.0,0.0,True
2024,4,30.1939,-92.9268,30.2192,-92.8199,EF1,0,0,0,0,200000.0,0.0,True
2024,12,32.42,-91.3959,32.4441,-91.3848,EF1,0,0,0,0,5000.0,0.0,True
2024,12,32.4889,-88.6407,32.5721,-88.522,EF1,0,0,0,0,500000.0,0.0,True
2024,12,32.0914,-88.6174,32.167,-88.498,EF1,0,0,0,0,45000.0,0.0,True
2024,12,31.9951,-90.4494,32.09,-90.257,EF1,0,0,0,0,50000.0,0.0,True
2024,12,32.2418,-88.6134,32.3145,-88.4671,EF1,0,0,0,0,15000.0,0.0,True
2024,3,45.87,-118.42,45.871,-118.4173,EF0,0,0,0,0,0.0,0.0,True
2024,2,41.1038,-89.3062,41.15,-89.2,EF1,0,0,0,0,0.0,0.0,True
2024,2,24.655,-81.476,24.704,-81.426,EF0,0,0,0,0,75000.0,0.0,True
2024,5,41.43,-91.94,41.512,-91.818,EF1,0,0,0,0,0.0,0.0,True
2024,5,41.33,-92.38,41.41,-92.28,EF1,0,0,0,0,0.0,0.0,True
2024,5,41.5756,-90.3944,41.5794,-90.3759,EFU,0,0,0,0,0.0,0.0,True
2024,5,41.608,-90.882,41.609,-90.88,EFU,0,0,0,0,0.0,0.0,True
2024,5,41.7,-91.05,41.89,-90.92,EF1,0,0,0,0,0.0,0.0,True
2024,2,41.39,-89.98,41.4207,-89.9431,EF1,0,0,0,0,0.0,0.0,True
2024,5,41.43,-91.43,41.466,-91.368,EF1,0,0,0,0,0.0,0.0,True
2024,5,34.459,-78.656,34.4699,-78.617,EF0,0,0,0,0,3000.0,3000.0,True
2024,5,34.6871,-79.2624,34.6889,-79.2621,EF0,0,0,0,0,0.0,0.0,True
2024,5,34.4097,-78.8018,34.425,-78.768,EF0,0,0,0,0,20000.0,0.0,True
2024,5,34.7298,-79.1544,34.7941,-79.1082,EF0,0,0,0,0,10000.0,0.0,True
2024,5,34.7536,-79.1632,34.7559,-79.1603,EF0,0,0,0,0,5000.0,0.0,True
2024,5,40.9007,-94.9265,41.1579,-94.5951,EF3,1,0,0,0,1800000.0,0.0,True
2024,5,41.45,-91.59,41.493,-91.509,EF1,0,0,0,0,0.0,0.0,True
2024,5,41.493,-91.509,41.621,-91.367,EF1,0,0,0,0,0.0,0.0,True
2024,5,41.795,-91.491,41.796,-91.489,EF0,0,0,0,0,0.0,0.0,True
2024,2,39.9223,-83.2424,39.9274,-83.1836,EF0,0,0,0,0,50000.0,0.0,True
2024,5,36.8669,-89.5995,36.9631,-89.4299,EF2,0,0,0,0,1400000.0,0.0,True
2024,5,40.604,-91.954,40.602,-91.951,EF0,0,0,0,0,0.0,0.0,True
2024,5,41.8572,-90.3578,41.8577,-90.3521,EFU,0,0,0,0,0.0,0.0,True
2024,3,24.6756,-81.3952,24.6742,-81.3914,EF0,0,0,0,0,2000.0,0.0,True
2024,2,39.7698,-84.1095,39.774,-84.0985,EF0,0,0,0,0,10000.0,0.0,True
2024,2,39.774,-84.0985,39.7796,-84.0663,EF1,0,0,0,0,500000.0,0.0,True
2024,2,39.8381,-82.8863,39.8495,-82.8004,EF0,0,0,0,0,50000.0,0.0,True
2024,3,35.4302,-95.8635,35.451,-95.8237,EF0,0,0,0,0,10000.0,0.0,True
2024,5,38.551,-89.752,38.53,-89.7051,EF0,0,0,0,0,500.0,0.0,True
2024,5,37.585,-90.635,37.593,-90.564,EF1,0,0,0,0,0.0,0.0,True
2024,5,37.545,-90.361,37.569,-90.289,EF0,0,0,0,0,50000.0,0.0,True
2024,3,30.2,-89.54,30.2,-89.53,EFU,0,0,0,0,0.0,0.0,True
2024,5,38.485,-90.3757,38.4642,-90.2811,EF1,0,0,0,0,30000.0,0.0,True
2024,5,38.665,-90.812,38.676,-90.773,EF0,0,0,0,0,0.0,0.0,True
2024,12,31.7209,-89.9562,31.7237,-89.9526,EF1,0,0,0,0,35000.0,0.0,True
2024,12,32.2384,-90.7266,32.2562,-90.6676,EF0,0,0,0,0,15000.0,0.0,True
2024,3,33.854,-99.211,33.854,-99.211,EFU,0,0,0,0,0.0,0.0,True
2024,5,37.34,-90.549,37.353,-90.448,EF0,0,0,0,0,0.0,0.0,True
2024,3,33.607,-88.3313,33.6121,-88.3221,EF0,0,0,0,0,20000.0,0.0,True
2024,5,37.324,-90.772,37.328,-90.751,EF0,0,0,0,0,0.0,0.0,True
2024,5,37.328,-90.751,37.34,-90.549,EF0,0,0,0,0,500.0,0.0,True
2024,5,37.2468,-91.0312,37.2738,-90.9587,EF0,0,0,0,0,500.0,0.0,True
2024,5,37.427,-90.1639,37.4246,-90.1447,EF0,0,0,0,0,0.0,0.0,True
2024,1,31.52,-82.66,31.5582,-82.6053,EF1,0,0,0,0,0.0,0.0,True
2024,5,38.4642,-90.2811,38.4585,-90.2177,EF0,0,0,0,0,10000.0,0.0,True
2024,5,38.105,-91.195,38.109,-91.183,EF0,0,0,0,0,0.0,0.0,True
2024,3,35.1225,-86.1935,35.1228,-86.1881,EF0,0,0,0,0,10000.0,0.0,True
2024,12,32.1036,-89.574,32.1599,-89.3611,EF1,0,0,0,0,200000.0,50000.0,True
2024,2,39.9204,-83.5416,39.9436,-83.3938,EF2,0,0,0,0,1000000.0,0.0,True
2024,2,39.8497,-83.2246,39.8505,-83.215,EF0,0,0,0,0,25000.0,0.0,True
2024,2,39.8571,-83.7946,39.9204,-83.5416,EF2,0,0,3,0,1000000.0,0.0,True
2024,2,40.005,-83.1844,40.0087,-83.1125,EF1,0,0,0,0,100000.0,0.0,True
2024,12,31.813,-90.3093,31.878,-90.1395,EF1,0,0,0,0,60000.0,0.0,True
2024,12,31.878,-90.1395,31.8897,-90.1297,EF1,0,0,0,0,2000.0,0.0,True
2024,5,37.303,-90.761,37.306,-90.753,EF0,0,0,0,0,0.0,0.0,True
2024,5,37.355,-90.549,37.36,-90.522,EF0,0,0,0,0,0.0,0.0,True
2024,3,32.3757,-90.3705,32.431,-90.244,EF1,0,0,0,0,50000.0,0.0,True
2024,3,32.431,-90.244,32.434,-90.2357,EF1,0,0,0,0,10000.0,0.0,True
2024,5,38.137,-91.477,38.136,-91.437,EF1,0,0,0,0,0.0,0.0,True
2024,5,37.347,-90.669,37.349,-90.659,EF0,0,0,0,0,0.0,0.0,True
2024,5,37.333,-90.59,37.342,-90.562,EF1,0,0,0,0,0.0,0.0,True
2024,5,37.6,-90.535,37.588,-90.415,EF0,0,0,0,0,0.0,0.0,True
2024,3,40.977,-82.8358,40.9692,-82.7252,EF2,0,0,0,0,300000.0,0.0,True
2024,3,40.9692,-82.7252,40.963,-82.6394,EF2,0,0,0,0,150000.0,0.0,True
2024,3,40.8763,-83.8087,40.8822,-83.7453,EF1,0,0,0,0,75000.0,0.0,True
2024,3,41.0276,-83.4217,41.0276,-83.4205,EFU,0,0,0,0,0.0,0.0,True
2024,3,38.3445,-88.9175,38.3516,-88.9155,EF1,0,0,0,0,700000.0,0.0,True
2024,3,33.7102,-88.293,33.7096,-88.2581,EF1,0,0,0,0,75000.0,0.0,True
2024,3,31.1734,-99.2324,31.1737,-99.2323,EF1,0,0,0,0,0.0,0.0,True
2024,5,38.477,-90.439,38.479,-90.436,EF0,0,0,0,0,10000.0,0.0,True
2024,3,41.0276,-83.4205,41.0263,-83.397,EFU,0,0,0,0,0.0,0.0,True
2024,3,37.029,-93.174,37.042,-93.17,EF0,0,0,0,0,15000.0,0.0,True
2024,3,38.408,-88.282,38.416,-88.232,EF1,0,0,0,0,120000.0,0.0,True
2024,1,30.2403,-85.6419,30.3861,-85.5071,EF2,0,0,2,0,5000000.0,0.0,True
2024,1,30.5135,-85.3949,30.528,-85.385,EF0,0,0,0,0,0.0,0.0,True
2024,2,39.8495,-82.8004,39.852,-82.7758,EF0,0,0,0,0,10000.0,0.0,True
2024,1,29.85,-90.99,29.8611,-90.9829,EF0,0,0,0,0,150000.0,0.0,True
2024,5,38.53,-89.7051,38.4951,-89.5733,EF0,0,0,0,0,25000.0,0.0,True
2024,5,38.681,-89.139,38.683,-89.124,EF0,0,0,0,0,5000.0,0.0,True
2024,1,30.528,-85.385,30.567,-85.36,EF1,0,0,0,0,0.0,0.0,True
2024,5,38.7288,-88.7881,38.7318,-88.768,EF1,0,0,0,0,0.0,0.0,True
2024,1,30.567,-85.36,30.6365,-85.3131,EF1,0,0,0,0,5000.0,0.0,True
2024,1,30.71,-85.2276,30.9152,-85.0912,EF2,0,0,7,0,5000000.0,0.0,True
2024,2,40.0402,-82.7684,40.0617,-82.5592,EF2,0,0,0,0,200000.0,0.0,True
2024,1,35.657,-81.157,35.739,-81.069,EF1,1,0,4,0,250000.0,0.0,True
2024,1,35.739,-81.069,35.757,-81.054,EF1,0,0,0,0,0.0,0.0,True
2024,8,44.2754,-75.5144,44.2771,-75.5133,EF0,0,0,0,0,0.0,0.0,True
2024,7,32.1325,-110.8381,32.1161,-110.7975,EF1,0,0,0,0,50000.0,0.0,True
2024,1,30.346,-86.2317,30.4761,-86.1273,EF1,0,0,0,0,100000.0,0.0,True
2024,2,41.8799,-88.5694,41.9395,-88.4386,EF0,0,0,0,0,0.0,0.0,True
2024,3,47.6507,-118.2383,47.6506,-118.2383,EF0,0,0,0,0,0.0,0.0,True
2024,3,38.7359,-85.4744,38.7295,-85.4339,EF1,0,0,0,0,0.0,0.0,True
2024,2,26.07,-80.26,26.11,-80.23,EF0,0,0,0,0,15000.0,0.0,True
2024,1,30.3879,-84.5895,30.397,-84.5773,EF0,0,0,0,0,0.0,0.0,True
2024,4,38.069,-87.966,38.0631,-87.7956,EF2,0,0,0,0,130000.0,0.0,True
2024,4,38.0941,-87.9229,38.0556,-87.716,EF2,0,0,0,0,250000.0,0.0,True
2024,3,33.19,-96.81,33.19,-96.8,EF0,0,0,0,0,25000.0,0.0,True
2024,1,30.1384,-85.7526,30.1918,-85.6912,EF3,0,0,0,0,15350000.0,0.0,True
2024,1,30.998,-85.403,31.1789,-85.1191,EF2,1,0,10,6,6000000.0,0.0,True
2024,3,32.79,-111.7014,32.7911,-111.6997,EFU,0,0,0,0,0.0,0.0,True
2024,3,40.6867,-90.4448,40.6871,-90.4427,EF1,0,0,0,0,0.0,0.0,True
2024,3,34.1096,-94.7424,34.1162,-94.7401,EF1,0,0,0,0,50000.0,0.0,True
2024,4,37.7915,-88.1777,37.7892,-88.142,EF1,0,0,0,0,80000.0,0.0,True
2024,1,31.3785,-84.7285,31.435,-84.689,EF2,0,0,0,0,326000.0,0.0,True
2024,1,30.5872,-86.0243,30.663,-86.001,EF1,0,0,0,0,50000.0,0.0,True
2024,1,31.435,-84.689,31.6052,-84.4764,EF1,0,0,0,0,50000.0,0.0,True
2024,1,30.7121,-85.8679,30.7223,-85.8569,EF0,0,0,0,0,75000.0,0.0,True
2024,3,32.25,-96.86,32.25,-96.86,EF0,0,0,0,0,0.0,0.0,True
2024,1,30.1322,-85.7452,30.1353,-85.744,EF0,0,0,0,0,1000.0,0.0,True
2024,1,30.8676,-85.5799,30.998,-85.403,EF1,0,0,0,0,250000.0,0.0,True
2024,1,30.7333,-86.1565,30.7375,-86.1533,EF1,0,0,0,0,50000.0,0.0,True
2024,1,30.65,-85.45,30.6537,-85.4357,EF0,0,0,0,0,0.0,0.0,True
2024,1,30.1417,-85.5907,30.1449,-85.5765,EF2,0,0,0,0,75000.0,0.0,True
2024,2,38.5553,-85.0889,38.5585,-85.0713,EF1,0,0,0,0,0.0,0.0,True
2024,4,41.336,-93.8998,41.3454,-93.8751,EFU,0,0,0,0,0.0,0.0,True
2024,4,40.7828,-94.2923,40.8795,-94.1448,EF2,0,0,0,0,350000.0,0.0,True
2024,4,41.4275,-94.767,41.4393,-94.7729,EF1,0,0,0,0,25000.0,0.0,True
2024,4,39.8503,-84.869,39.8753,-84.8134,EF0,0,0,0,0,200000.0,0.0,True
2024,2,42.31,-84.98,42.33,-84.87,EF1,0,0,0,0,1000000.0,0.0,True
2024,4,42.614,-94.5218,42.6378,-94.5263,EF0,0,0,0,0,200.0,0.0,True
2024,4,42.8098,-94.5189,42.819,-94.5194,EF0,0,0,0,0,10000.0,0.0,True
2024,4,41.0646,-94.8234,41.0995,-94.8231,EF0,0,0,0,0,15000.0,0.0,True
2024,4,38.2353,-81.6569,38.2362,-81.566,EF1,0,0,0,0,60000.0,0.0,True
2024,4,42.7725,-94.5167,42.7932,-94.5197,EFU,0,0,0,0,0.0,0.0,True
2024,4,41.8692,-95.3294,41.9056,-95.3294,EFU,0,0,0,0,0.0,0.0,True
2024,4,41.8639,-95.2589,41.9922,-95.243,EF2,0,0,0,0,50000.0,0.0,True
2024,2,34.5247,-92.3942,34.5382,-92.3532,EF1,0,0,0,0,0.0,0.0,True
2024,4,41.5836,-92.9765,41.6033,-92.958,EFU,0,0,0,0,0.0,0.0,True
2024,2,37.8502,-100.6815,37.8502,-100.6815,EFU,0,0,0,0,0.0,0.0,True
2024,4,40.6157,-94.3071,40.7438,-94.1615,EF1,0,0,0,0,80000.0,0.0,True
2024,4,41.4856,-93.8424,41.5102,-93.813,EF0,0,0,0,0,2000.0,0.0,True
2024,4,41.5102,-93.813,41.5232,-93.793,EF0,0,0,0,0,2000.0,0.0,True
2024,2,41.07,-89.36,41.1038,-89.3062,EF1,0,0,0,0,0.0,0.0,True
2024,2,30.4776,-83.9058,30.4799,-83.9072,EF0,0,0,0,0,0.0,0.0,True
2024,4,40.73,-94.1375,40.834,-94.0317,EF1,0,0,0,0,100000.0,0.0,True
2024,2,30.7707,-83.2008,30.874,-83.224,EF2,0,0,2,0,250000.0,0.0,True
2024,4,29.8863,-93.9423,29.8933,-93.8979,EF2,0,0,0,0,500000.0,0.0,True
2024,4,30.1026,-93.0903,30.1111,-93.0804,EF1,0,0,0,0,5000.0,0.0,True
2024,2,29.9881,-82.0338,30.0019,-82.0298,EF1,0,0,0,0,0.0,0.0,True
2024,4,42.5577,-93.5764,42.5644,-93.5789,EF1,0,0,0,0,20000.0,0.0,True
2024,4,41.0043,-93.7908,41.0693,-93.719,EF2,0,0,0,0,400000.0,0.0,True
2024,4,41.516,-93.0929,41.5567,-93.0355,EF1,0,0,1,0,250000.0,0.0,True
2024,1,30.6953,-87.8192,30.7021,-87.789,EF1,0,0,0,0,0.0,0.0,True
2024,2,30.7422,-83.8357,30.7501,-83.8454,EF1,0,0,0,0,100000.0,0.0,True
2024,4,41.8641,-95.2947,41.9809,-95.2084,EF1,0,0,0,0,30000.0,0.0,True
2024,4,41.1568,-94.1137,41.1761,-94.1093,EF0,0,0,0,0,10000.0,0.0,True
2024,2,30.2573,-81.8646,30.2764,-81.8576,EF0,0,0,0,0,0.0,0.0,True
2024,2,30.1988,-81.9119,30.2138,-81.9148,EF1,0,0,0,0,0.0,0.0,True
2024,4,39.9691,-82.3146,39.9835,-82.2164,EF0,0,0,0,0,50000.0,0.0,True
2024,4,38.3697,-81.8157,38.3722,-81.7238,EF1,0,0,0,0,300000.0,0.0,True
2024,4,41.2467,-94.0068,41.2532,-94.0003,EFU,0,0,0,0,0.0,0.0,True
2024,2,42.92,-83.67,42.94,-83.56,EF2,0,0,0,0,1000000.0,0.0,True
2024,5,40.254,-79.919,40.2924,-79.83,EF0,0,0,0,0,25000.0,0.0,True
2024,4,40.982,-94.4915,40.9994,-94.4708,EF0,0,0,0,0,0.0,0.0,True
2024,4,40.9676,-94.3476,41.0773,-94.2401,EF1,0,0,0,0,25000.0,0.0,True
2024,4,41.0399,-94.2517,41.1167,-94.1749,EF2,0,0,0,0,500000.0,0.0,True
2024,4,40.6649,-94.7953,40.7025,-94.8016,EF0,0,0,0,0,5000.0,0.0,True
2024,4,40.9994,-94.4708,41.0805,-94.3586,EF2,0,0,0,0,300000.0,0.0,True
2024,4,38.9034,-85.1399,38.9045,-85.0778,EF1,0,0,0,0,50000.0,0.0,True
2024,8,41.4909,-81.9413,41.471,-81.9205,EF1,0,0,0,0,50000.0,0.0,True
2024,4,38.0698,-87.4728,38.0677,-87.4535,EF1,0,0,0,0,3000.0,0.0,True
2024,4,38.1297,-87.468,38.1246,-87.4507,EF1,0,0,0,0,5000.0,0.0,True
2024,4,38.1227,-87.4665,38.1249,-87.4107,EF1,0,0,0,0,20000.0,0.0,True
2024,4,30.48,-87.31,30.5,-87.28,EF1,0,0,0,0,0.0,0.0,True
2024,4,41.1073,-94.3169,41.135,-94.2763,EF1,0,0,0,0,50000.0,0.0,True
2024,4,41.7014,-93.9973,41.8019,-93.9884,EF0,0,0,0,0,20000.0,0.0,True
2024,4,38.157,-87.5046,38.1508,-87.4677,EF1,0,0,0,0,60000.0,0.0,True
2024,4,38.0199,-87.3629,38.0166,-87.333,EF1,0,0,0,0,75000.0,0.0,True
2024,4,30.57,-87.15,30.58,-87.11,EF1,0,0,0,0,0.0,0.0,True
2024,4,41.0195,-94.2701,41.1568,-94.1137,EF2,0,0,0,0,100000.0,0.0,True
2024,11,42.78,-83.64,42.79,-83.62,EF0,0,0,0,0,0.0,0.0,True
2024,5,38.6741,-87.8635,38.6956,-87.7406,EF1,0,0,0,0,0.0,0.0,True
2024,5,42.19,-85.67,42.2449,-85.4711,EF2,0,0,12,0,50000000.0,0.0,True
2024,3,40.146,-84.431,40.1392,-84.3528,EF2,0,0,0,0,750000.0,0.0,True
2024,3,40.16,-84.81,40.146,-84.431,EF1,0,0,2,0,500000.0,0.0,True
2024,5,39.3147,-83.986,39.3251,-83.9648,EF0,0,0,0,0,10000.0,0.0,True
2024,5,40.1703,-82.3427,40.1659,-82.2854,EF0,0,0,0,0,50000.0,0.0,True
2024,5,35.5855,-94.2375,35.6148,-94.1437,EF1,0,0,0,0,30000.0,0.0,True
2024,4,40.1277,-83.6335,40.1452,-83.5827,EF0,0,0,0,0,25000.0,0.0,True
2024,4,42.5027,-94.5395,42.5114,-94.541,EFU,0,0,0,0,0.0,0.0,True
2024,5,35.126,-95.349,35.1284,-95.3336,EF0,0,0,0,0,0.0,0.0,True
2024,5,36.3013,-94.6176,36.314,-94.588,EF1,0,0,0,0,150000.0,0.0,True
2024,1,30.6971,-87.7751,30.6982,-87.771,EF1,0,0,0,0,0.0,0.0,True
2024,1,30.5537,-87.8361,30.5601,-87.751,EF0,0,0,0,0,0.0,0.0,True
2024,5,31.66,-102.07,31.65,-102.11,EF3,0,0,0,0,100000.0,0.0,True
2024,5,35.63,-111.49,35.6525,-111.4673,EF0,0,0,0,0,0.0,0.0,True
2024,5,35.8397,-94.2257,35.8445,-94.1936,EF1,0,0,0,0,35000.0,0.0,True
2024,5,35.845,-93.951,35.8618,-93.9202,EF1,0,0,0,0,30000.0,0.0,True
2024,4,40.132,-82.8097,40.1338,-82.7936,EF1,0,0,0,0,35000.0,0.0,True
2024,4,37.92,-96.01,37.9486,-95.9813,EF2,0,0,0,0,0.0,0.0,True
2024,3,40.5193,-84.1664,40.497,-83.994,EF3,0,0,2,0,1000000.0,0.0,True
2024,3,40.55,-84.57,40.566,-84.456,EF1,0,0,0,0,500000.0,0.0,True
2024,5,46.08,-102.68,46.0799,-102.6758,EFU,0,0,0,0,0.0,0.0,True
2024,5,39.772,-85.2022,39.782,-85.184,EF0,0,0,0,0,25000.0,0.0,True
2024,5,39.782,-85.184,39.7944,-85.1558,EF1,0,0,0,0,25000.0,0.0,True
2024,5,35.64,-94.0532,35.6559,-93.9871,EF1,0,0,0,0,30000.0,0.0,True
2024,5,35.8396,-93.9612,35.845,-93.951,EF1,0,0,0,0,0.0,0.0,True
2024,3,40.3718,-83.5251,40.29,-83.249,EF2,0,0,0,0,500000.0,0.0,True
2024,3,40.29,-83.249,40.2827,-83.176,EF1,0,0,0,0,50000.0,0.0,True
2024,3,40.211,-82.756,40.1575,-82.4108,EF1,0,0,0,0,500000.0,0.0,True
2024,3,40.2599,-83.0678,40.211,-82.756,EF1,0,0,0,0,1000000.0,0.0,True
2024,3,38.7238,-85.3275,38.7075,-85.2274,EF2,0,0,0,0,50000.0,0.0,True
2024,5,39.4624,-84.9587,39.446,-84.817,EF1,0,0,0,0,5000.0,0.0,True
2024,5,28.68,-96.66,28.5748,-96.4829,EF1,0,0,0,0,8000.0,15000.0,True
2024,5,43.57,-83.29,43.57,-83.29,EF0,0,0,0,0,0.0,0.0,True
2024,5,30.69,-86.37,30.66,-86.33,EF0,0,0,0,0,0.0,0.0,True
2024,5,30.48,-86.07,30.47,-86.05,EF0,0,0,0,0,0.0,0.0,True
2024,5,30.55,-84.65,30.47,-84.415,EF1,0,0,0,0,75000.0,0.0,True
2024,5,30.4058,-84.6717,30.399,-84.636,EF0,0,0,0,0,0.0,0.0,True
2024,8,41.2767,-81.6146,41.2559,-81.5571,EF1,0,0,0,0,194000.0,0.0,True
2024,5,35.427,-88.842,35.4197,-88.8055,EF1,0,0,0,0,8000.0,0.0,True
2024,5,30.3468,-83.8326,30.323,-83.791,EF0,0,0,0,0,0.0,0.0,True
2024,5,30.323,-83.791,30.3492,-83.2126,EF1,0,0,0,0,100000.0,0.0,True
2024,5,34.9165,-100.9991,34.9152,-100.9927,EF0,0,0,0,0,20000.0,0.0,True
2024,5,37.2728,-80.0698,37.2738,-80.0344,EF1,0,0,0,0,1170000.0,0.0,True
2024,5,36.3037,-94.9146,36.3178,-94.8905,EF1,0,0,0,0,0.0,0.0,True
2024,4,37.76,-96.29,37.8519,-96.2245,EF1,0,0,0,0,0.0,0.0,True
2024,5,38.26,-101.28,38.26,-101.28,EF0,0,0,0,0,0.0,0.0,True
2024,3,38.7004,-85.2018,38.6927,-85.1549,EF1,0,0,0,0,250000.0,0.0,True
2024,3,38.6927,-85.1549,38.6906,-85.1418,EF0,0,0,0,0,20000.0,0.0,True
2024,5,30.399,-84.636,30.3105,-84.156,EF1,0,0,0,0,250000.0,0.0,True
2024,5,30.44,-84.49,30.411,-84.075,EF2,2,0,0,0,92100000.0,0.0,True
2024,5,30.47,-84.415,30.4271,-84.2694,EF2,0,0,0,0,92000000.0,0.0,True
2024,5,34.9207,-101.0125,34.9165,-100.9815,EF1,0,0,0,0,50000.0,0.0,True
2024,5,36.0183,-101.1136,36.0107,-101.0982,EFU,0,0,0,0,0.0,0.0,True
2024,4,42.3355,-94.5927,42.411,-94.5954,EF1,0,0,0,0,12000.0,0.0,True
2024,5,40.4646,-84.7917,40.4969,-84.6428,EF2,0,0,0,0,50000.0,0.0,True
2024,8,41.3968,-81.8325,41.3834,-81.5071,EF1,0,0,0,0,2000000.0,0.0,True
2024,1,30.8358,-88.5724,30.8564,-88.5465,EF0,0,0,0,0,0.0,0.0,True
2024,5,37.3155,-94.0835,37.3041,-94.0324,EF0,0,0,0,0,95000.0,0.0,True
2024,5,30.36,-91.61,30.36,-91.5,EF0,0,0,0,0,0.0,15000.0,True
2024,5,40.0958,-84.7025,40.1418,-84.4904,EF1,0,0,0,0,500000.0,0.0,True
2024,5,39.4279,-84.1794,39.4313,-84.1727,EF0,0,0,0,0,20000.0,0.0,True
2024,5,36.1894,-101.2097,36.1848,-101.2089,EF0,0,0,0,0,15000.0,0.0,True
2024,5,30.58,-91.54,30.59,-91.53,EF0,0,0,0,0,15000.0,0.0,True
2024,5,30.25,-91.3,30.25,-91.27,EF0,0,0,0,0,15000.0,0.0,True
2024,5,37.5689,-93.14,37.5796,-93.1422,EF0,0,0,0,0,18000.0,0.0,True
2024,5,30.93,-87.12,30.85,-86.789,EF2,0,0,0,0,0.0,0.0,True
2024,5,30.38,-90.9,30.4,-90.85,EF1,0,0,0,0,12000.0,0.0,True
2024,5,30.07,-90.89,30.06,-90.81,EF1,0,0,0,0,20000.0,0.0,True
2024,5,38.7,-100.31,38.69,-100.3,EFU,0,0,0,0,0.0,0.0,True
2024,8,41.5821,-81.3907,41.5698,-81.3664,EF1,0,0,0,0,10000.0,0.0,True
2024,5,40.44,-90.48,40.44,-90.47,EFU,0,0,0,0,0.0,0.0,True
2024,5,36.255,-95.7074,36.2475,-95.6135,EF1,0,0,0,0,100000.0,0.0,True
2024,5,36.2486,-95.5862,36.2557,-95.5714,EF1,0,0,0,0,10000.0,0.0,True
2024,5,30.85,-86.789,30.84,-86.73,EF2,0,0,0,0,0.0,0.0,True
2024,5,30.7271,-86.5168,30.7089,-86.4803,EFU,0,0,0,0,0.0,0.0,True
2024,5,36.1851,-101.1895,36.1846,-101.1856,EF0,0,0,0,0,10000.0,0.0,True
2024,5,40.64,-84.71,40.64,-84.71,EFU,0,0,0,0,0.0,0.0,True
2024,4,38.4329,-81.8109,38.431,-81.6644,EF2,0,0,0,0,40000.0,0.0,True
2024,5,36.1978,-101.1874,36.214,-101.1757,EF1,0,0,0,0,50000.0,0.0,True
2024,5,39.446,-84.817,39.4472,-84.8113,EF0,0,0,0,0,5000.0,0.0,True
2024,5,40.4722,-84.5073,40.48,-84.455,EF1,0,0,0,0,50000.0,0.0,True
2024,5,35.1235,-95.3841,35.126,-95.349,EF1,0,0,0,0,25000.0,0.0,True
2024,5,30.824,-87.1358,30.8055,-87.0635,EFU,0,0,0,0,0.0,0.0,True
2024,5,30.8071,-86.9828,30.8037,-86.9717,EFU,0,0,0,0,0.0,0.0,True
2024,5,36.809,-92.889,36.8245,-92.8584,EF0,0,0,0,0,20000.0,0.0,True
2024,5,36.5094,-91.1988,36.5215,-91.1256,EF0,0,0,1,0,200000.0,0.0,True
2024,5,40.48,-84.455,40.4777,-84.3865,EF2,0,0,0,0,300000.0,0.0,True
2024,5,39.4525,-84.7276,39.4556,-84.6831,EF1,0,0,0,0,200000.0,0.0,True
2024,5,39.3728,-84.213,39.3908,-84.1695,EF1,0,0,0,0,200000.0,0.0,True
2024,3,40.566,-84.456,40.5675,-84.2681,EF1,0,0,0,0,250000.0,0.0,True
2024,5,35.207,-83.152,35.217,-83.128,EF1,0,0,0,0,0.0,0.0,True
2024,5,30.7886,-86.9177,30.7815,-86.8651,EFU,0,0,0,0,0.0,0.0,True
2024,8,41.5698,-81.3664,41.5436,-81.316,EF1,0,0,0,0,20000.0,0.0,True
2024,8,41.4768,-82.0628,41.4853,-81.9687,EF1,0,0,0,0,30000.0,0.0,True
2024,5,30.34,-91.62,30.35,-91.61,EFU,0,0,0,0,0.0,0.0,True
2024,5,36.6948,-92.4592,36.7412,-92.3933,EF0,0,0,0,0,5000.0,0.0,True
2024,5,37.1833,-92.6515,37.2123,-92.6329,EF1,0,0,0,0,100000.0,0.0,True
2024,5,39.3547,-84.129,39.3795,-84.0892,EF1,0,0,0,0,500000.0,0.0,True
2024,5,39.4045,-84.253,39.4038,-84.2468,EF0,0,0,0,0,15000.0,0.0,True
2024,5,39.4759,-84.3437,39.4799,-84.3439,EF0,0,0,0,0,20000.0,0.0,True
2024,5,39.3907,-84.0272,39.3961,-84.0208,EF0,0,0,0,0,50000.0,0.0,True
2024,3,40.57,-84.815,40.5555,-84.6418,EF1,0,0,0,0,250000.0,0.0,True
2024,8,41.4853,-81.9687,41.4737,-81.835,EF1,0,0,0,0,65000.0,0.0,True
2024,5,38.6963,-88.6977,38.7031,-88.6315,EF2,0,0,0,0,10000000.0,0.0,True
2024,5,38.899,-98.8971,38.9074,-98.8689,EF1,0,0,0,0,0.0,0.0,True
2024,5,38.39,-98.61,38.3971,-98.5928,EFU,0,0,0,0,0.0,0.0,True
2024,5,41.0079,-93.6118,41.0178,-93.5756,EF0,0,0,0,0,100000.0,0.0,True
2024,5,41.255,-93.0637,41.3,-92.9894,EF0,0,0,0,0,8000.0,0.0,True
2024,5,38.517,-87.5226,38.5941,-87.3211,EF2,0,0,0,0,700000.0,0.0,True
2024,5,39.87,-104.08,39.8732,-104.0761,EF0,0,0,0,0,0.0,0.0,True
2024,5,39.82,-104.19,39.8281,-104.1854,EF0,0,0,0,0,0.0,0.0,True
2024,4,47.6571,-117.5586,47.6571,-117.5586,EF0,0,0,0,0,0.0,0.0,True
2024,5,41.3476,-93.4862,41.3737,-93.4371,EF0,0,0,0,0,50000.0,0.0,True
2024,5,35.433,-81.651,35.379,-81.422,EF1,0,0,0,0,0.0,0.0,True
2024,5,35.379,-81.42,35.34,-81.288,EF1,0,0,0,0,0.0,0.0,True
2024,4,38.5109,-81.9956,38.5071,-81.8387,EF1,0,0,0,0,8000.0,0.0,True
2024,5,35.281,-81.21,35.269,-81.065,EF1,0,0,2,0,200000.0,0.0,True
2024,5,30.39,-86.18,30.39,-86.1799,EFU,0,0,0,0,0.0,0.0,True
2024,5,41.0929,-81.3726,41.0926,-81.3667,EF0,0,0,0,0,5000.0,0.0,True
2024,5,36.9998,-96.4138,36.9999,-96.4137,EFU,0,0,0,0,0.0,0.0,True
2024,5,37.0806,-98.1424,37.1584,-98.1977,EF2,0,0,0,0,0.0,0.0,True
2024,5,35.246,-83.259,35.204,-83.101,EF1,0,0,0,0,0.0,0.0,True
2024,5,35.642,-82.349,35.618,-82.32,EF0,0,0,0,0,100000.0,0.0,True
2024,1,30.7035,-88.3304,30.7119,-88.2811,EF0,0,0,0,0,0.0,0.0,True
2024,5,42.0248,-85.1797,42.031,-85.1602,EF1,0,0,0,0,0.0,0.0,True
2024,4,38.6672,-84.0904,38.6718,-84.0315,EF0,0,0,0,0,750000.0,0.0,True
2024,4,38.704,-83.9216,38.7158,-83.8598,EF1,0,0,0,0,300000.0,0.0,True
2024,1,30.6396,-88.2435,30.6446,-88.2193,EF0,0,0,0,0,0.0,0.0,True
2024,5,31.92,-102.23,31.81,-102.22,EF2,0,0,0,0,75000.0,0.0,True
2024,4,38.3796,-82.4614,38.3796,-82.4614,EF1,0,0,0,0,30000.0,0.0,True
2024,5,41.0803,-84.5152,41.0866,-84.3972,EF1,0,0,0,0,200000.0,0.0,True
2024,5,41.1605,-84.3897,41.1582,-84.3811,EF0,0,0,0,0,10000.0,0.0,True
2024,5,41.1227,-83.9431,41.1228,-83.942,EFU,0,0,0,0,0.0,0.0,True
2024,5,40.8087,-76.1549,40.8205,-76.1301,EF1,0,0,0,0,25000.0,0.0,True
2024,5,40.83,-103.02,40.83,-102.99,EF2,0,0,0,0,0.0,0.0,True
2024,5,40.82,-102.95,40.82,-102.95,EFU,0,0,0,0,0.0,0.0,True
2024,1,30.125,-81.5317,30.1264,-81.5282,EF0,0,0,0,0,0.0,0.0,True
2024,5,36.824,-94.991,36.824,-94.991,EFU,0,0,0,0,0.0,0.0,True
2024,5,36.827,-94.972,36.827,-94.972,EFU,0,0,0,0,0.0,0.0,True
2024,5,36.8288,-94.9499,36.8308,-94.8775,EF1,0,0,0,0,50000.0,0.0,True
2024,5,41.8616,-91.3822,41.864,-91.366,EFU,0,0,0,0,0.0,0.0,True
2024,4,40.3999,-102.4699,40.4023,-102.4672,EFU,0,0,0,0,0.0,0.0,True
2024,4,40.3674,-102.5126,40.3679,-102.5122,EFU,0,0,0,0,0.0,0.0,True
2024,5,40.9694,-93.8474,41.0163,-93.7469,EF1,0,0,0,0,250000.0,0.0,True
2024,5,36.8601,-94.6379,36.8582,-94.6333,EF1,0,0,0,0,30000.0,0.0,True
2024,5,33.485,-85.4444,33.4756,-85.3915,EF0,0,0,0,0,0.0,0.0,True
2024,5,31.1212,-85.3588,31.0887,-85.2943,EF0,0,0,0,0,75000.0,0.0,True
2024,5,38.8332,-95.8409,38.85,-95.84,EF0,0,0,0,0,0.0,0.0,True
2024,5,38.9549,-95.9375,38.9551,-95.9361,EF0,0,0,0,0,0.0,0.0,True
2024,5,39.4699,-85.5851,39.4709,-85.5823,EF1,0,0,0,0,30000.0,0.0,True
2024,5,43.8837,-89.3113,43.9525,-89.2656,EF0,0,0,0,0,20000.0,0.0,True
2024,5,39.5133,-85.3875,39.5156,-85.3733,EFU,0,0,0,0,0.0,0.0,True
2024,6,41.8018,-71.2939,41.8037,-71.2836,EF1,0,0,0,0,5000.0,0.0,True
2024,5,39.4621,-85.629,39.4675,-85.5427,EF1,0,0,0,0,47000.0,0.0,True
2024,5,42.4401,-88.8039,42.467,-88.707,EF0,0,0,0,0,0.0,0.0,True
2024,5,38.5284,-81.8941,38.5301,-81.8892,EF0,0,0,0,0,10000.0,0.0,True
2024,5,31.65,-102.11,31.64,-102.15,EF2,0,0,0,0,50000.0,0.0,True
2024,6,41.539,-100.058,41.528,-100.028,EF2,0,0,0,0,80000.0,0.0,True
2024,4,38.3829,-82.4538,38.3829,-82.4538,EF1,0,0,0,0,40000.0,0.0,True
2024,5,44.9596,-103.0919,45.1003,-103.1732,EFU,0,0,0,0,0.0,0.0,True
2024,5,44.8786,-103.0536,44.9253,-103.0786,EFU,0,0,0,0,0.0,0.0,True
2024,5,30.76,-102.89,30.71,-102.8,EF2,0,0,0,0,2000.0,0.0,True
2024,5,39.4395,-85.3909,39.4497,-85.3082,EF0,0,0,0,0,50000.0,0.0,True
2024,5,42.467,-88.707,42.4949,-88.643,EF0,0,0,0,0,0.0,0.0,True
2024,5,36.9466,-84.0499,36.9494,-84.0364,EF1,0,0,0,0,200000.0,10000.0,True
2024,5,34.3007,-85.7183,34.2719,-85.6701,EF0,0,0,0,0,0.0,0.0,True
2024,4,38.6055,-81.9804,38.6087,-81.9714,EF0,0,0,0,0,10000.0,0.0,True
2024,5,39.0287,-82.6593,39.0532,-82.5966,EF1,0,0,0,0,30000.0,0.0,True
2024,5,38.1,-96.92,38.1,-96.9,EF1,0,0,0,0,0.0,0.0,True
2024,5,38.848,-98.3941,38.8498,-98.3921,EF0,0,0,0,0,0.0,0.0,True
2024,1,30.4046,-88.1839,30.4043,-88.1729,EF0,0,0,0,0,0.0,0.0,True
2024,6,42.436,-99.718,42.436,-99.718,EF1,0,0,0,0,1000.0,0.0,True
2024,6,42.404,-99.82,42.404,-99.82,EF1,0,0,0,0,15000.0,0.0,True
2024,1,30.8681,-88.6267,30.8707,-88.6278,EF0,0,0,0,0,0.0,0.0,True
2024,5,36.7855,-92.91,36.809,-92.889,EF0,0,0,0,0,30000.0,0.0,True
2024,5,36.91,-93.89,36.927,-93.835,EF1,0,0,0,0,55000.0,0.0,True
2024,5,36.2998,-95.1594,36.2719,-95.135,EF1,0,0,0,0,3750000.0,0.0,True
2024,5,31.1334,-97.4388,31.1061,-97.4042,EF2,0,0,30,0,5000000.0,0.0,True
2024,4,37.4131,-96.2894,37.4177,-96.2828,EF1,0,0,0,0,0.0,0.0,True
2024,4,37.351,-96.3009,37.351,-96.3008,EFU,0,0,0,0,0.0,0.0,True
2024,4,37.3886,-96.1543,37.3886,-96.1542,EFU,0,0,0,0,0.0,0.0,True
2024,5,36.8232,-102.6485,36.8257,-102.6366,EFU,0,0,0,0,0.0,0.0,True
2024,5,36.314,-94.588,36.367,-94.5028,EF3,0,0,2,0,6000000.0,0.0,True
2024,5,36.927,-93.835,36.94,-93.7,EF1,0,0,0,0,100000.0,0.0,True
2024,5,37.06,-94.51,37.1,-94.44,EF1,0,0,0,0,160000.0,0.0,True
2024,5,41.6765,-93.7623,41.8635,-93.5318,EF2,0,0,2,0,5200000.0,0.0,True
2024,5,41.6334,-89.693,41.6414,-89.6782,EFU,0,0,0,0,0.0,0.0,True
2024,5,41.5499,-89.4794,41.5512,-89.4707,EFU,0,0,0,0,0.0,0.0,True
2024,9,34.7618,-78.4417,34.781,-78.429,EF1,0,0,0,0,0.0,0.0,True
2024,5,37.0006,-91.4019,36.9983,-91.3705,EF0,0,0,0,0,20000.0,0.0,True
2024,5,37.2716,-92.3083,37.27,-92.253,EF1,0,0,0,0,15000.0,0.0,True
2024,5,37.437,-93.761,37.44,-93.754,EF0,0,0,0,0,10000.0,0.0,True
2024,5,31.264,-96.508,31.2979,-96.3377,EF0,0,0,0,0,0.0,0.0,True
2024,5,36.3231,-94.5151,36.3331,-94.4251,EF2,0,0,0,0,2000000.0,0.0,True
2024,5,36.3449,-94.3265,36.3639,-94.2925,EF1,0,0,0,0,100000.0,0.0,True
2024,5,37.155,-94.3751,37.17,-94.35,EF1,0,0,0,0,50000.0,0.0,True
2024,5,41.157,-94.2184,41.2001,-94.1861,EF0,0,0,0,0,20000.0,0.0,True
2024,5,41.5127,-94.9085,41.5994,-94.8299,EF0,0,0,0,0,10000.0,0.0,True
2024,5,37.3217,-93.465,37.419,-93.241,EF0,0,0,1,0,67000.0,0.0,True
2024,5,37.419,-93.241,37.445,-93.182,EF0,0,0,0,0,3000.0,0.0,True
2024,5,37.445,-93.182,37.4515,-93.1663,EF0,0,0,0,0,3000.0,0.0,True
2024,5,38.005,-92.021,38.01,-92.015,EF0,0,0,0,0,1000.0,0.0,True
2024,5,38.01,-92.015,38.02,-92.0,EF0,0,0,0,0,5000.0,0.0,True
2024,5,36.3283,-94.3568,36.3584,-94.3464,EF2,0,0,0,0,200000.0,0.0,True
2024,5,36.2548,-93.9444,36.2806,-93.8968,EF1,0,0,0,0,150000.0,0.0,True
2024,5,35.76,-94.493,35.7743,-94.3927,EF2,0,0,0,0,75000.0,0.0,True
2024,5,35.4544,-94.3168,35.4544,-94.1547,EF1,0,0,0,0,500000.0,0.0,True
2024,4,37.1118,-96.7571,37.1287,-96.7496,EF2,0,0,0,0,0.0,0.0,True
2024,4,37.1442,-96.7374,37.1508,-96.7302,EF1,0,0,0,0,0.0,0.0,True
2024,4,37.42,-95.81,37.42,-95.81,EFU,0,0,0,0,0.0,0.0,True
2024,4,37.56,-95.79,37.5602,-95.7899,EFU,0,0,0,0,0.0,0.0,True
2024,4,37.26,-95.68,37.2602,-95.6799,EFU,0,0,0,0,0.0,0.0,True
2024,5,36.2407,-93.9029,36.251,-93.87,EF1,0,0,0,0,0.0,0.0,True
2024,5,36.251,-93.87,36.2954,-93.7586,EF1,0,0,0,0,75000.0,0.0,True
2024,5,35.5899,-94.1852,35.596,-94.1777,EF1,0,0,0,0,50000.0,0.0,True
2024,5,36.3304,-96.3559,36.7,-96.001,EF4,2,0,33,0,10000000.0,0.0,True
2024,5,41.0427,-94.471,41.0458,-94.4658,EF0,0,0,0,0,1000.0,0.0,True
2024,5,41.1504,-94.2242,41.157,-94.2184,EFU,0,0,0,0,0.0,0.0,True
2024,4,38.1717,-81.461,38.1724,-81.4467,EF1,0,0,0,0,70000.0,0.0,True
2024,5,41.8635,-93.5318,42.1346,-93.2623,EF2,0,0,2,0,3200000.0,0.0,True
2024,5,39.2763,-81.3898,39.2647,-81.3288,EF1,0,0,1,0,15000.0,0.0,True
2024,5,36.56,-93.22,36.57,-93.2,EF0,0,0,0,1,0.0,0.0,True
2024,5,36.7,-96.001,36.789,-95.9,EF2,0,0,0,0,15000000.0,0.0,True
2024,5,40.9539,-94.6758,41.0427,-94.471,EF1,0,0,0,0,100000.0,0.0,True
2024,5,36.9686,-95.0005,37.0,-94.956,EF0,0,0,0,0,50000.0,0.0,True
2024,5,35.698,-96.213,35.705,-96.193,EF1,0,0,0,0,0.0,0.0,True
2024,5,31.2776,-96.5633,31.264,-96.508,EF0,0,0,0,0,0.0,0.0,True
2024,5,36.3344,-94.2002,36.3605,-94.0807,EF2,0,0,0,0,80000000.0,0.0,True
2024,5,31.2599,-97.0928,31.3261,-96.8059,EF0,0,0,0,0,500.0,0.0,True
2024,5,31.2266,-96.8491,31.285,-96.64,EF0,0,0,0,0,0.0,0.0,True
2024,5,33.376,-97.1193,33.3851,-97.0973,EF1,0,0,0,0,1000000.0,0.0,True
2024,5,33.489,-97.487,33.42,-97.061,EF3,7,0,80,0,15000000.0,0.0,True
2024,5,41.3686,-93.7454,41.3799,-93.7323,EF0,0,0,0,0,30000.0,0.0,True
2024,5,42.6326,-94.9115,42.6386,-94.9108,EFU,0,0,0,0,0.0,0.0,True
2024,5,31.0455,-97.3026,31.0238,-97.2754,EF1,0,0,0,0,550000.0,0.0,True
2024,5,35.705,-96.193,35.713,-96.145,EF1,0,0,0,0,0.0,0.0,True
2024,5,35.3714,-96.1295,35.36,-96.0814,EF1,0,0,0,0,15000.0,0.0,True
2024,5,31.305,-97.227,31.3119,-97.2298,EF1,0,0,2,0,75000.0,0.0,True
2024,5,31.285,-96.64,31.3063,-96.6007,EF0,0,0,0,0,0.0,0.0,True
2024,5,32.1194,-95.5007,32.15,-95.48,EF1,0,0,6,0,300000.0,0.0,True
2024,5,33.418,-96.987,33.434,-96.9608,EF1,0,0,0,0,0.0,0.0,True
2024,4,37.0241,-96.1801,37.0241,-96.1795,EF0,0,0,0,0,0.0,0.0,True
2024,4,38.5713,-82.839,38.5522,-82.7161,EF1,0,0,0,0,2000000.0,0.0,True
2024,5,38.1025,-93.7422,38.1074,-93.7252,EF0,0,0,0,0,5000.0,0.0,True
2024,5,35.7363,-94.5946,35.76,-94.493,EF2,0,0,0,0,0.0,0.0,True
2024,5,33.3542,-96.7565,33.3484,-96.7463,EF3,0,0,0,0,1200000.0,0.0,True
2024,5,33.2764,-96.279,33.2755,-96.2601,EF1,0,0,0,0,50000.0,0.0,True
2024,4,37.0244,-96.1768,37.0244,-96.1765,EF0,0,0,0,0,0.0,0.0,True
2024,4,38.4562,-82.7122,38.4578,-82.692,EF1,0,0,0,0,100000.0,0.0,True
2024,5,37.1546,-94.5204,37.16,-94.51,EF1,0,0,0,0,30000.0,0.0,True
2024,5,41.0107,-94.928,41.1547,-94.6878,EF3,0,0,0,0,1000000.0,0.0,True
2024,5,37.21,-94.8974,37.2373,-94.8631,EF0,0,0,0,0,64000.0,0.0,True
2024,5,36.337,-95.436,36.3193,-95.3462,EF3,2,0,4,0,5000000.0,0.0,True
2024,5,36.3072,-95.7651,36.337,-95.436,EF3,0,0,19,0,40000000.0,0.0,True
2024,5,36.3196,-95.1669,36.303,-95.061,EF1,0,0,0,0,1000000.0,0.0,True
2024,5,32.1515,-99.1051,32.1654,-99.0667,EF2,0,0,0,0,100000.0,0.0,True
2024,4,37.3765,-96.3086,37.377,-96.3082,EF1,0,0,0,0,0.0,0.0,True
2024,4,37.6407,-95.6511,37.6408,-95.651,EFU,0,0,0,0,0.0,0.0,True
2024,5,31.272,-97.2285,31.305,-97.227,EF1,0,0,0,0,200000.0,0.0,True
2024,5,31.0911,-97.4071,31.0911,-97.4071,EFU,0,0,0,0,0.0,0.0,True
2024,5,33.42,-97.061,33.418,-96.987,EF1,0,0,0,0,4179999.9999999995,0.0,True
2024,5,33.383,-96.8029,33.3307,-96.6742,EF1,0,0,0,0,10000.0,0.0,True
2024,4,38.077,-88.014,38.069,-87.966,EF1,0,0,0,0,5000.0,0.0,True
2024,5,37.0055,-91.4618,36.9893,-91.4071,EF2,0,0,0,0,75000.0,0.0,True
2024,5,37.27,-92.253,37.2511,-92.0508,EF1,0,0,0,0,500000.0,0.0,True
2024,5,37.91,-92.12,38.001,-92.021,EF0,0,0,0,0,10000.0,0.0,True
2024,7,42.02,-91.08,42.0,-91.07,EF0,0,0,0,0,0.0,0.0,True
2024,3,41.0589,-83.9805,41.0596,-83.976,EF0,0,0,0,0,75000.0,0.0,True
2024,4,38.6166,-82.2417,38.6172,-82.233,EF1,0,0,0,0,50000.0,0.0,True
2024,5,33.8013,-95.7045,33.8013,-95.7045,EF0,0,0,0,0,0.0,0.0,True
2024,5,33.8012,-95.3225,33.8002,-95.3171,EF0,0,0,0,0,2000.0,0.0,True
2024,4,32.5369,-90.2021,32.5456,-90.1964,EF0,0,0,0,0,25000.0,0.0,True
2024,4,40.828,-93.2889,40.8643,-93.259,EF1,0,0,0,0,250000.0,0.0,True
2024,3,38.3902,-104.7076,38.3902,-104.7076,EFU,0,0,0,0,0.0,0.0,True
2024,7,28.43,-82.6,28.4302,-82.5999,EF0,0,0,0,0,0.0,0.0,True
2024,4,39.0917,-82.7198,39.1048,-82.6902,EF2,0,0,0,0,20000.0,0.0,True
2024,5,40.8996,-94.9285,40.9007,-94.9265,EFU,0,0,0,0,0.0,0.0,True
2024,4,32.2262,-90.5755,32.2421,-90.4424,EF1,0,0,0,0,300000.0,0.0,True
2024,4,32.5017,-90.7213,32.5156,-90.6898,EF0,0,0,0,0,25000.0,0.0,True
2024,4,38.5995,-83.7325,38.5942,-83.7203,EF1,0,0,0,0,50000.0,0.0,True
2024,2,42.5992,-89.5278,42.6831,-89.4101,EF1,0,0,0,0,500000.0,0.0,True
2024,5,41.5461,-89.9302,41.548,-89.9255,EFU,0,0,0,0,0.0,0.0,True
2024,7,40.3173,-102.9614,40.3188,-102.9504,EFU,0,0,0,0,0.0,0.0,True
2024,7,43.45,-75.16,43.4669,-75.1531,EF0,0,0,0,0,5000.0,0.0,True
2024,4,38.5989,-82.5055,38.6053,-82.4875,EF1,0,0,0,0,50000.0,0.0,True
2024,4,40.92,-96.56,40.95,-96.52,EF1,0,0,0,0,0.0,0.0,True
2024,6,40.45,-87.57,40.4456,-87.5271,EF0,0,0,0,0,0.0,0.0,True
2024,7,41.6442,-93.7606,41.5798,-93.6591,EF1,0,0,0,0,500000.0,0.0,True
2024,4,40.5714,-94.3906,40.6595,-94.3133,EF1,0,0,0,0,200000.0,0.0,True
2024,2,42.7242,-89.3316,42.8471,-89.1193,EF2,0,0,1,0,6800000.0,0.0,True
2024,7,41.43,-90.907,41.43,-90.87,EF0,0,0,0,0,0.0,0.0,True
2024,7,41.43,-90.93,41.43,-90.907,EFU,0,0,0,0,0.0,0.0,True
2024,4,42.5553,-93.5763,42.5577,-93.5764,EFU,0,0,0,0,0.0,0.0,True
2024,7,43.95,-84.95,43.98,-84.71,EF1,0,0,0,0,2000000.0,0.0,True
2024,7,43.82,-72.15,43.848,-72.149,EF1,0,0,0,0,80000.0,0.0,True
2024,7,42.29,-90.26,42.196,-89.939,EF1,0,0,0,0,0.0,0.0,True
2024,7,42.196,-89.939,42.15,-89.71,EF1,0,0,0,0,0.0,0.0,True
2024,6,30.1423,-102.3995,30.1385,-102.3948,EF1,0,0,0,0,100000.0,0.0,True
2024,7,27.87,-81.67,27.87,-81.671,EF0,0,0,0,0,5000.0,0.0,True
2024,5,41.1579,-94.5951,41.3276,-94.3931,EF4,4,0,35,0,30000000.0,0.0,True
2024,4,30.3933,-92.1771,30.3938,-92.176,EF1,0,0,0,0,5000.0,0.0,True
2024,2,42.2196,-75.9215,42.2224,-75.9103,EF0,0,0,0,0,30000.0,0.0,True
2024,2,33.0199,-99.9494,33.0343,-99.9134,EF2,0,0,0,0,0.0,0.0,True
2024,4,38.4346,-82.3479,38.4235,-82.273,EF1,0,0,0,0,75000.0,0.0,True
2024,7,42.37,-89.58,42.37,-89.56,EFU,0,0,0,0,0.0,0.0,True
2024,7,42.41,-90.1,42.391,-89.924,EF2,0,0,0,0,0.0,0.0,True
2024,7,42.391,-89.924,42.39,-89.8,EFU,0,0,0,0,0.0,0.0,True
2024,4,41.5486,-93.5802,41.6147,-93.4623,EF2,0,0,1,0,1500000.0,0.0,True
2024,1,27.7528,-82.6401,27.7528,-82.64,EF0,0,0,0,0,10000.0,0.0,True
2024,4,38.7662,-83.647,38.8174,-83.5165,EF1,0,0,1,0,200000.0,0.0,True
2024,4,38.2828,-82.7613,38.2853,-82.7415,EF2,0,0,0,0,200000.0,0.0,True
2024,7,40.5297,-88.2202,40.5471,-88.2115,EFU,0,0,0,0,0.0,0.0,True
2024,5,44.272,-91.8482,44.2963,-91.8057,EF1,0,0,0,0,126000.0,5000.0,True
2024,7,41.23,-89.99,41.24,-89.89,EF1,0,0,0,0,100000.0,100000.0,True
2024,7,41.26,-89.95,41.25,-89.92,EF1,0,0,0,0,50000.0,50000.0,True
2024,6,32.9297,-102.3658,32.9153,-102.3479,EFU,0,0,0,0,0.0,0.0,True
2024,6,32.7396,-102.0975,32.73,-102.09,EFU,0,0,0,0,0.0,0.0,True
2024,5,31.5844,-101.1025,31.543,-101.0393,EF3,0,0,0,0,0.0,0.0,True
2024,7,42.586,-90.596,42.589,-90.592,EF1,0,0,0,0,35000.0,10000.0,True
2024,7,42.34,-90.13,42.29,-89.99,EF1,0,0,0,0,0.0,0.0,True
2024,4,39.6088,-101.5899,39.6089,-101.5898,EFU,0,0,0,0,0.0,0.0,True
2024,5,43.9268,-92.9896,43.9375,-92.9716,EF0,0,0,0,0,0.0,0.0,True
2024,7,45.17,-90.37,45.16,-90.39,EF0,0,0,0,0,0.0,0.0,True
2024,5,29.975,-93.0598,29.975,-93.0598,EFU,0,0,0,0,0.0,0.0,True
2024,7,33.36,-105.7068,33.3543,-105.7001,EFU,0,0,0,0,0.0,0.0,True
2024,7,35.855,-86.3899,35.8401,-86.3331,EF0,0,0,0,0,750000.0,0.0,True
2024,4,38.0,-97.6,38.0002,-97.5999,EFU,0,0,0,0,0.0,0.0,True
2024,5,41.71,-90.77,41.741,-90.725,EF1,0,0,0,0,0.0,0.0,True
2024,7,36.4034,-94.8499,36.4034,-94.8499,EFU,0,0,0,0,0.0,0.0,True
2024,5,30.2065,-92.8326,30.2065,-92.8326,EFU,0,0,0,0,0.0,0.0,True
2024,7,43.2929,-76.7271,43.2929,-76.7271,EFU,0,0,0,0,0.0,0.0,True
2024,5,44.2113,-91.8398,44.2558,-91.7914,EF1,0,0,0,0,80000.0,6000.0,True
2024,4,37.7234,-96.993,37.7235,-96.9929,EFU,0,0,0,0,0.0,0.0,True
2024,4,37.1641,-96.2307,37.1652,-96.2305,EF0,0,0,0,0,0.0,0.0,True
2024,7,39.4363,-84.9607,39.4454,-84.9551,EF0,0,0,0,0,10000.0,10000.0,True
2024,5,43.9546,-92.9562,43.944,-92.9324,EF0,0,0,0,0,0.0,0.0,True
2024,7,34.42,-110.21,34.42,-110.21,EF0,0,0,0,0,0.0,0.0,True
2024,7,40.2923,-83.8646,40.2938,-83.8619,EF0,0,0,0,0,5000.0,0.0,True
2024,7,39.3588,-84.0864,39.322,-84.0,EF1,0,0,0,0,40000.0,0.0,True
2024,6,28.8847,-82.6012,28.8845,-82.6015,EFU,0,0,0,0,100000.0,0.0,True
2024,7,41.6426,-86.8714,41.648,-86.8099,EF1,0,0,0,0,100000.0,0.0,True
2024,7,41.1976,-86.0867,41.2046,-86.0769,EF0,0,0,0,0,20000.0,0.0,True
2024,5,38.7081,-88.781,38.6963,-88.6976,EF1,0,0,0,0,5000.0,0.0,True
2024,7,41.6651,-85.9719,41.6609,-85.9497,EF1,0,0,0,0,500000.0,0.0,True
2024,7,43.95,-82.84,43.95,-82.83,EF0,0,0,0,0,0.0,0.0,True
2024,7,30.8611,-94.0058,30.9764,-94.0616,EF2,0,0,1,0,350000.0,0.0,True
2024,7,42.753,-89.345,42.7602,-89.3231,EF0,0,0,0,0,0.0,1000.0,True
2024,5,32.6241,-99.8609,32.5873,-99.8339,EF3,0,0,4,0,0.0,0.0,True
2024,5,43.0222,-92.6716,43.0199,-92.6595,EF0,0,0,0,0,0.0,0.0,True
2024,8,30.05,-82.6,30.06,-82.62,EF0,0,0,0,0,0.0,0.0,True
2024,7,40.139,-85.863,40.152,-85.818,EF2,0,0,0,0,750000.0,2500.0,True
2024,7,40.883,-88.996,40.9003,-88.9314,EF0,0,0,0,0,0.0,0.0,True
2024,7,40.65,-89.52,40.56,-89.32,EF1,0,0,0,0,0.0,0.0,True
2024,7,41.32,-103.13,41.32,-103.13,EFU,0,0,0,0,0.0,0.0,True
2024,7,29.7156,-81.566,29.7111,-81.5706,EF0,0,0,0,0,0.0,0.0,True
2024,7,29.3557,-81.6157,29.3628,-81.6391,EF0,0,0,0,0,0.0,0.0,True
2024,12,32.3182,-90.1046,32.49,-89.761,EF1,0,0,0,0,1500000.0,0.0,True
2024,12,32.49,-89.761,32.576,-89.614,EF1,0,0,0,0,125000.0,0.0,True
2024,12,31.7728,-90.438,31.7899,-90.3971,EF1,0,0,0,0,20000.0,0.0,True
2024,5,30.3416,-101.4319,30.4121,-101.1256,EF2,0,0,0,0,0.0,0.0,True
2024,5,31.4831,-99.6676,31.4188,-99.5993,EF2,0,0,0,0,0.0,0.0,True
2024,5,32.028,-100.7034,31.9645,-100.7041,EF2,0,0,0,0,0.0,0.0,True
2024,5,31.7582,-99.923,31.7121,-99.8689,EF2,0,0,0,0,0.0,0.0,True
2024,7,48.18,-102.42,48.1653,-102.4052,EF1,0,0,0,0,40000.0,0.0,True
2024,5,31.8374,-100.4901,31.839,-100.4376,EF3,0,0,0,0,0.0,0.0,True
2024,7,39.322,-84.0,39.3034,-83.9549,EF0,0,0,0,0,10000.0,0.0,True
2024,7,37.78,-109.35,37.78,-109.35,EFU,0,0,0,0,0.0,0.0,True
2024,7,40.825,-89.684,40.813,-89.638,EF0,0,0,0,0,0.0,0.0,True
2024,7,40.96,-90.02,40.95,-90.0,EF1,0,0,0,0,0.0,0.0,True
2024,4,38.3735,-81.4227,38.3819,-81.387,EF1,0,0,0,0,80000.0,0.0,True
2024,4,30.5936,-88.8283,30.5982,-88.7913,EF0,0,0,0,0,0.0,0.0,True
2024,4,37.63,-92.87,37.6268,-92.8495,EF0,0,0,0,0,200000.0,0.0,True
2024,4,38.351,-85.585,38.3662,-85.5177,EF1,0,0,0,0,0.0,0.0,True
2024,4,40.0085,-82.0162,40.029,-81.8644,EF1,0,0,0,0,950000.0,50000.0,True
2024,12,32.3111,-90.6164,32.3827,-90.4794,EF1,0,0,0,0,10000.0,0.0,True
2024,12,32.7028,-90.4876,32.7082,-90.4676,EF1,0,0,0,0,10000.0,0.0,True
2024,4,38.4081,-85.2901,38.4234,-85.1477,EF1,0,0,0,0,0.0,0.0,True
2024,4,38.3862,-85.4978,38.387,-85.4001,EF2,0,0,0,0,0.0,0.0,True
2024,4,38.283,-85.992,38.29,-85.969,EF0,0,0,0,0,0.0,0.0,True
2024,4,40.0345,-81.8167,40.0477,-81.8016,EF0,0,0,0,0,400000.0,50000.0,True
2024,7,40.925,-89.833,40.92,-89.75,EF0,0,0,0,0,0.0,0.0,True
2024,4,38.0845,-81.004,38.0869,-80.9067,EF2,0,0,1,0,100000.0,0.0,True
2024,7,40.76,-89.489,40.757,-89.483,EF1,0,0,0,0,0.0,0.0,True
2024,7,40.753,-89.448,40.7477,-89.427,EF1,0,0,0,0,0.0,0.0,True
2024,4,37.89,-94.96,37.9,-94.9,EF0,0,0,0,0,50000.0,0.0,True
2024,4,37.9754,-84.3056,37.9586,-84.2806,EF1,0,0,0,0,0.0,0.0,True
2024,8,27.6462,-81.8535,27.6551,-81.8585,EF0,0,0,0,0,0.0,0.0,True
2024,4,40.0741,-81.7179,40.0843,-81.6974,EF1,0,0,0,0,400000.0,50000.0,True
2024,6,33.29,-91.5097,33.29,-91.5104,EFU,0,0,0,0,0.0,0.0,True
2024,4,38.1471,-84.3042,38.093,-84.177,EF1,0,0,0,0,0.0,0.0,True
2024,6,44.905,-90.3147,44.9086,-90.3002,EF0,0,0,0,0,0.0,0.0,True
2024,4,38.54,-93.04,38.58,-93.0,EF0,0,0,0,0,0.0,0.0,True
2024,4,38.093,-84.177,38.0704,-84.0932,EF1,0,0,0,0,0.0,0.0,True
2024,4,38.3488,-85.7207,38.349,-85.644,EF1,0,0,10,0,0.0,0.0,True
2024,4,41.0188,-98.8736,41.05,-98.89,EF1,0,0,0,0,70000.0,0.0,True
2024,4,41.05,-98.89,41.0752,-98.9202,EF1,0,0,0,0,70000.0,0.0,True
2024,12,31.8817,-90.9664,31.9164,-90.8932,EF1,0,0,0,0,70000.0,0.0,True
2024,7,40.843,-89.376,40.837,-89.351,EF0,0,0,0,0,0.0,0.0,True
2024,4,37.9372,-84.5483,37.9328,-84.543,EF1,0,0,0,0,0.0,0.0,True
2024,4,31.305,-93.6019,31.335,-93.5539,EF0,0,0,0,0,0.0,0.0,True
2024,7,41.4,-90.73,41.328,-90.586,EF1,0,0,0,0,0.0,0.0,True
2024,4,41.1788,-98.6462,41.2099,-98.631,EF0,0,0,0,0,200000.0,0.0,True
2024,4,41.0951,-98.8275,41.177,-98.8171,EF1,0,0,0,0,200000.0,0.0,True
2024,4,41.2028,-98.6199,41.3301,-98.5612,EF3,0,0,0,0,3500000.0,0.0,True
2024,12,31.599,-90.633,31.6817,-90.5476,EF1,0,0,2,0,250000.0,0.0,True
2024,12,31.7924,-90.9652,31.851,-90.865,EF1,0,0,0,0,35000.0,0.0,True
2024,4,37.981,-84.6843,37.968,-84.673,EF1,0,0,0,0,0.0,0.0,True
2024,4,37.968,-84.673,37.9643,-84.6613,EF1,0,0,0,0,0.0,0.0,True
2024,7,41.328,-90.586,41.286,-90.435,EF1,0,0,0,0,0.0,0.0,True
2024,4,41.3446,-98.5073,41.39,-98.45,EF2,0,0,0,0,400000.0,0.0,True
2024,4,41.39,-98.45,41.4506,-98.4016,EF2,0,0,0,0,400000.0,0.0,True
2024,7,40.6,-89.35,40.59,-89.34,EFU,0,0,0,0,0.0,0.0,True
2024,6,34.622,-101.406,34.5665,-101.2578,EFU,0,0,0,0,0.0,0.0,True
2024,6,44.586,-84.5225,44.5892,-84.5192,EF0,0,0,0,0,21000.0,0.0,True
2024,12,32.1623,-90.8792,32.1891,-90.8093,EF1,0,0,0,0,15000.0,0.0,True
2024,4,37.9558,-85.0453,37.9384,-85.0143,EF1,0,0,0,0,0.0,0.0,True
2024,4,41.4553,-98.3695,41.54,-98.29,EF2,0,0,0,0,25000.0,0.0,True
2024,6,37.8369,-95.7801,37.8373,-95.7793,EFU,0,0,0,0,0.0,0.0,True
2024,12,32.73,-91.071,32.8009,-90.981,EF1,0,0,0,0,30000.0,0.0,True
2024,6,40.22,-104.79,40.2206,-104.7891,EFU,0,0,0,0,0.0,0.0,True
2024,4,36.9646,-93.4721,36.9682,-93.4662,EF0,0,0,0,0,10000.0,0.0,True
2024,4,37.9341,-85.2201,37.886,-85.154,EF1,0,0,0,0,0.0,0.0,True
2024,7,41.286,-90.435,41.28,-90.29,EF1,0,0,0,0,0.0,0.0,True
2024,4,30.3401,-97.5841,30.3714,-97.5161,EF1,0,0,0,0,5000000.0,0.0,True
2024,5,44.2464,-91.3965,44.2547,-91.384,EF1,0,0,0,0,79000.0,3000.0,True
2024,5,44.8295,-90.3828,44.8421,-90.3606,EF0,0,0,0,0,33000.0,3000.0,True
2024,5,44.8406,-90.3247,44.8498,-90.316,EF1,0,0,0,0,330000.0,14000.0,True
2024,12,32.4626,-90.5466,32.523,-90.45,EF1,0,0,0,0,30000.0,0.0,True
2024,6,34.1835,-88.1914,34.2011,-88.1727,EF1,0,0,0,0,0.0,0.0,True
2024,4,30.4128,-89.5306,30.4036,-89.4871,EF1,0,0,0,0,0.0,0.0,True
2024,6,34.9,-110.2582,34.9,-110.2582,EF0,0,0,0,0,0.0,0.0,True
2024,4,37.886,-85.154,37.8853,-85.1538,EF0,0,0,0,0,0.0,0.0,True
2024,4,32.4076,-93.8311,32.4198,-93.7784,EF1,0,0,0,0,500000.0,0.0,True
2024,7,43.0771,-75.7618,43.0807,-75.7345,EF1,1,0,0,0,250000.0,0.0,True
2024,5,44.567,-90.8068,44.6327,-90.6995,EF1,0,0,0,0,140000.0,10000.0,True
2024,5,44.6945,-90.5783,44.7925,-90.4554,EF1,0,0,0,0,88000.0,6000.0,True
2024,5,44.7797,-90.4493,44.8075,-90.4274,EF1,0,0,0,0,70000.0,5000.0,True
2024,4,41.074,-91.212,41.16,-91.04,EF1,0,0,0,0,0.0,0.0,True
2024,6,33.8984,-87.8774,33.9194,-87.862,EF0,0,0,0,0,0.0,0.0,True
2024,6,33.9194,-87.862,33.9716,-87.7897,EF1,0,0,0,0,0.0,0.0,True
2024,6,37.65,-100.21,37.65,-100.21,EF0,0,0,0,0,0.0,0.0,True
2024,4,32.9491,-93.7833,32.9894,-93.7707,EF0,0,0,0,0,0.0,0.0,True
2024,8,27.7994,-82.8014,27.8309,-82.8022,EF0,0,0,0,0,25000.0,0.0,True
2024,7,43.21,-75.49,43.23,-75.39,EF2,0,0,0,0,3500000.0,0.0,True
2024,5,44.4872,-90.9807,44.5118,-90.9273,EF1,0,0,0,0,0.0,4000.0,True
2024,4,32.9897,-93.7473,33.0137,-93.7032,EF1,0,0,0,0,0.0,0.0,True
2024,8,27.64,-81.85,27.6462,-81.8535,EF0,0,0,0,0,0.0,0.0,True
2024,4,30.4128,-89.5306,30.4042,-89.4855,EFU,0,0,0,0,0.0,0.0,True
2024,5,34.1715,-79.409,34.1942,-79.3866,EF1,0,0,0,0,200000.0,0.0,True
2024,5,34.4198,-79.6459,34.4356,-79.6245,EF0,0,0,0,0,2000.0,0.0,True
2024,4,40.77,-91.64,40.8138,-91.5834,EF1,0,0,0,0,0.0,0.0,True
2024,6,34.5759,-101.2842,34.522,-101.146,EFU,0,0,0,0,0.0,0.0,True
2024,7,40.7477,-89.427,40.747,-89.426,EF1,0,0,0,0,0.0,0.0,True
2024,4,37.6268,-92.8495,37.6214,-92.8347,EF0,0,0,0,0,0.0,0.0,True
2024,7,42.485,-76.23,42.534,-76.091,EF0,0,0,0,0,37000.0,0.0,True
2024,4,32.9519,-93.6488,32.9735,-93.6355,EF0,0,0,0,0,0.0,0.0,True
2024,4,33.0496,-93.7644,33.0496,-93.7507,EF1,0,0,0,0,50000.0,0.0,True
2024,7,43.3123,-75.5808,43.3375,-75.4577,EF1,0,0,0,0,250000.0,0.0,True
2024,4,40.2037,-98.5264,40.2135,-98.5183,EF0,0,0,0,0,0.0,0.0,True
2024,12,31.831,-90.865,31.8571,-90.8377,EF1,0,0,0,0,10000.0,0.0,True
2024,4,40.8138,-91.5834,40.959,-91.372,EF2,0,0,0,0,0.0,0.0,True
2024,5,43.98,-92.01,44.15,-91.77,EF1,0,0,0,0,120000.0,500000.0,True
2024,7,41.56,-90.58,41.518,-90.491,EF1,0,0,0,0,0.0,0.0,True
2024,4,33.0702,-93.6028,33.08,-93.5823,EF1,0,0,0,0,50000.0,0.0,True
2024,12,31.8302,-90.0274,31.8926,-90.0022,EF1,0,0,0,0,15000.0,0.0,True
2024,4,39.8987,-98.8876,39.9973,-98.8846,EF0,0,0,0,0,2000.0,0.0,True
2024,7,41.518,-90.491,41.51,-90.44,EF1,0,0,0,0,0.0,0.0,True
2024,12,31.61,-90.633,31.614,-90.588,EF0,0,0,0,0,10000.0,0.0,True
2024,7,40.86,-89.758,40.846,-89.716,EF1,0,0,0,0,0.0,0.0,True
2024,4,37.4,-93.26,37.4053,-93.2227,EF1,0,0,0,0,90000.0,0.0,True
2024,7,42.6549,-75.8374,42.7263,-75.7171,EF1,0,0,0,0,120000.0,0.0,True
2024,4,38.349,-85.644,38.351,-85.585,EF2,0,0,22,0,0.0,0.0,True
2024,12,30.9682,-89.1985,30.975,-89.1923,EF0,0,0,0,0,3000.0,0.0,True
2024,6,41.4829,-93.8996,41.4734,-93.8751,EF0,0,0,0,0,2000.0,1000.0,True
2024,6,41.4034,-93.8734,41.4027,-93.8689,EFU,0,0,0,0,0.0,0.0,True
2024,6,41.3877,-94.9168,41.388,-94.9092,EFU,0,0,0,0,0.0,0.0,True
2024,6,42.6847,-90.6188,42.6867,-90.6172,EF0,0,0,0,0,0.0,10000.0,True
2024,6,41.8206,-87.9948,41.8113,-87.9842,EF0,0,0,0,0,0.0,0.0,True
2024,6,44.909,-88.6539,44.896,-88.4888,EF1,0,0,0,0,0.0,0.0,True
2024,6,44.896,-88.4888,44.8926,-88.4744,EF1,0,0,0,0,0.0,0.0,True
2024,6,40.4456,-87.5271,40.4401,-87.4823,EFU,0,0,0,0,0.0,0.0,True
2024,6,40.5056,-88.4592,40.4785,-88.4064,EF1,0,0,0,0,0.0,0.0,True
2024,6,40.3156,-82.8008,40.3161,-82.7956,EF0,0,0,0,0,5000.0,0.0,True
2024,6,40.0538,-82.3088,40.0589,-82.2997,EF0,0,0,0,0,15000.0,0.0,True
2024,4,35.528,-96.677,35.528,-96.677,EF0,0,0,0,0,10000.0,0.0,True
2024,6,39.1433,-103.0596,39.095,-103.016,EFU,0,0,0,0,0.0,0.0,True
2024,12,30.828,-92.211,30.7624,-92.0162,EF1,0,0,0,0,0.0,0.0,True
2024,5,36.5866,-88.4654,36.5166,-88.0785,EF1,0,0,0,0,80000.0,0.0,True
2024,6,41.891,-88.4804,41.886,-88.4355,EF0,0,0,0,0,0.0,0.0,True
2024,6,41.8471,-88.0563,41.8377,-88.0373,EF0,0,0,0,0,0.0,0.0,True
2024,6,45.031,-90.565,45.035,-90.551,EF1,0,0,0,0,35000.0,10000.0,True
2024,6,44.742,-90.601,44.744,-90.593,EF0,0,0,0,0,20000.0,0.0,True
2024,4,35.333,-97.141,35.364,-97.125,EF0,0,0,0,0,5000.0,0.0,True
2024,6,38.5978,-96.0384,38.5766,-96.0038,EFU,0,0,0,0,0.0,0.0,True
2024,6,38.5657,-95.8826,38.5596,-95.8611,EF0,0,0,0,0,0.0,0.0,True
2024,6,45.0282,-102.4044,44.9979,-102.3325,EF2,0,0,0,0,30000.0,0.0,True
2024,6,41.3867,-94.8908,41.3867,-94.8851,EFU,0,0,0,0,0.0,0.0,True
2024,2,26.1705,-80.143,26.17,-80.14,EFU,0,0,0,0,40000.0,0.0,True
2024,4,35.306,-97.177,35.312,-97.171,EF0,0,0,0,0,10000.0,0.0,True
2024,4,35.352,-97.143,35.352,-97.143,EF1,0,0,0,0,1000.0,0.0,True
2024,6,41.8538,-88.1967,41.8186,-88.0523,EF0,0,0,0,0,0.0,0.0,True
2024,5,36.706,-88.813,36.713,-88.729,EF1,0,0,0,0,10000.0,0.0,True
2024,5,36.6578,-88.1442,36.6832,-88.0794,EF1,0,0,0,0,20000.0,0.0,True
2024,6,45.03,-90.57,45.031,-90.565,EF1,0,0,0,0,0.0,0.0,True
2024,6,32.3409,-95.9806,32.3466,-95.9768,EFU,0,0,0,0,0.0,0.0,True
2024,6,35.7913,-108.2245,35.7973,-108.1795,EFU,0,0,0,0,0.0,0.0,True
2024,6,44.9046,-90.3161,44.9052,-90.3148,EF0,0,0,0,0,15000.0,5000.0,True
2024,4,35.463,-96.656,35.487,-96.624,EF1,0,0,0,0,5000.0,0.0,True
2024,5,41.65,-90.69,41.71,-90.58,EF1,0,0,0,0,0.0,0.0,True
2024,6,28.63,-81.45,28.6296,-81.45,EF0,0,0,0,0,0.0,0.0,True
2024,12,31.6502,-88.9516,31.6573,-88.943,EF0,0,0,0,0,10000.0,0.0,True
2024,6,42.89,-72.09,42.8971,-72.0243,EF1,0,0,0,0,1000.0,0.0,True
2024,6,42.6143,-94.2988,42.6147,-94.2944,EFU,0,0,0,0,0.0,0.0,True
2024,6,35.7,-101.6,35.72,-101.59,EF0,0,0,0,0,0.0,0.0,True
2024,6,35.72,-101.59,35.73,-101.58,EF0,0,0,0,0,0.0,0.0,True
2024,12,32.576,-89.614,32.6025,-89.5577,EF1,0,0,0,0,50000.0,0.0,True
2024,8,27.85,-81.88,27.8692,-81.892,EF0,0,0,0,0,0.0,0.0,True
2024,6,34.1645,-88.2121,34.1835,-88.1914,EF1,0,0,0,0,10000.0,0.0,True
2024,6,41.7232,-93.1114,41.7234,-93.1052,EFU,0,0,0,0,0.0,0.0,True
2024,6,41.6437,-93.0726,41.645,-93.0613,EFU,0,0,0,0,0.0,0.0,True
2024,6,41.663,-93.3767,41.6633,-93.3747,EFU,0,0,0,0,0.0,0.0,True
2024,6,44.1055,-84.4691,44.1175,-84.2644,EF1,0,0,0,0,100000.0,0.0,True
2024,6,41.4176,-95.1481,41.4177,-95.1305,EFU,0,0,0,0,0.0,700.0,True
2024,6,41.3561,-95.1251,41.3667,-95.0801,EF0,0,0,0,0,1000.0,1000.0,True
2024,6,30.1258,-93.2162,30.1245,-93.2172,EF0,0,0,0,0,50000.0,0.0,True
2024,7,41.689,-88.261,41.72,-88.1113,EF1,0,0,0,0,0.0,0.0,True
2024,4,42.41,-91.79,42.53,-91.68,EF1,0,0,0,0,0.0,0.0,True
2024,4,37.3283,-89.6342,37.3274,-89.6263,EF0,0,0,0,0,5000.0,0.0,True
2024,4,37.6341,-89.0017,37.6197,-88.8814,EF2,0,0,0,0,300000.0,0.0,True
2024,4,37.6229,-88.8215,37.6158,-88.7084,EF1,0,0,0,0,130000.0,0.0,True
2024,4,39.31,-89.791,39.307,-89.788,EF1,0,0,0,0,50000.0,0.0,True
2024,4,38.706,-90.06,38.706,-90.044,EF0,0,0,0,0,0.0,0.0,True
2024,4,37.6158,-88.7084,37.6141,-88.6837,EF1,0,0,0,0,75000.0,0.0,True
2024,4,30.0759,-81.47,30.0778,-81.4665,EF0,0,0,0,0,0.0,0.0,True
2024,4,37.8203,-95.2306,37.8204,-95.2305,EFU,0,0,0,0,0.0,0.0,True
2024,4,37.734,-95.823,37.8107,-95.7798,EF2,0,0,0,0,0.0,0.0,True
2024,4,40.959,-91.372,41.074,-91.212,EF2,0,0,0,0,0.0,0.0,True
2024,7,41.465,-88.4033,41.4911,-88.2532,EF1,0,0,0,0,0.0,0.0,True
2024,7,41.9546,-87.938,41.968,-87.9204,EF0,0,0,0,0,0.0,0.0,True
2024,4,38.947,-89.976,38.95,-89.919,EF1,0,0,0,0,100000.0,0.0,True
2024,4,38.752,-89.831,38.754,-89.826,EF0,0,0,0,0,5000.0,0.0,True
2024,4,37.7631,-88.0314,37.749,-87.9074,EF2,0,0,0,0,500000.0,0.0,True
2024,4,38.1113,-87.7214,38.1098,-87.6971,EF2,0,0,0,0,150000.0,0.0,True
2024,4,32.6641,-86.932,32.6749,-86.9044,EF1,0,0,0,0,0.0,0.0,True
2024,4,32.9182,-86.245,32.9326,-86.2033,EF1,0,0,0,0,0.0,0.0,True
2024,7,41.8641,-87.8692,41.867,-87.8468,EF0,0,0,0,0,0.0,0.0,True
2024,7,41.6039,-87.7714,41.6045,-87.7631,EF0,0,0,0,0,0.0,0.0,True
2024,7,41.8974,-87.7035,41.8941,-87.677,EF0,0,0,0,0,0.0,0.0,True
2024,7,41.2252,-87.9257,41.2555,-87.6958,EF0,0,0,0,0,0.0,0.0,True
2024,4,38.653,-90.551,38.657,-90.514,EF0,0,0,0,0,100000.0,0.0,True
2024,4,38.812,-89.137,38.822,-89.116,EF1,0,0,0,0,30000.0,0.0,True
2024,7,42.1687,-89.092,42.1691,-89.0888,EF0,0,0,0,0,0.0,0.0,True
2024,7,41.7895,-88.4774,41.8003,-88.2844,EF0,0,0,0,0,0.0,0.0,True
2024,4,37.0941,-88.8666,37.0909,-88.8565,EF1,0,0,0,0,75000.0,0.0,True
2024,4,38.798,-89.808,38.804,-89.728,EF0,0,0,0,0,10000.0,0.0,True
2024,4,38.552,-90.177,38.554,-90.157,EF0,0,0,0,0,10000.0,0.0,True
2024,7,41.2636,-87.5866,41.2781,-87.5406,EF1,0,0,0,0,0.0,0.0,True
2024,7,41.3876,-88.3755,41.398,-88.2499,EF2,0,0,0,0,0.0,0.0,True
2024,7,42.1032,-89.1214,42.1023,-89.0881,EF0,0,0,0,0,0.0,0.0,True
2024,7,42.217,-89.2027,42.2238,-89.1836,EF0,0,0,0,0,0.0,0.0,True
2024,7,41.2838,-87.4526,41.2898,-87.4068,EF0,0,0,0,0,0.0,0.0,True
2024,7,41.9041,-88.3519,41.8988,-88.3379,EF0,0,0,0,0,0.0,0.0,True
2024,4,39.96,-89.22,39.97,-89.15,EF1,0,0,1,0,0.0,0.0,True
2024,4,39.95,-89.16,39.947,-89.1437,EF1,0,0,0,0,0.0,0.0,True
2024,3,31.1686,-81.968,31.1754,-81.8887,EF2,0,0,5,0,0.0,0.0,True
2024,7,42.0304,-88.95,42.028,-88.942,EF0,0,0,0,0,0.0,0.0,True
2024,7,42.028,-88.942,42.0139,-88.888,EF0,0,0,0,0,0.0,0.0,True
2024,7,41.398,-88.2499,41.5019,-87.7903,EF2,0,0,2,0,0.0,0.0,True
2024,7,41.9191,-88.5396,41.894,-88.3746,EF1,0,0,0,0,0.0,0.0,True
2024,7,41.024,-88.9307,41.0224,-88.8922,EFU,0,0,0,0,0.0,0.0,True
2024,7,41.5019,-87.7903,41.521,-87.7378,EF2,0,0,0,0,0.0,0.0,True
2024,7,41.8151,-87.8858,41.8519,-87.7518,EF0,0,0,0,0,0.0,0.0,True
2024,4,37.7913,-88.4029,37.7892,-88.3822,EF2,0,0,2,0,225000.0,0.0,True
2024,4,38.669,-92.743,38.675,-92.713,EF1,0,0,0,0,200000.0,0.0,True
2024,7,41.8675,-88.0533,41.882,-87.998,EF0,0,0,0,0,0.0,0.0,True
2024,7,41.8867,-87.9777,41.8906,-87.9632,EF0,0,0,0,0,0.0,0.0,True
2024,4,39.947,-89.1437,39.947,-89.12,EF1,0,0,0,0,0.0,0.0,True
2024,4,39.93,-89.09,39.93,-89.02,EF1,0,0,0,0,0.0,0.0,True
2024,4,39.96,-88.97,39.99,-88.84,EF1,0,0,0,0,0.0,0.0,True
2024,4,41.92,-104.09,41.9304,-104.0787,EFU,0,0,0,0,0.0,0.0,True
2024,7,41.79,-87.7425,41.8178,-87.5923,EF0,0,0,0,0,0.0,0.0,True
2024,7,41.768,-87.634,41.7814,-87.5683,EF0,0,0,0,0,0.0,0.0,True
2024,7,41.272,-87.0689,41.2771,-87.0454,EF0,0,0,0,0,0.0,0.0,True
2024,7,41.0307,-88.8916,41.0206,-88.859,EFU,0,0,0,0,0.0,0.0,True
2024,7,40.9943,-88.9686,40.984,-88.9308,EFU,0,0,0,0,0.0,0.0,True
2024,7,41.242,-87.219,41.272,-87.0689,EF0,0,0,0,0,0.0,0.0,True
2024,4,41.0841,-88.0599,41.1373,-88.0068,EF0,0,0,0,0,0.0,0.0,True
2024,4,41.2493,-87.7613,41.2542,-87.7536,EF0,0,0,0,0,0.0,0.0,True
2024,4,39.387,-90.212,39.41,-90.152,EFU,0,0,0,0,0.0,0.0,True
2024,4,39.41,-90.152,39.414,-90.141,EFU,0,0,0,0,0.0,0.0,True
2024,4,39.2156,-90.1817,39.2158,-90.1815,EFU,0,0,0,0,0.0,0.0,True
2024,4,38.1098,-87.6971,38.0698,-87.4728,EF2,0,0,0,0,275000.0,0.0,True
2024,7,41.2153,-87.348,41.242,-87.219,EF0,0,0,0,0,0.0,0.0,True
2024,7,40.984,-88.9308,40.9691,-88.9023,EFU,0,0,0,0,0.0,0.0,True
2024,4,41.0927,-87.9677,41.1012,-87.9625,EFU,0,0,0,0,0.0,0.0,True
2024,7,42.1018,-89.0234,42.1046,-88.9821,EF0,0,0,0,0,0.0,0.0,True
2024,4,37.7953,-88.2712,37.8064,-88.26,EF1,0,0,0,0,80000.0,0.0,True
2024,4,38.1508,-87.4677,38.1426,-87.408,EF1,0,0,0,0,75000.0,0.0,True
2024,4,38.1668,-87.573,38.1297,-87.468,EF1,0,0,0,0,225000.0,0.0,True
2024,3,31.1599,-82.6596,31.1842,-82.5846,EF1,0,0,0,0,0.0,0.0,True
2024,5,37.592,-90.63,37.6,-90.535,EF1,0,0,0,0,0.0,0.0,True
2024,5,41.437,-90.432,41.48,-90.28,EFU,0,0,0,0,0.0,0.0,True
2024,4,36.449,-94.0057,36.4548,-93.9635,EF1,0,0,0,0,40000.0,0.0,True
2024,4,36.4763,-96.4089,36.5295,-96.3013,EF1,0,0,0,0,20000.0,0.0,True
2024,4,36.5583,-96.1613,36.5694,-96.1242,EF1,0,0,0,0,250000.0,0.0,True
2024,4,35.656,-96.0096,35.6992,-95.8992,EF1,0,0,0,0,25000.0,0.0,True
2024,4,38.215,-83.8319,38.215,-83.8319,EF0,0,0,0,0,40000.0,0.0,True
2024,5,34.6807,-86.2279,34.6649,-86.1939,EF0,0,0,0,0,53300.0,0.0,True
2024,7,41.3608,-87.5595,41.3699,-87.5263,EF0,0,0,0,0,0.0,0.0,True
2024,1,31.5166,-82.6644,31.558,-82.6057,EF1,0,0,0,0,0.0,0.0,True
2024,5,37.306,-90.753,37.355,-90.549,EF1,0,0,0,0,10000.0,0.0,True
2024,5,41.39,-90.65,41.437,-90.432,EF1,0,0,0,0,0.0,0.0,True
2024,5,34.4397,-78.7162,34.459,-78.656,EF0,0,0,0,0,1000.0,0.0,True
2024,4,35.487,-96.624,35.5541,-96.5625,EF1,0,0,0,0,0.0,0.0,True
2024,4,36.5385,-96.2887,36.5628,-96.1946,EF1,0,0,0,0,35000.0,0.0,True
2024,4,36.7883,-95.6713,36.8026,-95.5974,EF1,0,0,1,0,20000.0,0.0,True
2024,4,36.6335,-96.0079,36.634,-96.001,EF0,0,0,0,0,0.0,0.0,True
2024,4,36.2144,-93.3665,36.2395,-93.3454,EFU,0,0,0,0,0.0,0.0,True
2024,4,36.959,-96.691,36.959,-96.691,EFU,0,0,0,0,0.0,0.0,True
2024,4,35.0776,-95.6831,35.0997,-95.6602,EFU,0,0,0,0,0.0,0.0,True
2024,4,35.3359,-95.5943,35.3446,-95.5735,EFU,0,0,0,0,0.0,0.0,True
2024,4,61.13,-149.66,61.13,-149.66,EF0,0,0,0,0,0.0,0.0,True
2024,4,37.4936,-87.9488,37.4938,-87.9356,EF1,0,0,1,0,130000.0,0.0,True
2024,7,41.968,-87.9204,41.9831,-87.8708,EF0,0,0,0,0,0.0,0.0,True
2024,7,41.4911,-88.2532,41.5414,-88.0433,EF1,0,0,2,0,0.0,0.0,True
2024,7,41.3082,-87.7869,41.3268,-87.6681,EF0,0,0,0,0,0.0,0.0,True
2024,7,40.9003,-88.9314,40.9009,-88.9286,EF0,0,0,0,0,0.0,0.0,True
2024,7,41.9257,-88.6013,41.9298,-88.5973,EFU,0,0,0,0,0.0,0.0,True
2024,5,34.8506,-86.239,34.8487,-86.2342,EF1,0,0,0,0,155000.0,0.0,True
2024,4,34.9435,-95.7835,34.9615,-95.7636,EF1,0,0,0,0,50000.0,0.0,True
2024,4,36.4561,-94.0265,36.4737,-93.9818,EF1,0,0,0,0,0.0,0.0,True
2024,4,36.634,-96.001,36.6436,-95.9205,EF1,0,0,0,0,20000.0,0.0,True
2024,4,35.5205,-95.9962,35.6285,-95.8586,EF1,0,0,0,0,2000000.0,0.0,True
2024,4,35.6068,-95.8408,35.7061,-95.7446,EF1,0,0,0,0,75000.0,0.0,True
2024,4,34.8428,-94.6142,34.865,-94.5426,EF0,0,0,0,0,0.0,0.0,True
2024,7,41.9101,-88.6181,41.9257,-88.6013,EFU,0,0,0,0,0.0,0.0,True
2024,7,41.566,-88.2561,41.5787,-87.9774,EF0,0,0,0,0,0.0,0.0,True
2024,4,35.7068,-95.6817,35.7703,-95.6051,EF1,0,0,0,0,0.0,0.0,True
2024,4,35.8232,-95.5798,35.9128,-95.4528,EF1,0,0,0,0,30000.0,0.0,True
2024,7,33.226,-89.8325,33.2327,-89.8227,EF1,0,0,0,0,0.0,15000.0,True
2024,7,41.4421,-87.2198,41.4808,-87.0264,EF1,0,0,0,0,0.0,0.0,True
2024,4,35.656,-80.731,35.669,-80.714,EF1,0,0,0,0,75000.0,0.0,True
2024,4,35.9329,-95.4178,35.951,-95.4003,EF1,0,0,0,0,5000.0,0.0,True
2024,4,36.1031,-95.0927,36.131,-95.0249,EF1,0,0,0,0,0.0,0.0,True
2024,7,47.85,-92.3,47.87,-92.29,EF0,0,0,0,0,0.0,0.0,True
2024,7,41.756,-88.5173,41.7769,-88.3569,EF1,0,0,0,0,0.0,0.0,True
2024,4,37.8893,-88.2139,37.8857,-88.0846,EF1,0,0,0,0,110000.0,0.0,True
2024,4,38.1501,-87.6823,38.1227,-87.4665,EF2,0,0,0,0,500000.0,0.0,True
2024,4,32.641,-87.0398,32.6641,-86.932,EF1,0,0,0,0,0.0,0.0,True
2024,4,40.7981,-83.0005,40.8177,-82.9394,EF1,0,0,0,0,1000000.0,0.0,True
2024,7,41.0292,-88.9718,41.024,-88.9307,EFU,0,0,0,0,0.0,0.0,True
2024,4,37.9955,-91.6116,37.997,-91.6073,EF0,0,0,0,0,25000.0,0.0,True
2024,4,38.464,-90.665,38.463,-90.657,EF0,0,0,0,0,0.0,0.0,True
2024,4,37.7209,-87.8936,37.7175,-87.8714,EF1,0,0,0,0,85000.0,0.0,True
2024,4,37.8857,-88.0846,37.8853,-88.0776,EF0,0,0,0,0,1000.0,0.0,True
2024,4,32.7121,-86.7786,32.8038,-86.5453,EF1,0,0,0,0,0.0,0.0,True
2024,4,32.9712,-86.0793,32.9814,-86.0423,EF0,0,0,0,0,0.0,0.0,True
2024,4,41.2323,-81.0813,41.2672,-81.0205,EF1,0,0,0,0,500000.0,0.0,True
2024,7,41.6438,-87.8004,41.6482,-87.6902,EF0,0,0,0,0,0.0,0.0,True
2024,7,41.5379,-87.6939,41.5793,-87.6063,EF1,0,0,0,0,0.0,0.0,True
2024,7,42.1432,-89.3159,42.1271,-89.2195,EF0,0,0,0,0,0.0,0.0,True
2024,4,35.29,-96.363,35.3884,-96.3111,EF3,0,0,0,0,300000.0,0.0,True
2024,4,37.58,-92.59,37.59,-92.55,EF0,0,0,0,0,75000.0,0.0,True
2024,4,37.51,-92.68,37.5062,-92.6409,EF0,0,0,0,0,100000.0,0.0,True
2024,4,38.1756,-83.9282,38.1756,-83.9282,EF0,0,0,0,0,200000.0,10000.0,True
2024,4,38.463,-90.657,38.456,-90.523,EF1,0,0,0,0,100000.0,0.0,True
2024,4,38.1413,-87.3349,38.1216,-87.1814,EF1,0,0,0,0,100000.0,0.0,True
2024,7,41.5278,-87.8985,41.5478,-87.8505,EF0,0,0,0,0,0.0,0.0,True
2024,5,34.6864,-86.064,34.6663,-86.0369,EF0,0,0,0,0,1400000.0,0.0,True
2024,4,41.3058,-80.9112,41.3267,-80.8616,EF0,0,0,0,0,100000.0,0.0,True
2024,7,41.7645,-87.7104,41.7772,-87.6536,EF1,0,0,0,0,0.0,0.0,True
2024,7,41.6848,-88.4695,41.689,-88.261,EF1,0,0,0,0,0.0,0.0,True
2024,7,41.5586,-88.3015,41.566,-88.2561,EF0,0,0,0,0,0.0,0.0,True
2024,7,41.3699,-87.5263,41.4421,-87.2198,EF1,0,0,0,0,0.0,0.0,True
2024,7,41.7513,-87.8573,41.7564,-87.8181,EF1,0,0,0,0,0.0,0.0,True
2024,7,41.5825,-87.7151,41.5855,-87.7086,EF0,0,0,0,0,0.0,0.0,True
2024,4,37.99,-94.51,38.02,-94.46,EF1,0,0,0,0,40000.0,0.0,True
2024,4,38.1911,-94.0508,38.192,-94.0479,EF0,0,0,0,0,20000.0,0.0,True
2024,4,29.8853,-81.5626,29.9481,-81.4782,EF1,0,0,1,0,0.0,0.0,True
2024,5,34.874,-86.109,34.8636,-86.0951,EF1,0,0,0,0,165000.0,0.0,True
2024,5,44.8498,-90.316,44.8881,-90.2997,EF1,0,0,0,0,15000.0,0.0,True
2024,5,41.265,-98.188,41.2673,-98.1821,EF1,0,0,0,0,25000.0,0.0,True
2024,12,32.582,-91.46,32.6093,-91.4475,EF1,0,0,0,0,5000.0,0.0,True
2024,5,40.3073,-99.3679,40.3507,-99.2468,EF0,0,0,0,0,600000.0,0.0,True
2024,5,40.3507,-99.2468,40.3513,-99.2468,EF0,0,0,0,0,150000.0,0.0,True
2024,9,33.0754,-80.9887,33.1243,-81.0118,EF1,0,0,0,0,0.0,0.0,True
2024,6,41.97,-97.73,41.95,-97.71,EF0,0,0,0,0,0.0,0.0,True
2024,6,41.84,-97.63,41.83,-97.63,EFU,0,0,0,0,0.0,0.0,True
2024,5,44.5599,-92.6359,44.569,-92.63,EF0,0,0,0,0,0.0,0.0,True
2024,1,31.558,-82.6057,31.5836,-82.5693,EF1,0,0,0,0,0.0,0.0,True
2024,9,43.0241,-78.3987,43.0259,-78.3955,EF0,0,0,0,0,0.0,0.0,True
2024,9,43.7565,-75.8837,43.7551,-75.8815,EFU,0,0,0,0,0.0,0.0,True
2024,5,41.21,-98.51,41.18,-98.49,EFU,0,0,0,0,0.0,0.0,True
2024,6,33.104,-104.346,33.1137,-104.3365,EFU,0,0,0,0,0.0,0.0,True
2024,5,40.1563,-98.3358,40.2055,-98.2737,EF0,0,0,0,0,75000.0,0.0,True
2024,6,40.3044,-82.5708,40.3126,-82.5098,EF0,0,0,0,0,30000.0,0.0,True
2024,5,40.5675,-99.1742,40.555,-99.0934,EF0,0,0,0,0,75000.0,0.0,True
2024,8,28.2,-82.62,28.199,-82.6209,EFU,0,0,0,0,0.0,0.0,True
2024,7,41.8744,-87.6998,41.8817,-87.6408,EF1,0,0,0,0,0.0,0.0,True
2024,12,32.6157,-91.1955,32.73,-91.071,EF0,0,0,0,0,40000.0,0.0,True
2024,12,31.7929,-89.6277,31.8126,-89.5756,EF1,0,0,0,0,30000.0,0.0,True
2024,5,40.5457,-98.9707,40.5722,-98.8152,EF0,0,0,0,0,350000.0,250000.0,True
2024,6,41.9297,-71.3814,41.9347,-71.369,EF1,0,0,0,0,30000.0,0.0,True
2024,9,41.7376,-84.7356,41.7382,-84.7336,EF0,0,0,0,0,100000.0,0.0,True
2024,12,31.9274,-89.2551,31.9326,-89.2394,EF0,0,0,0,0,2000.0,0.0,True
2024,12,31.9609,-89.2135,32.0283,-89.0805,EF2,0,0,0,0,500000.0,0.0,True
2024,6,41.0802,-82.7336,41.0805,-82.7304,EF0,0,0,0,0,0.0,0.0,True
2024,5,43.6236,-94.4659,43.6408,-94.4269,EF0,0,0,0,0,0.0,0.0,True
2024,5,41.512,-91.818,41.61,-91.68,EF1,0,0,0,0,0.0,0.0,True
2024,7,41.403,-99.675,41.403,-99.675,EF1,0,0,0,0,10000.0,0.0,True
2024,5,40.43,-99.36,40.5,-99.32,EF1,0,0,0,0,500000.0,0.0,True
2024,5,44.1471,-91.7732,44.1784,-91.7311,EF1,0,0,0,0,200000.0,8000.0,True
2024,5,41.466,-91.368,41.58,-91.22,EF1,0,0,0,0,0.0,0.0,True
2024,5,41.621,-91.367,41.69,-91.3,EF1,0,0,0,0,0.0,0.0,True
2024,6,41.9053,-71.4418,41.9297,-71.3814,EF1,0,0,0,0,30000.0,0.0,True
2024,6,41.743,-101.363,41.55,-101.26,EF1,0,0,0,0,0.0,0.0,True
2024,5,45.3494,-86.9145,45.3815,-86.9044,EF1,0,0,0,0,0.0,0.0,True
2024,5,44.2633,-88.2947,44.292,-88.2586,EF1,0,0,0,0,0.0,0.0,True
2024,5,44.8621,-90.046,44.8851,-90.0178,EF1,0,0,0,0,0.0,0.0,True
2024,5,40.2055,-98.2737,40.2171,-98.259,EF0,0,0,0,0,25000.0,0.0,True
2024,4,35.447,-96.675,35.463,-96.656,EF1,0,0,0,0,15000.0,0.0,True
2024,9,34.6021,-102.1306,34.6081,-102.1094,EFU,0,0,0,0,0.0,0.0,True
2024,5,44.9548,-90.0486,44.9785,-90.021,EF1,0,0,0,0,0.0,0.0,True
2024,5,40.3723,-99.5132,40.3775,-99.5028,EF1,0,0,0,0,40000.0,0.0,True
2024,5,44.6809,-91.1223,44.8005,-91.0282,EF1,0,0,0,0,0.0,0.0,True
2024,5,41.2455,-98.3131,41.25,-98.29,EF1,0,0,0,0,25000.0,0.0,True
2024,5,40.367,-98.5084,40.3725,-98.4605,EF1,0,0,0,0,400000.0,0.0,True
2024,4,37.933,-76.6004,37.9429,-76.5812,EF0,0,0,0,0,2000.0,10000.0,True
2024,1,30.4986,-87.0123,30.519,-86.9952,EF1,0,0,0,0,0.0,0.0,True
2024,5,38.665,-89.46,38.681,-89.139,EF1,0,0,0,0,118000.0,0.0,True
2024,12,32.264,-89.1469,32.299,-89.0811,EF1,0,0,0,0,25000.0,0.0,True
2024,4,37.9429,-76.5812,37.9731,-76.5075,EF1,0,0,0,0,273500.0,20000.0,True
2024,5,41.864,-91.366,41.88,-91.17,EFU,0,0,0,0,0.0,0.0,True
2024,6,42.38,-83.43,42.43,-83.34,EF1,1,0,2,0,0.0,0.0,True
2024,12,32.3164,-89.0336,32.3221,-89.0286,EF0,0,0,0,0,5000.0,0.0,True
2024,12,32.3366,-88.97,32.3489,-88.9284,EF1,0,0,0,0,40000.0,0.0,True
2024,9,33.223,-80.7256,33.4,-80.8347,EF0,0,0,0,0,0.0,0.0,True
2024,9,33.2558,-80.6651,33.4723,-80.7921,EF0,0,0,0,0,0.0,0.0,True
2024,9,33.7245,-81.0061,33.7572,-81.0342,EF0,0,0,0,0,0.0,0.0,True
2024,9,33.7572,-81.0342,33.7838,-81.0509,EF0,0,0,0,0,0.0,0.0,True
2024,6,33.0962,-104.3139,33.1228,-104.3167,EF0,0,0,0,0,10000.0,0.0,True
2024,5,40.46,-99.38,40.47,-99.36,EF1,0,0,0,0,150000.0,0.0,True
2024,5,41.741,-90.725,41.88,-90.58,EF1,0,0,0,0,0.0,0.0,True
2024,3,31.1551,-82.6736,31.1599,-82.6597,EF1,0,0,0,0,0.0,0.0,True
2024,5,37.0764,-88.3978,37.0773,-88.3964,EFU,0,0,0,0,0.0,0.0,True
2024,5,37.66,-88.14,37.6713,-88.0779,EF0,0,0,0,0,2000.0,0.0,True
2024,7,44.2627,-93.1389,44.256,-93.135,EFU,0,0,0,0,0.0,0.0,True
2024,6,42.09,-101.54,41.862,-101.427,EF3,0,0,1,0,0.0,0.0,True
2024,9,36.2266,-79.2808,36.2304,-79.2813,EF0,0,0,0,0,22000.0,0.0,True
2024,12,32.523,-90.45,32.6528,-90.2101,EF1,0,0,0,0,75000.0,0.0,True
2024,12,32.7362,-90.1667,32.7903,-90.0577,EF1,0,0,0,0,35000.0,0.0,True
2024,9,33.4088,-80.3067,33.4201,-80.3292,EF0,0,0,0,0,0.0,0.0,True
2024,9,33.5197,-80.4321,33.5236,-80.4342,EF0,0,0,0,0,0.0,0.0,True
2024,9,33.7838,-81.0509,33.8112,-81.0652,EF0,0,0,0,0,0.0,0.0,True
2024,9,47.0981,-92.4726,47.1741,-92.4182,EF1,0,0,0,0,100000.0,0.0,True
2024,5,40.1451,-98.3966,40.2329,-98.3303,EF0,0,0,0,0,20000.0,0.0,True
2024,4,37.483,-95.963,37.5254,-95.8829,EF2,0,0,0,0,0.0,0.0,True
2024,6,41.862,-101.427,41.743,-101.363,EF2,0,0,0,0,0.0,0.0,True
2024,9,34.7618,-78.4417,34.7814,-78.4285,EF1,0,0,0,0,50000.0,0.0,True
2024,9,35.9744,-77.7994,35.9772,-77.7996,EF3,0,0,15,0,1200000.0,0.0,True
2024,9,39.7429,-84.597,39.7557,-84.5755,EF0,0,0,0,0,5000.0,0.0,True
2024,9,35.841,-98.101,35.841,-98.101,EF0,0,0,0,0,0.0,0.0,True
2024,9,33.388,-80.5684,33.552,-80.7351,EF1,0,0,0,0,0.0,0.0,True
2024,9,33.552,-80.7351,33.7588,-80.908,EF0,0,0,0,0,0.0,0.0,True
2024,9,41.7019,-86.9567,41.7012,-86.9562,EFU,0,0,0,0,0.0,0.0,True
2024,6,38.38,-109.46,38.38,-109.46,EFU,0,0,0,0,0.0,0.0,True
2024,5,41.97,-102.13,41.97,-102.13,EFU,0,0,0,0,0.0,0.0,True
2024,5,41.25,-98.29,41.265,-98.188,EF1,0,0,0,0,25000.0,0.0,True
2024,1,35.196,-77.0561,35.2637,-77.0238,EF1,0,0,0,0,0.0,0.0,True
2024,4,38.6487,-82.3778,38.6518,-82.3706,EF1,0,0,0,0,10000.0,0.0,True
2024,9,36.3186,-78.4885,36.325,-78.4892,EF1,0,0,0,0,500000.0,0.0,True
2024,9,36.2201,-78.8319,36.2292,-78.8284,EF1,0,0,0,0,30000.0,0.0,True
2024,5,41.3031,-97.4716,41.326,-97.3982,EF0,0,0,0,0,1000000.0,0.0,True
2024,9,39.504,-82.6291,39.5218,-82.5998,EF0,0,0,0,0,10000.0,0.0,True
2024,12,33.5221,-88.5789,33.5788,-88.5371,EF0,0,0,0,0,40000.0,0.0,True
2024,5,44.8464,-90.5417,44.8843,-90.4788,EF1,0,0,0,0,270000.0,18000.0,True
2024,12,31.9382,-89.9617,31.9967,-89.7962,EF1,0,0,0,0,500000.0,0.0,True
2024,12,32.2473,-89.2553,32.2534,-89.2178,EF0,0,0,0,0,5000.0,0.0,True
2024,9,35.023,-105.69,35.038,-105.684,EFU,0,0,0,0,0.0,0.0,True
2024,9,33.5577,-80.2287,33.5694,-80.2466,EF0,0,0,0,0,0.0,0.0,True
2024,5,40.4335,-99.3832,40.4484,-99.3575,EF1,0,0,0,0,200000.0,0.0,True
2024,9,38.3493,-85.7513,38.3819,-85.6929,EF0,0,0,0,0,0.0,0.0,True
2024,4,38.5522,-82.7161,38.5484,-82.6962,EF1,0,0,1,0,100000.0,0.0,True
2024,4,35.356,-96.969,35.377,-96.936,EF0,0,0,0,0,30000.0,0.0,True
2024,12,32.5357,-91.4892,32.582,-91.46,EF0,0,0,0,0,25000.0,0.0,True
2024,12,32.2086,-88.6954,32.2135,-88.6922,EF1,0,0,0,0,15000.0,0.0,True
2024,9,33.9291,-80.4901,33.9774,-80.5436,EF0,0,0,0,0,45000.0,0.0,True
2024,9,33.6433,-80.9454,33.7245,-81.0061,EF1,0,0,0,0,0.0,0.0,True
2024,10,27.4695,-80.3468,27.5571,-80.3952,EF1,0,0,0,0,1500000.0,0.0,True
2024,10,27.744,-80.88,27.775,-80.919,EFU,0,0,0,0,0.0,0.0,True
2024,10,27.823,-80.869,27.893,-80.958,EF1,0,0,0,0,0.0,0.0,True
2024,10,27.362,-81.205,27.4556,-81.2414,EF1,0,0,0,0,50000.0,0.0,True
2024,5,37.3692,-87.2547,37.3833,-87.2335,EF1,0,0,0,0,10000.0,0.0,True
2024,5,37.3833,-87.2335,37.4668,-87.1297,EF1,0,0,0,0,45000.0,0.0,True
2024,10,28.3395,-80.6059,28.3895,-80.6663,EF1,0,0,0,0,2000000.0,0.0,True
2024,10,27.0803,-80.1932,27.162,-80.1791,EF2,0,0,0,0,11000000.0,0.0,True
2024,8,43.392,-91.893,43.394,-91.887,EF0,0,0,0,0,0.0,10000.0,True
2024,5,41.259,-101.774,41.259,-101.772,EF0,0,0,0,0,20000.0,0.0,True
2024,5,40.66,-101.265,40.66,-101.265,EFU,0,0,0,0,0.0,0.0,True
2024,8,44.3594,-94.6182,44.3637,-94.6153,EFU,0,0,0,0,0.0,0.0,True
2024,10,26.958,-80.351,27.206,-80.303,EF2,0,0,0,0,1500000.0,0.0,True
2024,8,43.39,-91.77,43.38,-91.75,EF0,0,0,0,0,5000.0,25000.0,True
2024,8,43.34,-91.56,43.34,-91.48,EF1,0,0,0,0,50000.0,35000.0,True
2024,8,41.7256,-74.0708,41.7326,-74.0645,EF0,0,0,0,0,3000.0,0.0,True
2024,12,30.5622,-93.4394,30.582,-93.4279,EF1,0,0,0,0,5000.0,0.0,True
2024,12,31.0332,-93.3392,31.0001,-93.2405,EF1,0,0,0,0,5000.0,0.0,True
2024,8,45.6863,-94.8297,45.6123,-94.7965,EF1,0,0,0,0,2000000.0,0.0,True
2024,10,39.895,-91.3754,39.8962,-91.369,EF0,0,0,0,0,25000.0,0.0,True
2024,10,27.374,-80.427,27.558,-80.385,EF3,6,0,0,0,475000000.0,0.0,True
2024,10,27.689,-80.796,27.744,-80.88,EFU,0,0,0,0,0.0,0.0,True
2024,8,46.0,-100.95,45.988,-100.9078,EF1,0,0,0,0,9000.0,0.0,True
2024,8,41.23,-80.41,41.23,-80.41,EFU,0,0,0,0,3000.0,0.0,True
2024,12,31.01,-92.95,31.0335,-92.8888,EF1,0,0,0,0,5000.0,0.0,True
2024,12,31.2013,-92.7725,31.2276,-92.7615,EF1,0,0,0,0,75000.0,0.0,True
2024,5,41.052,-101.989,41.075,-101.895,EF1,0,0,0,0,600000.0,0.0,True
2024,10,39.5847,-92.0893,39.6237,-91.9966,EF0,0,0,0,0,10000.0,0.0,True
2024,10,26.9568,-80.1867,27.014,-80.189,EF0,0,0,0,0,100000.0,0.0,True
2024,10,26.493,-81.9965,26.4964,-81.997,EF0,0,0,0,0,50000.0,0.0,True
2024,10,27.177,-81.3519,27.1837,-81.3535,EF1,0,0,0,0,25000.0,0.0,True
2024,10,27.588,-81.5156,27.596,-81.5177,EF0,0,0,0,0,50000.0,0.0,True
2024,10,27.6276,-81.617,27.6415,-81.6206,EF1,0,0,0,0,0.0,0.0,True
2024,5,36.7405,-87.9071,36.756,-87.8035,EF1,0,0,0,0,5000.0,0.0,True
2024,5,36.7586,-87.7281,36.7548,-87.6743,EF1,0,0,0,0,5000.0,0.0,True
2024,10,27.4318,-80.9535,27.4635,-80.9776,EF2,0,0,0,0,900000.0,0.0,True
2024,8,46.8516,-99.8978,46.8633,-99.8915,EF1,0,0,0,0,600000.0,25000.0,True
2024,12,31.278,-92.728,31.2957,-92.7178,EF1,0,0,0,0,75000.0,0.0,True
2024,5,41.064,-101.903,41.06,-101.864,EF1,0,0,0,0,450000.0,0.0,True
2024,5,36.7548,-87.6743,36.7876,-87.3887,EF2,0,0,0,0,200000.0,0.0,True
2024,10,26.4952,-81.1237,26.77,-81.2,EF1,0,0,0,0,15000.0,0.0,True
2024,10,26.5555,-80.3321,26.9565,-80.1913,EF3,0,0,7,0,81350000.0,0.0,True
2024,10,27.127,-80.384,27.206,-80.402,EF0,0,0,0,0,100000.0,0.0,True
2024,12,31.0819,-93.2693,31.0617,-93.219,EF0,0,0,0,0,10000.0,0.0,True
2024,12,29.9128,-93.1592,29.9442,-93.0978,EFU,0,0,0,0,0.0,0.0,True
2024,6,30.81,-90.68,30.79,-90.61,EF0,0,0,0,0,0.0,0.0,True
2024,10,46.1258,-122.9929,46.128,-122.99,EF0,0,0,0,0,0.0,0.0,True
2024,10,44.6239,-124.0463,44.6251,-124.0437,EF0,0,0,0,0,8000.0,0.0,True
2024,10,26.7706,-81.2,26.9135,-81.2528,EF1,0,0,0,0,15000.0,0.0,True
2024,10,27.228,-80.361,27.397,-80.378,EF1,0,0,0,0,5000000.0,0.0,True
2024,8,34.6834,-78.1485,34.71,-78.22,EF2,0,0,0,0,500000.0,0.0,True
2024,5,37.1897,-87.0814,37.1341,-86.9116,EF1,0,0,0,0,750000.0,0.0,True
2024,10,26.7286,-80.5906,26.9531,-80.615,EF0,0,0,0,0,1000.0,0.0,True
2024,10,27.2822,-80.8798,27.3823,-80.9577,EF2,0,0,2,0,3500000.0,0.0,True
2024,8,36.24,-78.32,36.25,-78.32,EF1,0,0,0,0,60000.0,0.0,True
2024,10,42.86,-86.21,42.8603,-86.2079,EFU,0,0,0,0,0.0,0.0,True
2024,10,27.2724,-80.7072,27.4988,-80.8184,EF1,0,0,0,0,1200000.0,0.0,True
2024,10,27.1244,-80.1938,27.1635,-80.1892,EF1,0,0,1,0,2000000.0,0.0,True
2024,10,26.9443,-82.1875,26.9721,-82.205,EF1,0,0,0,0,30000.0,0.0,True
2024,8,43.7324,-93.7427,43.6926,-93.663,EF0,0,0,0,0,0.0,0.0,True
2024,8,44.0413,-94.7223,44.0341,-94.6779,EF1,0,0,0,0,0.0,0.0,True
2024,8,43.5315,-93.5279,43.5365,-93.3981,EF1,0,0,0,0,0.0,0.0,True
2024,10,35.966,-94.332,35.987,-94.284,EF1,0,0,0,0,300000.0,0.0,True
2024,10,26.4502,-81.0533,26.4674,-81.0454,EF0,0,0,0,0,1000.0,0.0,True
2024,10,27.496,-80.416,27.558,-80.474,EF1,0,0,0,0,250000.0,0.0,True
2024,12,30.846,-92.2572,30.828,-92.211,EF1,0,0,0,0,5000.0,0.0,True
2024,5,38.243,-87.9994,38.2442,-87.9808,EF1,0,0,0,0,30000.0,0.0,True
2024,5,38.2438,-87.9703,38.2424,-87.9582,EF0,0,0,0,0,1000.0,0.0,True
2024,8,44.1281,-93.8133,44.1185,-93.7681,EF1,0,0,0,0,0.0,0.0,True
2024,8,44.1185,-93.7681,44.0784,-93.717,EF1,0,0,0,0,0.0,0.0,True
2024,8,44.0113,-93.4954,44.0061,-93.4672,EF1,0,0,0,0,0.0,0.0,True
2024,10,26.4311,-81.0388,26.444,-81.0243,EF1,0,0,0,0,7000.0,0.0,True
2024,10,36.675,-94.933,36.686,-94.899,EF1,0,0,0,0,0.0,0.0,True
2024,10,36.703,-94.882,36.764,-94.764,EF1,0,0,0,0,100000.0,0.0,True
2024,10,27.815,-80.857,27.823,-80.869,EF0,0,0,0,0,25000.0,0.0,True
2024,10,27.206,-80.303,27.412,-80.319,EF1,0,0,0,0,15000000.0,0.0,True
2024,8,44.6443,-92.8381,44.7058,-92.7326,EF0,0,0,0,0,0.0,0.0,True
2024,8,44.7058,-92.7326,44.7091,-92.7247,EF0,0,0,0,0,0.0,0.0,True
2024,8,45.9688,-94.168,46.0431,-94.0553,EF1,0,0,0,0,0.0,0.0,True
2024,10,26.419,-81.0366,26.4335,-81.0137,EF1,0,0,0,0,1000.0,0.0,True
2024,7,36.71,-93.46,36.7,-93.44,EF0,0,0,0,0,0.0,0.0,True
2024,10,27.9235,-80.9162,28.186,-81.0607,EF1,0,0,0,0,100000.0,0.0,True
2024,10,27.206,-80.402,27.385,-80.402,EF0,0,0,0,0,750000.0,0.0,True
2024,8,45.2859,-93.3083,45.3319,-93.275,EF1,0,0,0,0,0.0,0.0,True
2024,8,45.3709,-93.3054,45.4139,-93.2223,EF1,0,0,0,0,0.0,0.0,True
2024,8,45.4139,-93.2223,45.462,-93.1561,EF1,0,0,0,0,0.0,0.0,True
2024,8,44.7859,-92.5742,44.8482,-92.4709,EF0,0,0,0,0,0.0,0.0,True
2024,8,44.9248,-92.2402,44.9422,-92.2152,EF0,0,0,0,0,0.0,0.0,True
2024,8,44.7091,-92.7247,44.7143,-92.7106,EF0,0,0,0,0,0.0,0.0,True
2024,10,26.8878,-81.0381,27.1086,-81.0814,EF3,0,0,3,0,20000000.0,0.0,True
2024,5,37.8067,-89.6716,37.8249,-89.6705,EF1,0,0,1,0,75000.0,0.0,True
2024,10,27.6178,-80.3883,27.6799,-80.4109,EF1,0,0,0,0,8000000.0,0.0,True
2024,10,27.558,-80.385,27.676,-80.362,EF2,0,0,0,0,39000000.0,0.0,True
2024,5,37.1103,-88.069,37.137,-88.0188,EF2,0,0,0,0,180000.0,0.0,True
2024,5,37.137,-88.0188,37.1898,-87.7465,EF2,0,1,4,0,500000.0,0.0,True
2024,5,37.6031,-88.959,37.6125,-88.8395,EF0,0,0,0,0,10000.0,0.0,True
2024,5,37.677,-88.5875,37.6565,-88.4484,EF1,0,0,0,0,80000.0,0.0,True
2024,5,37.5804,-89.0161,37.5875,-88.9276,EF3,0,0,1,0,750000.0,0.0,True
2024,10,26.1268,-80.5309,26.1921,-80.5515,EFU,0,0,0,0,0.0,0.0,True
2024,8,41.04,-89.98,41.05,-89.92,EF1,0,0,0,0,0.0,0.0,True
2024,10,27.6233,-80.3957,27.6716,-80.4101,EF1,0,0,0,0,12000000.0,0.0,True
2024,10,27.558,-80.474,27.595,-80.497,EF0,0,0,0,0,100000.0,0.0,True
2024,10,27.643,-80.822,27.675,-80.873,EF0,0,0,0,0,0.0,0.0,True
2024,10,26.5215,-81.8602,26.7498,-81.9258,EF2,0,0,0,0,500000.0,0.0,True
2024,5,37.3535,-89.4773,37.3558,-89.4768,EF0,0,0,0,0,10000.0,0.0,True
2024,5,37.1898,-87.7465,37.2588,-87.4805,EF3,1,0,17,0,2700000.0,0.0,True
2024,10,26.6907,-80.4445,26.9622,-80.3477,EFU,0,0,0,0,0.0,0.0,True
2024,8,37.9741,-77.521,37.9935,-77.5409,EF1,0,0,0,0,200000.0,0.0,True
2024,8,28.74,-81.21,28.74,-81.1889,EF0,0,0,0,0,0.0,0.0,True
2024,8,35.595,-78.8167,35.5986,-78.7922,EF1,0,0,0,0,120000.0,0.0,True
2024,8,42.0333,-85.7616,41.9616,-85.6348,EF2,0,0,0,0,0.0,0.0,True
2024,8,32.08,-110.32,32.08,-110.32,EFU,0,0,0,0,0.0,0.0,True
2024,5,38.2442,-87.9808,38.2438,-87.9703,EF0,0,0,0,0,1000.0,0.0,True
2024,5,36.7952,-89.942,36.9438,-89.6995,EF2,0,0,0,0,125000.0,0.0,True
2024,4,34.474,-96.992,34.593,-96.904,EF3,1,0,30,0,10000000.0,0.0,True
2024,8,36.25,-78.32,36.26,-78.31,EF1,0,0,0,0,60000.0,0.0,True
2024,4,34.4779,-99.0751,34.5,-99.1049,EFU,0,0,0,0,0.0,0.0,True
2024,4,34.362,-98.832,34.382,-98.801,EF1,0,0,0,0,50000.0,0.0,True
2024,8,43.68,-92.83,43.69,-92.82,EF0,0,0,0,0,0.0,20000.0,True
2024,8,43.63,-92.62,43.62,-92.57,EF0,0,0,0,0,5000.0,25000.0,True
2024,5,38.2424,-87.9582,38.2751,-87.3732,EF1,0,0,0,0,350000.0,5000.0,True
2024,5,37.4968,-89.0439,37.4695,-88.9655,EF1,0,0,0,0,15000.0,0.0,True
2024,5,37.666,-89.153,37.6688,-89.0907,EF1,0,0,0,0,10000.0,0.0,True
2024,4,35.001,-96.442,35.29,-96.363,EF3,2,0,4,0,1500000.0,0.0,True
2024,5,37.5096,-89.0815,37.4968,-89.0439,EF1,0,0,0,0,28000.0,0.0,True
2024,8,36.7819,-90.3494,36.7827,-90.3507,EFU,0,0,0,0,0.0,0.0,True
2024,4,33.668,-99.358,33.674,-99.351,EFU,0,0,0,0,0.0,0.0,True
2024,4,34.12,-98.641,34.158,-98.622,EF0,0,0,0,0,2000.0,0.0,True
2024,8,36.2,-78.33,36.2,-78.35,EF0,0,0,0,0,15000.0,0.0,True
2024,8,36.1,-77.94,36.1,-77.94,EF0,0,0,0,0,10000.0,0.0,True
2024,8,37.9389,-89.8463,37.94,-89.8457,EF0,0,0,0,0,2000.0,0.0,True
2024,5,36.5215,-91.1256,36.6669,-90.5923,EF2,0,0,0,0,575000.0,0.0,True
2024,8,39.533,-96.543,39.532,-96.534,EFU,0,0,0,0,0.0,0.0,True
2024,8,39.506,-96.441,39.506,-96.441,EFU,0,0,0,0,0.0,0.0,True
2024,4,34.11,-97.199,34.265,-97.142,EF2,0,0,19,0,20000000.0,0.0,True
2024,5,37.9587,-87.385,37.9639,-87.3849,EF1,0,0,0,0,25000.0,0.0,True
2024,5,41.3002,-94.4473,41.4474,-94.2445,EF2,0,0,0,0,750000.0,0.0,True
2024,4,33.402,-99.817,33.527,-99.689,EF2,0,0,0,0,100000.0,0.0,True
2024,4,33.617,-99.38,33.755,-99.237,EF1,0,0,0,0,100000.0,0.0,True
2024,4,34.038,-98.735,34.049,-98.714,EF0,0,0,0,0,0.0,0.0,True
2024,4,33.915,-97.144,34.071,-97.041,EF4,1,0,6,0,150000000.0,0.0,True
2024,5,36.6669,-90.5923,36.7431,-90.4374,EF1,0,0,0,0,275000.0,0.0,True
2024,5,36.9695,-91.1025,36.9696,-91.0989,EF0,0,0,0,0,1000.0,0.0,True
2024,5,36.8013,-89.7204,36.8118,-89.7032,EF1,0,0,0,0,5000.0,0.0,True
2024,5,36.8616,-89.6105,36.8647,-89.6044,EF1,0,0,0,0,1000.0,0.0,True
2024,5,36.9438,-89.6995,37.0365,-89.5928,EF2,0,0,0,0,90000.0,0.0,True
2024,5,36.8118,-89.7032,36.8616,-89.6105,EF3,0,1,0,0,350000.0,0.0,True
2024,5,36.8647,-89.6044,36.8669,-89.5995,EF1,0,0,0,0,1000.0,0.0,True
2024,8,36.09,-78.17,36.11,-78.22,EF1,0,0,0,0,25000.0,0.0,True
2024,8,35.93,-77.76,35.93,-77.76,EF0,0,0,0,0,5000.0,0.0,True
2024,5,37.7112,-87.3633,37.7094,-87.3146,EF0,0,0,0,0,55000.0,0.0,True
2024,5,37.7063,-87.3431,37.6982,-87.2871,EF0,0,0,0,0,45000.0,0.0,True
2024,4,35.352,-97.143,35.369,-97.117,EF1,0,0,0,0,5000.0,0.0,True
2024,8,35.6527,-77.9637,35.6902,-78.0697,EF3,1,0,0,0,2000000.0,0.0,True
2024,5,37.7292,-87.182,37.7204,-87.1709,EF1,0,0,0,0,30000.0,0.0,True
2024,5,37.4248,-90.145,37.4151,-90.0688,EF1,0,0,0,0,70000.0,0.0,True
2024,12,33.4609,-86.3355,33.4837,-86.3075,EF0,0,0,0,0,0.0,0.0,True
2024,12,33.5678,-86.3477,33.574,-86.3225,EF1,0,0,0,0,0.0,0.0,True
2024,12,32.2233,-86.4239,32.2255,-86.4085,EF0,0,0,0,0,0.0,0.0,True
2024,12,32.3759,-85.9362,32.4238,-85.8663,EF0,0,0,0,0,0.0,0.0,True
2024,12,34.2842,-81.1384,34.2949,-81.0823,EF0,0,0,0,0,0.0,0.0,True
2024,12,34.3341,-81.0875,34.3703,-81.017,EF1,0,0,0,0,0.0,0.0,True
2024,12,32.2615,-86.3715,32.2788,-86.3083,EF1,0,0,0,0,0.0,0.0,True
2024,12,30.15,-95.33,30.15,-95.33,EF3,0,0,10,0,0.0,0.0,True
2024,12,32.283,-86.0376,32.2921,-85.9972,EF0,0,0,0,0,0.0,0.0,True
2024,12,32.4839,-85.7918,32.4948,-85.79,EF0,0,0,0,0,0.0,0.0,True
2024,12,29.3312,-95.3362,29.3312,-95.3362,EF2,1,0,5,0,0.0,0.0,True
2024,12,29.65,-94.7,29.65,-94.7,EF3,0,0,1,0,0.0,0.0,True
2024,5,37.0177,-91.7876,37.004,-91.656,EF3,0,0,5,0,1500000.0,0.0,True
2024,8,41.32,-97.5,41.32,-97.5,EFU,0,0,0,0,0.0,0.0,True
2024,12,32.2255,-86.4085,32.2259,-86.4042,EF0,0,0,0,0,0.0,0.0,True
2024,5,37.0,-94.96,37.2,-94.68,EF0,0,0,0,0,300000.0,0.0,True
2024,5,37.004,-91.656,37.0186,-91.5654,EF3,0,0,0,0,50000.0,0.0,True
2024,12,35.113,-81.306,35.139,-81.263,EF0,0,0,0,0,0.0,0.0,True
2024,12,31.0204,-92.9878,31.011,-92.9708,EF1,0,0,0,0,2000.0,0.0,True
2024,7,45.0372,-95.3875,45.0294,-95.3429,EF0,0,0,0,0,0.0,0.0,True
2024,3,40.497,-83.994,40.3932,-83.5918,EF3,3,0,25,0,5000000.0,0.0,True
2024,12,35.03,-82.215,35.049,-82.196,EF0,0,0,0,0,0.0,0.0,True
2024,12,34.662,-81.824,34.692,-81.809,EF0,0,0,0,0,0.0,0.0,True
2024,12,34.761,-81.754,34.777,-81.73,EF0,0,0,0,0,0.0,0.0,True
2024,12,34.71,-81.553,34.807,-81.519,EF0,0,0,0,0,0.0,0.0,True
2024,12,31.5467,-87.1615,31.5498,-87.1595,EF1,0,0,0,0,0.0,0.0,True
2024,12,31.5289,-87.1668,31.5467,-87.1615,EF1,0,0,0,0,0.0,0.0,True
2024,12,32.0931,-88.9187,32.096,-88.913,EF0,0,0,0,0,7000.0,0.0,True
2024,12,32.096,-88.913,32.187,-88.75,EF1,0,0,0,0,80000.0,10000.0,True
2024,12,35.305,-82.121,35.318,-82.127,EF0,0,0,0,0,0.0,0.0,True
2024,12,35.201,-80.981,35.224,-80.972,EF0,0,0,0,0,0.0,0.0,True
2024,12,34.7753,-86.9782,34.8303,-86.965,EF1,0,0,0,0,2400000.0,0.0,True
2024,5,34.6407,-85.8578,34.62,-85.793,EF3,0,0,7,0,4500000.0,0.0,True
2024,12,30.02,-95.12,30.02,-95.12,EF0,0,0,0,0,0.0,0.0,True
2024,12,29.4498,-95.0548,29.4498,-95.0548,EF1,0,0,0,0,0.0,0.0,True
2024,12,32.3856,-85.9815,32.4025,-85.9426,EF0,0,0,0,0,0.0,0.0,True
2024,12,33.7138,-88.2103,33.7683,-88.1527,EF1,0,0,0,0,0.0,0.0,True
2024,12,29.2159,-96.2288,29.2159,-96.2288,EF1,0,0,0,0,0.0,0.0,True
2024,12,29.67,-95.59,29.67,-95.59,EF1,0,0,0,0,0.0,0.0,True
2024,12,30.25,-94.92,30.25,-94.92,EF0,0,0,0,0,0.0,0.0,True
2024,12,30.07,-95.02,30.07,-95.02,EF0,0,0,0,0,0.0,0.0,True
2024,12,33.9441,-88.2174,33.9534,-88.1949,EF0,0,0,0,0,0.0,0.0,True
2024,12,33.9421,-88.0175,33.9636,-88.0057,EF0,0,0,0,0,0.0,0.0,True
2024,12,34.0598,-87.7171,34.0843,-87.6963,EF0,0,0,0,0,0.0,0.0,True
2024,12,40.2158,-83.4027,40.2208,-83.4015,EF0,0,0,0,0,15000.0,0.0,True
2024,12,32.1316,-86.2238,32.2174,-86.0879,EF1,0,0,0,0,0.0,0.0,True
2024,12,34.2034,-81.2521,34.2476,-81.1479,EF0,0,0,0,0,0.0,0.0,True
2024,12,32.6733,-87.819,32.6912,-87.794,EF1,0,0,0,0,0.0,0.0,True
2024,12,32.6912,-87.794,32.8289,-87.6527,EF1,0,0,0,0,0.0,0.0,True
2024,12,38.0634,-92.7322,38.063,-92.7291,EFU,0,0,0,0,0.0,0.0,True
2024,12,34.1534,-81.3024,34.2027,-81.2502,EF0,0,0,0,0,0.0,0.0,True
2024,12,32.9193,-86.6622,32.9565,-86.5688,EF0,0,0,0,0,0.0,0.0,True
2024,12,33.3551,-86.4716,33.3716,-86.4541,EF1,0,0,0,0,0.0,0.0,True
2024,12,29.83,-95.9,29.83,-95.9,EF1,0,0,0,0,0.0,0.0,True
2024,5,34.1102,-101.8322,34.1102,-101.8322,EFU,0,0,0,0,0.0,0.0,True
2024,12,29.8602,-93.7817,29.8999,-93.6499,EFU,0,0,0,0,0.0,0.0,True
2024,12,29.717,-94.355,29.8155,-93.9292,EF3,0,0,1,0,500000.0,0.0,True
2024,12,31.21,-91.37,31.19,-91.29,EF0,0,0,0,0,2000.0,0.0,True
2024,12,37.0483,-122.0343,37.0465,-122.0291,EF1,0,0,5,0,10.0,0.0,True
2024,12,32.0727,-89.5866,32.0767,-89.5767,EF0,0,0,0,0,3000.0,0.0,True
2024,5,31.4112,-90.2087,31.4099,-90.2009,EF1,0,0,0,0,120000.0,0.0,True
2024,6,26.3611,-81.8455,26.3606,-81.8455,EFU,0,0,0,0,0.0,0.0,True
2024,12,31.18,-91.16,31.17,-91.1,EF0,0,0,0,0,1000.0,0.0,True
2024,12,31.0602,-90.6655,31.0611,-90.6584,EF1,0,0,0,0,3000.0,0.0,True
2024,12,32.538,-91.39,32.6704,-91.28,EF1,0,0,0,0,200000.0,0.0,True
2024,5,34.4927,-100.9354,34.4927,-100.9354,EFU,0,0,0,0,0.0,0.0,True
2024,5,33.7568,-101.53,33.7568,-101.53,EFU,0,0,0,0,0.0,0.0,True
2024,5,34.4146,-100.8303,34.4309,-100.819,EFU,0,0,0,0,0.0,0.0,True
2024,12,31.0204,-92.9878,31.011,-92.9708,EF1,0,0,0,0,5000.0,0.0,True
2024,5,30.9647,-92.8007,30.9873,-92.7363,EF1,0,0,0,0,20000.0,0.0,True
2024,12,30.85,-91.7,30.86,-91.67,EF0,0,0,0,0,1000.0,0.0,True
2024,12,31.13,-90.65,31.1,-90.55,EF1,0,0,0,0,5000.0,0.0,True
2024,12,32.4768,-91.4357,32.538,-91.39,EF1,0,0,0,0,50000.0,0.0,True
2024,7,38.2695,-87.4739,38.2747,-87.478,EF1,0,0,0,0,20000.0,2000.0,True
2024,12,30.52,-91.07,30.5,-91.03,EF0,0,0,0,0,3000.0,0.0,True
2024,12,31.03,-90.57,31.036,-90.55,EF1,0,0,0,0,10000.0,0.0,True
2024,12,31.1,-90.55,31.1,-90.53,EF1,0,0,0,0,0.0,0.0,True
2024,12,32.0072,-86.6616,32.0502,-86.5889,EF0,0,0,2,0,0.0,0.0,True
2024,12,32.4729,-85.8696,32.4802,-85.823,EF0,0,0,0,0,0.0,0.0,True
2024,5,36.4717,-87.1022,36.467,-87.0631,EF1,0,0,0,0,250000.0,0.0,True
2024,7,32.1961,-93.7719,32.2012,-93.7749,EF0,0,0,0,0,0.0,0.0,True
2024,12,31.036,-90.55,31.05,-90.51,EF1,0,0,0,0,0.0,0.0,True
2024,5,37.0176,-88.6001,37.0194,-88.5972,EFU,0,0,0,0,0.0,0.0,True
2024,12,31.5144,-93.7087,31.5352,-93.6888,EF1,0,0,0,0,35000.0,0.0,True
2024,5,37.6647,-89.1739,37.666,-89.153,EF0,0,0,0,0,2000.0,0.0,True
2024,12,32.4287,-92.6943,32.4462,-92.6865,EF1,0,0,0,0,100000.0,0.0,True
2024,7,31.8176,-93.8321,31.8379,-93.8362,EF2,0,0,1,0,100000.0,0.0,True
2024,3,38.7295,-85.4339,38.7231,-85.327,EF2,0,0,2,0,0.0,0.0,True
2024,5,34.6949,-85.8559,34.612,-85.8302,EF1,0,0,0,0,138000.0,0.0,True
2024,12,30.46,-89.83,30.48,-89.81,EF0,0,0,0,0,6000.0,0.0,True
2024,5,48.94,-107.35,48.9416,-107.3445,EFU,0,0,0,0,0.0,0.0,True
2024,7,48.5978,-106.1149,48.5978,-106.1149,EF0,0,0,0,0,0.0,0.0,True
2024,12,31.5498,-87.1595,31.5515,-87.1586,EF1,0,0,0,0,0.0,0.0,True
2024,12,31.5239,-87.1659,31.5289,-87.1668,EF1,0,0,0,0,0.0,0.0,True
2024,11,43.2193,-84.7174,43.2194,-84.6703,EF0,0,0,0,0,20000.0,0.0,True
2024,12,38.2862,-93.1104,38.3031,-93.0919,EF0,0,0,0,0,12000.0,0.0,True
2024,12,31.4191,-90.4002,31.519,-90.2802,EF1,0,0,0,0,25000.0,0.0,True
2024,12,32.2352,-90.734,32.2384,-90.7266,EF0,0,0,0,0,2000.0,0.0,True
2024,12,30.3,-89.9,30.3,-89.88,EF1,0,0,0,0,35000.0,0.0,True
2024,12,31.6303,-90.6162,31.637,-90.5001,EF1,0,0,0,0,30000.0,0.0,True
2024,12,31.23,-90.98,31.26,-90.94,EF1,0,0,0,0,5000.0,0.0,True
2024,11,40.4713,-79.9113,40.4754,-79.8931,EF0,0,0,0,0,50000.0,0.0,True
2024,12,31.14,-91.42,31.11,-91.23,EF1,0,0,0,0,5000.0,0.0,True
2024,11,38.8355,-90.9519,38.8866,-90.8877,EF0,0,0,0,0,5000.0,0.0,True
2024,11,38.9842,-91.3047,38.9953,-91.2762,EF0,0,0,0,0,0.0,0.0,True
2024,11,38.8866,-90.8877,38.8983,-90.8729,EF0,0,0,0,0,0.0,0.0,True
2024,11,36.082,-94.548,36.102,-94.521,EF1,0,0,0,0,0.0,0.0,True
2024,11,36.102,-94.521,36.144,-94.483,EF1,0,0,0,0,50000.0,0.0,True
2024,11,33.9463,-94.7729,33.9889,-94.7568,EF1,0,0,0,0,0.0,0.0,True
2024,11,37.0596,-92.2601,37.0596,-92.26,EF0,0,0,0,0,0.0,0.0,True
2024,11,37.0065,-92.3536,37.0067,-92.3535,EF0,0,0,0,0,0.0,0.0,True
2024,11,36.8524,-92.54,36.8524,-92.5399,EF0,0,0,0,0,0.0,0.0,True
2024,11,36.351,-94.146,36.397,-94.11,EF2,0,0,0,0,900000.0,0.0,True
2024,9,38.1402,-80.2309,38.157,-80.1964,EFU,0,0,0,0,0.0,0.0,True
2024,11,35.916,-96.321,35.949,-96.252,EF0,0,0,0,0,25000.0,0.0,True
2024,11,45.6149,-123.9435,45.6147,-123.937,EF0,0,0,0,0,10400.0,0.0,True
2024,11,36.266,-96.084,36.284,-96.052,EF1,0,0,0,0,40000.0,0.0,True
2024,11,36.508,-95.812,36.598,-95.718,EF1,0,0,0,0,0.0,0.0,True
2024,11,36.494,-95.84,36.5,-95.832,EF1,0,0,0,0,20000.0,0.0,True
2024,11,36.598,-95.718,36.613,-95.698,EF1,0,0,0,0,0.0,0.0,True
2024,11,36.153,-94.488,36.203,-94.433,EF1,0,0,0,0,40000.0,0.0,True
2024,11,35.09,-99.294,35.117,-99.302,EFU,0,0,0,0,0.0,0.0,True
2024,11,35.117,-99.302,35.117,-99.302,EFU,0,0,0,0,0.0,0.0,True
2024,11,35.829,-98.42,35.853,-98.42,EF1,0,0,0,0,50000.0,0.0,True
2024,11,35.8184,-95.7505,35.8184,-95.7505,EFU,0,0,0,0,0.0,0.0,True
2024,11,35.4764,-95.1579,35.4764,-95.1579,EFU,0,0,0,0,0.0,0.0,True
2024,11,35.5929,-95.0705,35.5929,-95.0705,EFU,0,0,0,0,0.0,0.0,True
2024,9,42.6375,-109.8749,42.638,-109.8738,EF0,0,0,0,0,0.0,0.0,True
2024,11,35.019,-97.21,35.02,-97.188,EF0,0,0,0,0,2000.0,0.0,True
2024,9,41.4319,-85.5737,41.5236,-85.4971,EF1,0,0,0,0,500000.0,0.0,True
2024,9,41.5975,-85.3706,41.6176,-85.3453,EF1,0,0,2,0,300000.0,0.0,True
2024,9,41.7065,-86.185,41.7071,-86.1793,EF0,0,0,0,0,25000.0,0.0,True
2024,11,35.785,-94.861,35.843,-94.807,EF1,0,0,0,0,80000.0,0.0,True
2024,11,35.843,-94.807,36.082,-94.548,EF2,0,0,0,0,150000.0,0.0,True
2024,11,35.024,-96.722,35.029,-96.706,EF1,0,0,0,0,20000.0,0.0,True
2024,9,40.4274,-85.0274,40.4344,-84.9766,EF1,0,0,0,0,500000.0,0.0,True
2024,11,32.0835,-90.3438,32.0946,-90.3302,EF1,0,0,0,0,15000.0,0.0,True
2024,11,31.8,-99.84,31.8081,-99.8343,EFU,0,0,0,0,0.0,0.0,True
2024,9,26.202,-81.515,26.202,-81.515,EF0,0,0,0,0,0.0,0.0,True
2024,9,26.277,-81.556,26.277,-81.556,EF0,0,0,0,0,0.0,0.0,True
2024,11,35.364,-97.438,35.377,-97.432,EF3,0,0,0,0,1000000.0,0.0,True
2024,9,43.6457,-108.2136,43.6466,-108.21,EF0,0,0,0,0,50000.0,0.0,True
2024,11,33.5104,-94.911,33.58,-94.8117,EF1,0,0,0,0,0.0,0.0,True
2024,11,34.619,-97.161,34.619,-97.161,EF0,0,0,0,0,0.0,0.0,True
2024,11,34.983,-97.028,34.996,-97.024,EF0,0,0,0,0,10000.0,0.0,True
2024,9,48.2081,-98.9087,48.2081,-98.9087,EFU,0,0,0,0,0.0,0.0,True
2024,11,35.08,-96.991,35.08,-96.991,EFU,0,0,0,0,0.0,0.0,True
2024,11,34.05,-98.187,34.147,-98.105,EF1,0,0,0,0,0.0,0.0,True
2024,11,34.493,-99.782,34.507,-99.772,EF1,0,0,0,0,5000.0,0.0,True
2024,11,34.291,-97.969,34.542,-97.744,EF3,0,0,6,0,5000000.0,0.0,True
2024,11,34.534,-97.869,34.546,-97.852,EF1,0,0,0,0,50000.0,0.0,True
2024,11,34.507,-99.772,34.539,-99.76,EF1,0,0,0,0,5000.0,0.0,True
2024,11,34.612,-99.775,34.667,-99.79,EF1,0,0,0,0,15000.0,0.0,True
2024,11,34.669,-99.558,34.725,-99.549,EF0,0,0,0,0,0.0,0.0,True
2024,9,31.23,-83.65,31.2324,-83.6511,EFU,0,0,0,0,0.0,0.0,True
2024,11,34.725,-99.549,34.775,-99.528,EFU,0,0,0,0,0.0,0.0,True
2024,11,34.746,-99.7,34.768,-99.701,EFU,0,0,0,0,0.0,0.0,True
2024,11,34.768,-99.701,34.785,-99.705,EFU,0,0,0,0,0.0,0.0,True
2024,11,30.1473,-92.28,30.1802,-92.2688,EF1,0,0,0,0,0.0,0.0,True
2024,11,30.1118,-92.3001,30.1473,-92.2848,EF1,0,0,0,0,150000.0,0.0,True
2024,11,34.682,-97.622,34.69,-97.618,EFU,0,0,0,0,0.0,0.0,True
2024,11,35.171,-97.638,35.265,-97.603,EF1,0,0,0,0,5000000.0,0.0,True
2024,11,34.82,-99.465,34.884,-99.469,EF0,0,0,0,0,5000.0,0.0,True
2024,11,34.959,-99.431,34.98,-99.43,EFU,0,0,0,0,0.0,0.0,True
2024,11,35.054,-99.356,35.092,-99.369,EFU,0,0,0,0,0.0,0.0,True
2024,11,30.4752,-92.6223,30.4885,-92.616,EF1,0,0,3,0,100000.0,0.0,True
2024,11,35.454,-97.357,35.454,-97.357,EFU,0,0,0,0,0.0,0.0,True
2024,11,35.4,-97.242,35.549,-97.141,EF3,0,0,7,0,40000000.0,0.0,True
2024,11,36.8563,-93.5548,36.8648,-93.5318,EF0,0,0,0,0,35000.0,0.0,True
2024,11,34.626,-96.461,34.626,-96.461,EFU,0,0,0,0,0.0,0.0,True
2024,11,34.516,-96.14,34.516,-96.14,EFU,0,0,0,0,0.0,0.0,True
2024,11,35.549,-97.141,35.701,-97.002,EF1,0,0,0,0,300000.0,0.0,True
2024,11,34.626,-97.653,34.682,-97.622,EF2,0,0,0,0,250000.0,0.0,True
2024,11,35.215,-97.513,35.214,-97.495,EF0,0,0,0,0,5000.0,0.0,True
2024,11,34.89,-94.11,34.8916,-94.1077,EFU,0,0,0,0,0.0,0.0,True
2024,11,34.85,-93.49,34.8749,-93.4609,EFU,0,0,0,0,0.0,0.0,True
2024,11,34.68,-97.434,34.684,-97.421,EF1,0,0,0,0,10000.0,0.0,True
2024,11,34.738,-97.364,34.739,-97.321,EF1,0,0,0,0,50000.0,0.0,True
2024,11,35.377,-97.432,35.396,-97.424,EF3,0,0,6,0,15000000.0,0.0,True
2024,11,35.346,-99.084,35.361,-99.087,EFU,0,0,0,0,0.0,0.0,True
2024,5,41.26,-101.78,41.267,-101.77,EF1,0,0,0,0,5000.0,0.0,True
2024,5,41.26,-101.78,41.27,-101.77,EF2,0,0,0,0,3500000.0,0.0,True
2024,4,34.168,-98.61,34.19,-98.571,EF1,0,0,0,0,30000.0,0.0,True
2024,4,35.703,-99.527,35.711,-99.52,EF1,0,0,0,0,5000.0,0.0,True
2024,4,35.6914,-99.4556,35.6914,-99.4556,EF0,0,0,0,0,0.0,0.0,True
2024,4,35.442,-98.404,35.446,-98.391,EF0,0,0,0,0,0.0,0.0,True
2024,4,34.5365,-98.1831,34.5365,-98.1831,EFU,0,0,0,0,0.0,0.0,True
2024,9,34.654,-83.513,34.659,-83.503,EF0,0,0,0,0,2000.0,0.0,True
2024,9,35.102,-82.549,35.103,-82.545,EF0,0,0,0,0,5000.0,0.0,True
2024,4,35.276,-98.99,35.311,-98.978,EF1,0,0,0,0,250000.0,0.0,True
2024,9,35.47,-82.074,35.475,-82.071,EF0,0,0,0,0,5000.0,0.0,True
2024,5,34.7428,-84.5015,34.7434,-84.4852,EF0,0,0,0,0,0.0,0.0,True
2024,9,36.47,-79.82,36.48,-79.82,EF1,0,0,0,0,35000.0,0.0,True
2024,5,37.09,-98.4,37.1083,-98.3919,EF0,0,0,0,0,0.0,0.0,True
2024,7,41.26,-100.2,41.26,-100.2,EFU,0,0,0,0,0.0,0.0,True
2024,5,18.4721,-66.7041,18.4706,-66.7002,EF0,0,0,0,0,7500.0,0.0,True
2024,3,37.9278,-86.3549,37.9246,-86.3476,EF0,0,0,0,0,0.0,0.0,True
2024,5,30.2508,-93.2794,30.2146,-93.1795,EF1,0,0,0,0,150000.0,0.0,True
2024,5,41.29,-101.93,41.29,-101.93,EFU,0,0,0,0,0.0,0.0,True
2024,6,37.65,-100.21,37.6448,-100.1603,EF0,0,0,0,0,0.0,0.0,True
2024,5,32.2466,-82.5416,32.219,-82.442,EF1,0,0,0,0,0.0,0.0,True
2024,5,40.88,-100.7,40.89,-100.69,EF0,0,0,0,0,0.0,0.0,True
2024,5,47.0693,-120.0547,47.0743,-120.0543,EF0,0,0,0,0,0.0,0.0,True
2024,5,42.5814,-88.7242,42.5899,-88.7087,EF1,0,0,0,0,100000.0,0.0,True
2024,5,34.6641,-84.5084,34.6662,-84.4977,EF1,0,0,0,0,0.0,0.0,True
2024,6,30.1531,-102.4236,30.1475,-102.4096,EF3,0,0,12,0,400000.0,0.0,True
2024,5,33.4316,-84.9501,33.4202,-84.8916,EF1,0,0,0,0,0.0,0.0,True
2024,6,31.01,-90.69,31.02,-90.55,EF0,0,0,0,0,0.0,0.0,True
2024,6,30.75,-90.7,30.74,-90.65,EF1,0,0,0,0,0.0,0.0,True
2024,5,41.003,-101.528,40.976,-101.48,EFU,0,0,0,0,0.0,0.0,True
2024,9,36.747,-79.238,36.749,-79.238,EF1,0,0,0,0,5000.0,0.0,True
2024,6,31.02,-90.54,31.04,-90.42,EF1,0,0,0,0,0.0,0.0,True
2024,6,31.18,-90.87,31.17,-90.8,EF1,0,0,0,0,0.0,0.0,True
2024,2,25.84,-80.49,25.8444,-80.4811,EFU,0,0,0,0,0.0,0.0,True
2024,2,39.8856,-83.4128,39.9223,-83.2424,EF1,0,0,0,0,250000.0,0.0,True
2024,2,40.0221,-82.8191,40.0402,-82.7684,EF2,0,0,0,0,300000.0,0.0,True
2024,6,46.4216,-99.6189,46.422,-99.6071,EFU,0,0,0,0,0.0,0.0,True
2024,6,47.07,-99.3,47.0783,-99.27,EFU,0,0,0,0,0.0,0.0,True
2024,5,41.3997,-93.6787,41.4194,-93.6503,EF0,0,0,0,0,10000.0,0.0,True
2024,2,39.8038,-83.2097,39.8057,-83.1687,EF0,0,0,0,0,250000.0,0.0,True
2024,2,25.98,-80.34,26.02,-80.31,EF0,0,0,0,0,10000.0,0.0,True
2024,9,37.3,-79.57,37.32,-79.57,EF1,0,0,0,0,113440.0,0.0,True
2024,6,31.17,-90.75,31.16,-90.66,EF1,0,0,0,0,0.0,0.0,True
2024,5,32.7767,-100.0502,32.7662,-100.0463,EFU,0,0,0,0,0.0,0.0,True
2024,7,41.05,-89.19,41.04,-89.18,EFU,0,0,0,0,0.0,0.0,True
2024,4,34.8299,-98.8498,34.8299,-98.8498,EF0,0,0,0,0,0.0,0.0,True
2024,6,45.3532,-92.6146,45.4131,-92.5573,EF1,0,0,0,0,0.0,0.0,True
2024,6,44.6948,-95.3342,44.6989,-95.3315,EF0,0,0,0,0,0.0,0.0,True
2024,5,41.034,-101.576,41.003,-101.528,EFU,0,0,0,0,0.0,0.0,True
2024,5,41.47,-100.25,41.47,-100.25,EFU,0,0,0,0,0.0,0.0,True
2024,5,41.5984,-93.2308,41.5992,-93.2285,EF0,0,0,0,0,25000.0,0.0,True
2024,7,41.1254,-89.3572,41.1257,-89.3486,EF1,0,0,0,0,0.0,0.0,True
2024,9,36.1364,-81.6769,36.1435,-81.6721,EF1,0,0,0,0,8000.0,0.0,True
2024,6,46.77,-103.02,46.7669,-103.0096,EFU,0,0,0,0,0.0,0.0,True
2024,7,41.0915,-89.3481,41.0633,-89.2335,EF1,0,0,0,0,0.0,0.0,True
2024,6,47.21,-103.82,47.2038,-103.8119,EFU,0,0,0,0,0.0,0.0,False
2024,9,36.73,-79.47,36.82,-79.51,EF2,0,0,1,0,839730.0,0.0,True
2024,7,47.1,-102.78,47.09,-102.7645,EFU,0,0,0,0,0.0,0.0,True
2024,7,41.05,-89.18,41.04,-89.17,EFU,0,0,0,0,0.0,0.0,True
2024,7,47.4044,-99.7541,47.4,-99.75,EFU,0,0,0,0,0.0,0.0,True
2024,6,30.73,-90.56,30.73,-90.5,EF1,0,0,0,0,0.0,0.0,True
2024,6,30.95,-90.47,30.96,-90.35,EF1,0,0,0,0,0.0,0.0,True
2024,7,40.9971,-89.3629,40.9913,-89.3516,EF1,0,0,0,0,0.0,0.0,True
2024,5,41.26,-101.78,41.26,-101.78,EF1,0,0,0,0,50000.0,0.0,True
2024,9,36.2779,-80.994,36.2856,-81.0015,EF1,0,0,0,0,15000.0,0.0,True
2024,6,28.0404,-97.0835,28.0401,-97.0882,EF0,0,0,0,0,5000.0,5000.0,True
2024,5,35.662,-86.817,35.6622,-86.8063,EF3,0,0,0,0,250000.0,0.0,True
2024,5,35.3553,-87.2837,35.3684,-87.2215,EF0,0,0,0,0,250000.0,0.0,True
2024,5,35.6936,-86.5033,35.6975,-86.4508,EF0,0,0,0,0,100000.0,0.0,True
2024,5,35.378,-97.543,35.397,-97.512,EF1,0,0,0,0,300000.0,0.0,True
2024,9,41.2498,-82.3328,41.2517,-82.3292,EF0,0,0,0,0,25000.0,0.0,True
2024,8,43.4269,-93.0766,43.4251,-93.0762,EFU,0,0,0,0,0.0,500.0,True
2024,8,43.4289,-93.0595,43.4184,-93.0511,EFU,0,0,0,0,0.0,1000.0,True
2024,5,34.6724,-84.6408,34.6706,-84.6276,EF1,0,0,0,0,0.0,0.0,True
2024,5,36.2551,-86.1835,36.2571,-86.1747,EF0,0,0,0,0,25000.0,0.0,True
2024,5,35.0232,-87.0405,35.0183,-86.9367,EF2,0,0,1,0,4000000.0,0.0,True
2024,6,47.6136,-91.2513,47.5746,-91.1824,EF1,0,0,0,0,0.0,0.0,True
2024,6,46.7235,-93.0607,46.6778,-92.9159,EF0,0,0,0,0,50000.0,0.0,True
2024,5,35.6095,-87.0007,35.662,-86.817,EF3,1,0,12,0,10000000.0,0.0,True
2024,10,36.0936,-111.2928,36.1136,-111.2851,EF0,0,0,0,0,0.0,0.0,True
2024,5,39.91,-79.86,39.91,-79.85,EF0,0,0,0,0,10000.0,0.0,True
2024,8,43.4843,-93.3918,43.4842,-93.3863,EFU,0,0,0,0,0.0,500.0,True
2024,7,40.5544,-97.8303,40.57,-97.82,EF1,0,0,0,0,50000.0,2500000.0,True
2024,6,40.6828,-88.6773,40.6836,-88.6657,EF1,0,0,0,0,0.0,0.0,True
2024,6,40.6691,-88.7426,40.6694,-88.7291,EF1,0,0,0,0,0.0,0.0,True
2024,1,32.0787,-81.9503,32.1399,-81.9121,EF1,0,0,0,0,100000.0,0.0,True
2024,5,35.767,-97.016,35.748,-96.986,EF0,0,0,0,0,5000.0,0.0,True
2024,3,30.624,-84.008,30.6274,-83.9974,EF1,0,0,0,0,0.0,0.0,True
2024,3,30.611,-84.0518,30.624,-84.008,EF1,0,0,0,0,0.0,0.0,True
2024,3,31.4718,-85.5663,31.4914,-85.4961,EF1,0,0,0,0,200000.0,0.0,True
2024,10,27.3052,-81.342,27.3409,-81.3653,EF2,0,0,1,0,500000.0,0.0,True
2024,5,35.755,-99.535,35.755,-99.535,EF0,0,0,0,0,5000.0,0.0,True
2024,5,35.698,-99.486,35.681,-99.459,EF0,0,0,0,0,10000.0,0.0,True
2024,9,34.6864,-78.4478,34.76,-78.44,EF0,0,0,0,0,0.0,0.0,True
2024,5,40.3578,-79.6523,40.381,-79.6054,EF0,0,0,0,0,100000.0,0.0,True
2024,5,36.646,-98.962,36.668,-98.923,EF1,0,0,0,0,10000.0,0.0,True
2024,5,36.653,-98.938,36.657,-98.912,EF1,0,0,0,0,10000.0,0.0,True
2024,5,40.5503,-80.4682,40.5491,-80.4673,EF0,0,0,0,0,10000.0,0.0,True
2024,5,39.721,-79.498,39.717,-79.494,EF1,0,0,0,0,300000.0,0.0,True
2024,5,35.599,-97.134,35.599,-97.134,EF0,0,0,0,0,20000.0,0.0,True
2024,5,32.02,-93.8785,32.0492,-93.8538,EF1,0,0,0,0,0.0,0.0,True
2024,5,32.4006,-93.553,32.4025,-93.5499,EF1,0,0,0,0,10000.0,0.0,True
2024,5,33.632,-98.341,33.654,-98.287,EF1,0,0,0,0,2000.0,0.0,True
2024,5,35.6032,-98.4733,35.6066,-98.4667,EF1,0,0,0,0,2000.0,0.0,True
2024,7,34.2732,-92.0288,34.3565,-92.0418,EF0,0,0,0,0,0.0,0.0,True
2024,5,36.174,-97.89,36.174,-97.89,EF0,0,0,0,0,0.0,0.0,True
2024,5,32.0488,-93.8248,32.068,-93.8082,EF1,0,0,0,0,100000.0,0.0,True
2024,5,32.0496,-93.8167,32.0592,-93.804,EF1,0,0,0,0,0.0,0.0,True
2024,4,35.611,-98.229,35.67,-98.136,EF1,0,0,0,0,100000.0,0.0,True
2024,5,40.476,-79.9308,40.4872,-79.8982,EF1,0,0,0,0,100000.0,0.0,True
2024,5,35.661,-99.332,35.661,-99.323,EFU,0,0,0,0,0.0,0.0,True
2024,5,34.581,-99.551,34.57,-99.555,EF0,0,0,0,0,10000.0,0.0,True
2024,5,35.629,-98.774,35.617,-98.691,EF1,0,0,0,0,200000.0,0.0,True
2024,5,35.548,-98.574,35.534,-98.568,EF0,0,0,0,0,25000.0,0.0,True
2024,5,36.782,-96.924,36.853,-96.814,EF1,0,0,0,0,100000.0,0.0,True
2024,5,36.213,-99.188,36.233,-99.15,EF1,0,0,0,0,40000.0,0.0,True
2024,5,33.9872,-94.2768,34.0474,-94.1526,EF1,0,0,0,0,500000.0,0.0,True
2024,5,39.571,-79.801,39.57,-79.793,EF0,0,0,0,0,50000.0,0.0,True
2024,9,33.8565,-77.9595,33.8563,-77.968,EF0,0,0,0,0,0.0,0.0,True
2024,9,33.3248,-79.4946,33.359,-79.4855,EF0,0,0,0,0,0.0,0.0,True
2024,5,36.174,-97.804,36.174,-97.804,EF0,0,0,0,0,5000.0,0.0,True
2024,4,34.593,-96.904,34.597,-96.903,EF1,0,0,0,0,5000.0,0.0,True
2024,5,31.6682,-93.4195,31.6965,-93.3378,EF1,0,0,0,0,0.0,0.0,True
2024,5,32.15,-95.48,32.1571,-95.454,EF1,0,0,0,0,0.0,0.0,True
2024,5,35.673,-99.07,35.686,-98.961,EF2,0,0,0,0,250000.0,0.0,True
2024,9,33.8512,-79.2757,33.9042,-79.2984,EF0,0,0,0,0,0.0,0.0,True
2024,5,32.1992,-93.7057,32.2541,-93.6911,EF1,0,0,0,0,100000.0,0.0,True
2024,6,38.1886,-106.0282,38.1918,-106.02,EFU,0,0,0,0,0.0,0.0,True
2024,5,36.058,-98.284,36.096,-98.21,EF1,0,0,0,0,25000.0,0.0,True
2024,5,40.4655,-81.1845,40.4669,-81.1809,EF0,0,0,0,0,250000.0,0.0,True
2024,5,35.408,-97.574,35.408,-97.574,EF0,0,0,0,0,0.0,0.0,True
2024,5,35.448,-97.853,35.483,-97.808,EF2,0,0,0,0,100000.0,0.0,True
2024,5,35.71,-99.001,35.737,-98.891,EF1,0,0,0,0,150000.0,0.0,True
2024,5,35.5521,-98.4399,35.5521,-98.4399,EF0,0,0,0,0,0.0,0.0,True
2024,5,35.551,-98.439,35.549,-98.431,EF1,0,0,0,0,5000.0,0.0,True
2024,5,40.27,-80.06,40.26,-79.95,EF2,0,0,0,0,0.0,0.0,True
2024,5,40.2514,-79.9271,40.254,-79.919,EF0,0,0,0,0,100000.0,0.0,True
2024,5,39.73,-79.51,39.721,-79.498,EF1,0,0,0,0,50000.0,0.0,True
2024,5,35.427,-97.463,35.439,-97.451,EF1,0,0,0,0,50000.0,0.0,True
2024,5,32.2483,-93.6651,32.2521,-93.6661,EF1,0,0,0,0,0.0,0.0,True
2024,5,33.5266,-94.4741,33.5118,-94.4478,EF1,0,0,0,0,0.0,0.0,True
2024,5,34.579,-99.657,34.647,-99.476,EF2,0,0,0,0,300000.0,0.0,True
2024,9,33.9542,-79.34,34.0493,-79.3613,EF0,0,0,0,0,0.0,0.0,True
2024,9,33.4212,-79.2157,33.4972,-79.2272,EFU,0,0,0,0,0.0,0.0,True
2024,5,36.261,-97.675,36.275,-97.564,EF1,0,0,0,0,0.0,0.0,True
2024,5,33.983,-97.263,33.983,-97.263,EFU,0,0,0,0,0.0,0.0,True
2024,5,35.769,-99.624,35.769,-99.624,EF0,0,0,0,0,5000.0,0.0,True
2024,5,35.452,-97.873,35.466,-97.861,EF0,0,0,0,0,2000.0,0.0,True
2024,5,35.447,-97.915,35.474,-97.943,EF0,0,0,0,0,5000.0,0.0,True
2024,5,40.561,-80.519,40.5597,-80.5119,EF0,0,0,0,0,10000.0,0.0,True
2024,5,33.593,-98.423,33.599,-98.385,EF1,0,0,0,0,20000.0,0.0,True
2024,5,40.563,-80.653,40.561,-80.519,EF2,0,0,1,0,0.0,0.0,True
2024,5,36.096,-98.21,36.122,-98.104,EF1,0,0,0,0,15000.0,0.0,True
2024,5,36.713,-97.034,36.714,-97.021,EF0,0,0,0,0,50000.0,0.0,True
2024,5,34.038,-97.209,34.044,-97.206,EFU,0,0,0,0,0.0,0.0,True
2024,5,31.5876,-94.5421,31.5621,-94.4779,EF1,0,0,0,0,0.0,0.0,True
2024,5,33.9422,-94.1116,33.9449,-94.1027,EF0,0,0,0,0,500.0,0.0,True
2024,7,33.4911,-93.0834,33.5128,-93.1139,EF1,0,0,0,0,0.0,0.0,True
2024,5,40.4623,-80.1968,40.4607,-80.1936,EF1,0,0,0,0,75000.0,0.0,True
2024,5,36.48,-103.5,36.45,-103.46,EFU,0,0,0,0,0.0,0.0,True
2024,5,32.2417,-93.677,32.2484,-93.6772,EF1,0,0,0,0,0.0,0.0,True
2024,5,40.31,-79.361,40.308,-79.356,EF0,0,0,0,0,10000.0,0.0,True
2024,12,31.5321,-96.2815,31.536,-96.2742,EF0,0,0,0,0,50000.0,0.0,True
2024,5,40.5834,-80.8012,40.563,-80.653,EF2,0,0,0,0,0.0,0.0,True
2024,5,40.1577,-82.1238,40.1602,-82.1166,EF1,0,0,0,0,100000.0,0.0,True
2024,4,30.251,-89.8143,30.317,-89.6469,EF2,0,0,0,0,1000000.0,0.0,True
2024,5,34.458,-98.601,34.458,-98.601,EFU,0,0,0,0,0.0,0.0,True
2024,7,33.867,-92.7664,33.9052,-92.7972,EF1,0,0,0,0,0.0,0.0,True
2024,7,33.8661,-92.7981,33.9,-92.8037,EF1,0,0,0,0,0.0,0.0,True
2024,5,36.459,-98.317,36.463,-98.277,EFU,0,0,0,0,0.0,0.0,True
2024,5,40.2986,-79.2485,40.2982,-79.2268,EF1,0,0,0,0,100000.0,0.0,True
2024,5,40.1779,-82.0079,40.1785,-82.0063,EF1,0,0,0,0,100000.0,0.0,True
2024,7,34.1127,-92.1825,34.1557,-92.1982,EF1,0,0,0,0,0.0,0.0,True
2024,5,36.463,-98.277,36.466,-98.249,EFU,0,0,0,0,0.0,0.0,True
2024,5,30.32,-91.71,30.33,-91.65,EFU,0,0,0,0,0.0,0.0,True
2024,5,42.8438,-88.8272,42.892,-88.8081,EF0,0,0,0,0,4000.0,0.0,True
2024,6,46.4856,-93.8125,46.4578,-93.7801,EF0,0,0,0,0,50000.0,0.0,True
2024,7,31.8281,-93.1885,31.8595,-93.2,EFU,0,0,0,0,0.0,0.0,True
2024,7,31.9245,-93.1147,32.0068,-93.1087,EF1,0,0,0,0,0.0,0.0,True
2024,7,31.6498,-95.0968,31.6466,-95.1156,EF1,0,0,0,0,50000.0,0.0,True
2024,7,32.9457,-93.2575,33.0023,-93.2639,EF1,0,0,0,0,10000.0,0.0,True
2024,7,32.0702,-93.6522,32.1173,-93.6697,EF0,0,0,0,0,0.0,0.0,True
2024,7,32.389,-94.507,32.4485,-94.5843,EF1,0,0,0,0,0.0,0.0,True
2024,7,33.0044,-93.7893,33.0193,-93.7966,EF1,0,0,0,0,20000.0,0.0,True
2024,7,31.821,-93.9686,31.9049,-94.0248,EF1,0,0,0,0,0.0,0.0,True
2024,7,31.845,-93.752,31.9939,-93.8337,EF2,0,0,0,0,1000000.0,0.0,True
2024,7,31.8829,-93.5856,31.9224,-93.6263,EF1,0,0,0,0,0.0,0.0,True
2024,7,40.512,-98.9515,40.5075,-98.9319,EF1,0,0,0,0,500000.0,1000000.0,True
2024,6,40.4146,-87.8138,40.4255,-87.7969,EF1,0,0,0,0,0.0,0.0,True
2024,7,32.199,-93.947,32.3577,-94.043,EF1,0,0,1,0,250000.0,0.0,True
2024,7,32.5473,-94.1397,32.665,-94.2313,EF1,0,0,0,0,0.0,0.0,True
2024,7,31.5147,-93.7981,31.5526,-93.8169,EF1,0,0,0,0,85000.0,0.0,True
2024,7,32.0483,-94.7371,32.0761,-94.7917,EF0,0,0,0,0,0.0,0.0,True
2024,7,31.9062,-94.3975,31.9302,-94.4308,EF1,0,0,0,0,200000.0,0.0,True
2024,7,32.3506,-94.694,32.3703,-94.7117,EF0,0,0,0,0,0.0,0.0,True
2024,7,32.37,-94.712,32.3882,-94.7233,EF0,0,0,0,0,100000.0,0.0,True
2024,7,32.3541,-94.4591,32.378,-94.492,EF1,0,0,0,0,85000.0,0.0,True
2024,7,33.1427,-93.8521,33.2114,-93.8982,EF1,0,0,0,0,300.0,0.0,True
2024,7,38.0497,-87.5087,38.0227,-87.4501,EF1,0,0,0,0,35000.0,3000.0,True
2024,7,31.846,-93.528,32.0888,-93.624,EF2,0,0,0,0,250000.0,0.0,True
2024,7,48.64,-106.37,48.64,-106.37,EF0,0,0,0,0,0.0,0.0,True
2024,5,32.3056,-83.2747,32.2439,-83.0843,EF1,0,0,0,0,0.0,0.0,True
2024,5,35.9719,-85.8581,35.9714,-85.8003,EF1,0,0,0,0,300000.0,0.0,True
2024,6,40.5602,-88.5059,40.5602,-88.4879,EF1,0,0,0,0,0.0,0.0,True
2024,6,28.0509,-97.0381,28.0502,-97.0412,EF0,0,0,0,0,25000.0,3000.0,True
2024,7,32.1962,-93.412,32.235,-93.434,EF2,0,0,0,0,0.0,0.0,True
2024,7,32.017,-93.7865,32.0431,-93.817,EF1,0,0,0,0,0.0,0.0,True
2024,7,32.9748,-93.2801,33.0181,-93.3055,EF1,0,0,0,0,35000.0,0.0,True
2024,7,32.8145,-92.7119,32.8605,-92.7194,EF2,0,0,0,0,30000.0,0.0,True
2024,7,32.9628,-92.4918,32.984,-92.4963,EF2,0,0,0,0,300000.0,0.0,True
2024,7,33.513,-93.114,33.5189,-93.1197,EF1,0,0,0,0,10000.0,0.0,True
2024,7,31.58,-93.8377,31.588,-93.84,EF1,0,0,0,0,0.0,0.0,True
2024,7,38.18,-87.786,38.202,-87.772,EF0,0,0,0,0,3000.0,3000.0,True
2024,5,30.254,-93.3475,30.2175,-93.3083,EF2,0,0,0,0,250000.0,0.0,True
2024,6,40.5395,-88.5256,40.5056,-88.4592,EF1,0,0,0,0,0.0,0.0,True
2024,7,33.0662,-93.8104,33.0803,-93.8111,EF0,0,0,0,0,0.0,0.0,True
2024,7,33.0193,-93.7966,33.1054,-93.7976,EF1,0,0,0,0,55000.0,0.0,True
2024,7,31.978,-94.15,32.0261,-94.1868,EF1,0,0,0,0,0.0,0.0,True
2024,7,31.9631,-94.1415,31.978,-94.15,EF1,0,0,0,0,0.0,0.0,True
2024,7,31.588,-93.84,31.6512,-93.8518,EF1,0,0,0,0,30000.0,0.0,True
2024,7,40.57,-97.82,40.58,-97.82,EF1,0,0,0,0,75000.0,2500000.0,True
2024,5,31.4402,-90.1343,31.4401,-90.1327,EF1,0,0,0,0,100000.0,0.0,True
2024,7,32.235,-93.434,32.9107,-93.7395,EF2,2,0,1,0,706000.0,0.0,True
2024,7,32.0696,-93.8783,32.199,-93.947,EF1,0,0,0,0,500000.0,0.0,True
2024,7,32.9785,-93.795,33.0049,-93.8074,EF0,0,0,0,0,0.0,0.0,True
2024,7,32.385,-94.08,32.4004,-94.1191,EF1,0,0,0,0,50000.0,0.0,True
2024,7,33.4357,-94.0711,33.4363,-94.0747,EF1,0,0,0,0,75000.0,0.0,True
2024,7,32.917,-93.238,32.971,-93.2495,EF1,0,0,0,0,0.0,0.0,True
2024,7,37.683,-87.975,37.771,-87.943,EF1,0,0,0,0,8000.0,4000.0,True
2024,7,37.602,-88.01,37.648,-87.997,EF1,0,0,0,0,20000.0,5000.0,True
2024,7,40.4882,-98.8401,40.4629,-98.7656,EF1,0,0,0,0,750000.0,0.0,True
2024,7,32.8703,-93.7585,32.9036,-93.7823,EF1,0,0,0,0,10000.0,0.0,True
2024,7,32.3227,-93.0327,32.368,-93.0511,EF1,0,0,0,0,0.0,0.0,True
2024,7,32.378,-94.492,32.389,-94.507,EF1,0,0,0,0,0.0,0.0,True
2024,7,31.7517,-94.0513,31.8949,-94.1459,EF1,0,0,0,0,300000.0,0.0,True
2024,7,31.7808,-93.714,31.845,-93.752,EF2,0,0,0,0,0.0,0.0,True
2024,7,31.742,-93.5094,31.846,-93.528,EF2,0,0,0,0,50000.0,0.0,True
2024,7,38.406,-87.605,38.421,-87.603,EF1,0,0,0,0,4000.0,1000.0,True
2024,7,32.3577,-94.0429,32.385,-94.08,EF1,0,0,0,0,300000.0,0.0,True
2024,12,31.7144,-91.203,31.7529,-91.0507,EF1,0,0,0,0,35000.0,0.0,True
2024,5,32.7832,-85.0585,32.7642,-84.9895,EF1,0,0,0,0,0.0,0.0,True
2024,5,32.2267,-83.0107,32.202,-82.8763,EF0,0,0,0,0,0.0,0.0,True
2024,5,32.1536,-82.8758,32.146,-82.7566,EF0,0,0,0,0,0.0,0.0,True
2024,7,31.6631,-93.7807,31.6815,-93.7831,EF1,0,0,0,0,0.0,0.0,True
2024,7,33.0182,-93.3056,33.0548,-93.3384,EF1,0,0,0,0,0.0,0.0,True
2024,7,38.0227,-87.4501,37.979,-87.3281,EF1,0,0,0,0,350000.0,10000.0,True
2024,7,38.202,-87.772,38.297,-87.747,EF2,0,0,0,0,350000.0,5000.0,True
2024,7,36.9597,-89.2249,36.9679,-89.2333,EFU,0,0,0,0,0.0,0.0,True
2024,5,30.3266,-91.8536,30.34,-91.71,EF2,0,0,0,0,250000.0,0.0,True
2024,5,42.9911,-89.6976,43.0462,-89.6455,EF1,0,0,0,0,1100000.0,0.0,True
2024,5,42.7083,-88.9366,42.8438,-88.8272,EF0,0,0,0,0,60000.0,0.0,True
2024,7,32.9881,-94.5301,32.9927,-94.602,EF1,0,0,0,0,30000.0,0.0,True
2024,12,33.4638,-88.7488,33.4855,-88.7231,EF1,0,0,0,0,80000.0,0.0,True
2024,12,31.593,-91.5123,31.5936,-91.506,EF1,0,0,0,0,10000.0,0.0,True
2024,7,32.6594,-93.2067,32.6679,-93.2218,EF1,0,0,0,0,50000.0,0.0,True
2024,7,31.7087,-94.5787,31.7588,-94.7038,EF1,0,0,0,0,75000.0,0.0,True
2024,7,40.5866,-98.2895,40.5835,-98.2845,EF0,0,0,0,0,100000.0,500000.0,True
2024,7,33.2914,-93.9485,33.3172,-93.9664,EF1,0,0,0,0,0.0,0.0,True
2024,7,31.7864,-93.6645,31.846,-93.657,EF1,0,0,0,0,50000.0,0.0,True
2024,7,38.042,-87.863,38.09,-87.869,EF1,0,0,0,0,5000.0,2000.0,True
2024,7,37.93,-87.869,38.014,-87.857,EF3,0,0,0,0,1100000.0,0.0,True
2024,7,36.96,-89.18,36.9652,-89.1776,EFU,0,0,0,0,0.0,0.0,True
2024,5,32.219,-82.442,32.1912,-82.3136,EF1,0,0,0,0,0.0,0.0,True
2024,7,40.435,-99.0824,40.435,-99.0824,EFU,0,0,0,0,0.0,0.0,True
2024,7,31.846,-93.657,31.9264,-93.6638,EF1,0,0,0,0,25000.0,0.0,True
2024,5,34.666,-84.4484,34.6619,-84.4148,EF0,0,0,0,0,0.0,0.0,True
2024,5,32.3659,-90.5406,32.3455,-90.4627,EF0,0,0,0,0,40000.0,0.0,True
2024,5,42.4949,-88.643,42.5316,-88.5545,EF0,0,0,0,0,60000.0,0.0,True
2024,5,43.8837,-89.3113,43.9525,-89.2656,EF1,0,0,0,0,60000.0,0.0,True
2024,5,42.6829,-89.1103,42.7865,-88.9247,EF0,0,0,0,0,112000.0,0.0,True
2024,8,29.9999,-82.5064,30.0011,-82.509,EF1,0,0,0,0,0.0,0.0,True
2024,8,32.517,-80.32,32.524,-80.336,EF1,0,0,0,0,0.0,0.0,True
2024,5,30.34,-91.7,30.337,-91.63,EFU,0,0,0,0,0.0,0.0,True
2024,5,42.9062,-88.9168,42.9659,-88.8435,EF0,0,0,0,0,15000.0,0.0,True
2024,6,46.4904,-93.7457,46.4595,-93.6575,EF1,0,0,0,0,500000.0,0.0,True
2024,6,46.4001,-93.5293,46.3871,-93.5016,EF0,0,0,0,0,0.0,0.0,True
2024,6,30.79,-103.48,30.77,-103.47,EFU,0,0,0,0,0.0,0.0,True
2024,7,32.6844,-93.1908,32.6985,-93.211,EF1,0,0,0,0,0.0,0.0,True
2024,7,32.9035,-93.2335,32.917,-93.238,EF1,0,0,0,0,25000.0,0.0,True
2024,7,40.4647,-98.5494,40.4512,-98.5081,EF0,0,0,0,0,50000.0,500000.0,True
2024,6,40.6649,-88.6698,40.6623,-88.6458,EF1,0,0,0,0,0.0,0.0,True
2024,7,40.1885,-99.8145,40.1885,-99.8145,EFU,0,0,0,0,0.0,0.0,True
2024,6,46.6901,-94.2572,46.6519,-94.2204,EF2,0,0,0,0,500000.0,0.0,True
2024,6,46.5473,-93.9912,46.4856,-93.8125,EF2,0,0,0,0,1000000.0,0.0,True
2024,7,32.3245,-93.7169,32.3413,-93.7417,EF1,0,0,0,0,10000.0,0.0,True
2024,7,48.61,-106.24,48.61,-106.24,EF0,0,0,0,0,0.0,0.0,True
2024,8,39.89,-103.83,39.8901,-103.8194,EFU,0,0,0,0,0.0,0.0,True
2024,6,42.6969,-89.9625,42.717,-89.8377,EF2,0,0,0,0,1000000.0,0.0,True
2024,6,43.1751,-88.8431,43.1908,-88.8085,EF1,0,0,0,0,6000.0,0.0,True
2024,10,26.8199,-81.8348,26.8272,-81.8348,EF0,0,0,0,0,25000.0,0.0,True
2024,6,43.1634,-89.01,43.1694,-88.9913,EF0,0,0,0,0,25000.0,0.0,True
2024,10,26.988,-81.8705,26.9893,-81.8709,EF0,0,0,0,0,5000.0,0.0,True
2024,10,27.0669,-81.3474,27.0754,-81.3464,EF1,0,0,0,0,100000.0,0.0,True
2024,4,32.0738,-96.8302,32.0826,-96.8137,EF0,0,0,0,0,100000.0,0.0,True
2024,6,43.1398,-89.0708,43.1634,-89.01,EF1,0,0,0,0,3000000.0,0.0,True
2024,6,42.6242,-88.6101,42.57,-88.5176,EF1,0,0,0,0,150000.0,0.0,True
2024,6,42.7012,-90.3216,42.7182,-90.2143,EF0,0,0,0,0,0.0,0.0,True
2024,6,42.5386,-88.531,42.6037,-88.4774,EF1,0,0,0,0,100000.0,0.0,True
2024,6,42.5561,-88.2707,42.5592,-88.2434,EF0,0,0,0,0,3000.0,0.0,True
2024,10,26.6281,-82.0679,26.6394,-82.0753,EF1,0,0,0,0,50000.0,0.0,True
2024,9,31.6278,-82.8798,31.634,-82.8828,EF0,0,0,0,0,0.0,0.0,True
2024,3,36.1773,-100.9957,36.187,-100.9904,EFU,0,0,0,0,0.0,0.0,True
2024,3,36.3605,-100.7945,36.3705,-100.7982,EF0,0,0,0,0,21000.0,0.0,True
2024,4,31.7754,-97.0496,31.808,-97.0,EF2,0,0,0,0,200000.0,0.0,True
2024,5,34.38,-103.36,34.38,-103.36,EFU,0,0,0,0,0.0,0.0,True
2024,4,30.3601,-89.6198,30.3673,-89.5751,EF1,0,0,0,0,0.0,0.0,True
2024,4,30.69,-91.61,30.7391,-91.5117,EF1,0,0,0,0,20000.0,0.0,True
2024,4,30.4511,-89.4439,30.4365,-89.4005,EF0,0,0,0,0,0.0,0.0,True
2024,3,35.231,-100.2652,35.232,-100.2623,EF1,0,0,0,0,75000.0,0.0,True
2024,4,31.7637,-97.0656,31.765,-97.0629,EF0,0,0,0,0,0.0,0.0,True
2024,4,31.8287,-96.9664,31.83,-96.9633,EF1,0,0,0,0,60000.0,0.0,True
2024,4,30.5246,-89.2719,30.5111,-89.2526,EF1,0,0,0,0,0.0,0.0,True
2024,3,36.3312,-100.8071,36.3518,-100.7945,EF1,0,0,0,0,58000.0,0.0,True
2024,4,31.9508,-96.8032,32.0331,-96.6861,EF1,0,0,0,0,200000.0,0.0,True
2024,4,32.0764,-96.674,32.1983,-96.5467,EF1,0,0,0,0,200000.0,0.0,True
2024,4,30.3354,-89.6301,30.3491,-89.6207,EF0,0,0,0,0,0.0,0.0,True
2024,4,31.883,-97.0869,31.9111,-97.0637,EF1,0,0,0,0,50000.0,0.0,True
2024,4,32.2272,-96.5455,32.2539,-96.5275,EF0,0,0,0,0,0.0,0.0,True
2024,4,30.5009,-89.3236,30.4816,-89.244,EF0,0,0,0,0,0.0,0.0,True
2024,4,30.7391,-91.5117,30.9101,-91.3051,EF1,0,0,0,0,50000.0,0.0,True
2024,4,30.355,-89.6191,30.407,-89.4712,EF1,0,0,0,0,0.0,0.0,True
2024,4,30.3911,-89.6003,30.4033,-89.5137,EF1,0,0,0,0,0.0,0.0,True
2024,4,31.808,-97.0,31.8251,-96.9725,EF2,0,0,0,0,0.0,0.0,True
2024,4,30.3083,-89.7725,30.3353,-89.6301,EF1,0,0,0,0,0.0,0.0,True
2024,4,31.0102,-96.9941,31.0128,-96.9929,EF0,0,0,0,0,5000.0,0.0,True
2024,4,30.9995,-91.2451,31.0152,-91.2345,EF2,0,0,0,0,0.0,0.0,True
2024,9,30.67,-81.43,30.6709,-81.4308,EF0,0,0,0,0,0.0,0.0,True
2024,8,33.9782,-78.5899,33.9815,-78.5941,EF0,0,0,0,0,5000.0,0.0,True
2024,8,34.6617,-77.6903,34.6674,-77.7211,EF0,0,0,0,0,0.0,0.0,True
2024,4,30.8401,-91.3737,30.9995,-91.2451,EF2,0,0,0,0,20000.0,0.0,True
2024,4,30.3559,-89.7519,30.3468,-89.6364,EF2,0,0,0,0,0.0,0.0,True
2024,4,30.3468,-89.6364,30.3501,-89.6215,EF2,0,0,0,0,0.0,0.0,True
2024,4,30.4416,-89.4502,30.4269,-89.4043,EF1,0,0,0,0,100000.0,0.0,True
2024,4,30.3035,-89.7831,30.3447,-89.7546,EF1,0,0,0,0,0.0,0.0,True
2024,8,34.683,-78.1475,34.6834,-78.1485,EF0,0,0,0,0,0.0,0.0,True
2024,4,31.5742,-96.1746,31.577,-96.1537,EF0,0,0,0,0,0.0,0.0,True
2024,4,31.5929,-96.1399,31.6011,-96.1279,EF0,0,0,0,0,15000.0,0.0,True
2024,4,31.5181,-96.38,31.5181,-96.377,EF0,0,0,0,0,0.0,0.0,True
2024,4,31.6277,-97.2599,31.6291,-97.258,EF0,0,0,0,0,10000.0,0.0,True
2024,4,31.6316,-97.2524,31.6398,-97.241,EF1,0,0,0,0,200000.0,0.0,True
2024,6,40.4556,-79.2949,40.4524,-79.2904,EF0,0,0,0,0,50000.0,0.0,True
2024,6,40.426,-80.297,40.3994,-80.1813,EF1,0,0,0,0,50000.0,0.0,True
2024,6,40.3894,-79.808,40.379,-79.769,EF1,0,0,0,0,1000000.0,0.0,True
2024,6,40.4269,-80.306,40.426,-80.297,EF1,0,0,0,0,5000.0,0.0,True
2024,6,40.1191,-82.1367,40.1194,-82.1131,EF2,0,0,8,0,0.0,0.0,True
2024,6,40.3955,-79.6606,40.3768,-79.456,EF2,0,0,0,0,0.0,0.0,True
2024,6,39.7769,-80.1302,39.7768,-80.126,EF0,0,0,0,0,50000.0,0.0,True
2024,6,40.379,-79.796,40.3565,-79.6204,EF1,0,0,0,0,500000.0,0.0,True
