YEAR,MONTH,BEGIN_LAT,BEGIN_LON,TOR_F_SCALE,DEATHS_DIRECT,DEATHS_INDIRECT,INJURIES_DIRECT,INJURIES_INDIRECT,DAMAGE_PROPERTY,DAMAGE_CROPS,RADAR_DIST,RADAR_2026
2011,4,32.3701,-92.8346,1,0,0,0,0,0.0,0.0,94.92247257935169,True
2011,3,30.4368,-89.15,1,0,0,0,0,20000.0,0.0,91.24065165464614,True
2011,4,33.281,-93.383,1,0,0,0,0,75000.0,0.0,101.74916877719474,True
2011,4,34.5912,-88.8323,0,0,0,0,0,10000.0,0.0,89.9924798137008,True
2011,4,33.318,-92.665,1,0,0,0,0,150000.0,0.0,146.1533605048248,True
2011,6,43.2047,-112.4711,0,0,0,0,0,7000.0,0.0,20.63173664914328,True
2011,4,34.7709,-88.5147,0,0,0,0,0,100000.0,0.0,98.66467289073317,True
2011,4,34.1837,-90.8902,0,0,0,0,0,70000.0,0.0,145.13518911861485,True
2011,4,34.4298,-95.8903,0,0,0,0,0,0.0,0.0,161.56668096724772,True
2011,4,34.3202,-88.8848,0,0,0,0,0,100000.0,0.0,69.51249577374682,True
2011,5,40.0019,-94.9178,0,0,0,0,0,7000.0,0.0,143.90452191123478,True
2011,5,34.8256,-94.7248,2,0,0,0,0,100000.0,0.0,61.33900114083814,True
2011,5,42.1599,-99.521,0,0,0,0,0,0.0,0.0,89.96264796705726,True
2011,5,42.4675,-98.5984,0,0,0,0,0,0.0,0.0,172.45494760102736,True
2011,4,35.2993,-77.3222,0,0,0,0,0,0.0,0.0,70.96090407517656,True
2011,4,35.814,-76.832,0,0,0,0,0,0.0,0.0,115.50950800731167,True
2011,4,35.679,-76.634,0,0,0,0,0,0.0,0.0,102.8128249028664,True
2011,4,33.9036,-88.7203,3,0,0,3,0,750000.0,0.0,36.10431052780688,True
2011,4,32.4772,-92.4154,0,0,0,0,0,0.0,0.0,133.8010987716043,True
2011,4,32.5782,-91.9948,0,0,0,0,0,200.0,0.0,173.7088466489987,True
2011,6,41.95,-103.8584,0,0,0,0,0,0.0,0.0,118.71689970642588,True
2011,5,40.153,-84.2442,0,0,0,0,0,0.0,0.0,89.11665116888406,True
2011,5,35.4065,-93.7968,3,2,0,10,0,2000000.0,0.0,52.85107003475448,True
2011,4,32.494,-93.295,1,0,0,0,0,100000.0,0.0,51.46684802190152,True
2011,4,32.6377,-93.7481,0,0,0,0,0,0.0,0.0,22.538571751139358,True
2011,5,35.8377,-95.6423,1,0,0,0,0,10000.0,0.0,38.15837863925469,True
2011,6,41.3528,-103.5066,0,0,0,0,0,0.0,0.0,110.9062453348866,True
2011,6,41.2089,-103.3556,0,0,0,0,0,0.0,0.0,121.55567386390652,True
2011,5,36.8,-82.22,0,0,0,0,0,30000.0,0.0,126.8816852497916,True
2011,3,29.779,-90.82,1,0,0,0,0,50000.0,0.0,91.4086533746167,True
2011,6,40.2281,-90.634,0,0,0,0,0,0.0,0.0,110.52616983441702,True
2011,5,36.1618,-94.7352,2,0,0,0,0,250000.0,0.0,74.42404371017167,True
2011,5,36.553,-94.9733,2,0,0,0,0,1000000.0,0.0,67.56875270646162,True
2011,5,36.0584,-95.3841,1,0,0,0,0,0.0,0.0,20.72630650847464,True
2011,6,41.1602,-102.9936,0,0,0,0,0,0.0,0.0,151.74408486050038,True
2011,5,39.9017,-87.9001,0,0,0,0,0,0.0,0.0,125.41827677474247,True
2011,5,40.47,-88.1951,0,0,0,0,0,0.0,0.0,103.11865989923017,True
2011,6,39.4376,-88.4855,0,0,0,0,0,0.0,0.0,107.57923617582834,True
2011,5,37.3244,-95.3215,0,0,0,0,0,0.0,0.0,129.62366058315314,True
2011,4,32.8596,-95.05,0,0,0,0,0,0.0,0.0,121.94866840965587,True
2011,3,30.65,-91.0878,1,0,0,0,0,25000.0,0.0,66.72576068202306,True
2011,3,30.4132,-90.8,0,0,0,0,0,15000.0,0.0,39.44367833578922,True
2011,4,32.1878,-93.3254,1,0,0,0,0,150000.0,0.0,56.61295698121879,True
2011,6,41.92,-104.3,0,0,0,0,0,0.0,0.0,95.22760856406364,True
2011,6,43.3302,-104.2543,0,0,0,0,0,0.0,0.0,144.5759794216901,True
2011,5,36.0982,-95.1415,1,0,0,0,0,35000.0,0.0,38.90185043903715,True
2011,4,31.812,-92.328,0,0,0,0,0,40000.0,0.0,95.42709203581464,True
2011,4,34.4099,-89.7976,0,0,0,0,0,0.0,0.0,104.17653331987768,True
2011,4,33.675,-94.096,1,0,0,0,0,25000.0,0.0,138.17613132295264,True
2011,4,32.9857,-94.641,0,0,0,0,0,5000.0,0.0,95.57777746265153,True
2011,5,36.5722,-96.6938,0,0,0,0,0,0.0,0.0,110.36235650295994,True
2011,4,32.4376,-92.6858,0,0,0,0,0,0.0,0.0,108.43475564173292,True
2011,4,32.4537,-92.6748,0,0,0,0,0,0.0,0.0,109.4476778061076,True
2011,5,36.465,-96.576,2,0,0,0,0,20000.0,0.0,96.21969788591451,True
2011,5,36.0979,-94.8874,0,0,0,0,0,0.0,0.0,61.373608298663186,True
2011,5,36.2182,-94.8433,0,0,0,0,0,0.0,0.0,64.86086512558933,True
2011,5,36.1389,-94.7574,1,0,0,0,0,0.0,0.0,72.53846710509646,True
2011,4,34.8109,-88.7916,1,0,0,0,0,30000.0,0.0,110.1393302139892,True
2011,4,34.1731,-96.5835,0,0,0,0,0,0.0,0.0,143.73078163337757,True
2011,6,43.357,-104.2391,0,0,0,0,0,0.0,0.0,141.77736031368391,True
2011,4,33.865,-93.521,2,0,0,2,0,500000.0,0.0,158.1948660602891,True
2011,4,34.4436,-90.4376,0,0,0,0,0,25000.0,0.0,112.64261125892536,True
2011,5,36.2264,-94.9542,1,0,0,0,0,0.0,0.0,55.02611654637066,True
2011,5,35.0021,-95.2106,1,0,0,0,0,0.0,0.0,83.56160269822581,True
2011,5,34.6942,-95.0378,0,0,0,0,0,0.0,0.0,90.47734756574773,True
2011,5,36.1704,-94.6639,2,0,0,12,0,400000.0,0.0,80.80702883007659,True
2011,5,36.1845,-94.6387,1,0,0,0,0,0.0,0.0,83.06663075486159,True
2011,5,36.2418,-94.533,1,0,0,0,0,25000.0,0.0,92.81061061365865,True
2011,3,30.2918,-89.7362,2,0,0,0,0,300000.0,0.0,69.17354492379383,True
2011,4,31.6199,-93.6951,2,0,0,0,0,1000000.0,0.0,85.61932336882882,True
2011,4,33.195,-93.889,1,0,0,0,0,100000.0,0.0,82.86818339772898,True
2011,8,45.3521,-87.8857,0,0,0,0,0,5000.0,0.0,96.54735913550591,True
2011,8,41.5306,-81.3629,1,0,0,0,0,300000.0,0.0,43.43008715408375,True
2011,8,35.59,-77.92,0,0,0,0,0,150000.0,0.0,52.19279326563007,True
2011,5,30.11,-94.85,0,0,0,0,0,5000.0,0.0,74.30737278140187,True
2011,4,39.4614,-89.6483,2,0,0,0,0,0.0,0.0,81.11217028745574,True
2011,4,39.25,-97.16,0,0,0,0,0,0.0,0.0,84.81382908651207,True
2011,4,42.4364,-95.4499,1,0,0,0,0,100000.0,0.0,145.4809643009924,True
2011,4,42.5608,-94.9736,2,0,0,0,0,1000000.0,0.0,138.36149032595108,True
2011,4,42.5751,-94.9438,1,0,0,0,0,10000.0,0.0,137.61147845106007,True
2011,7,45.27,-99.73,0,0,0,0,0,0.0,0.0,104.94256837539996,True
2011,7,45.72,-97.65,0,0,0,0,0,0.0,0.0,66.2455079492882,True
2011,4,42.5607,-94.9509,2,0,0,0,0,10000.0,0.0,136.96511419092323,True
2011,4,30.83,-85.18,1,0,0,0,0,500000.0,0.0,74.98575249370961,True
2011,4,42.64,-95.34,0,0,0,0,0,0.0,0.0,154.32107397356265,True
2011,4,42.65,-95.35,0,0,0,0,0,0.0,0.0,152.96239204767497,True
2011,8,46.5866,-87.6448,0,0,0,0,0,0.0,0.0,9.617173193125973,True
2011,6,42.667,-96.088,0,0,0,0,0,20000.0,0.0,114.83680869310157,True
2011,8,46.865,-89.3182,0,0,0,0,0,20000.0,0.0,139.9841410271773,True
2011,6,39.6047,-91.7412,1,0,0,0,0,0.0,0.0,135.9196739125246,True
2011,4,39.3361,-91.1328,1,0,0,0,0,0.0,0.0,80.82136730554973,True
2011,6,36.0541,-90.4205,1,0,0,0,0,120000.0,0.0,93.07625672156415,True
2011,6,39.1832,-121.6719,0,0,0,0,0,0.0,50000.0,34.96575723002746,True
2011,4,39.363,-90.9018,0,0,0,0,0,0.0,0.0,76.2316700412924,True
2011,7,45.59,-96.29,0,0,0,0,0,0.0,0.0,166.06450706103865,True
2011,8,30.2487,-93.7695,0,0,0,0,0,1000.0,0.0,54.95215964453658,True
2011,6,39.7007,-92.0526,1,0,0,0,0,0.0,0.0,162.29944099932868,True
2011,4,39.2965,-91.2967,1,0,0,0,0,0.0,0.0,85.03283078482784,True
2011,11,42.4464,-79.42,2,0,0,0,0,400000.0,0.0,78.95722660826478,True
2011,4,35.5535,-85.1077,4,0,0,2,0,2000000.0,0.0,112.48453488361488,True
2011,4,35.3952,-85.3665,1,0,0,0,0,75000.0,0.0,83.17968363209006,True
2011,4,35.4278,-85.3214,1,0,0,0,0,75000.0,0.0,88.63380966859877,True
2011,9,30.2959,-87.4295,1,0,0,0,0,250000.0,0.0,88.57826479649763,True
2011,5,38.02,-100.44,0,0,0,0,0,0.0,0.0,50.39530696638486,True
2011,5,38.145,-99.387,1,0,0,0,0,110000.0,0.0,66.54078055145519,True
2011,4,35.36,-85.39,2,0,0,0,0,200000.0,0.0,79.10441907712935,True
2011,4,35.17,-84.8977,0,0,0,0,0,50000.0,0.0,111.18706767362637,True
2011,6,37.8592,-91.3555,2,0,0,3,0,150000.0,0.0,110.29793471618126,True
2011,11,35.318,-81.498,0,0,0,0,0,5000.0,0.0,81.53855679371972,True
2011,9,35.42,-80.29,0,0,0,0,0,35000.0,0.0,165.12464147785911,True
2011,4,36.615,-81.664,1,0,0,0,0,50000.0,0.0,131.81470146601794,True
2011,4,35.348,-84.921,0,0,0,0,0,15000.0,0.0,115.45722738048948,True
2011,9,34.87,-110.12,0,0,0,0,0,0.0,0.0,103.8998214732167,True
2011,10,36.3905,-93.5954,0,0,0,0,0,0.0,0.0,95.526731147877,True
2011,4,35.8502,-83.0225,1,0,0,0,0,30000.0,0.0,49.15475872173502,True
2011,4,35.08,-84.95,2,4,0,0,0,500000.0,0.0,104.57702055140442,True
2011,4,35.268,-84.605,1,0,0,0,0,100000.0,0.0,139.65012365010853,True
2011,4,35.0371,-84.9875,4,4,0,200,0,23000000.0,0.0,100.55936850244053,True
2011,6,45.65,-97.28,0,0,0,0,0,0.0,0.0,90.82672512212487,True
2011,8,38.763,-75.165,1,0,0,0,0,0.0,0.0,24.82711906765217,True
2011,4,35.45,-84.46,1,0,0,0,0,200000.0,0.0,124.430292754462,True
2011,5,42.0124,-85.6361,1,0,0,0,0,0.0,0.0,72.8926333747249,True
2011,4,35.02,-85.37,2,0,0,0,0,750000.0,0.0,65.77542253258316,True
2011,4,34.9854,-85.6377,2,0,0,0,0,30000.0,0.0,41.09191344105936,True
2011,8,40.2357,-74.5409,0,0,0,0,0,25000.0,0.0,33.964630434929646,True
2011,4,35.954,-83.286,1,0,0,0,0,100000.0,0.0,26.01144467290065,True
2011,4,35.8202,-83.1319,0,0,0,0,0,20000.0,0.0,45.70217491465004,True
2011,4,36.65,-81.95,3,3,1,50,0,3000000.0,500000.0,140.53724752700668,True
2011,11,31.27,-82.44,1,0,0,0,0,8000.0,0.0,68.15616872200123,True
2011,10,38.529,-101.092,0,0,0,0,0,0.0,0.0,106.99693652038053,True
2011,11,33.32,-82.0827,0,0,0,0,0,10000.0,0.0,113.36604459695629,True
2011,11,33.1431,-81.9098,1,0,0,0,0,200000.0,0.0,97.47109401557654,True
2011,5,43.5006,-92.2469,2,0,0,0,1,250000.0,0.0,92.17547951965321,True
2011,4,36.1419,-82.6418,1,0,0,0,0,10000.0,0.0,68.30944009593895,True
2011,11,33.2065,-81.7545,0,0,0,0,0,20000.0,0.0,90.40415037045571,True
2011,11,31.4296,-89.7624,1,0,0,0,0,100000.0,0.0,96.85652626223859,True
2011,11,29.427,-94.9734,0,0,0,0,0,50000.0,0.0,11.370293355777292,True
2011,4,35.21,-84.9,0,0,0,0,0,15000.0,0.0,112.10859773472447,True
2011,4,36.39,-81.99,2,2,0,0,0,1000000.0,0.0,128.9415062641906,True
2011,4,36.6502,-82.2034,0,0,0,0,0,3000.0,0.0,119.89430197351369,True
2011,4,36.68,-81.98,1,0,0,0,0,75000.0,0.0,139.36453541147188,True
2011,4,34.9868,-85.0485,4,8,0,100,0,20000000.0,0.0,94.53786199451447,True
2011,11,34.66,-98.904,0,0,0,0,0,0.0,0.0,33.77756284688596,True
2011,11,34.726,-98.836,0,0,0,0,0,0.0,0.0,42.45567334411943,True
2011,11,31.7079,-89.2473,2,0,0,15,0,400000.0,0.0,94.22861399307799,True
2011,10,26.1228,-80.3292,2,0,0,0,0,4000000.0,0.0,57.57412819759382,True
2011,10,26.9813,-81.086,0,0,0,0,0,50000.0,0.0,132.84225683415616,True
2011,4,36.29,-82.7,2,0,0,0,0,300000.0,0.0,64.39851663613345,True
2011,11,31.8093,-89.1098,2,0,0,0,0,250000.0,0.0,97.6476876549643,True
2011,4,36.2255,-83.057,0,0,0,0,0,5000.0,0.0,31.598684809646226,True
2011,5,40.7866,-85.5659,0,0,0,0,0,0.0,0.0,64.58921902728103,True
2011,4,36.0106,-82.8706,0,0,0,0,0,15000.0,0.0,50.8637242772369,True
2011,5,40.7541,-84.6896,1,0,0,0,0,0.0,0.0,108.14512707446352,True
2011,7,31.8677,-106.7596,0,0,0,0,0,0.0,0.0,5.848273063037519,True
2011,5,38.441,-99.156,0,0,0,0,0,0.0,0.0,103.82295884287961,True
2011,4,36.035,-82.808,3,6,0,33,0,8000000.0,0.0,55.38219175093649,True
2011,9,34.1388,-91.319,0,0,0,0,0,15000.0,0.0,116.1261623389759,True
2011,7,34.52,-110.08,0,0,0,0,0,0.0,0.0,102.61085705048121,True
2011,5,38.278,-99.255,0,0,0,0,0,0.0,0.0,84.9566065408469,True
2011,5,30.5203,-88.5481,0,0,0,0,0,20000.0,0.0,34.41328731231217,True
2011,9,35.1558,-79.4395,0,0,0,0,0,10000.0,0.0,103.0224818686337,True
2011,11,34.82,-81.18,2,3,0,5,0,1000000.0,0.0,95.14515642425516,True
2011,4,36.1302,-82.6302,2,1,0,0,0,3000000.0,0.0,69.42240555331954,True
2011,6,39.6864,-92.0426,1,0,0,0,0,0.0,0.0,160.59120924925918,True
2011,4,35.218,-84.703,1,0,0,0,0,50000.0,0.0,129.6400754402404,True
2011,4,35.268,-84.663,2,0,0,5,0,200000.0,0.0,134.57523699634535,True
2011,4,35.1802,-84.8675,0,0,0,0,0,20000.0,0.0,114.12185834925347,True
2011,4,35.04,-85.1,1,0,0,0,0,25000.0,0.0,90.431068821221,True
2011,4,36.106,-82.702,3,1,0,70,0,5000000.0,0.0,63.236726124884306,True
2011,4,36.33,-82.635,2,0,0,0,0,500000.0,0.0,71.08463934796796,True
2011,4,35.92,-83.97,1,0,0,0,0,20000.0,0.0,58.059776328459364,True
2011,4,35.87,-84.2,0,0,0,0,0,10000.0,0.0,79.06965598112686,True
2011,4,36.0844,-83.3351,0,0,0,0,0,20000.0,0.0,11.096640050200405,True
2011,4,36.137,-83.4774,0,0,0,0,0,20000.0,0.0,7.618302126562997,True
2011,4,36.2108,-83.4218,0,0,0,0,0,10000.0,0.0,5.047575403013374,True
2011,11,31.3707,-89.8349,1,0,0,0,0,200000.0,0.0,102.09070952954895,True
2011,11,34.855,-98.697,0,0,0,0,0,0.0,0.0,60.48034713628304,True
2011,11,34.9974,-98.5441,0,0,0,0,0,0.0,0.0,80.9526898523575,True
2011,6,37.8646,-91.3848,0,0,0,0,0,0.0,0.0,111.17769770222398,True
2011,9,30.2463,-88.1991,0,0,0,0,0,0.0,0.0,48.32006709199356,True
2011,11,36.53,-77.11,0,0,0,0,0,10000.0,2000.0,51.28857190547517,True
2011,11,30.6,-93.87,1,0,0,0,0,10000.0,0.0,82.00475933547366,True
2011,11,34.704,-81.567,0,0,0,0,0,1000000.0,0.0,62.8583962574928,True
2011,11,34.8095,-81.201,1,0,0,0,0,20000.0,0.0,93.33559149239078,True
2011,12,30.7235,-91.1578,1,0,0,0,0,20000.0,0.0,75.29916437010723,True
2011,2,34.99,-86.5048,1,0,0,0,0,30000.0,0.0,38.948000373099106,True
2011,9,30.3774,-89.0441,0,0,0,0,0,0.0,0.0,84.04594599924124,True
2011,9,35.8899,-76.2484,1,0,0,1,0,20000.0,0.0,136.34874473893635,True
2011,11,32.462,-93.29,0,0,0,0,0,0.0,0.0,51.735647376655905,True
2011,11,33.9511,-95.1416,1,0,0,0,0,25000.0,0.0,165.131968729797,True
2011,11,32.036,-93.9509,2,0,0,0,0,300000.0,0.0,47.265857916187144,True
2011,11,32.3379,-93.6137,0,0,0,0,0,0.0,0.0,24.781061663281033,True
2011,11,32.339,-93.5707,0,0,0,0,0,0.0,0.0,28.28146363884882,True
2011,11,33.9094,-94.3857,0,0,0,0,0,0.0,0.0,153.57678002729142,True
2011,5,37.068,-92.793,0,0,0,0,0,0.0,0.0,56.94351644431385,True
2011,11,32.508,-93.246,0,0,0,0,0,0.0,0.0,56.195529158131016,True
2011,3,31.1902,-92.4322,1,0,0,0,0,100000.0,0.0,51.86630239166191,True
2011,4,27.3068,-80.4201,0,0,0,0,0,0.0,0.0,92.57130741496894,True
2011,3,33.63,-95.182,1,0,0,0,0,400000.0,0.0,181.13397621754808,True
2011,2,38.4062,-91.8152,1,0,0,0,0,0.0,0.0,103.71201922884912,True
2011,4,33.7717,-80.0963,0,0,0,0,0,12000.0,0.0,96.42351070138204,True
2011,4,33.4979,-80.2256,1,0,0,0,0,14000.0,0.0,96.60442306421066,True
2011,3,28.7367,-82.0988,1,0,0,0,0,0.0,0.0,118.47295007725259,True
2011,3,35.5878,-77.8092,0,0,0,0,0,0.0,10000.0,62.132456713899266,True
2011,3,27.9858,-82.0226,1,0,0,0,7,500000.0,0.0,48.621643283259374,True
2011,4,31.2257,-95.0749,1,0,0,0,0,30000.0,0.0,179.27016108629581,True
2011,4,30.6695,-89.4527,1,0,0,0,0,30000.0,0.0,92.88703218434526,True
2011,4,38.8604,-84.8842,1,0,0,0,0,90000.0,0.0,110.78191376612492,True
2011,4,30.4022,-88.7198,1,0,0,0,0,35000.0,0.0,55.35502979085291,True
2011,4,40.5008,-84.9805,1,0,0,0,0,0.0,0.0,112.92137959377702,True
2011,3,42.57,-114.6665,0,0,0,0,0,0.0,0.0,163.53481108244685,True
2011,4,40.0485,-82.2822,1,0,0,0,0,40000.0,0.0,149.02369958136964,True
2011,4,38.9123,-84.4522,1,0,0,0,0,15000.0,0.0,78.39200670654915,True
2011,4,40.4519,-85.537,1,0,0,0,0,0.0,0.0,101.74674228466257,True
2011,4,38.705,-84.5133,1,0,0,0,0,5000.0,0.0,99.45569603954831,True
2011,4,40.3945,-85.7099,1,0,0,0,0,100000.0,0.0,90.51270578622162,True
2011,3,32.61,-81.95,0,0,0,0,0,40000.0,0.0,85.1595835972631,True
2011,2,38.9221,-88.9293,2,0,0,0,0,0.0,0.0,127.98391381219155,True
2011,2,39.0163,-88.8341,1,0,0,0,0,0.0,0.0,127.88621859845202,True
2011,2,38.775,-89.9019,1,0,0,0,0,0.0,0.0,68.25542767445364,True
2011,2,38.7807,-89.9818,1,0,0,0,0,0.0,0.0,61.473059388133024,True
2011,2,39.4786,-91.2125,0,0,0,0,0,0.0,0.0,98.01617746630404,True
2011,2,39.4972,-91.2872,0,0,0,0,0,0.0,0.0,102.95823363766978,True
2011,1,28.873,-82.032,0,0,0,0,0,0.0,0.0,134.80311228520418,True
2011,1,27.41,-81.7,0,0,0,0,0,0.0,0.0,76.59075520361684,True
2011,1,27.46,-81.89,0,0,0,0,0,0.0,0.0,57.35438602407285,True
2011,1,27.4391,-81.3698,0,0,0,0,0,5000.0,0.0,102.80590832675959,True
2011,4,40.8734,-84.6304,0,0,0,0,0,0.0,0.0,104.59039877179048,True
2011,4,45.4208,-119.7096,0,0,0,0,0,500.0,0.0,73.13624608100844,True
2011,2,39.6669,-92.0356,1,0,0,0,0,0.0,0.0,158.68475051430292,True
2011,2,38.6092,-90.6859,1,0,0,0,0,0.0,0.0,9.975664358695305,True
2011,2,31.5515,-85.1902,0,0,0,0,0,150000.0,0.0,27.44996982087912,True
2011,2,35.13,-85.35,1,0,0,0,0,1250000.0,0.0,70.38183322842055,True
2011,4,34.16,-95.05,0,0,0,0,0,10000.0,0.0,140.54879773364905,True
2011,4,37.15,-93.06,0,0,0,0,0,10000.0,0.0,31.596834289049692,True
2011,4,37.0889,-88.8091,0,0,0,0,0,30000.0,0.0,4.01234184446768,True
2011,4,36.9944,-89.012,1,0,0,0,0,40000.0,0.0,22.840209075724513,True
2011,2,38.7308,-89.9266,2,0,0,1,0,0.0,0.0,65.70249131298307,True
2011,2,39.66,-92.0117,0,0,0,0,0,0.0,0.0,156.65718611129725,True
2011,2,38.9964,-88.8072,2,0,0,0,0,0.0,0.0,124.68103323121606,True
2011,2,39.6573,-92.0353,0,0,0,0,0,0.0,0.0,157.94946371022925,True
2011,4,33.7186,-80.7152,1,0,0,0,0,250000.0,12000.0,45.193411085905225,True
2011,4,33.85,-80.43,1,0,0,0,0,48000.0,0.0,64.49312972996054,True
2011,4,34.3907,-85.9784,5,25,0,0,0,0.0,0.0,60.794942291735964,True
2011,4,37.1855,-87.18,1,0,0,0,0,100000.0,0.0,50.77300322791677,True
2011,4,33.9121,-80.0629,0,0,0,0,0,18000.0,0.0,97.48420214045481,True
2011,4,40.5496,-84.5549,2,0,0,0,0,340000.0,0.0,131.67763880518834,True
2011,4,39.5476,-83.2539,1,0,0,0,0,75000.0,0.0,50.74075072596174,True
2011,4,35.582,-77.5974,1,0,0,5,0,1000000.0,0.0,81.20780987724756,True
2011,4,39.064,-82.961,0,0,0,0,0,70000.0,0.0,84.04068081233515,True
2011,4,34.82,-85.6314,4,6,0,0,0,0.0,0.0,43.0449903069065,True
2011,4,34.17,-94.732,0,0,0,0,0,0.0,0.0,129.09329889015666,True
2011,4,34.4545,-94.6623,0,0,0,0,0,500.0,0.0,96.90506075619086,True
2011,3,41.5704,-95.842,1,0,0,2,0,0.0,0.0,51.83572442000046,True
2011,4,32.7078,-95.4021,0,0,0,0,0,0.0,0.0,149.0131740261302,True
2011,2,38.423,-89.5574,0,0,0,0,0,0.0,0.0,102.54422752508519,True
2011,4,42.7384,-85.8338,0,0,0,0,0,1000000.0,0.0,29.22753450705094,True
2011,2,38.444,-89.4215,2,0,0,0,0,0.0,0.0,113.2517985056691,True
2011,2,38.5815,-90.8248,1,0,0,0,0,0.0,0.0,17.958963532619787,True
2011,2,35.179,-85.28,1,0,0,0,0,5000000.0,0.0,78.19098693260312,True
2011,4,40.59,-84.4556,0,0,0,0,0,55000.0,0.0,134.972425115633,True
2011,3,41.2598,-94.6436,0,0,0,0,0,0.0,0.0,92.88115302995874,True
2011,3,41.0556,-94.4704,0,0,0,0,0,0.0,0.0,97.62294378381506,True
2011,3,41.3737,-94.1356,2,0,0,0,0,1000000.0,0.0,52.52605726888828,True
2011,4,38.2953,-80.5271,1,0,0,0,0,6000.0,15000.0,104.3473923017905,True
2011,4,32.4667,-92.4302,0,0,0,0,0,0.0,0.0,132.39996350674022,True
2011,4,39.981,-82.571,0,0,0,0,0,60000.0,0.0,123.83652878817445,True
2011,4,36.83,-87.87,0,0,0,0,0,8000.0,0.0,53.122695036013916,True
2011,3,41.7993,-95.3912,0,0,0,0,0,0.0,0.0,97.08805940928107,True
2011,2,38.5769,-90.9395,1,0,0,0,0,0.0,0.0,26.099524206737968,True
2011,2,38.5009,-91.4039,1,0,0,0,0,0.0,0.0,66.42112429250702,True
2011,2,36.9901,-96.6708,0,0,0,0,0,0.0,0.0,100.59794211832916,True
2011,3,32.61,-81.91,1,0,0,0,0,250000.0,0.0,81.42085634915067,True
2011,4,31.6487,-93.3356,1,0,0,0,0,2000000.0,0.0,64.62398068251713,True
2011,3,41.1984,-94.7511,1,0,0,0,0,150000.0,0.0,104.1599583441816,True
2011,4,34.9915,-86.365,0,0,0,0,0,5000.0,0.0,26.52325486229302,True
2011,3,41.1226,-94.7229,0,0,0,0,0,0.0,0.0,107.37689698764419,True
2011,3,41.2958,-94.1609,0,0,0,0,0,0.0,0.0,60.60643104559117,True
2011,3,41.7131,-96.4071,1,0,0,0,0,1100000.0,0.0,43.80938092414477,True
2011,4,39.8551,-82.8505,0,0,0,0,0,30000.0,0.0,96.19450048396641,True
2011,4,40.0233,-82.4741,2,0,0,0,0,45000.0,0.0,133.336351108186,True
2011,4,34.95,-77.01,2,0,0,7,0,4000000.0,0.0,22.88398342530015,True
2011,4,35.0278,-76.9066,0,0,0,0,0,0.0,0.0,28.152908657096532,True
2011,4,37.8661,-77.6292,1,0,0,0,0,25000.0,0.0,112.41472711718819,True
2011,4,36.2514,-87.0721,0,0,0,0,0,2000.0,5000.0,45.699845273466224,True
2011,5,37.4834,-89.243,1,0,0,0,0,150000.0,0.0,62.18800532059689,True
2011,5,37.0555,-90.7,1,0,0,0,0,70000.0,0.0,171.08334843454853,True
2011,4,34.8004,-86.6226,1,0,0,0,0,0.0,0.0,51.2600209700816,True
2011,4,34.4901,-86.2613,1,0,0,0,0,10000.0,0.0,51.59875459319563,True
2011,4,33.3915,-79.541,0,0,0,0,0,40000.0,0.0,122.4653727145347,True
2011,4,34.9406,-88.0564,1,0,0,0,0,0.0,0.0,118.71978404829916,True
2011,4,31.98,-98.74,0,0,0,0,0,0.0,0.0,78.687668790687,True
2011,4,32.58,-99.91,0,0,0,0,0,0.0,0.0,61.639037956497376,True
2011,4,37.234,-76.6211,3,0,0,0,0,15000.0,0.0,44.13135035966149,True
2011,5,36.75,-90.44,0,0,0,0,0,0.0,0.0,152.47078215041685,True
2011,4,36.3019,-94.3786,0,0,0,0,0,0.0,0.0,107.25688642257786,True
2011,4,37.6743,-76.6037,1,0,0,0,0,100000.0,0.0,84.66700684129765,True
2011,4,37.1968,-76.662,3,0,0,0,0,50000.0,0.0,38.72556694821995,True
2011,4,37.4517,-76.4412,3,0,0,0,0,5000.0,0.0,72.2531342002695,True
2011,4,36.7033,-96.706,0,0,0,0,0,0.0,0.0,117.83253697254727,True
2011,4,37.7341,-77.8036,0,0,0,0,0,1000.0,0.0,109.1309936427385,True
2011,4,35.7116,-88.5085,0,0,0,0,0,15000.0,0.0,130.07017064323173,True
2011,3,39.28,-122.2374,0,0,0,0,0,0.0,0.0,57.3359467679877,True
2011,4,34.4754,-79.4086,1,0,0,3,0,180000.0,0.0,105.0268344223241,True
2011,6,39.9024,-76.5789,0,0,0,0,0,10000.0,0.0,129.21561627486923,True
2011,4,32.2803,-97.7456,0,0,0,0,0,0.0,0.0,52.74732616338409,True
2011,4,45.7224,-88.676,0,0,0,0,0,15000.0,0.0,125.05159752129882,True
2011,4,45.65,-88.5253,1,0,0,0,0,50000.0,0.0,123.5898264220386,True
2011,4,34.2084,-89.5653,3,0,0,8,0,1500000.0,0.0,119.02959053426808,True
2011,3,39.145,-122.167,0,0,0,0,0,70000.0,0.0,60.373765171969936,True
2011,2,38.5647,-121.2961,0,0,0,0,0,18000.0,0.0,33.94741085739669,True
2011,4,38.2445,-122.1215,0,0,0,0,0,26000.0,0.0,48.0640580794464,True
2011,4,42.3217,-95.3969,2,0,0,0,0,50000.0,0.0,137.32693179121713,True
2011,4,32.2952,-97.5724,0,0,0,0,0,0.0,0.0,39.89015410178572,True
2011,4,32.2778,-97.5066,0,0,0,0,0,0.0,0.0,37.95385561824971,True
2011,4,32.2055,-96.7985,0,0,0,0,0,25000.0,0.0,62.55321038592158,True
2011,4,31.7923,-96.637,0,0,0,0,0,0.0,0.0,107.05783374923814,True
2011,4,36.6,-95.998,0,0,0,0,0,0.0,0.0,61.169861190724575,True
2011,4,36.4523,-96.3937,2,0,0,0,0,25000.0,0.0,80.47090892804668,True
2011,4,36.629,-95.98,0,0,0,0,0,0.0,0.0,62.720501254760315,True
2011,4,34.6007,-78.0641,1,0,0,0,0,105000.0,0.0,75.81975371831378,True
2011,4,35.42,-94.343,0,0,0,0,0,0.0,0.0,14.511117344905752,True
2011,4,35.5665,-96.4272,0,0,0,0,0,0.0,0.0,81.29977259570695,True
2011,4,34.4467,-95.7787,0,0,0,0,0,0.0,0.0,159.7132104412323,True
2011,4,32.34,-99.63,0,0,0,0,0,0.0,0.0,41.5974257756005,True
2011,5,38.9015,-98.539,0,0,0,0,0,5000.0,0.0,158.04112352058257,True
2011,4,36.3,-82.4341,1,0,0,0,0,75000.0,0.0,88.03190355592625,True
2011,5,38.31,-87.26,2,0,0,0,0,0.0,0.0,40.91955547342221,True
2011,4,34.2486,-86.2582,1,0,0,0,0,0.0,0.0,77.49523381851047,True
2011,4,34.2575,-86.3088,1,0,0,0,0,0.0,0.0,77.62643365054686,True
2011,4,34.8653,-86.4911,0,0,0,0,0,0.0,0.0,37.86430163478476,True
2011,4,31.6882,-96.246,0,0,0,0,0,0.0,0.0,139.93959579032136,True
2011,4,35.588,-96.267,1,0,0,0,0,0.0,0.0,90.93978164627507,True
2011,4,35.4285,-88.5879,0,0,0,0,0,75000.0,0.0,116.89919472425876,True
2011,4,34.5537,-95.672,1,0,0,0,0,0.0,0.0,144.8358399568764,True
2011,4,36.3735,-94.8743,2,0,0,3,0,100000.0,0.0,65.66081545019742,True
2011,4,34.825,-83.5961,3,1,0,0,0,5000000.0,0.0,125.74755917734883,True
2011,4,34.7704,-87.152,0,0,0,0,0,0.0,0.0,99.1048972431506,True
2011,4,34.7307,-87.0329,0,0,0,0,0,0.0,0.0,89.44913400110605,True
2011,4,34.6508,-87.0312,0,0,0,0,0,0.0,0.0,91.9528316993413,True
2011,4,34.2846,-86.9189,0,0,0,0,0,0.0,0.0,104.89434953038754,True
2011,4,34.5314,-79.3002,1,0,0,0,0,1500000.0,0.0,100.2158534847624,True
2011,4,31.5904,-95.8242,0,0,0,0,0,0.0,0.0,176.9898954735991,True
2011,4,32.4844,-99.4016,0,0,0,0,0,0.0,0.0,15.069830927992955,True
2011,4,36.3951,-80.5721,1,0,0,0,0,1000000.0,0.0,74.82061623986984,True
2011,4,45.3496,-89.3822,1,0,0,0,0,1000000.0,0.0,137.72373562493885,True
2011,4,44.1327,-89.0045,1,0,0,0,0,100000.0,0.0,81.90034167199755,True
2011,4,44.1612,-88.8855,1,0,0,0,0,1370000.0,0.0,72.12319235624184,True
2011,4,44.2578,-88.2881,2,0,0,0,0,6700000.0,0.0,30.248012229269182,True
2011,4,36.3037,-82.3923,1,0,0,0,0,10000.0,0.0,91.7952780551379,True
2011,4,36.2971,-82.3174,0,0,0,0,0,20000.0,0.0,98.32259623887582,True
2011,4,33.938,-88.7201,3,1,0,0,0,1000000.0,0.0,36.359125876420826,True
2011,4,34.4683,-88.2808,2,0,0,1,0,500000.0,0.0,63.69139755730191,True
2011,4,34.3616,-86.3712,2,0,0,0,0,0.0,0.0,68.51627552742603,True
2011,4,33.4164,-79.4516,1,0,0,0,0,100000.0,0.0,114.02479906748948,True
2011,4,33.4631,-79.3701,1,0,0,0,0,60000.0,0.0,104.85141709574238,True
2011,4,35.3606,-94.5074,0,0,0,0,0,0.0,0.0,15.336318334355102,True
2011,4,35.6245,-96.1924,0,0,0,0,0,0.0,0.0,83.36204423461722,True
2011,4,34.5097,-78.1949,1,0,0,0,0,66000.0,0.0,61.756447103612814,True
2011,4,34.6752,-77.9986,0,0,0,0,0,12000.0,0.0,85.92007168883356,True
2011,4,30.49,-99.86,0,0,0,0,0,0.0,0.0,115.04433840036322,True
2011,4,32.68,-99.12,0,0,0,0,0,0.0,0.0,20.151162628192616,True
2011,4,44.2851,-88.1098,1,0,0,0,0,15000.0,0.0,23.742565431001807,True
2011,4,36.0424,-82.5568,0,0,0,0,0,15000.0,0.0,77.20606417250096,True
2011,4,33.5969,-95.9213,0,0,0,0,0,35000.0,0.0,171.8746570974604,True
2011,4,40.6973,-84.4255,1,0,0,0,0,0.0,0.0,129.75504682771316,True
2011,4,33.7489,-89.2018,3,3,0,25,0,2000000.0,0.0,82.27135443532474,True
2011,4,36.8251,-84.2241,1,0,0,0,0,200000.0,0.0,103.60575190104596,True
2011,4,39.9704,-89.7098,0,0,0,0,0,10000.0,0.0,37.53320883134932,True
2011,4,39.9988,-89.6946,1,0,0,0,0,450000.0,0.0,34.80511898889002,True
2011,4,36.7645,-95.8126,1,0,0,0,0,0.0,0.0,69.21346547359491,True
2011,4,36.767,-95.8099,1,0,0,0,0,20000.0,0.0,69.39985591016766,True
2011,4,35.4854,-96.3612,0,0,0,0,0,0.0,0.0,84.77433030594726,True
2011,5,30.7635,-97.8372,0,0,0,0,0,100000.0,0.0,43.6778708599016,True
2011,4,33.7599,-90.2297,1,0,0,0,0,0.0,30000.0,166.13945283854176,True
2011,4,31.5763,-96.8648,0,0,0,0,0,0.0,0.0,107.054161649994,True
2011,4,34.7501,-92.3773,1,2,0,2,0,38500000.0,0.0,14.248169134001577,True
2011,4,34.4806,-92.4726,1,0,0,0,0,600000.0,0.0,44.00355956486677,True
2011,4,33.834,-93.1313,1,0,0,0,0,50000.0,0.0,137.09376776510132,True
2011,4,44.0378,-88.3214,1,0,0,0,0,100000.0,0.0,53.907460403243284,True
2011,4,40.7183,-84.3969,0,0,0,0,0,0.0,0.0,130.43512248388586,True
2011,4,34.8108,-95.664,1,0,0,0,0,0.0,0.0,129.97417840727783,True
2011,4,37.049,-80.803,2,0,0,9,0,3900000.0,0.0,47.02175022804645,True
2011,4,34.5424,-92.2479,1,0,0,0,0,175000.0,0.0,32.71427921990708,True
2011,4,32.146,-97.1435,0,0,0,0,0,0.0,0.0,49.7669598196726,True
2011,4,36.2102,-76.7827,2,0,0,8,0,250000.0,0.0,88.33893175122698,True
2011,4,36.243,-76.7815,2,0,0,3,0,1000000.0,1200000.0,84.81554862536308,True
2011,4,32.4444,-99.418,0,0,0,0,0,0.0,0.0,18.580055711178048,True
2011,4,44.2874,-88.7391,1,0,0,0,0,0.0,0.0,55.14884985574275,True
2011,4,35.3815,-88.9926,0,0,0,0,0,15000.0,0.0,79.9685622956983,True
2011,4,40.8576,-84.082,1,0,0,0,0,0.0,0.0,146.5568134354327,True
2011,4,34.0891,-88.36,5,0,0,0,0,100000.0,0.0,21.558493753725177,True
2011,4,34.8417,-78.6563,2,3,0,0,0,1000000.0,0.0,92.81338922704771,True
2011,4,34.6777,-79.0098,1,0,0,0,0,3000000.0,0.0,93.29619290366857,True
2011,4,34.5398,-78.7875,2,1,0,0,0,3100000.0,0.0,69.52191452708702,True
2011,4,34.4216,-78.7303,0,0,0,0,0,0.0,0.0,55.489508419937366,True
2011,4,34.4402,-95.7424,0,0,0,0,0,0.0,0.0,157.48202187027312,True
2011,4,34.4419,-95.7417,1,0,0,0,0,10000.0,0.0,157.31647728745315,True
2011,4,35.9862,-95.4067,1,0,0,0,0,40000.0,0.0,25.3148441468934,True
2011,4,35.0142,-95.9263,0,0,0,0,0,15000.0,0.0,127.8488497740329,True
2011,4,34.9698,-94.5075,0,0,0,0,0,5000.0,0.0,38.030336811218746,True
2011,4,35.0022,-86.6981,1,0,0,0,0,0.0,0.0,56.55801461582586,True
2011,4,39.9677,-76.7795,0,0,0,2,0,20000.0,0.0,125.89812209041894,True
2011,4,34.5988,-92.1469,1,0,0,1,0,450000.0,0.0,28.43323917432678,True
2011,4,32.3655,-96.2048,0,0,0,0,0,5000.0,0.0,105.58323916502005,True
2011,4,34.03,-102.7999,0,0,0,0,0,0.0,0.0,100.1735629966138,True
2011,4,44.0216,-89.9549,2,0,0,0,0,3300000.0,0.0,101.44679662493515,True
2011,4,45.1113,-89.8858,0,0,0,0,0,258000.0,0.0,155.70289164107902,True
2011,4,33.3577,-79.6514,0,0,0,0,0,28000.0,0.0,133.12423353165798,True
2011,4,34.7554,-86.866,1,0,0,0,0,0.0,0.0,74.00919653682072,True
2011,4,34.2619,-86.4529,1,0,0,0,0,0.0,0.0,81.6734116040425,True
2011,4,40.3453,-86.8953,1,0,0,0,0,80000.0,0.0,88.15977744916681,True
2011,4,32.2702,-97.4159,1,0,0,0,0,150000.0,0.0,35.27002665055377,True
2011,4,32.4143,-97.233,1,0,0,2,0,100000.0,0.0,18.80858530709064,True
2011,4,35.368,-81.512,0,0,0,3,0,50000.0,0.0,83.95666835483718,True
2011,4,44.0754,-89.6184,1,0,0,0,0,426000.0,0.0,128.87621481452325,True
2011,4,45.1201,-89.8707,3,0,0,2,0,10900000.0,0.0,155.05669008045325,True
2011,6,42.5657,-101.32,0,0,0,0,0,0.0,0.0,91.17785012890069,True
2011,4,36.4564,-77.6327,1,0,0,0,0,20000.0,0.0,80.90297020229312,True
2011,4,36.0968,-75.8325,1,0,0,0,0,40000.0,0.0,144.04199928820518,True
2011,4,36.2435,-76.7653,2,0,0,0,0,800000.0,800000.0,85.11719626425561,True
2011,4,34.98,-94.4419,1,0,0,0,0,100000.0,0.0,35.274694295793275,True
2011,4,34.7298,-95.1245,1,0,0,0,0,25000.0,0.0,93.32625652805031,True
2011,4,34.7553,-95.0599,1,0,0,0,0,0.0,0.0,87.06572501160774,True
2011,4,34.5092,-95.5091,2,0,0,0,0,0.0,0.0,135.98246491240474,True
2011,4,34.789,-86.7716,1,0,0,0,0,0.0,0.0,64.71618278077752,True
2011,4,37.028,-80.774,1,0,0,0,0,1400000.0,0.0,44.37467328882999,True
2011,4,32.4977,-99.3851,0,0,0,0,0,0.0,0.0,13.082074629750002,True
2011,4,32.4313,-95.7028,1,0,0,1,0,200000.0,0.0,150.89760639116446,True
2011,4,32.3666,-96.1644,0,0,0,0,0,30000.0,0.0,109.2585971440741,True
2011,4,44.63,-91.19,1,0,0,0,0,200000.0,0.0,89.75992342665897,True
2011,5,42.1465,-89.1759,1,0,0,0,0,50000.0,0.0,104.7037728634275,True
2011,4,43.9954,-90.0936,1,0,0,0,0,30000.0,0.0,89.99040431550127,True
2011,4,44.0864,-89.5981,1,0,0,0,0,175000.0,0.0,126.9162732491871,True
2011,4,36.3059,-76.7139,1,0,0,0,0,30000.0,0.0,79.80886282699487,True
2011,4,35.4893,-94.1774,1,0,0,0,0,15000.0,0.0,27.726457094389378,True
2011,4,35.2759,-94.0217,1,0,0,2,0,30000.0,0.0,30.91999110732492,True
2011,4,42.6067,-95.5435,1,0,0,0,0,100000.0,0.0,145.47473780143898,True
2011,4,34.6365,-95.4727,1,0,0,0,0,0.0,0.0,124.63162890251112,True
2011,4,34.5941,-95.5835,1,0,0,0,0,0.0,0.0,135.62148893930595,True
2011,4,35.2331,-86.417,2,0,0,0,0,0.0,0.0,45.29999869851049,True
2011,4,30.8333,-95.0827,0,0,0,0,0,1000.0,0.0,151.3767708784844,True
2011,4,34.5128,-78.185,0,0,0,0,0,33000.0,0.0,62.40092228682286,True
2011,4,31.7919,-96.4904,0,0,0,0,0,0.0,0.0,115.71172682541886,True
2011,4,34.3734,-78.4207,0,0,0,0,0,27000.0,0.0,42.73262527511487,True
2011,4,35.9774,-86.657,1,0,0,0,0,250000.0,4000.0,31.180427465583012,True
2011,4,36.0841,-87.8069,1,0,0,0,0,150000.0,5000.0,86.29263281019685,True
2011,4,45.6386,-88.8233,2,0,0,0,0,200000.0,0.0,138.54933774308904,True
2011,4,34.1989,-78.7435,1,0,0,0,0,35000.0,0.0,37.17177901762307,True
2011,4,37.8305,-83.5164,0,0,0,0,0,30000.0,0.0,32.09692045126727,True
2011,5,35.1394,-90.1807,1,0,0,0,0,500000.0,0.0,36.06128862402809,True
2011,4,34.685,-95.3778,0,0,0,0,0,0.0,0.0,114.44181542108494,True
2011,4,34.9285,-94.708,1,0,0,3,0,40000.0,0.0,51.095160450054244,True
2011,4,34.9399,-94.6715,1,0,0,0,0,10000.0,0.0,48.084780338043885,True
2011,5,38.9963,-98.4258,0,0,0,0,0,0.0,0.0,147.28749591142198,True
2011,4,32.3896,-95.9557,0,0,0,0,0,0.0,0.0,128.01920309219875,True
2011,4,32.1756,-96.4225,0,0,0,0,0,0.0,0.0,93.75417676184163,True
2011,4,44.69,-91.14,1,0,0,0,0,250000.0,0.0,96.51740547792326,True
2011,4,34.808,-87.878,1,0,0,1,0,0.0,0.0,109.44822271146128,True
2011,4,31.5313,-96.5381,1,0,0,0,0,150000.0,0.0,120.7022833554922,True
2011,4,31.5003,-96.3661,0,0,0,0,0,0.0,0.0,129.8610618713372,True
2011,4,31.3529,-96.5615,0,0,0,0,0,0.0,0.0,105.11487863416974,True
2011,5,37.5803,-89.6602,0,0,0,0,0,1000.0,0.0,97.00399796060897,True
2011,4,32.7721,-96.4716,1,0,0,0,0,60000.0,0.0,80.9258726884314,True
2011,4,32.9888,-96.1126,1,0,0,0,0,250000.0,0.0,120.52901036274963,True
2011,4,37.1532,-76.704,3,0,0,0,0,250000.0,0.0,32.85693494863634,True
2011,4,36.9343,-82.6329,0,0,0,0,0,50000.0,0.0,94.61627378269804,True
2011,5,38.3072,-87.25,1,0,0,0,0,20000.0,0.0,41.745219316888864,True
2011,4,33.3526,-84.2732,3,0,0,0,0,150000.0,0.0,27.204391944678125,True
2011,4,33.2016,-85.0034,1,0,0,1,0,1500000.0,0.0,44.47299086716284,True
2011,4,38.18,-87.47,1,0,0,0,0,80000.0,0.0,23.958009515247156,True
2011,4,33.5268,-83.6821,1,0,0,0,0,7000000.0,0.0,83.98515423227904,True
2011,4,33.1663,-84.5806,2,0,0,0,0,250000.0,0.0,21.95173152206201,True
2011,4,32.82,-84.85,2,0,0,0,0,2000000.0,0.0,65.96091991268845,True
2011,4,33.5125,-83.7117,1,0,0,0,0,400000.0,0.0,80.97183356022423,True
2011,5,36.4812,-94.8951,3,0,0,2,0,1000000.0,0.0,68.9299307909348,True
2011,4,34.3271,-87.3742,1,0,0,0,0,0.0,0.0,100.08916216867055,True
2011,4,34.4495,-86.0869,1,0,0,0,0,0.0,0.0,53.49116522290317,True
2011,5,38.3697,-98.5803,1,0,0,1,0,250000.0,0.0,127.48221084377192,True
2011,4,35.8254,-93.526,1,0,0,0,0,500000.0,0.0,96.20895165405652,True
2011,6,33.8863,-91.4456,0,0,0,0,0,0.0,0.0,129.51915505402783,True
2011,5,39.7964,-83.9634,1,0,0,0,0,3000.0,0.0,43.55068979438859,True
2011,4,32.9684,-85.0301,2,0,0,6,0,10000000.0,0.0,61.61102053541841,True
2011,5,39.1736,-76.0384,0,0,0,0,0,1000.0,0.0,64.58929425794321,True
2011,4,32.8533,-84.7242,2,0,0,0,0,6000000.0,0.0,58.59964218415179,True
2011,4,34.4009,-84.6534,2,0,0,0,0,350000.0,0.0,115.6553591565019,True
2011,5,38.261,-98.7692,1,0,0,0,0,0.0,0.0,118.91009223283865,True
2011,5,38.8508,-98.4784,0,0,0,0,0,0.0,0.0,160.8391288254909,True
2011,4,34.872,-92.1702,2,0,0,4,0,125000000.0,0.0,9.260785068526971,True
2011,5,39.22,-93.06,1,0,0,0,0,230000.0,0.0,113.59736365848315,True
2011,4,33.8153,-90.1897,1,0,0,0,0,35000.0,0.0,171.78715890153643,True
2011,4,34.8744,-85.1785,4,8,0,30,0,25000000.0,0.0,82.77609888618518,True
2011,4,34.7333,-85.5578,1,0,0,0,0,150000.0,0.0,52.76621337268069,True
2011,4,34.4124,-84.6393,3,0,0,0,0,8000000.0,0.0,116.84821721928725,True
2011,4,33.244,-84.9462,1,0,0,0,0,50000.0,0.0,37.757443943974245,True
2011,4,34.0664,-85.419,2,0,0,0,0,7000000.0,0.0,111.07972766885636,True
2011,5,37.22,-88.99,0,0,0,0,0,30000.0,0.0,25.65135102158962,True
2011,7,42.2916,-104.4232,0,0,0,0,0,0.0,0.0,130.64775195171535,True
2011,7,42.13,-104.35,0,0,0,0,0,0.0,0.0,115.16987838861944,True
2011,5,39.9909,-83.7618,1,0,0,0,0,15000.0,3000.0,63.65745703722229,True
2011,4,33.2288,-83.3138,1,0,0,0,0,1000000.0,0.0,61.679183356679005,True
2011,3,29.7689,-89.7899,1,0,0,0,0,200000.0,0.0,102.43754954691764,True
2011,5,39.92,-95.27,0,0,0,0,0,0.0,0.0,131.76633200844742,True
2011,4,38.1966,-87.4271,1,0,0,0,0,50000.0,0.0,26.925901465967677,True
2011,4,34.3366,-96.2186,1,0,0,0,0,10000.0,0.0,147.03959123913836,True
2011,4,34.8924,-85.423,2,0,0,25,0,5000000.0,0.0,60.38612605545839,True
2011,4,33.0236,-84.2693,3,2,0,12,0,10000000.0,0.0,46.78011443287977,True
2011,4,33.62,-83.3575,1,0,0,0,0,750000.0,0.0,105.08200154664014,True
2011,5,37.3445,-88.843,1,0,0,0,0,75000.0,0.0,31.346918277000057,True
2011,7,42.0411,-104.18,0,0,0,0,0,0.0,0.0,111.73962841168131,True
2011,5,38.7525,-95.2659,0,0,0,0,0,0.0,0.0,87.04256706590628,True
2011,5,37.2599,-88.9419,2,0,0,0,0,150000.0,0.0,26.087879548914604,True
2011,4,37.7476,-79.74,0,0,0,0,0,5000.0,0.0,93.26427556514362,True
2011,4,33.7408,-90.2436,1,0,0,0,0,15000.0,0.0,164.22214037896825,True
2011,4,38.7364,-90.4863,4,0,0,5,0,250000000.0,0.0,17.548583600131963,True
2011,4,32.9045,-90.4135,1,0,0,0,0,20000.0,100000.0,80.2367928324159,True
2011,7,41.92,-104.07,0,0,0,0,0,0.0,0.0,105.10715155951245,True
2011,5,39.09,-93.73,0,0,0,0,0,0.0,0.0,55.71141204677748,True
2011,4,35.1788,-92.1163,1,0,0,0,0,300000.0,0.0,40.31970201912011,True
2011,4,35.2053,-92.4738,1,0,0,0,0,100000.0,0.0,45.33214283784682,True
2011,5,39.18,-93.86,0,0,0,0,0,500.0,0.0,53.965037840236626,True
2011,5,39.21,-93.52,0,0,0,0,0,2500.0,0.0,78.18760703104049,True
2011,4,34.6656,-83.9427,2,0,0,1,0,750000.0,0.0,155.77857340430546,True
2011,4,39.5464,-89.4616,1,0,0,0,0,90000.0,0.0,68.01152010392569,True
2011,4,34.2911,-93.5089,1,0,0,0,0,25000.0,0.0,129.28061016499944,True
2011,4,34.5386,-93.9332,1,0,0,0,0,50000.0,0.0,92.28378121721741,True
2011,4,34.3086,-93.4792,1,0,0,0,0,40000.0,0.0,125.95657125451729,True
2011,5,38.1387,-87.6755,2,0,0,0,0,40000.0,0.0,14.177239934112633,True
2011,5,38.1448,-87.6555,2,0,0,0,0,100000.0,0.0,14.182540211062728,True
2011,5,38.1668,-87.623,2,0,0,0,0,100000.0,0.0,13.66094005332759,True
2011,5,37.7044,-88.2977,1,0,0,0,0,250000.0,0.0,79.64684578140634,True
2011,5,38.3605,-89.1238,2,0,0,0,0,4000000.0,0.0,122.59486878605934,True
2011,4,32.9297,-84.5268,2,0,0,0,0,500000.0,0.0,48.354181398170944,True
2011,5,38.5256,-98.683,0,0,0,0,0,0.0,0.0,140.98323398015867,True
2011,5,38.5353,-98.5439,0,0,0,0,0,0.0,0.0,137.3804249989343,True
2011,4,36.816,-81.725,2,0,0,0,0,2250000.0,0.0,131.03508707916873,True
2011,4,34.3054,-86.6549,4,0,0,0,0,0.0,0.0,86.97728990844736,True
2011,5,37.08,-89.54,0,0,0,0,0,1000.0,0.0,68.1525485976525,True
2011,4,32.6954,-84.8575,0,0,0,0,0,5000.0,0.0,79.09122394273678,True
2011,5,40.9409,-87.4637,0,0,0,0,0,25000.0,0.0,90.19350261170048,True
2011,5,40.2511,-84.15,0,0,0,0,0,0.0,0.0,96.54403916601987,True
2011,5,36.6383,-87.6149,2,0,0,1,0,350000.0,0.0,31.384739433427903,True
2011,4,37.18,-89.7063,0,0,0,0,0,0.0,0.0,83.76450584632572,True
2011,5,37.6376,-90.0967,0,0,0,0,0,3000.0,0.0,128.65038411740497,True
2011,4,34.9309,-92.393,2,4,0,15,0,52000000.0,0.0,15.917790620634415,True
2011,4,34.4059,-85.7294,2,0,0,0,0,0.0,0.0,66.72857746061028,True
2011,5,40.9144,-87.1612,1,0,0,0,0,50000.0,0.0,108.82381967032082,True
2011,5,40.7845,-83.663,0,0,0,0,0,0.0,0.0,152.29439660099598,True
2011,5,41.9309,-84.9767,1,0,0,0,0,50000.0,0.0,87.5313396490924,True
2011,4,34.5254,-95.8314,1,0,0,0,0,30000.0,0.0,158.71921352418002,True
2011,4,34.5134,-95.7228,1,0,0,0,0,10000.0,0.0,151.2184031010521,True
2011,4,34.4975,-93.9936,1,0,0,0,0,200000.0,0.0,94.34858511999488,True
2011,4,34.454,-93.3165,2,0,0,9,0,3000000.0,0.0,105.42344313757474,True
2011,4,32.7119,-83.7127,1,0,0,0,0,300000.0,0.0,34.08506604754905,True
2011,5,40.1002,-75.0279,0,0,0,2,0,50000.0,0.0,55.24730104031004,True
2011,5,41.2343,-82.6909,1,0,0,0,0,250000.0,0.0,72.17586668152364,True
2011,5,37.4353,-90.14,1,0,0,0,0,30000.0,0.0,127.77512954795125,True
2011,4,33.8668,-86.995,4,0,0,0,0,20000000.0,0.0,80.03749960828469,True
2011,4,34.6365,-92.961,1,0,0,0,0,2000000.0,0.0,67.63459706201202,True
2011,4,36.246,-79.3558,1,0,0,0,0,400000.0,0.0,101.20638442621737,True
2011,4,34.5066,-93.302,2,0,0,10,0,5000000.0,0.0,101.93655011871104,True
2011,4,34.2798,-86.3935,1,0,0,0,0,0.0,0.0,77.7197966333876,True
2011,4,34.6004,-85.5835,1,0,0,0,0,0.0,0.0,58.605575243788174,True
2011,4,34.3836,-86.297,1,0,0,0,0,0.0,0.0,63.87312803012093,True
2011,4,34.2554,-86.3491,1,0,0,0,0,0.0,0.0,78.90857293248982,True
2011,3,31.9196,-83.933,0,0,0,0,0,30000.0,0.0,100.2319749233839,True
2011,4,36.6625,-87.5071,3,0,0,0,0,1000000.0,0.0,21.45035250234278,True
2011,4,34.8586,-85.5323,1,0,0,0,0,1000000.0,0.0,50.913438514768536,True
2011,4,32.2846,-83.3234,2,1,0,2,0,150000.0,0.0,43.487135607943316,True
2011,5,39.202,-85.107,0,0,0,0,0,5000.0,0.0,113.21320010850502,True
2011,6,26.1184,-98.1937,1,0,0,1,0,500000.0,0.0,80.67068131207768,True
2011,4,34.2923,-96.2509,3,2,0,40,0,0.0,0.0,148.92936879599011,True
2011,4,32.9958,-84.321,1,0,0,0,0,10000.0,0.0,46.790107926948075,True
2011,4,33.2519,-83.2503,0,0,0,0,0,15000.0,0.0,64.83522663878989,True
2011,4,32.3749,-84.8532,1,0,0,0,0,250000.0,0.0,89.69482174671784,True
2011,5,39.215,-84.013,0,0,0,0,0,30000.0,0.0,28.140964825503687,True
2011,4,34.6459,-87.1055,3,0,0,0,0,400000.0,0.0,98.54069658736631,True
2011,4,37.0571,-77.6902,1,0,0,5,0,1500000.0,0.0,61.15454326798278,True
2011,4,36.087,-76.9502,3,12,0,55,0,2250000.0,0.0,99.85981049457614,True
2011,4,34.8645,-97.0663,0,0,0,0,0,0.0,0.0,55.538253958631344,True
2011,4,36.3771,-94.1991,0,0,0,0,0,0.0,0.0,119.010609216164,True
2011,4,35.825,-93.5305,1,0,0,0,0,0.0,0.0,95.86192180465683,True
2011,4,33.4319,-82.7598,1,0,0,0,0,1000000.0,0.0,100.6014184246509,True
2011,3,31.9205,-83.9261,0,0,0,0,0,0.0,0.0,99.7952918441971,True
2011,5,37.2047,-89.1807,1,0,0,0,0,40000.0,0.0,39.27925213136533,True
2011,4,34.2703,-84.8674,3,0,0,25,0,15000000.0,0.0,104.62769819558436,True
2011,5,36.8846,-90.9057,0,0,0,0,0,2000.0,0.0,190.63918284306916,True
2011,4,33.1979,-83.8561,0,0,0,0,0,30000.0,0.0,68.49146226286017,True
2011,4,34.6166,-96.5468,1,0,0,0,0,8000.0,0.0,103.83609428253328,True
2011,4,34.5903,-93.039,3,1,0,20,0,21000000.0,0.0,76.11422508064156,True
2011,4,34.8409,-97.0099,0,0,0,0,0,0.0,0.0,59.90601868643605,True
2011,4,34.8853,-92.4563,1,0,0,0,0,5000.0,0.0,18.548981442079725,True
2011,4,34.8903,-92.4467,1,0,0,1,0,300000.0,0.0,17.89152702488012,True
2011,4,36.2877,-94.5465,0,0,0,0,0,0.0,0.0,92.13120765720632,True
2011,3,32.6,-82.8309,1,0,0,0,0,250000.0,0.0,49.41950908314761,True
2011,5,37.0749,-89.1764,1,0,0,0,0,50000.0,0.0,35.891303963097776,True
2011,4,34.638,-84.5923,1,0,0,0,0,1000000.0,0.0,140.0234157354749,True
2011,4,34.8431,-85.5799,3,2,0,25,0,20000000.0,0.0,46.961775320325614,True
2011,4,32.8628,-83.716,1,0,0,0,0,2000000.0,0.0,40.00110024425261,True
2011,5,37.5328,-89.5413,1,0,0,0,0,20000.0,0.0,85.42996788859787,True
2011,5,36.5903,-88.1422,0,0,0,0,0,50000.0,0.0,77.24517065160957,True
2011,4,34.0801,-85.3457,2,0,0,4,0,5000000.0,0.0,107.49127071247304,True
2011,4,33.9292,-86.8617,1,0,0,0,0,0.0,0.0,84.63377780677813,True
2011,4,33.944,-86.8272,1,0,0,0,0,0.0,0.0,86.01421275306853,True
2011,4,33.9526,-86.7969,1,0,0,0,0,0.0,0.0,86.8419549545886,True
2011,4,34.8057,-92.6075,1,0,0,0,0,800000.0,0.0,31.728127842602895,True
2011,4,39.3765,-89.5106,0,0,0,0,0,95000.0,0.0,87.3365402062404,True
2011,4,39.5717,-89.2741,1,0,0,0,0,60000.0,0.0,64.58055662232933,True
2011,4,34.5284,-95.74,1,0,0,0,0,50000.0,0.0,151.56016272553464,True
2011,5,36.7287,-88.4096,0,0,0,0,0,10000.0,0.0,49.64210164738246,True
2011,4,34.7206,-84.6039,0,0,0,0,0,500000.0,0.0,137.06818547729958,True
2011,5,38.3221,-87.22,1,0,0,0,0,20000.0,0.0,44.565340508127385,True
2011,4,34.1779,-85.0425,1,0,0,0,0,250000.0,0.0,100.72351630212582,True
2011,4,33.1386,-85.0878,0,0,0,0,0,250000.0,0.0,54.59261840249541,True
2011,4,34.709,-83.8596,2,0,0,0,0,100000.0,0.0,150.97786329227722,True
2011,6,48.0062,-107.3308,0,0,0,0,0,0.0,0.0,56.9575648067369,True
2011,2,38.6191,-90.7161,1,0,0,0,0,0.0,0.0,9.331258575347544,True
2011,12,30.4493,-93.4417,1,0,0,0,0,500000.0,0.0,42.048696811915626,True
2011,12,34.3753,-85.0146,0,0,0,0,0,2000.0,0.0,115.64216823515507,True
2011,2,34.3015,-86.9734,0,0,0,0,0,0.0,0.0,107.34297629507218,True
2011,2,38.6214,-90.6909,1,0,0,0,0,0.0,0.0,8.644254546351911,True
2011,12,34.5748,-84.6465,1,0,0,0,0,75000.0,0.0,134.91455779776027,True
2011,2,35.0003,-85.7147,0,0,0,0,0,20000.0,0.0,34.49963519866559,True
2011,2,20.7719,-156.4477,0,0,0,0,0,0.0,0.0,86.00529035541092,True
2011,12,34.38,-85.01,0,0,0,0,0,150000.0,0.0,115.71848295799931,True
2011,12,34.39,-84.99,3,0,0,4,0,500000.0,0.0,116.69309920727093,True
2011,2,36.8956,-87.618,2,0,0,0,0,600000.0,0.0,34.512517345018644,True
2011,11,36.725,-79.427,1,0,0,0,0,500000.0,0.0,82.37058867405844,True
2011,4,35.2975,-84.96,2,0,0,1,0,125000.0,0.0,110.0449686797497,True
2011,12,33.2664,-84.7997,1,0,0,0,0,150000.0,0.0,24.25757243906326,True
2011,6,46.8852,-101.2976,0,0,0,0,0,0.0,0.0,42.8116492113775,True
2011,11,30.88,-90.61,1,0,0,0,0,50000.0,0.0,44.5107369858611,True
2011,11,29.5841,-90.6579,0,0,0,0,0,30000.0,0.0,106.7802293552578,True
2011,2,38.7138,-90.1643,1,0,0,0,0,0.0,0.0,45.01930564941706,True
2011,12,33.3375,-84.412,1,0,0,0,0,25000.0,0.0,14.574126579510532,True
2011,6,46.95,-101.26,0,0,0,0,0,0.0,0.0,42.90207820487901,True
2011,6,46.304,-102.3867,0,0,0,0,0,0.0,5000.0,134.79589673962263,True
2011,2,36.5256,-88.889,1,0,0,0,0,0.0,0.0,61.242301771617555,True
2011,12,33.5115,-84.5409,0,0,0,0,0,25000.0,0.0,16.637357131174767,True
2011,5,36.54,-91.92,0,0,0,0,0,10000.0,0.0,152.66712283433193,True
2011,3,35.926,-78.4534,0,0,0,1,0,100000.0,0.0,29.17917197458357,True
2011,2,34.2496,-81.728,1,0,0,0,0,120000.0,0.0,65.33468199874758,True
2011,11,38.5539,-86.4801,1,0,0,0,0,100000.0,0.0,79.56959503439046,True
2011,2,36.5602,-89.1789,0,0,0,0,0,30000.0,0.0,67.11817578740872,True
2011,2,36.9996,-96.6291,0,0,0,0,0,0.0,0.0,102.379299301448,True
2011,2,38.27,-87.7906,1,0,0,0,0,150000.0,0.0,5.870310199294473,True
2011,4,40.87,-117.85,0,0,0,0,0,0.0,0.0,89.32502304308045,True
2011,2,37.7467,-83.3719,1,0,0,0,0,75000.0,0.0,18.0894153734647,True
2011,2,31.6396,-93.4925,0,0,0,0,0,1000.0,0.0,72.83632467883473,True
2011,2,36.5309,-88.8637,1,0,0,0,0,60000.0,0.0,60.315386131409994,True
2011,2,38.8669,-89.5493,1,0,0,0,0,0.0,0.0,100.00819749133564,True
2011,2,34.7782,-92.8653,1,0,0,0,0,50000.0,0.0,55.46498441506946,True
2011,5,36.9914,-94.061,2,0,0,0,0,300000.0,0.0,64.5590223007903,True
2011,2,34.8437,-92.7897,1,0,0,0,0,15000.0,0.0,48.171917190415414,True
2011,5,36.559,-94.6179,3,0,0,2,0,1000000.0,0.0,94.87493823681613,True
2011,11,30.0536,-95.1519,1,0,0,0,0,100000.0,0.0,65.06055925302788,True
2011,1,28.49,-80.865,0,0,0,0,0,0.0,0.0,46.70991117292082,True
2011,2,37.0344,-96.4843,0,0,0,0,0,0.0,0.0,109.2538918919732,True
2011,1,32.9012,-88.7666,2,0,0,0,0,600000.0,0.0,117.92865954458495,True
2011,2,34.7304,-92.0772,1,0,0,0,0,75000.0,0.0,20.579663315357394,True
2011,5,36.8347,-93.5013,2,0,0,0,0,1000000.0,0.0,45.43513888523924,True
2011,5,36.8114,-93.3055,1,0,0,0,0,50000.0,0.0,47.877217503933245,True
2011,5,37.0524,-94.5932,2,0,0,0,0,2000.0,0.0,107.67316268671676,True
2011,5,37.056,-94.5701,5,158,3,1150,0,2800000000.0,0.0,105.5845408295276,True
2011,5,37.0544,-94.4105,2,0,0,0,0,100000.0,0.0,91.77185363206515,True
2011,9,30.4779,-89.43,0,0,0,0,0,30000.0,0.0,93.75914592538567,True
2011,12,32.9053,-87.1229,0,0,0,0,0,3000.0,0.0,44.30459204543467,True
2011,12,32.7438,-86.2996,0,0,0,0,0,15000.0,0.0,53.00627680758459,True
2011,2,32.291,-94.6588,1,0,0,0,0,60000.0,0.0,78.81109424811225,True
2011,12,34.2463,-85.342,2,0,0,3,0,2250000.0,0.0,101.96847678679637,True
2011,5,37.0052,-94.1877,2,0,0,0,0,700000.0,0.0,74.35556768023281,True
2011,2,36.5473,-88.8167,1,0,0,0,0,20000.0,0.0,58.07277158795864,True
2011,4,37.02,-96.25,0,0,0,0,0,0.0,0.0,112.1491861592676,True
2011,4,38.87,-97.49,0,0,0,0,0,0.0,0.0,109.68055861674658,True
2011,4,31.3924,-94.7956,0,0,0,0,0,2000.0,0.0,148.201815230679,True
2011,4,40.295,-76.6069,1,0,0,0,0,10000.0,0.0,137.05224497999063,True
2011,1,32.9267,-88.6931,2,0,0,0,0,200000.0,0.0,113.04633127956775,True
2011,1,33.4386,-88.8419,1,0,0,0,0,3000000.0,0.0,69.6303918878948,True
2011,4,37.4947,-90.0228,0,0,0,0,0,15000.0,0.0,120.3952872154452,True
2011,4,31.4438,-94.9787,1,0,0,0,0,300000.0,0.0,155.10042079267987,True
2011,4,31.3645,-87.8856,1,0,0,0,0,102000.0,3000000.0,83.31453466879705,True
2011,1,33.0609,-88.464,3,0,0,1,0,1500000.0,0.0,93.79710587606395,True
2011,4,31.4568,-95.0273,1,0,0,0,0,100000.0,0.0,157.28305794591796,True
2011,4,37.44,-96.55,0,0,0,0,0,0.0,0.0,82.2633785114219,True
2011,4,34.6586,-92.2941,1,0,0,0,0,2000000.0,0.0,19.98541467072562,True
2011,2,32.5626,-86.4124,0,0,0,0,0,55000.0,0.0,58.431668938845554,True
2011,4,31.7278,-92.3553,1,0,0,0,0,200000.0,0.0,86.70850155436429,True
2011,3,35.56,-77.81,0,0,0,0,0,2000.0,0.0,62.575346856592084,True
2011,4,33.9714,-94.7912,0,0,0,0,0,0.0,0.0,151.83562608432052,True
2011,1,27.4602,-82.1379,0,0,0,0,0,0.0,0.0,37.68002049264943,True
2011,4,37.0444,-88.1521,1,0,0,0,0,150000.0,0.0,55.06780085224371,True
2011,4,38.0029,-88.92,1,0,0,0,0,10000.0,0.0,104.736226602392,True
2011,4,40.4041,-76.5589,2,0,0,0,0,15000.0,0.0,134.8478937309889,True
2011,4,37.1849,-88.7949,1,0,0,0,0,450000.0,0.0,13.120849427157761,True
2011,4,31.72,-92.41,1,0,0,0,0,50000.0,0.0,82.61290650105722,True
2011,4,33.701,-93.586,1,0,0,0,0,300000.0,0.0,141.03202125988992,True
2011,4,38.247,-87.2612,1,0,0,0,0,110000.0,0.0,40.48333270903192,True
2011,4,34.2801,-94.0475,1,0,0,0,0,70000.0,0.0,115.95177291184852,True
2011,2,34.2858,-87.8578,0,0,0,0,0,75000.0,0.0,61.27130222358399,True
2011,4,34.5614,-94.2533,1,0,0,0,0,350000.0,0.0,81.66437237022713,True
2011,4,36.7579,-87.4168,1,0,0,0,0,100000.0,0.0,11.979202418836332,True
2011,4,38.1102,-87.3017,2,0,0,0,0,90000.0,0.0,40.54634208679866,True
2011,3,33.6057,-95.7824,0,0,0,0,0,20000.0,0.0,182.3782157785038,True
2011,4,40.1062,-76.9265,2,0,0,0,0,50000.0,0.0,128.6253497987299,True
2011,4,34.0454,-94.5812,0,0,0,0,0,5000.0,0.0,139.88412950773926,True
2011,4,36.7924,-90.0024,0,0,0,0,0,50000.0,0.0,113.59120243611989,True
2011,4,37.0756,-88.1021,1,0,0,0,0,100000.0,0.0,59.43364336506603,True
2011,4,37.13,-89.8708,0,0,0,0,0,20000.0,0.0,97.69638964707086,True
2011,4,37.9925,-88.134,2,0,0,0,0,2000000.0,0.0,46.575133455615216,True
2011,2,38.336,-87.3224,2,0,0,0,0,250000.0,0.0,36.08813531309128,True
2011,2,38.34,-87.54,2,0,0,0,0,350000.0,0.0,18.38271763892782,True
2011,4,34.451,-92.6176,1,0,0,0,0,40000.0,0.0,53.80423064618229,True
2011,4,32.1088,-94.0425,2,0,0,0,0,10000000.0,0.0,42.478374439663554,True
2011,4,41.7209,-77.9871,0,0,0,0,0,1000.0,0.0,88.72795062846176,True
2011,4,38.0956,-88.1012,1,0,0,0,0,300000.0,0.0,37.67276732174059,True
2011,4,37.5892,-87.8407,2,0,0,0,0,300000.0,0.0,75.30886982361457,True
2011,4,37.6412,-87.6432,2,0,0,0,0,80000.0,0.0,69.20241116828518,True
2011,4,37.1278,-90.5339,1,0,0,0,0,25000.0,0.0,156.40503836569928,True
2011,4,37.2112,-90.3706,1,0,0,0,0,70000.0,0.0,142.5923161488733,True
2011,4,32.2945,-93.6391,2,0,0,0,0,0.0,0.0,25.74006182596821,True
2011,4,35.3969,-85.3253,4,4,0,10,0,15000000.0,0.0,86.25911155283026,True
2011,5,38.6328,-86.4597,2,0,0,0,0,150000.0,0.0,85.85714731288553,True
2011,4,32.3294,-93.5632,2,0,0,2,0,25000.0,0.0,29.391672365924816,True
2011,4,35.172,-93.294,1,0,0,0,0,75000.0,0.0,97.88189648898823,True
2011,4,37.9,-89.263,0,0,0,0,0,70000.0,0.0,102.12437770781723,True
2011,4,36.9583,-87.77,0,0,0,0,0,0.0,0.0,49.698288107796024,True
2011,4,37.2505,-87.4543,0,0,0,0,0,2000.0,0.0,59.08186579698605,True
2011,4,35.34,-85.42,4,0,0,0,0,250000.0,0.0,75.59337167171803,True
2011,4,40.2012,-78.1405,1,0,0,0,0,10000.0,0.0,81.09136057815057,True
2011,4,37.8577,-89.1356,1,0,0,0,0,80000.0,0.0,93.45814343969272,True
2011,4,37.44,-96.55,0,0,0,0,0,0.0,0.0,82.2633785114219,True
2011,1,26.3459,-80.1321,0,0,0,0,0,20000.0,0.0,86.45547884698347,True
2011,4,33.6304,-93.7993,0,0,0,0,0,0.0,0.0,131.22044205775188,True
2011,4,35.0095,-93.3579,1,0,0,0,0,25000.0,0.0,96.47606331085858,True
2011,4,33.9026,-94.4111,0,0,0,0,0,0.0,0.0,154.38317335064002,True
2011,4,38.3476,-88.9352,1,0,0,0,0,70000.0,0.0,106.08693166108321,True
2011,4,38.3147,-88.7304,1,0,0,0,0,90000.0,0.0,87.99958114893361,True
2011,4,38.35,-87.9475,2,0,0,0,0,2500000.0,0.0,21.867212445494637,True
2011,4,37.82,-87.24,0,0,0,0,0,3000.0,0.0,64.78246666770968,True
2011,4,32.0886,-95.2134,1,0,0,0,0,500.0,0.0,135.15088919086134,True
2011,1,26.7159,-81.5996,0,0,0,0,0,100000.0,0.0,135.6385448250718,True
2011,1,33.0394,-89.8123,3,0,0,2,0,3000000.0,2000000.0,85.96637539172373,True
2011,2,39.861,-82.537,1,0,0,0,0,100000.0,0.0,120.42260471116755,True
2011,4,38.9278,-97.8638,0,0,0,0,0,45000.0,0.0,141.25155470006547,True
2011,4,38.0386,-88.452,1,0,0,0,0,150000.0,0.0,68.22067627933004,True
2011,4,37.4893,-89.9587,1,0,0,0,0,200000.0,0.0,114.961747404235,True
2011,4,37.2041,-90.35,1,0,0,0,0,25000.0,0.0,140.697528639499,True
2011,5,42.49,-98.98,0,0,0,0,0,0.0,0.0,144.13408581888177,True
2011,4,33.8291,-86.0526,4,8,0,25,0,122000000.0,0.0,98.79742322630639,True
2011,4,33.6839,-86.5234,4,13,0,30,0,200000000.0,0.0,61.34523318426263,True
2011,4,33.4496,-86.7883,1,0,0,0,0,65000.0,0.0,30.922622198640116,True
2011,4,32.6004,-87.0091,1,0,0,0,0,20500.0,0.0,67.368533657928,True
2011,4,34.7522,-92.9694,1,0,0,0,0,100000.0,0.0,65.27543735441552,True
2011,4,34.8767,-92.6957,1,0,0,0,0,250000.0,0.0,39.83150602472209,True
2011,4,37.5331,-76.3528,2,0,0,0,0,6000000.0,0.0,84.18301600859671,True
2011,4,35.7767,-96.6737,0,0,0,0,0,0.0,0.0,73.61786484159202,True
2011,4,39.2476,-89.6611,2,0,0,0,0,0.0,0.0,104.1600493907477,True
2011,4,34.77,-86.79,1,0,0,0,0,0.0,0.0,66.8857313243452,True
2011,5,41.8788,-99.9388,0,0,0,0,0,0.0,0.0,53.46820967322817,True
2011,5,44.0429,-90.5657,2,0,0,0,0,510000.0,0.0,55.74195316139799,True
2011,4,33.8411,-86.7884,2,0,0,3,0,4000000.0,0.0,74.42735088158345,True
2011,4,33.4367,-86.7622,2,0,1,20,0,18000000.0,0.0,29.448262409329967,True
2011,5,43.83,-100.17,0,0,0,0,0,0.0,0.0,210.77652222332645,False
2011,4,32.214,-86.4519,0,0,0,0,0,21000.0,0.0,71.7897218670655,True
2011,4,34.5281,-92.0547,1,0,0,0,0,40000.0,0.0,39.16817691876054,True
2011,4,34.5339,-92.0297,1,0,0,0,0,350000.0,0.0,39.77657053303148,True
2011,4,36.7529,-76.8396,2,0,0,0,0,300000.0,0.0,29.710956596171243,True
2011,5,40.625,-76.2108,1,0,0,0,0,250000.0,0.0,154.58194281051502,True
2011,4,34.0894,-86.5342,1,0,0,0,0,1500.0,0.0,102.23826242786568,True
2011,4,33.6473,-86.4153,2,0,0,5,0,865000.0,0.0,62.25878192391745,True
2011,4,33.2506,-88.1814,1,0,0,4,0,3800000.0,0.0,73.15903192833292,True
2011,4,33.6448,-87.4238,4,9,0,40,0,115000000.0,0.0,80.31575100783803,True
2011,4,32.837,-88.3584,3,0,0,0,0,6880000.0,0.0,117.88782571447501,True
2011,4,33.9419,-85.7771,1,0,0,0,0,9400000.0,0.0,113.46954766721456,True
2011,4,33.9558,-85.7399,1,1,0,1,0,4000000.0,0.0,112.87674173045332,True
2011,4,32.8478,-87.4922,1,0,0,0,0,350000.0,0.0,76.40339752321061,True
2011,4,32.47,-87.2346,1,0,0,0,0,25000.0,0.0,89.32618617275938,True
2011,5,45.2484,-93.1623,0,0,0,0,0,50000.0,0.0,54.56147125062736,True
2011,5,45.6088,-91.6253,1,0,0,0,0,200000.0,0.0,143.77210443138944,True
2011,4,34.5273,-91.9124,1,0,0,0,0,1750000.0,0.0,46.93281091762114,True
2011,4,34.3003,-94.3442,1,0,0,0,0,20000.0,0.0,110.10704412185468,True
2011,5,43.7882,-91.2585,2,0,0,0,2,15200000.0,0.0,6.635594413729503,True
2011,5,41.7855,-80.5008,1,0,0,0,0,150000.0,0.0,120.36778351711168,True
2011,5,40.311,-88.8986,0,0,0,0,0,8000.0,0.0,41.258759392155554,True
2011,5,40.3601,-88.8209,1,0,0,0,0,10000.0,0.0,49.596608079381184,True
2011,5,40.1676,-88.3339,0,0,0,0,0,5000.0,0.0,85.24790004434891,True
2011,4,33.4572,-87.839,3,0,0,0,0,2000000.0,0.0,66.69332716009464,True
2011,4,32.8837,-87.4208,1,0,0,0,0,275000.0,0.0,68.64008979446717,True
2011,4,32.3776,-87.1618,1,0,0,0,0,70000.0,0.0,95.63084338190748,True
2011,5,45.035,-93.2841,1,0,0,0,0,500000.0,0.0,30.313486286438625,True
2011,5,45.1074,-93.2279,0,0,0,0,0,20000.0,0.0,39.13512401255213,True
2011,5,45.1246,-93.217,0,0,0,0,0,100000.0,0.0,41.124412346421494,True
2011,5,39.6099,-83.4475,0,0,0,0,0,35000.0,0.0,38.402850678714564,True
2011,5,35.6643,-91.3443,1,0,0,0,0,10000.0,0.0,124.17009652863484,True
2011,6,31.783,-94.357,0,0,0,0,0,0.0,0.0,88.73416909877645,True
2011,4,35.1784,-92.1565,1,0,0,0,0,15000.0,0.0,39.22459860891581,True
2011,4,34.161,-96.657,0,0,0,0,0,0.0,0.0,142.13108611941533,True
2011,5,43.9028,-90.91,1,0,0,0,1,915000.0,0.0,24.229595070948086,True
2011,4,33.5208,-87.6997,1,0,0,0,0,81000.0,0.0,71.6899359172294,True
2011,5,38.6764,-88.3688,1,0,0,0,0,510000.0,0.0,72.71545075867576,True
2011,5,38.7447,-88.131,0,0,0,0,0,0.0,0.0,64.44410495103132,True
2011,4,33.967,-85.7135,3,0,0,25,0,19000000.0,0.0,112.38793518906587,True
2011,4,33.1169,-87.0081,1,0,0,0,0,9000.0,0.0,23.022265220276683,True
2011,4,33.1318,-86.9693,1,0,0,0,0,11000.0,0.0,19.1084958952075,True
2011,5,36.1595,-95.159,0,0,0,0,0,10000.0,0.0,36.40821383807286,True
2011,5,36.6094,-94.9196,1,0,0,0,0,250000.0,0.0,75.24311280126733,True
2011,4,32.5697,-99.9799,1,0,0,0,0,0.0,0.0,68.10885577886766,True
2011,4,35.1913,-92.1157,1,0,0,0,0,25000.0,0.0,41.65189625541078,True
2011,4,35.0511,-91.9398,1,0,0,0,0,1000000.0,0.0,37.8444635531266,True
2011,4,34.9522,-92.8326,1,0,0,0,0,700000.0,0.0,53.615564687088316,True
2011,4,34.9309,-91.7342,1,0,0,0,0,25000.0,0.0,49.27168623197544,True
2011,5,48.73,-101.7103,0,0,0,0,0,0.0,0.0,229.13107580730147,True
2011,5,38.9618,-87.7422,2,0,0,0,0,920000.0,0.0,78.02503595097731,True
2011,4,33.5338,-87.6666,2,0,0,0,0,2500000.0,0.0,73.3892664300009,True
2011,4,33.0105,-87.7266,3,0,0,0,0,7060000.0,0.0,90.93151175506411,True
2011,4,32.3077,-88.0159,2,0,0,0,0,268000.0,0.0,151.060947693205,True
2011,4,32.5095,-86.668,1,0,0,0,0,440000.0,0.0,74.27043172603051,True
2011,5,29.35,-89.53,0,0,0,0,0,1000.0,0.0,155.11802012696282,True
2011,6,36.02,-84.1626,1,0,0,0,0,50000.0,0.0,70.30786215332586,True
2011,6,35.97,-83.95,0,0,0,0,0,40000.0,0.0,53.97060207613843,True
2011,5,35.7631,-95.7423,2,0,0,0,0,100000.0,0.0,48.52566479864233,True
2011,7,41.7,-103.49,0,0,0,0,0,0.0,0.0,125.51503568294173,True
2011,5,36.0714,-95.0628,1,0,0,0,0,70000.0,0.0,46.47826567819624,True
2011,5,40.9829,-86.8936,0,0,0,0,0,0.0,0.0,108.28817383872459,True
2011,4,39.8245,-87.6562,1,0,0,0,0,140000.0,0.0,118.31907118256954,True
2011,4,40.3661,-87.5862,1,0,0,0,0,360000.0,0.0,133.1295015642365,True
2011,5,35.399,-93.8079,2,0,0,0,0,25000.0,0.0,51.67648347247053,True
2011,5,44.1161,-90.3124,2,0,0,0,0,4400000.0,0.0,77.51626878589191,True
2011,4,34.6372,-85.7691,1,0,0,0,0,30000.0,0.0,43.46255965689421,True
2011,4,32.6144,-86.5121,0,0,0,0,0,39800.0,0.0,66.49829820929021,True
2011,4,33.605,-87.5102,3,4,0,0,0,6600000.0,0.0,82.38261488196734,True
2011,4,32.9149,-88.3495,2,0,0,2,0,1000000.0,0.0,109.21080254214843,True
2011,4,32.3216,-87.9459,2,0,0,3,0,14000000.0,0.0,145.05043215379536,True
2011,4,32.4714,-87.5242,2,0,0,0,0,645000.0,0.0,105.06273464672641,True
2011,4,32.6174,-86.193,3,6,0,20,0,50000000.0,0.0,38.83714887611771,True
2011,4,32.5639,-86.6064,1,0,0,0,0,458000.0,0.0,69.31017978333729,True
2011,5,35.942,-95.3754,2,0,0,0,0,400000.0,0.0,30.967856970657557,True
2011,4,33.2058,-84.4794,3,2,0,0,0,25000000.0,0.0,19.271074755006513,True
2011,5,33.8632,-97.6434,0,0,0,0,0,0.0,0.0,134.6996655068099,True
2011,5,36.0349,-94.1081,0,0,0,0,0,1000.0,0.0,85.89956767277386,True
2011,5,30.3,-95.09,0,0,0,0,0,0.0,0.0,92.08231160970887,True
2011,5,43.11,-98.15,0,0,0,0,0,0.0,0.0,126.59499888837804,True
2011,4,32.3526,-86.8712,1,0,0,0,0,45000.0,0.0,91.5992557703728,True
2011,4,32.4359,-88.3288,2,0,0,0,0,3910000.0,0.0,156.47379144319433,True
2011,5,44.2491,-89.9702,1,0,0,1,0,1020000.0,0.0,108.49937348181295,True
2011,5,44.2948,-89.7247,1,0,0,0,0,1800000.0,0.0,128.39241068761766,True
2011,4,32.8843,-85.5936,3,0,0,0,0,2000000.0,0.0,42.792925633736075,True
2011,5,43.03,-96.48,0,0,0,0,0,0.0,0.0,65.20842465208626,True
2011,5,35.44,-94.4595,1,0,0,0,0,0.0,0.0,18.842356592022092,True
2011,3,30.0217,-90.4943,0,0,0,0,0,10000.0,0.0,55.98938607028037,True
2011,4,34.6452,-85.7692,2,0,0,0,0,0.0,0.0,42.79191524872094,True
2011,4,32.3882,-86.8329,2,0,0,0,0,309000.0,0.0,87.34783723301315,True
2011,5,40.7743,-91.2255,1,0,0,0,0,250000.0,0.0,107.60600799014381,True
2011,5,40.9058,-91.1814,1,0,0,0,0,50000.0,0.0,93.16887801497592,True
2011,4,33.9547,-86.7894,3,0,0,10,0,19500000.0,0.0,87.05803888556161,True
2011,4,32.9947,-88.2403,3,0,0,0,0,1600000.0,0.0,100.65959546799003,True
2011,4,32.904,-87.3625,1,0,0,0,0,88750.0,0.0,62.77666634446923,True
2011,5,41.8922,-76.527,1,0,0,0,0,20000.0,0.0,56.33937569831534,True
2011,5,43.31,-95.79,0,0,0,0,0,0.0,0.0,81.8433918984036,True
2011,5,35.0118,-90.4947,0,0,0,0,0,0.0,0.0,67.52567243214169,True
2011,5,38.086,-102.5262,0,0,0,0,0,0.0,0.0,159.43703630072451,True
2011,5,38.42,-103.25,0,0,0,0,0,0.0,0.0,170.51034715122057,True
2011,5,44.9597,-93.3472,1,1,0,48,0,166000000.0,0.0,21.154074033078548,True
2011,3,30.0418,-90.5399,0,0,0,0,0,10000.0,0.0,54.63114089558817,True
2011,4,37.901,-79.202,0,0,0,0,0,6000.0,0.0,135.86954733921365,True
2011,5,41.9739,-89.5696,1,0,0,0,0,50000.0,0.0,93.0070442924816,True
2011,5,40.5516,-76.9328,1,0,0,0,0,10000.0,0.0,99.24502944290408,True
2011,6,38.85,-100.63,0,0,0,0,0,0.0,0.0,108.77234449590189,True
2011,5,44.05,-97.29,0,0,0,0,0,0.0,0.0,68.32556210941705,True
2011,5,44.11,-97.21,0,0,0,0,0,0.0,0.0,69.7173749055758,True
2011,4,33.0158,-85.2938,1,0,0,0,0,10000.0,0.0,70.63046863803828,True
2011,4,32.7216,-86.3133,0,0,0,0,0,12900.0,0.0,53.16723683870352,True
2011,4,33.0297,-87.935,2,0,0,0,0,2500000.0,0.0,103.1293092678363,True
2011,4,32.6426,-87.8456,1,0,0,0,0,371000.0,0.0,116.41276047302266,True
2011,4,32.7545,-85.8826,4,1,0,10,0,115000000.0,0.0,25.737571556969964,True
2011,4,33.3507,-86.4013,1,0,0,0,0,44000.0,0.0,39.60454834991656,True
2011,4,33.3818,-86.3703,1,0,0,0,0,1000000.0,0.0,43.85478040073008,True
2011,4,32.5519,-87.3142,1,0,0,0,0,1300000.0,0.0,85.67177762971627,True
2011,4,42.5943,-94.9151,3,0,0,0,0,10000000.0,0.0,137.36316023158736,True
2011,6,35.77,-84.47,0,0,0,0,0,5000.0,0.0,105.83206439646943,True
2011,4,34.2548,-86.4307,1,0,0,0,0,0.0,0.0,81.58070588279509,True
2011,5,41.5776,-92.0999,0,0,0,0,0,10000.0,0.0,126.37836192687993,True
2011,5,36.4103,-96.5812,1,0,0,0,0,0.0,0.0,94.83389753933919,True
2011,5,42.2026,-89.3215,1,0,0,0,0,100000.0,0.0,105.9372348149311,True
2011,5,41.1047,-81.5525,0,0,0,0,0,200000.0,0.0,42.851742899964265,True
2011,5,41.7483,-80.5964,0,0,0,0,0,200000.0,0.0,111.515382866179,True
2011,5,33.5088,-97.2695,0,0,0,0,0,0.0,0.0,104.12898039965555,True
2011,4,32.7759,-86.5429,0,0,0,1,0,102000.0,0.0,48.8568718820223,True
2011,4,33.8975,-86.9274,2,0,0,0,0,480000.0,0.0,81.99159554525266,True
2011,4,33.9305,-86.8592,1,0,0,0,0,230000.0,0.0,84.75461245393306,True
2011,4,32.3824,-86.8297,1,0,0,0,0,39800.0,0.0,87.97173947425884,True
2011,4,32.6627,-87.7933,2,0,0,0,0,2980000.0,0.0,111.06247902576634,True
2011,6,37.9723,-89.2521,1,0,0,1,0,550000.0,0.0,109.0723496427806,True
2011,4,32.9719,-85.3688,1,0,0,0,0,5000.0,0.0,62.38607975259828,True
2011,5,41.7916,-92.206,2,0,0,0,0,250000.0,0.0,125.99036207454279,True
2011,5,33.6795,-97.5054,0,0,0,0,0,0.0,0.0,124.49581353162282,True
2011,5,42.68,-103.6731,0,0,0,0,0,0.0,0.0,174.48530414136908,True
2011,5,38.19,-104.57,0,0,0,0,0,0.0,0.0,177.54947348469605,True
2011,4,34.3402,-93.436,1,0,0,0,0,100000.0,0.0,120.80827988475274,True
2011,5,42.4584,-89.0128,1,0,0,0,0,15000.0,0.0,68.07563289164092,True
2011,5,40.7882,-98.0607,0,0,0,0,0,0.0,0.0,61.14071624642998,True
2011,5,41.1238,-97.6459,0,0,0,0,0,0.0,0.0,109.18626055679435,True
2011,5,41.1256,-97.6929,0,0,0,0,0,0.0,0.0,109.50812704862629,True
2011,4,32.9921,-88.3403,1,0,0,0,0,2900000.0,0.0,100.61556192956509,True
2011,4,32.8692,-85.8926,1,0,0,0,0,45800.0,0.0,38.210694871858806,True
2011,4,34.0289,-87.9421,3,0,0,0,0,5500000.0,0.0,38.59852251544576,True
2011,4,32.7434,-87.8043,3,6,0,40,0,17000000.0,0.0,107.64731669359485,True
2011,5,36.1975,-94.5859,1,0,0,0,0,0.0,0.0,87.82719384715593,True
2011,4,35.4,-86.2739,2,0,0,0,0,0.0,0.0,54.99172817427612,True
2011,4,34.3723,-93.4079,1,0,0,0,0,75000.0,0.0,116.8888551676911,True
2011,4,34.397,-93.393,1,0,0,0,0,50000.0,0.0,114.4540421549211,True
2011,4,36.5419,-78.8707,2,0,0,4,0,700000.0,0.0,103.30274680112383,True
2011,5,40.9607,-87.1563,1,0,0,0,0,25000.0,0.0,105.537780794153,True
2011,5,40.911,-87.3088,2,0,0,0,0,50000.0,0.0,100.74252958580402,True
2011,5,41.8283,-88.7761,0,0,0,0,0,0.0,0.0,62.57264785333422,True
2011,4,33.9471,-86.8206,1,0,0,0,0,153000.0,0.0,86.32269416505301,True
2011,4,33.2448,-87.8817,1,0,0,0,0,11000.0,0.0,83.52661799887318,True
2011,4,32.6937,-86.2032,2,0,0,0,0,1330000.0,0.0,42.479902621352636,True
2011,4,33.238,-86.8363,0,0,0,0,0,15250.0,0.0,9.608793264016155,True
2011,4,34.2275,-86.427,2,0,0,0,0,0.0,0.0,84.25993255269132,True
2011,5,38.7135,-104.6525,0,0,0,0,0,20000.0,0.0,119.6797726328491,True
2011,5,39.93,-104.19,0,0,0,0,0,0.0,0.0,34.29982186834216,True
2011,5,29.2061,-90.0433,0,0,0,0,0,10000.0,0.0,150.21502557591714,True
2011,5,45.2374,-92.9426,0,0,0,0,0,50000.0,0.0,65.28064283182395,True
2011,5,42.7759,-84.2676,1,0,0,0,0,25000.0,0.0,65.54895769049732,True
2011,4,34.87,-97.0324,1,0,0,0,0,5000.0,0.0,56.11841504572319,True
2011,4,36.7825,-79.0945,2,1,0,7,0,0.0,0.0,108.27825744395103,True
2011,5,40.9409,-87.2104,1,0,0,0,0,500.0,0.0,103.82274891707934,True
2011,5,33.5605,-97.021,0,0,0,0,0,18000.0,0.0,112.93316120558451,True
2011,4,34.6452,-87.079,1,0,0,0,0,0.0,0.0,96.27809465359772,True
2011,5,40.3276,-84.62,0,0,0,0,0,0.0,0.0,121.73746665913097,True
2011,5,40.107,-84.493,0,0,0,0,0,0.0,0.0,95.51746516718053,True
2011,4,33.3007,-88.1496,2,0,0,0,0,1800000.0,0.0,68.35024517870679,True
2011,4,33.2794,-87.8385,3,0,0,0,0,730000.0,0.0,82.34441241766993,True
2011,4,33.2824,-87.0875,0,0,0,0,0,80000.0,0.0,32.00867773476883,True
2011,4,32.8231,-86.0075,1,0,0,0,0,10000.0,0.0,37.814585757564096,True
2011,4,32.6152,-88.0543,2,0,0,0,0,5000000.0,0.0,134.97170646080818,True
2011,4,32.9132,-87.4205,3,1,0,10,0,14000000.0,0.0,67.1366469333412,True
2011,4,33.6792,-86.5699,1,0,0,0,0,105000.0,0.0,59.37481918407573,True
2011,4,33.2477,-86.5256,1,0,0,0,0,28500.0,0.0,24.223346239457015,True
2011,4,34.4226,-86.2845,0,0,0,0,0,0.0,0.0,59.39372648527071,True
2011,4,34.2416,-93.7019,1,0,0,0,0,200000.0,0.0,131.28183004888345,True
2011,4,33.9666,-93.5451,1,0,0,0,0,100000.0,0.0,152.35602899419274,True
2011,5,35.4493,-94.441,1,0,0,0,0,50000.0,0.0,19.068704648265474,True
2011,5,35.2781,-93.9515,1,0,0,0,0,25000.0,0.0,37.27449207018692,True
2011,5,39.857,-88.8445,1,0,0,0,0,165000.0,0.0,53.133951159033614,True
2011,5,39.8821,-77.6346,1,0,0,0,0,10000.0,0.0,101.53168912601917,True
2011,5,43.89,-90.9351,1,0,0,0,0,5000.0,0.0,21.845083749805813,True
2011,4,32.1007,-88.0499,1,0,0,0,0,0.0,0.0,159.0605819862673,True
2011,4,32.4055,-87.5098,0,0,0,0,0,23000.0,0.0,109.7683505107606,True
2011,5,44.55,-94.28,0,0,0,0,0,0.0,0.0,65.52428882269116,True
2011,4,34.7201,-93.1026,1,0,0,0,0,500000.0,0.0,77.85975981550882,True
2011,5,32.7477,-97.4764,0,0,0,0,0,30000.0,0.0,25.32695867722404,True
2011,5,33.3108,-98.0409,0,0,0,0,0,0.0,0.0,107.11865749584095,True
2011,5,35.3182,-93.9044,4,1,0,6,0,1500000.0,0.0,41.62907484989342,True
2011,5,39.8804,-88.7739,1,0,0,0,0,100000.0,0.0,56.56698804054366,True
2011,5,40.2545,-77.036,1,0,0,0,0,15000.0,0.0,110.4798870771928,True
2011,5,31.48,-98.0576,0,0,0,0,0,0.0,0.0,106.0123038518333,True
2011,4,33.163,-87.3716,3,0,0,0,0,9200000.0,0.0,56.03082938927295,True
2011,4,33.5979,-87.3278,3,0,0,20,0,13400000.0,0.0,70.20164059707197,True
2011,4,33.378,-86.7509,1,0,0,0,0,3700000.0,0.0,22.979527115689834,True
2011,4,32.5666,-87.2943,2,0,0,0,0,38000.0,0.0,83.25232492035164,True
2011,5,39.7388,-103.196,0,0,0,0,0,0.0,0.0,115.49628755551731,True
2011,5,40.8801,-84.5976,0,0,0,0,0,0.0,0.0,106.57572322577631,True
2011,5,33.0814,-97.4511,0,0,0,0,0,2000.0,0.0,58.222502894110136,True
2011,5,32.9177,-97.6105,0,0,0,0,0,10000.0,0.0,47.931444540990775,True
2011,6,31.941,-94.355,0,0,0,0,0,0.0,0.0,74.50388285989652,True
2011,4,36.8706,-78.382,1,0,0,0,0,100000.0,0.0,122.82459297951992,True
2011,4,37.2946,-76.5715,3,2,0,24,0,7700000.0,0.0,51.83977332961985,True
2011,5,41.0229,-87.6272,1,0,0,0,0,250000.0,0.0,75.09844122101588,True
2011,5,41.4523,-77.5125,1,0,0,0,0,8000.0,0.0,71.79207505568581,True
2011,5,41.4059,-77.4655,1,0,0,0,0,6000.0,0.0,70.09855459386634,True
2011,5,46.58,-122.89,0,0,0,0,0,10000.0,0.0,96.358038237579,True
2011,5,33.2662,-91.52,2,0,0,0,0,100000.0,0.0,180.6535227027961,True
2011,4,33.83,-86.8012,1,0,0,0,0,5300000.0,0.0,73.23112748854044,True
2011,4,33.4169,-86.738,0,0,0,0,0,15000.0,0.0,27.397393118423935,True
2011,3,30.3465,-89.9379,1,0,0,0,0,100000.0,0.0,48.955671360736616,True
2011,4,33.0142,-92.6827,1,0,0,0,0,20000.0,0.0,125.16929084836939,True
2011,4,35.85,-76.21,1,0,0,0,0,400000.0,0.0,133.87398617817612,True
2011,4,36.159,-75.7524,1,0,0,0,0,767000.0,0.0,144.82720189244435,True
2011,4,34.828,-78.146,1,0,0,0,0,10000.0,0.0,96.82430104618948,True
2011,4,31.617,-93.406,1,0,0,0,0,0.0,0.0,65.60010049785018,True
2011,3,30.5921,-89.9525,1,0,0,1,0,100000.0,0.0,44.29806696349653,True
2011,3,30.4427,-88.9339,1,0,0,0,0,100000.0,0.0,71.4896520030825,True
2011,3,30.0431,-90.2747,0,0,0,0,0,5000.0,0.0,54.49504041200603,True
2011,4,34.3475,-90.767,0,0,0,0,0,5000.0,0.0,137.64495327163172,True
2011,4,34.3605,-90.6784,0,0,0,0,0,2000.0,0.0,131.80855969992044,True
2011,4,34.3639,-90.6612,0,0,0,0,0,50000.0,0.0,130.62373831652292,True
2011,4,35.8201,-88.2871,0,0,0,0,0,5000.0,0.0,135.85207169229864,True
2011,3,30.4934,-89.7288,1,0,0,0,0,20000.0,0.0,65.07664477095979,True
2011,3,32.198,-89.9697,0,0,0,0,0,40000.0,0.0,9.221673256875441,True
2011,5,40.8766,-94.5653,1,0,0,0,0,5000000.0,0.0,118.23638070130036,True
2011,5,40.8784,-94.5653,1,0,0,0,0,10000000.0,0.0,118.07502388806981,True
2011,5,40.3302,-78.0291,1,0,0,0,0,10000.0,0.0,65.95623470717163,True
2011,4,36.6319,-90.4242,0,0,0,0,0,0.0,0.0,151.46548295496973,True
2011,4,32.3725,-94.4632,1,0,0,0,0,0.0,0.0,59.03116259127659,True
2011,4,32.4312,-94.3534,2,0,0,0,0,300000.0,0.0,48.11176885780435,True
2011,4,32.0988,-94.0643,2,0,0,0,0,0.0,0.0,44.40751374588276,True
2011,4,32.93,-92.77,1,0,0,0,0,0.0,0.0,113.52730159428553,True
2011,4,35.47,-76.81,0,0,0,0,0,4000.0,0.0,77.42398002065727,True
2011,4,34.7335,-77.3765,3,0,0,30,90,9400000.0,0.0,45.93071688948279,True
2011,4,38.7097,-84.7487,0,0,0,0,0,25000.0,0.0,112.46493500351352,True
2011,8,35.5526,-76.5442,1,0,0,0,0,200000.0,0.0,91.49912471753757,True
2011,4,37.0674,-90.5611,1,0,0,0,0,100000.0,0.0,158.74071721745798,True
2011,5,40.2333,-78.218,1,0,0,0,0,10000.0,0.0,78.79943637628129,True
2011,4,35.7381,-90.6949,0,0,0,0,0,25000.0,0.0,86.24911069001149,True
2011,4,32.375,-95.3216,0,0,0,0,0,0.0,0.0,139.21813251260772,True
2011,8,35.9185,-76.2233,2,0,0,0,0,150000.0,0.0,137.67026180489947,True
2011,3,32.1334,-90.6135,1,0,0,0,0,150000.0,0.0,61.38883957796623,True
2011,2,32.9763,-91.4311,1,0,0,0,0,750000.0,0.0,156.0371515789859,True
2011,4,35.7699,-90.6161,2,0,0,0,0,10000.0,0.0,82.15739296547665,True
2011,4,38.3268,-88.3021,2,0,0,2,0,400000.0,0.0,50.94632199142741,True
2011,4,36.7835,-87.3969,2,0,0,7,0,2000000.0,0.0,11.247891664271322,True
2011,3,32.1146,-90.3112,2,0,0,0,0,500000.0,0.0,35.82679529188837,True
2011,4,34.375,-86.2005,1,0,0,0,0,0.0,0.0,62.692785715090665,True
2011,4,34.622,-92.05,1,0,0,0,0,5000.0,0.0,30.714497274854928,True
2011,4,35.8025,-90.5074,1,0,0,0,0,250000.0,0.0,76.67922609842836,True
2011,4,32.4959,-94.1545,0,0,0,0,0,0.0,0.0,29.810745393847967,True
2011,4,32.4864,-95.5844,0,0,0,0,0,0.0,0.0,161.4150964003252,True
2011,4,32.375,-95.3216,0,0,0,0,0,0.0,0.0,139.21813251260772,True
2011,3,31.7475,-84.1567,0,0,0,0,0,5000.0,0.0,127.42693224021008,True
2011,3,31.88,-85.11,0,0,0,0,0,0.0,0.0,57.17142600686909,True
2011,3,31.88,-84.74,1,0,0,0,0,65000.0,0.0,82.52330683337956,True
2011,8,35.8846,-76.4188,0,0,0,0,0,75000.0,0.0,130.08976094430284,True
2011,4,37.02,-88.98,2,0,0,1,0,700000.0,0.0,19.231965519970647,True
2011,4,30.85,-90.14,1,0,0,0,0,30000.0,0.0,44.76141519920337,True
2011,4,31.617,-93.119,2,0,0,0,0,50000.0,0.0,53.110260356858426,True
2011,4,35.8691,-90.3734,0,0,0,0,0,30000.0,0.0,73.7811681780208,True
2011,5,41.959,-77.4578,1,0,0,0,0,25000.0,0.0,123.85936775774239,True
2011,3,38.4525,-122.7082,1,0,0,0,0,50000.0,0.0,89.85689449817127,True
2011,4,34.3128,-87.9215,2,0,0,0,0,600000.0,0.0,59.5612983516731,True
2011,4,31.7515,-92.9682,2,0,0,0,0,250000.0,0.0,66.30170144166041,True
2011,4,34.7855,-86.7894,0,0,0,0,0,0.0,0.0,66.3874853609464,True
2011,4,40.38,-77.5896,1,0,0,0,0,25000.0,0.0,69.76941131155469,True
2011,4,37.0728,-89.2284,2,0,0,0,0,700000.0,0.0,40.500933357502944,True
2011,4,32.975,-92.7232,1,0,0,0,0,0.0,0.0,119.74309897482786,True
2011,5,45.1705,-93.7044,1,0,0,0,0,500000.0,0.0,37.391910331907916,True
2011,4,32.3341,-97.9994,0,0,0,0,0,0.0,0.0,70.51502365557229,True
2011,4,32.3324,-97.9885,0,0,0,0,0,0.0,0.0,69.64144192383085,True
2011,4,32.3304,-97.9542,0,0,0,0,0,0.0,0.0,66.77106193332459,True
2011,4,39.9227,-84.0302,0,0,0,0,0,25000.0,0.0,58.64950548279055,True
2011,5,42.79,-92.23,0,0,0,0,0,0.0,0.0,142.31610123511717,True
2011,3,33.1223,-86.9194,1,0,0,0,0,18000.0,0.0,14.988583899967521,True
2011,4,38.6985,-84.5393,1,0,0,0,0,30000.0,0.0,101.39230326235192,True
2011,4,34.8138,-86.7773,1,0,0,0,0,0.0,0.0,64.60137497939004,True
2011,5,32.601,-94.473,0,0,0,0,0,0.0,0.0,61.53857056675212,True
2011,5,33.847,-95.122,0,0,0,0,0,0.0,0.0,174.93876912509245,True
2011,3,40.28,-79.74,2,0,0,0,0,4000000.0,0.0,49.20079553217772,True
2011,3,27.8716,-82.8509,1,0,0,0,0,750000.0,0.0,47.88103207564876,True
2011,3,31.3254,-83.928,0,0,0,0,0,4000.0,0.0,100.5801993048495,True
2011,4,34.5345,-95.03,0,0,0,0,0,0.0,0.0,103.80849176610006,True
2011,4,34.532,-94.9631,1,0,0,0,0,0.0,0.0,100.58374637845517,True
2011,4,34.5389,-94.9375,1,0,0,0,0,0.0,0.0,98.67907454652932,True
2011,4,34.5823,-94.5823,0,0,0,0,0,0.0,0.0,81.26138910309422,True
2011,4,34.5734,-94.5407,0,0,0,0,0,0.0,0.0,81.37728784613697,True
2011,4,35.4877,-96.0814,0,0,0,0,0,0.0,0.0,89.52647115991059,True
2011,5,32.755,-92.3901,0,0,0,0,0,0.0,0.0,140.0763672499427,True
2011,5,40.6521,-77.1909,2,0,0,0,0,50000.0,0.0,74.78254030252823,True
2011,4,34.6494,-91.965,2,0,0,0,0,20000000.0,50000.0,34.18186294999607,True
2011,3,27.9086,-81.9827,0,0,0,0,0,5000.0,0.0,47.025876551123375,True
2011,3,27.8766,-82.5025,1,0,0,0,0,2270000.0,0.0,21.466092366445665,True
2011,4,39.8506,-82.5908,1,0,0,0,0,45000.0,0.0,115.75426528567229,True
2011,4,39.0601,-83.014,0,0,0,0,0,10000.0,0.0,80.26149003442667,True
2011,3,28.14,-82.508,0,0,0,0,0,20000.0,0.0,49.450140459003876,True
2011,4,30.3246,-90.5735,1,0,0,0,0,10000.0,0.0,26.90368109143553,True
2011,4,34.6655,-86.9172,0,0,0,0,0,0.0,0.0,81.62130920443869,True
2011,4,34.7313,-86.7863,1,0,0,0,0,0.0,0.0,67.85559827036478,True
2011,3,27.9013,-82.4126,1,0,0,0,0,1580000.0,0.0,21.822743992288206,True
2011,4,39.8072,-82.9183,1,0,0,0,0,35000.0,0.0,88.53795950240321,True
2011,2,33.354,-86.2212,0,0,0,0,0,8000.0,0.0,54.8706388030093,True
2011,2,32.5699,-86.4854,0,0,0,0,0,22000.0,0.0,65.3046673888079,True
2011,4,34.996,-77.64,2,0,0,0,0,100000.0,0.0,73.8277459568328,True
2011,4,35.8893,-77.1744,0,0,0,0,0,10000.0,0.0,121.26797166907225,True
2011,4,30.0614,-90.699,0,0,0,0,0,50000.0,0.0,58.13538257566155,True
2011,4,30.6677,-89.969,1,0,0,0,0,50000.0,0.0,45.07777457811142,True
2011,3,30.1088,-92.8309,0,0,0,0,0,10000.0,0.0,37.07426641028552,True
2011,3,30.1542,-92.7322,0,0,0,0,0,10000.0,0.0,46.622354549226195,True
2011,3,30.2344,-92.4003,0,0,0,3,0,50000.0,0.0,79.3285953956692,True
2011,4,35.8268,-77.0917,0,0,0,0,0,500.0,0.0,118.48460882026869,True
2011,3,27.8983,-82.6935,1,0,0,0,0,5000.0,0.0,35.820476449368634,True
2011,4,35.1238,-78.134,0,0,0,0,0,0.0,0.0,68.31090258202462,True
2011,5,32.782,-92.448,1,0,0,0,0,500000.0,0.0,135.5849758467973,True
2011,4,38.53,-87.7866,1,0,0,0,0,50000.0,0.0,30.47993732753179,True
2011,4,34.6365,-92.9418,1,0,0,0,0,200000.0,0.0,65.9801054539543,True
2011,4,36.8516,-87.843,1,0,0,0,0,30000.0,0.0,51.304825603841316,True
2011,4,34.9171,-77.9365,0,0,0,0,0,0.0,0.0,97.18315445330198,True
2011,3,25.7508,-80.2048,0,0,0,0,0,1000.0,0.0,26.052311604460037,True
2011,4,34.137,-90.9843,0,0,0,0,0,5000.0,0.0,140.5687640604346,True
2011,4,42.3549,-95.286,3,0,0,0,0,2000000.0,0.0,145.77983495434722,True
2011,4,42.9231,-94.2771,1,0,0,0,0,150000.0,0.0,140.15629185343627,True
2011,2,33.0073,-85.3988,0,0,0,0,0,45000.0,0.0,63.83578749440643,True
2011,2,32.2105,-86.5114,1,0,0,0,0,60000.0,0.0,76.86447391699426,True
2011,4,32.6302,-95.3479,0,0,0,0,0,0.0,0.0,142.6322579337496,True
2011,4,37.05,-89.0554,1,0,0,0,0,100000.0,0.0,25.235278148640514,True
2011,4,36.8802,-89.0328,2,0,0,2,0,2000000.0,0.0,31.218733198266676,True
2011,5,31.689,-93.032,0,0,0,0,0,0.0,0.0,59.58691330334937,True
2011,4,36.5,-88.6761,1,0,0,0,0,100000.0,0.0,63.76916521476944,True
2011,4,41.68,-83.4134,0,0,0,0,0,200000.0,0.0,113.51922368884448,True
2011,4,37.6097,-87.7713,2,0,0,2,0,500000.0,0.0,72.45299224226292,True
2011,4,42.5556,-94.9744,2,0,0,0,0,500000.0,0.0,138.02910565220174,True
2011,4,42.1956,-95.6493,1,0,0,0,0,25000.0,0.0,114.0847592172045,True
2011,4,42.3948,-95.2027,0,0,0,0,0,1000.0,0.0,142.72258974293428,True
2011,4,42.734,-94.7442,1,0,0,0,0,10000.0,0.0,139.66525604317093,True
2011,4,42.6895,-94.8141,1,0,0,0,0,10000.0,0.0,139.4054122274487,True
2011,4,42.6912,-94.8141,1,0,0,0,0,10000.0,0.0,139.54918421705358,True
2011,4,42.7105,-94.8144,2,0,0,0,0,100000.0,0.0,141.20462145792663,True
2011,3,30.6218,-87.1148,0,0,0,0,0,0.0,100000.0,107.8002036068024,True
2011,4,36.7178,-88.3136,0,0,0,0,0,80000.0,0.0,56.396406685024786,True
2011,4,36.5503,-90.5258,1,0,0,0,0,175000.0,0.0,146.3555816826849,True
2011,3,31.1645,-92.577,1,0,0,0,0,0.0,10000.0,37.96351564424912,True
2011,2,33.01,-90.91,2,0,0,0,0,800000.0,0.0,118.73808201993408,True
2011,3,31.3333,-92.3372,0,0,0,0,0,25000.0,0.0,63.858739579728905,True
2011,4,35.3396,-77.1788,0,0,0,0,0,0.0,0.0,68.46518494381476,True
2011,4,32.2848,-94.658,1,0,0,0,0,10000.0,0.0,78.89892142102575,True
2011,4,32.3589,-94.4936,1,0,0,0,0,0.0,0.0,62.09062709339036,True
2011,4,35.6057,-96.4385,0,0,0,0,0,0.0,0.0,81.82576145098525,True
2011,4,36.0134,-94.932,1,0,0,0,0,0.0,0.0,59.571722194981724,True
2011,4,35.3549,-95.6265,0,0,0,0,0,0.0,0.0,91.36331013071414,True
2011,5,36.6422,-94.4224,0,0,0,0,0,10000.0,0.0,112.25423765815519,True
2011,5,40.9554,-94.4775,0,0,0,0,0,0.0,0.0,106.81014844110753,True
2011,4,41.4781,-83.0453,0,0,0,0,0,100000.0,0.0,99.0584351510272,True
2011,3,30.219,-92.3142,2,1,0,11,0,15000000.0,0.0,87.30233528181057,True
2011,5,40.8211,-94.6188,0,0,0,0,0,0.0,0.0,125.87410431658788,True
2011,5,40.737,-76.0501,1,0,0,0,0,20000.0,0.0,162.7348933287126,True
2011,2,34.7708,-91.9045,1,0,0,0,0,400000.0,0.0,33.44032132598428,True
2011,4,35.5094,-84.0673,2,0,0,0,0,100000.0,0.0,94.68663526759254,True
2011,4,35.5459,-84.0274,4,0,0,0,0,1000000.0,0.0,89.26000407706069,True
2011,6,39.7253,-99.7767,0,0,0,0,0,0.0,0.0,131.5383505333119,True
2011,6,39.4576,-100.57,0,0,0,0,0,0.0,0.0,97.6215294262963,True
2011,6,39.8812,-100.2467,0,0,0,0,0,0.0,0.0,136.99679626971044,True
2011,6,39.8445,-100.18,0,0,0,0,0,0.0,0.0,140.64862367518123,True
2011,4,30.2045,-102.4448,2,0,0,0,0,100000.0,0.0,194.88908434480857,True
2011,11,34.4566,-99.14,0,0,0,0,0,0.0,0.0,18.29594065581054,True
2011,10,30.0864,-81.6914,1,0,0,0,0,20000.0,0.0,44.29263156220649,True
2011,11,32.8232,-84.692,1,0,0,0,0,10000.0,0.0,61.198981044154635,True
2011,12,32.6203,-86.5478,0,0,0,0,0,60000.0,0.0,64.7444242428321,True
2011,9,34.3799,-84.3634,1,0,0,0,0,3000000.0,0.0,114.57190483874457,True
2011,11,34.883,-98.675,0,0,0,0,0,0.0,0.0,64.15330081792216,True
2011,6,39.7485,-99.7585,1,0,0,0,0,10000.0,0.0,128.89232474931302,True
2011,6,39.8391,-99.6467,0,0,0,0,0,0.0,0.0,115.65253881649451,True
2011,11,32.697,-85.1173,2,0,0,2,0,5000000.0,0.0,65.456287661649,True
2011,11,34.907,-98.642,0,0,0,0,0,0.0,0.0,67.87786965179009,True
2011,4,35.47,-84.52,0,0,0,0,0,5000.0,0.0,127.24664139510554,True
2011,4,37.9378,-77.5228,1,0,0,0,0,15000.0,0.0,115.41032967817307,True
2011,4,37.2916,-78.3689,1,0,0,0,0,5000.0,0.0,125.43444358829375,True
2011,4,37.3063,-78.3566,1,0,0,0,0,40000.0,0.0,124.83424166004352,True
2011,4,37.7099,-77.8192,1,0,0,0,0,25000.0,0.0,108.00670663725394,True
2011,4,35.9086,-83.3335,0,0,0,0,0,3000.0,0.0,29.528986284793973,True
2011,4,35.9116,-83.3307,0,0,0,0,0,5000.0,0.0,29.256868934417106,True
2011,11,30.4207,-95.2025,0,0,0,0,0,0.0,0.0,106.16750645919893,True
2011,4,30.4725,-102.6785,0,0,0,0,0,0.0,0.0,170.0523385969551,True
2011,4,30.57,-102.677,0,0,0,0,0,0.0,0.0,159.60372793628082,True
2011,2,35.3094,-86.105,2,0,0,4,0,0.0,0.0,42.17109592018155,True
2011,4,35.8534,-83.7159,0,0,0,0,0,5000.0,0.0,44.98630267612399,True
2011,11,34.33,-99.22,0,0,0,0,0,0.0,0.0,22.625354954418576,True
2011,2,35.2794,-86.2762,0,1,0,0,0,40000.0,0.0,42.563203938592196,True
2011,9,34.0829,-84.5627,1,0,0,1,0,17000000.0,0.0,80.01305699113769,True
2011,2,34.8689,-92.7551,1,0,0,0,0,100000.0,0.0,45.14550231016007,True
2011,9,38.3958,-75.0761,0,0,0,0,0,40000.0,0.0,57.29943500005723,True
2011,6,36.4488,-100.4229,0,0,0,0,0,15000.0,0.0,151.34444248170982,True
2011,6,36.463,-100.2241,0,0,0,0,0,5000.0,0.0,146.07565629947496,True
2011,11,31.9,-87.7518,0,0,0,0,0,5000.0,0.0,143.4200076068129,True
2011,11,34.34,-99.21,0,0,0,0,0,0.0,0.0,21.562717000234997,True
2011,5,46.2625,-85.7272,0,0,0,0,0,0.0,0.0,142.81085417260272,True
2011,1,33.2625,-89.2957,1,0,0,0,0,65000.0,0.0,113.98586176613523,True
2011,1,32.6646,-88.8355,1,0,0,0,0,110000.0,0.0,115.95553289886887,True
2011,1,33.2839,-89.24,1,0,0,0,0,20000.0,0.0,108.46019909265844,True
2011,11,32.5548,-85.6294,1,0,0,2,0,4000000.0,0.0,15.165148503896766,True
2011,11,32.5369,-85.6566,1,0,0,0,0,500000.0,0.0,12.481845058423145,True
2011,11,34.5945,-98.961,0,0,0,0,0,0.0,0.0,25.871545144238482,True
2011,4,35.44,-84.41,1,0,0,0,0,25000.0,0.0,121.7488951083437,True
2011,4,35.11,-85.29,1,0,0,0,0,150000.0,0.0,74.97236649379761,True
2011,4,34.987,-85.271,1,0,0,0,0,25000.0,0.0,74.31963666323449,True
2011,10,38.03,-78.19,1,0,0,0,0,175000.0,0.0,121.67178027090107,True
2011,10,37.4774,-77.125,1,0,0,0,0,1000000.0,0.0,55.85420242874515,True
2011,7,44.166,-96.106,1,0,0,0,0,50000.0,0.0,81.40315586908014,True
2011,8,38.7184,-104.8244,0,0,0,0,0,0.0,0.0,121.17972675823614,True
2011,4,35.38,-84.34,0,0,0,0,0,5000.0,0.0,121.84193082840036,True
2011,4,35.39,-84.35,0,0,0,0,0,5000.0,0.0,121.67307207351536,True
2011,4,35.35,-84.4,2,0,0,1,0,500000.0,0.0,128.02288446154418,True
2011,4,35.11,-85.15,0,0,0,0,0,25000.0,0.0,87.32716807381769,True
2011,4,35.04,-85.07,1,0,0,0,0,50000.0,0.0,93.1399547789326,True
2011,7,44.281,-96.13,2,0,0,0,0,100000.0,0.0,90.78274167009563,True
2011,4,35.44,-84.42,1,0,0,0,0,25000.0,0.0,122.42370272725013,True
2011,4,34.99,-85.333,1,0,0,0,0,100000.0,0.0,68.72141666256452,True
2011,4,35.0681,-85.0964,1,0,0,0,0,100000.0,0.0,91.21238523921193,True
2011,4,35.0129,-85.2144,1,0,0,0,0,90000.0,0.0,79.72714853192724,True
2011,6,39.0373,-100.1823,0,0,0,0,0,0.0,0.0,135.83619232840525,True
2011,11,31.6608,-89.3275,1,0,0,0,0,60000.0,0.0,92.63065702931202,True
2011,4,35.54,-84.3,1,0,0,0,0,25000.0,0.0,106.9207745017453,True
2011,4,35.455,-84.448,1,0,0,1,0,100000.0,0.0,123.24173363484749,True
2011,4,35.8,-84.06,0,0,0,0,0,10000.0,0.0,71.99452936500465,True
2011,4,35.63,-84.13,0,0,0,0,0,10000.0,0.0,88.78996127755512,True
2011,4,35.0986,-85.0788,0,0,0,0,0,10000.0,0.0,93.39534758550829,True
2011,6,39.0944,-100.2126,0,0,0,0,0,0.0,0.0,131.66954180189626,True
2011,6,39.2181,-100.1619,0,0,0,0,0,0.0,0.0,133.41523716221667,True
2011,5,38.943,-91.4702,1,0,0,0,0,0.0,0.0,73.41940262389737,True
2011,7,47.35,-98.31,1,0,0,0,0,10000.0,50000.0,76.68130726789065,True
2011,7,46.17,-98.59,0,0,0,0,0,0.0,0.0,80.58751527772668,True
2011,8,42.2581,-98.3246,0,0,0,0,0,0.0,0.0,188.71208338725802,True
2011,8,42.64,-100.26,0,0,0,0,0,0.0,0.0,80.17644539642754,True
2011,7,46.11,-97.95,2,0,0,0,0,800000.0,2000000.0,81.11984463516757,True
2011,8,42.4205,-100.055,0,0,0,0,0,2000.0,0.0,67.00303660266226,True
2011,8,42.0726,-100.276,0,0,0,0,0,11000.0,0.0,27.886727562832448,True
2011,6,38.1986,-85.7726,2,0,0,0,0,400000.0,0.0,29.006756738823892,True
2011,6,38.7791,-102.5825,0,0,0,0,0,0.0,0.0,100.36204405076319,True
2011,7,47.8298,-99.9086,0,0,0,0,0,0.0,0.0,134.12488093521063,True
2011,8,42.64,-100.26,1,0,0,0,0,3000.0,0.0,80.17644539642754,True
2011,4,33.8116,-88.8454,3,0,0,2,0,250000.0,0.0,48.602839265879524,True
2011,6,41.1923,-98.7189,0,0,0,0,0,80000.0,0.0,99.67128361214982,True
2011,6,40.8031,-97.9366,2,0,0,0,0,2500000.0,500000.0,68.54216339761923,True
2011,8,42.66,-99.92,0,0,0,0,0,0.0,0.0,94.89935143670684,True
2011,6,41.4276,-98.78,1,0,0,0,0,50000.0,0.0,126.3066926619938,True
2011,6,38.1949,-85.5778,2,0,0,0,0,175000.0,0.0,40.28596635553688,True
2011,6,39.4898,-99.872,3,0,0,0,0,5000000.0,0.0,153.027182015737,True
2011,7,47.62,-99.14,1,0,0,0,0,10000.0,10000.0,136.53538618088186,True
2011,6,39.5215,-99.8788,1,0,0,0,0,500000.0,0.0,151.37119715335015,True
2011,6,39.5527,-99.8266,1,0,0,0,0,500000.0,0.0,145.70949464916418,True
2011,7,44.5412,-95.5519,1,0,0,0,0,250000.0,0.0,141.71178434032626,True
2011,6,40.8285,-97.7878,2,0,0,0,0,3500000.0,500000.0,78.98678355160442,True
2011,6,39.5667,-99.8036,2,0,0,0,0,1000000.0,0.0,143.19881890921235,True
2011,6,39.7377,-99.7765,3,0,0,0,0,350000.0,0.0,130.8259361403979,True
2011,8,44.1826,-88.2541,0,0,0,0,0,50000.0,0.0,36.93418658816678,True
2011,5,46.6642,-105.3,1,0,0,0,0,75000.0,0.0,198.31640582148864,True
2011,6,44.9964,-85.7596,0,0,0,0,0,20000.0,0.0,82.45640796669419,True
2011,7,41.5622,-75.2641,0,0,0,0,0,25000.0,0.0,92.64890604189979,True
2011,7,47.5,-98.7229,0,0,0,0,0,0.0,0.0,105.03092447496789,True
2011,8,42.2845,-98.35,0,0,0,0,0,0.0,0.0,187.15989028557902,True
2011,8,42.3,-101.39,0,0,0,0,0,0.0,0.0,77.13874705815986,True
2011,7,44.6479,-95.2209,1,0,0,0,0,15000.0,0.0,132.62132580054808,True
2011,7,47.11,-102.77,0,0,0,0,0,0.0,0.0,157.16422194258746,True
2011,7,46.51,-99.77,0,0,0,0,0,0.0,0.0,80.97244776195923,True
2011,6,41.0764,-97.7156,3,0,0,0,0,4000000.0,500000.0,103.96058587989647,True
2011,6,38.2025,-85.5488,1,0,0,0,0,75000.0,0.0,42.82413939347505,True
2011,7,38.1772,-97.5361,0,0,0,0,0,0.0,0.0,58.69857038095297,True
2011,9,41.4418,-85.9718,0,0,0,0,0,10000.0,0.0,24.485379646567736,True
2011,7,47.36,-98.54,0,0,0,0,0,0.0,0.0,93.26162947300091,True
2011,8,42.64,-100.06,0,0,0,0,0,0.0,0.0,86.91569076372808,True
2011,7,47.2755,-101.7997,0,0,0,0,0,0.0,0.0,96.73055181391967,True
2011,7,46.401,-99.792,2,0,0,0,0,450000.0,0.0,84.65417048757082,True
2011,7,39.22,-104.45,0,0,0,0,0,0.0,0.0,63.54022036073115,True
2011,6,42.98,-89.584,0,0,0,0,0,100000.0,0.0,84.0892489487337,True
2011,7,46.2475,-100.0702,0,0,0,0,0,30000.0,50000.0,78.58163569860767,True
2011,7,47.3923,-99.5787,0,0,0,0,0,0.0,0.0,113.04548528572373,True
2011,7,45.5227,-94.2668,0,0,0,0,0,100000.0,0.0,92.92081747054368,True
2011,7,39.6808,-104.4333,0,0,0,0,0,0.0,0.0,15.199517729028337,True
2011,8,44.2346,-83.5483,0,0,0,0,0,75000.0,0.0,119.10657462537496,True
2011,6,38.1828,-86.4981,0,0,0,0,0,0.0,0.0,53.71883563403889,True
2011,6,39.9463,-99.6262,1,0,0,0,0,100000.0,0.0,108.95029868964768,True
2011,6,39.8378,-100.1522,0,0,0,0,0,0.0,0.0,142.58745779422674,True
2011,6,39.796,-99.7207,2,0,0,0,0,300000.0,0.0,123.4893475931731,True
2011,7,46.42,-100.64,0,0,0,0,0,0.0,0.0,40.078246009324786,True
2011,7,47.29,-102.12,0,0,0,0,0,0.0,0.0,118.1211695104316,True
2011,7,44.7979,-95.102,1,0,0,0,0,250000.0,0.0,121.31083827328078,True
2011,5,38.1883,-94.0372,0,0,0,0,0,8000.0,0.0,71.92873792580578,True
2011,6,40.78,-99.8191,0,0,0,0,0,0.0,0.0,127.06310245302197,True
2011,7,46.26,-98.84,1,0,0,0,0,75000.0,0.0,95.33609514699897,True
2011,7,46.19,-98.16,0,0,0,0,0,0.0,0.0,83.95779291555107,True
2011,7,46.21,-98.43,0,0,0,0,0,0.0,0.0,83.87015870463479,True
2011,6,38.1422,-86.0504,0,0,0,0,0,5000.0,0.0,20.77294472289467,True
2011,7,43.03,-75.34,0,0,0,0,0,5000.0,0.0,85.25485130661349,True
2011,6,40.0079,-99.588,1,0,0,0,0,250000.0,250000.0,103.41500016115978,True
2011,6,37.7473,-86.4204,2,0,0,0,0,50000.0,0.0,48.91376197257105,True
2011,6,37.7413,-86.3876,0,0,0,0,0,5000.0,0.0,46.843676544150995,True
2011,6,41.1179,-88.0257,0,0,0,0,0,100000.0,0.0,54.322434144198766,True
2011,6,36.9614,-96.5458,0,0,0,0,0,0.0,0.0,110.61514929090251,True
2011,7,46.03,-99.39,0,0,0,0,0,0.0,0.0,99.11272405448545,True
2011,7,47.24,-97.07,0,0,0,0,0,5000.0,5000.0,37.34231982621438,True
2011,7,42.74,-75.19,0,0,0,0,0,0.0,0.0,88.64735477402284,True
2011,7,44.5866,-95.3861,1,0,0,0,0,200000.0,0.0,146.77282021526852,True
2011,6,36.3568,-99.88,0,0,0,0,0,100000.0,0.0,156.32006899981005,True
2011,8,42.7497,-103.0035,0,0,0,0,0,0.0,0.0,153.5345183744525,True
2011,6,38.1906,-85.6192,1,0,0,0,0,150000.0,0.0,37.15949402045464,True
2011,6,36.8957,-95.8727,0,0,0,0,0,0.0,0.0,84.74858299373369,True
2011,6,36.9345,-96.2705,0,0,0,0,0,0.0,0.0,105.41873887178498,True
2011,7,46.25,-97.42,1,0,0,0,0,100000.0,50000.0,117.10172703447913,True
2011,7,46.02,-97.11,1,0,0,0,0,30000.0,300000.0,119.00174061721921,True
2011,7,47.47,-101.14,0,0,0,0,0,0.0,0.0,82.88317659307691,True
2011,6,41.5321,-73.2178,1,0,0,0,0,0.0,0.0,79.81484537034605,True
2011,7,47.33,-100.51,1,0,0,0,0,0.0,0.0,65.00368243167075,True
2011,7,48.3,-100.0,1,0,0,0,0,325000.0,150000.0,179.35669302988316,True
2011,6,40.6421,-99.3899,0,0,0,0,0,500000.0,250000.0,87.7731980573717,True
2011,6,40.679,-99.3858,0,0,0,0,0,250000.0,250000.0,89.19151282725873,True
2011,6,39.9923,-99.4065,0,0,0,0,0,0.0,0.0,89.74361333605741,True
2011,6,38.8,-96.9,0,0,0,0,0,0.0,0.0,61.77673877084894,True
2011,6,41.2342,-98.1168,0,0,0,0,0,0.0,0.0,105.18718261075259,True
2011,7,46.49,-98.63,3,0,0,1,0,500000.0,250000.0,116.2101126059299,True
2011,7,47.35,-99.65,0,0,0,0,0,0.0,0.0,105.92537237117506,True
2011,7,28.2088,-82.1615,0,0,0,0,0,20000.0,0.0,60.76651562867381,True
2011,6,40.7278,-99.3941,2,0,0,1,0,750000.0,500000.0,92.3285686755264,True
2011,6,40.9393,-99.0394,0,0,0,0,0,0.0,0.0,85.27257901465192,True
2011,6,42.0474,-87.9504,1,0,0,0,0,50000.0,0.0,50.491562827057436,True
2011,6,41.606,-87.5823,0,0,0,0,0,25000.0,0.0,41.75054471204995,True
2011,6,38.9136,-102.9502,0,0,0,0,0,0.0,0.0,119.00038164910109,True
2011,7,46.93,-98.03,1,0,0,0,0,750000.0,250000.0,85.18251363282704,True
2011,7,44.51,-95.54,1,0,0,0,0,500000.0,0.0,139.79692938748232,True
2011,7,44.5418,-95.4445,1,0,0,0,0,500000.0,0.0,147.5929289874368,True
2011,6,42.1541,-72.0677,0,0,0,0,0,0.0,0.0,79.95361544253923,True
2011,9,30.4527,-88.1098,1,0,0,0,0,45000.0,0.0,28.11388683060804,True
2011,9,34.8092,-79.0624,0,0,0,0,0,20000.0,0.0,108.12011353395737,True
2011,6,36.9806,-101.0535,1,0,0,0,0,20000.0,0.0,129.27907265562953,True
2011,9,32.7789,-87.4965,0,0,0,0,0,12000.0,0.0,80.66103546537057,True
2011,11,31.8439,-94.7578,1,0,0,0,0,0.0,0.0,109.54696296200997,True
2011,9,30.7229,-86.558,0,0,0,0,0,25000.0,0.0,63.356871595973125,True
2011,9,30.3906,-87.4509,1,0,0,0,0,200000.0,0.0,82.09195835845227,True
2011,11,32.3633,-88.0894,2,0,0,1,0,200000.0,0.0,152.67483317926465,True
2011,11,31.9182,-94.7401,0,0,0,0,0,0.0,0.0,103.26204535167447,True
2011,11,32.4813,-87.8567,0,0,0,0,0,300000.0,0.0,127.32974671746626,True
2011,11,32.3867,-86.2184,1,0,0,0,0,500000.0,0.0,43.53527131847101,True
2011,6,42.1107,-72.1354,3,0,0,0,0,0.0,0.0,84.24976780736567,True
2011,9,30.1641,-92.1471,0,0,0,0,0,0.0,0.0,102.8607262415392,True
2011,12,32.8692,-86.9742,0,0,0,0,0,15000.0,0.0,38.68671309986825,True
2011,11,31.448,-93.318,1,0,0,0,0,0.0,0.0,46.00403652769508,True
2011,11,31.4753,-93.2362,1,0,0,0,0,0.0,0.0,43.33723968624509,True
2011,9,36.5751,-94.019,0,0,0,0,0,0.0,0.0,91.73406610234505,True
2011,12,32.4232,-86.9206,0,0,0,0,0,30000.0,0.0,84.44201971191472,True
2011,12,33.1828,-86.607,0,0,0,0,0,45000.0,0.0,15.192090828248581,True
2011,9,33.7478,-90.6578,1,0,0,0,0,200000.0,0.0,174.87119368657986,True
2011,9,30.6165,-89.6558,1,0,0,0,0,50000.0,0.0,72.76151422060478,True
2011,9,30.5434,-89.12,1,0,0,0,0,20000.0,0.0,85.58891184814313,True
2011,10,30.3097,-94.9875,0,0,0,1,0,25000.0,0.0,93.5702557793727,True
2011,12,32.7537,-86.2916,1,0,0,0,0,65000.0,0.0,52.82412805348179,True
2011,12,32.6978,-86.4131,0,0,0,0,0,5000.0,0.0,61.0702319072919,True
2011,12,32.9745,-86.0082,0,0,0,0,0,5000.0,0.0,52.79963711491898,True
2011,5,36.9411,-90.7165,3,0,0,2,0,500000.0,0.0,173.24991187436245,True
2011,9,33.7866,-90.5467,1,0,0,0,0,20000.0,0.0,175.53437339932492,True
2011,4,35.697,-84.879,1,0,0,0,0,10000.0,0.0,138.59760511326567,True
2011,4,36.054,-83.4889,0,0,0,0,0,5000.0,0.0,14.921183481540309,True
2011,10,47.233,-117.7657,0,0,0,0,0,0.0,0.0,50.864361807124325,True
2011,6,42.14,-72.48,1,0,0,0,0,0.0,0.0,112.7801764006885,True
2011,6,42.14,-72.23,1,0,0,0,0,0.0,0.0,92.55716418357076,True
2011,4,35.5467,-84.0274,0,0,0,0,0,10000.0,0.0,89.19086788279338,True
2011,4,35.66,-84.19,0,0,0,0,0,10000.0,0.0,90.72781932024157,True
2011,9,33.7933,-90.7814,1,0,0,0,0,2500000.0,0.0,178.71850469112024,True
2011,6,42.1,-72.75,3,3,0,200,0,227600000.0,0.0,134.20131210217863,True
2011,9,29.8587,-89.778,1,0,0,0,0,10000.0,0.0,95.18409034261438,True
2011,9,37.94,-78.2,0,0,0,0,0,10000.0,0.0,130.84984364961002,True
2011,9,36.82,-97.932,0,0,0,0,0,0.0,0.0,19.50943396976042,True
2011,4,35.2899,-84.5504,0,0,0,0,0,10000.0,0.0,142.43276180831757,True
2011,9,35.3347,-111.7056,2,0,0,0,0,0.0,0.0,96.35833723308473,True
2011,11,35.7321,-80.2103,2,2,0,15,0,20000000.0,0.0,143.7842093193945,True
2011,4,35.5324,-84.0504,4,0,0,0,0,50000.0,0.0,91.73839483288555,True
2011,4,32.789,-88.241,2,0,0,0,0,2069999.9999999998,0.0,123.46603015013038,True
2011,4,34.9845,-85.6,1,0,0,0,0,25000.0,0.0,44.47909178245134,True
2011,11,35.807,-80.0097,1,0,0,0,0,500000.0,0.0,137.3950946970771,True
2011,10,29.366,-98.632,1,0,0,0,0,1000000.0,0.0,69.43150946465856,True
2011,9,33.9481,-86.0423,0,0,0,0,0,30000.0,0.0,109.309118215742,True
2011,7,40.16,-103.21,0,0,0,0,0,0.0,0.0,121.16159599631442,True
2011,7,40.16,-103.21,0,0,0,0,0,0.0,0.0,121.16159599631442,True
2011,4,34.6208,-85.9814,4,6,0,0,0,0.0,0.0,35.68531994733553,True
2011,5,35.242,-97.628,0,0,0,0,0,0.0,0.0,33.36341489257196,True
2011,6,37.43,-103.58,0,0,0,0,0,0.0,0.0,270.5780731644056,True
2011,6,37.75,-103.8,0,0,0,0,0,0.0,0.0,235.50981445046656,True
2011,2,35.68,-88.1867,2,0,0,0,0,1500000.0,0.0,142.65233449431733,True
2011,5,38.7016,-86.309,1,0,0,0,0,0.0,0.0,86.81531075233498,True
2011,5,35.109,-97.451,1,0,0,0,0,0.0,0.0,29.467729984380522,True
2011,6,36.77,-100.82,0,0,0,0,0,0.0,0.0,133.45795345436022,True
2011,6,46.8797,-102.3376,0,0,0,0,0,10000.0,0.0,120.61403525993487,True
2011,5,38.7118,-86.3088,1,0,0,0,0,30000.0,0.0,87.86429235626284,True
2011,5,38.686,-86.3403,1,0,0,0,0,20000.0,0.0,86.26286654757386,True
2011,4,35.0248,-88.2735,2,0,0,2,0,1800000.0,0.0,125.51952390833092,True
2011,5,39.52,-122.2,1,0,0,0,0,150000.0,400000.0,48.831425497597294,True
2011,5,39.598,-121.6208,2,0,0,0,0,120000.0,0.0,11.367781875744559,True
2011,4,38.7362,-90.9388,1,0,0,0,0,0.0,0.0,22.59710745396062,True
2011,6,44.4038,-70.6817,1,0,0,0,0,0.0,0.0,66.32681626721086,True
2011,6,41.7621,-88.0324,1,0,0,0,0,500000.0,0.0,18.055800832751906,True
2011,5,40.9729,-97.8778,1,0,0,0,0,150000.0,0.0,86.73219713615609,True
2011,5,41.1598,-97.5532,1,0,0,0,0,100000.0,0.0,100.79024093159487,True
2011,5,40.3484,-98.5141,0,0,0,0,0,25000.0,0.0,6.841658526808782,True
2011,4,38.3599,-90.0468,1,0,0,0,0,0.0,0.0,66.94107416211052,True
2011,4,39.4427,-89.825,3,0,0,2,0,0.0,0.0,89.07140720628576,True
2011,4,42.7293,-94.8557,4,0,0,0,0,2500000.0,0.0,144.97826665087373,True
2011,4,42.3746,-95.2424,2,0,0,0,0,1000000.0,0.0,144.42890728325315,True
2011,4,42.5191,-95.1291,2,0,0,0,0,2000000.0,0.0,145.35049370281305,True
2011,4,35.9784,-86.6093,1,0,0,0,0,250000.0,4000.0,30.18560574113768,True
2011,4,35.0081,-86.3193,3,0,0,0,0,0.0,0.0,23.142539209116755,True
2011,6,45.2766,-103.6926,0,0,0,0,0,20000.0,0.0,145.0969257909288,True
2011,6,47.5996,-102.0996,0,0,0,0,0,0.0,0.0,136.87950703451162,True
2011,6,46.7812,-101.4253,0,0,0,0,0,0.0,0.0,50.656399214397354,True
2011,8,34.5894,-100.4482,0,0,0,0,0,0.0,0.0,135.458066077223,True
2011,4,38.3493,-90.1548,2,0,0,1,0,0.0,0.0,60.170629303219265,True
2011,5,34.7805,-96.8949,0,0,0,0,0,0.0,0.0,70.63509930291902,True
2011,5,34.7867,-96.8565,0,0,0,0,0,0.0,0.0,71.83858169083328,True
2011,4,37.1729,-88.0616,1,0,0,0,0,100000.0,0.0,64.0451770743321,True
2011,5,36.1445,-98.3439,0,0,0,0,0,0.0,0.0,69.0767144739085,True
2011,5,45.777,-90.645,1,0,0,0,0,4000.0,0.0,168.328027104609,True
2011,4,32.0925,-88.0451,2,0,0,0,0,3480000.0,0.0,158.20732930598186,True
2011,4,38.7277,-89.5972,2,0,0,0,0,0.0,0.0,94.24209681970092,True
2011,4,38.7418,-89.5435,1,0,0,0,0,0.0,0.0,98.95212658447679,True
2011,6,37.7952,-97.5864,0,0,0,0,0,0.0,0.0,20.0980847061973,True
2011,6,33.8768,-89.1858,1,0,0,1,0,35000.0,0.0,79.1028084410008,True
2011,5,40.8897,-100.0312,0,0,0,0,0,0.0,0.0,127.1775256180134,True
2011,6,40.96,-102.48,0,0,0,0,0,0.0,0.0,189.1240256835472,True
2011,4,33.9176,-87.0472,2,1,0,0,0,0.0,0.0,86.80980381509289,True
2011,7,42.4273,-94.2883,0,0,0,0,0,0.0,10000.0,90.39157310956841,True
2011,5,38.299,-86.9336,2,0,0,0,0,100000.0,0.0,69.17174147693184,True
2011,4,33.721,-89.273,3,0,0,0,0,250000.0,0.0,89.36663995127914,True
2011,7,42.462,-90.473,0,0,0,0,0,0.0,0.0,94.97190015488835,True
2011,5,34.5211,-97.0025,0,0,0,0,0,0.0,0.0,93.70695961773382,True
2011,5,34.5631,-96.8064,1,0,0,0,0,8000.0,0.0,95.78816514553097,True
2011,5,34.56,-96.8336,0,0,0,0,0,0.0,0.0,95.01433834279904,True
2011,4,34.662,-87.0705,4,4,0,45,30,1000000000.0,0.0,94.93288287051669,True
2011,2,35.6643,-88.237,2,0,0,0,0,25000.0,0.0,146.67968030168538,True
2011,5,38.4824,-86.9452,1,0,0,0,0,30000.0,0.0,72.29043315901536,True
2011,7,43.74,-84.4003,0,0,0,0,0,0.0,0.0,132.00643608366127,True
2011,8,28.87,-81.71,0,0,0,0,0,25000.0,0.0,133.13734684082596,True
2011,5,34.8845,-98.87,0,0,0,0,0,0.0,0.0,58.892528464681,True
2011,5,39.0536,-93.7375,0,0,0,0,0,0.0,0.0,53.00816532588746,True
2011,6,44.52,-99.13,0,0,0,0,0,0.0,0.0,118.3518563613129,True
2011,6,44.35,-98.99,0,0,0,0,0,0.0,0.0,131.08926139818146,True
2011,4,34.0455,-88.445,5,16,0,37,0,2500000.0,0.0,19.673429268635832,True
2011,5,34.89,-98.4129,0,0,0,0,0,0.0,0.0,78.13668836993784,True
2011,4,34.3109,-87.7858,5,27,0,0,0,50000000.0,0.0,67.98641876685068,True
2011,4,34.5735,-85.9678,1,1,0,0,0,0.0,0.0,41.087788836806,True
2011,7,42.3847,-89.9481,0,0,0,0,0,0.0,0.0,100.6107303548561,True
2011,5,45.538,-90.4,0,0,0,0,0,1000.0,0.0,200.6616853269688,True
2011,5,45.608,-90.333,0,0,0,0,0,0.0,0.0,198.78205518281956,True
2011,5,39.1793,-99.0268,0,0,0,0,0,25000.0,0.0,136.4243270935689,True
2011,5,45.675,-90.256,0,0,0,0,0,5000.0,0.0,198.12027084406515,True
2011,5,45.85,-90.076,0,0,0,0,0,0.0,0.0,197.14252671546507,True
2011,4,34.7948,-85.909,4,1,0,0,0,0.0,0.0,21.946519223036503,True
2011,5,35.0795,-98.415,0,0,0,0,0,0.0,0.0,94.85169364919182,True
2011,5,37.923,-100.543,0,0,0,0,0,0.0,0.0,53.54207998184316,True
2011,7,45.9912,-94.9418,0,0,0,0,0,0.0,0.0,166.34454362005857,True
2011,7,46.94,-101.65,0,0,0,0,0,0.0,0.0,70.22079813806766,True
2011,6,40.7833,-99.364,3,0,0,0,0,6000000.0,2000000.0,93.34411918814402,True
2011,7,40.8082,-87.4416,0,0,0,0,0,0.0,0.0,103.58976482252395,True
2011,9,30.4209,-85.6946,0,0,0,0,0,0.0,0.0,27.021635192796285,True
2011,9,30.79,-85.03,0,0,0,0,0,1000.0,0.0,80.05176871067093,True
2011,10,27.0512,-80.482,0,0,0,0,0,207000.0,0.0,119.2891397991714,True
2011,8,28.574,-96.565,0,0,0,0,0,30000.0,0.0,127.72261347602347,True
2011,8,43.0664,-76.7855,2,0,0,0,0,150000.0,0.0,116.52915747639577,True
2011,8,38.3726,-104.6277,0,0,0,0,0,0.0,0.0,157.39178227920593,True
2011,6,46.283,-101.916,2,0,0,0,0,200000.0,50000.0,103.7292353157656,True
2011,10,27.5606,-80.3659,0,0,0,0,0,24000.0,0.0,67.66481261087894,True
2011,8,44.6875,-90.4707,2,0,1,2,0,1400000.0,90700.0,111.96898505555745,True
2011,5,37.3147,-90.3437,1,0,0,0,0,0.0,0.0,141.8943335404014,True
2011,9,36.7505,-87.5445,1,0,0,0,0,40000.0,0.0,23.17421864081273,True
2011,8,43.092,-76.712,2,0,0,0,0,100000.0,0.0,111.32941922837482,True
2011,8,18.3789,-67.0956,0,0,0,0,0,80000.0,0.0,111.35957388214516,True
2011,5,37.4094,-90.1676,1,0,0,0,0,0.0,0.0,129.2383092996832,True
2011,7,38.0643,-104.7153,0,0,0,0,0,20000.0,0.0,192.07471559555734,True
2011,9,28.569,-81.2689,0,0,0,0,0,0.0,0.0,78.65511921155861,True
2011,4,36.8863,-77.0256,0,0,0,0,0,2000.0,0.0,10.969011033010036,True
2011,7,45.1965,-94.7601,0,0,0,0,0,0.0,5000.0,101.53281445337021,True
2011,7,43.05,-75.43,0,0,0,0,0,15000.0,0.0,81.0405502477885,True
2011,8,34.0311,-77.8923,0,0,0,0,0,3000.0,0.0,49.703618998246355,True
2011,5,46.2446,-85.737,0,0,0,0,0,0.0,0.0,142.52991509206385,True
2011,8,26.2,-80.25,1,0,0,0,0,180000.0,0.0,67.54229090232309,True
2011,7,45.5276,-92.2175,0,0,0,0,0,0.0,0.0,129.82721471236215,True
2011,6,39.6193,-91.6991,0,0,0,0,0,0.0,0.0,134.7323563902232,True
2011,4,31.9286,-99.5701,0,0,0,0,0,0.0,0.0,74.02530957529686,True
2011,4,36.4561,-85.707,1,0,0,0,0,10000.0,35000.0,80.05784940075344,True
2011,8,34.9864,-106.4825,0,0,0,0,0,0.0,0.0,35.98711596237679,True
2011,4,36.6938,-77.3024,1,0,0,0,0,30000.0,0.0,41.58296850505315,True
2011,7,42.41,-75.44,0,0,0,0,0,5000.0,0.0,50.532677281665194,True
2011,9,37.1725,-87.3822,2,0,0,0,0,80000.0,0.0,49.22694655195975,True
2011,10,27.105,-80.1599,0,0,0,0,0,200000.0,0.0,122.22332944439783,True
2011,7,45.4511,-103.2863,1,0,0,0,0,5000.0,0.0,151.8196339796791,True
2011,4,35.5267,-85.9974,0,0,0,0,0,5000.0,5000.0,66.7497374207869,True
2011,4,35.5676,-85.8777,1,0,0,0,0,100000.0,21000.0,73.26291047881169,True
2011,4,36.2623,-85.4019,0,0,0,0,0,20000.0,10000.0,104.08050518002567,True
2011,7,46.63,-101.57,0,0,0,0,0,0.0,0.0,63.7035141387659,True
2011,7,41.5779,-75.2899,1,0,0,0,0,50000.0,0.0,89.93486227074845,True
2011,7,45.7206,-93.5155,0,0,0,0,0,0.0,25000.0,97.00979767757362,True
2011,7,45.7184,-93.5124,0,0,0,0,0,50000.0,100000.0,96.77548270537694,True
2011,7,47.59,-103.26,0,0,0,0,2,100000.0,0.0,209.72352729862237,True
2011,4,36.0009,-85.1133,0,0,0,0,0,15000.0,15000.0,133.0116693484927,True
2011,7,45.31,-93.17,0,0,0,0,0,25000.0,0.0,59.945405289763684,True
2011,7,46.8736,-103.2047,0,0,0,0,0,0.0,0.0,186.33182502441718,True
2011,7,46.7,-103.09,0,0,0,0,0,0.0,0.0,177.71559880000854,True
2011,8,42.17,-98.25,0,0,0,0,0,0.0,0.0,182.57970888884057,True
2011,9,36.815,-97.887,0,0,0,0,0,0.0,0.0,22.951702314519547,True
2011,9,36.784,-97.897,0,0,0,0,0,0.0,0.0,21.085929617707002,True
2011,4,35.0164,-79.1338,0,0,0,0,0,100000.0,0.0,92.82087644026703,True
2011,4,35.0377,-79.079,3,1,0,85,0,100000000.0,0.0,87.8806392759568,True
2011,9,41.7803,-83.5614,0,0,0,0,0,3000.0,0.0,102.53132874896575,True
2011,8,36.1393,-95.138,1,0,0,0,0,0.0,0.0,38.46277083445256,True
2011,8,40.2515,-74.432,0,0,0,0,0,100000.0,0.0,33.913861214107605,True
2011,4,35.2543,-78.672,2,1,0,24,0,16000000.0,0.0,48.57985758420153,True
2011,4,35.3346,-78.5275,2,0,0,67,0,25000000.0,0.0,36.92520232161285,True
2011,8,36.154,-95.1184,1,0,0,0,0,0.0,0.0,40.08141377776668,True
2011,8,36.1616,-95.1082,2,1,0,2,0,0.0,0.0,40.95414811997782,True
2011,8,42.5634,-100.209,3,0,0,0,0,15000.0,0.0,73.79507050596361,True
2011,6,39.9001,-99.6932,3,0,0,0,0,10000000.0,0.0,116.23854767965055,True
2011,10,39.3084,-101.353,1,0,0,0,0,200000.0,0.0,30.56661433464661,True
2011,11,33.8887,-94.4157,0,0,0,0,0,1000.0,0.0,155.94087581570122,True
2011,4,35.3378,-79.313,0,0,0,0,0,0.0,0.0,82.92313691011319,True
2011,7,40.2791,-98.9537,0,0,0,0,0,0.0,0.0,43.647039949990486,True
2011,7,40.2688,-98.8329,0,0,0,0,0,0.0,0.0,33.65876642776742,True
2011,8,43.3394,-84.3697,0,0,0,0,0,0.0,500.0,101.90665924996243,True
2011,4,35.3632,-79.27,3,2,0,36,0,57000000.0,0.0,78.18013394345904,True
2011,4,35.46,-84.59,0,0,0,0,0,10000.0,0.0,132.96370367700544,True
2011,4,36.1733,-79.4516,1,0,0,0,0,580000.0,0.0,103.38886190704594,True
2011,8,45.74,-100.77,0,0,0,0,0,0.0,0.0,114.62550715504537,True
2011,8,45.68,-100.75,0,0,0,0,0,0.0,0.0,121.29733440713825,True
2011,4,35.5432,-79.0105,0,0,0,0,0,75000.0,0.0,48.97575649300392,True
2011,4,36.4501,-79.002,2,0,0,2,0,400000.0,0.0,98.66162243134683,True
2011,8,45.4026,-87.987,1,1,0,0,0,110000.0,0.0,100.99125067288236,True
2011,4,35.5924,-78.9242,3,4,0,67,0,115000000.0,0.0,40.07078482050996,True
2011,4,35.737,-86.5626,0,0,0,0,0,8000.0,11000.0,56.733876185918795,True
2011,4,36.4152,-77.7031,2,0,0,0,0,1200000.0,0.0,88.56860297841214,True
2011,5,45.042,-93.5749,0,0,0,0,0,0.0,0.0,21.486649507149554,True
2011,8,45.3515,-87.8798,0,0,0,0,0,10000.0,0.0,96.56830446325363,True
2011,4,35.0062,-87.9105,0,0,0,0,0,1000.0,0.0,129.18320735154055,True
2011,4,35.6899,-86.6962,1,0,0,0,0,75000.0,12000.0,63.12841246034088,True
2011,4,35.83,-86.46,0,0,0,0,0,50000.0,12000.0,47.29931366942661,True
2011,4,35.3636,-77.8427,0,0,0,0,0,5000.0,0.0,67.50979849065978,True
2011,8,37.09,-113.18,0,0,0,0,0,0.0,0.0,62.3956731296571,True
2011,9,47.7763,-114.0422,0,0,0,0,0,0.0,0.0,81.85943657496578,True
2011,9,31.2109,-89.2679,0,0,0,0,0,500.0,0.0,114.48511952901525,True
2011,9,39.0164,-85.7424,1,0,0,0,0,65000.0,2000.0,89.68513537545147,True
2011,4,35.4121,-87.3206,1,0,0,1,0,11000.0,75000.0,115.29932979494644,True
2011,4,36.1752,-86.0066,0,0,0,0,0,5000.0,11000.0,50.51248225425051,True
2011,4,34.851,-78.6324,2,0,0,4,0,250000.0,0.0,91.46116669839876,True
2011,4,33.0606,-87.8315,4,44,8,800,0,1500000000.0,0.0,99.65810828861329,True
2011,4,35.3495,-85.6526,0,0,0,0,0,9000.0,0.0,60.877959923394855,True
2011,4,34.9065,-78.5402,2,0,0,9,0,10000000.0,0.0,84.49431593017374,True
2011,4,35.5104,-78.2618,1,0,0,0,0,0.0,0.0,26.87693534716178,True
2011,8,43.2008,-84.1374,0,0,0,0,0,3000.0,0.0,77.69732924841416,True
2011,5,40.3427,-76.9519,1,0,0,0,0,75000.0,0.0,109.74823001584848,True
2011,4,35.658,-78.041,2,0,0,10,0,3000000.0,0.0,40.57202405590705,True
2011,8,44.553,-90.0331,0,0,0,0,0,0.0,0.0,122.95338716312803,True
2011,5,36.8147,-90.8492,3,0,0,0,0,300000.0,0.0,185.49199993848677,True
2011,7,47.7205,-104.8104,0,0,0,0,0,0.0,0.0,145.4828691313737,True
2011,9,31.5956,-89.6024,1,0,0,0,0,25000.0,0.0,84.20750161662171,True
2011,9,32.0911,-89.3541,0,0,0,0,0,3000.0,0.0,62.92814506306793,True
2011,8,37.9341,-75.3664,0,0,0,0,0,25000.0,0.0,99.33209839795498,True
2011,8,36.7371,-75.9405,0,0,0,0,0,150000.0,0.0,98.81358098230862,True
2011,8,33.5042,-101.955,0,0,0,0,0,0.0,0.0,21.169991799194555,True
2011,5,40.9201,-76.8569,1,0,0,0,0,25000.0,0.0,96.36956667302475,True
2011,5,40.9183,-76.8619,1,0,0,0,0,25000.0,0.0,95.951679346509,True
2011,5,40.3559,-76.9345,1,0,0,0,0,75000.0,0.0,110.08463110125805,True
2011,4,33.6325,-87.6488,1,0,0,4,0,1400000.0,0.0,69.42728247930224,True
2011,5,38.8369,-93.0356,0,0,0,0,0,0.0,0.0,106.49630721837129,True
2011,5,35.62,-91.41,1,0,0,0,0,30000.0,0.0,116.53411743947052,True
2011,5,44.141,-101.704,1,0,0,0,0,5000.0,0.0,89.88012815460426,True
2011,5,44.23,-101.4,0,0,0,0,0,5000.0,0.0,114.63598262945095,True
2011,4,34.1043,-88.1479,5,18,0,100,0,160000000.0,0.0,28.479619264145597,True
2011,6,39.21,-98.07,0,0,0,0,0,0.0,0.0,127.5437096706678,True
2011,7,44.8933,-71.5167,0,0,0,0,0,10000.0,0.0,137.1305850397847,True
2011,5,32.6709,-96.6841,0,0,0,0,0,0.0,0.0,58.99220348457014,True
2011,5,38.6175,-94.6878,0,0,0,0,0,5000.0,0.0,42.52558497014846,True
2011,4,33.8129,-87.8108,3,0,0,0,0,3000000.0,0.0,48.77203982034089,True
2011,4,33.3512,-87.1975,4,20,0,700,0,700000000.0,0.0,44.489420988049396,True
2011,4,35.3682,-77.7923,3,0,0,30,30,30000000.0,0.0,71.26428149981292,True
2011,6,38.9534,-98.5429,0,0,0,0,0,0.0,0.0,152.29682256634734,True
2011,5,32.5755,-96.1109,0,0,0,0,0,0.0,0.0,111.71591315326108,True
2011,5,38.6619,-93.22,2,0,0,20,0,4000000.0,0.0,92.08124115578482,True
2011,5,38.8333,-94.6419,0,0,0,0,0,10000.0,0.0,32.7987230616543,True
2011,5,38.8831,-94.6669,0,0,0,0,0,0.0,0.0,35.781196681624635,True
2011,5,40.8371,-75.6953,0,0,0,1,0,75000.0,0.0,147.07689967773302,True
2011,4,32.1899,-88.0057,3,1,0,4,0,3990000.0,0.0,159.07412026026265,True
2011,4,34.2008,-87.6347,3,0,0,25,0,11500000.0,0.0,72.35895682240066,True
2011,4,35.3441,-77.8233,0,0,0,0,0,4000.0,0.0,70.12450472328538,True
2011,4,43.2,-75.57,1,0,0,0,0,5000.0,0.0,62.43839971471421,True
2011,6,38.74,-97.65,0,0,0,0,0,0.0,0.0,122.05585948421914,True
2011,4,31.8,-92.13,2,0,0,0,0,75000.0,0.0,107.57925813382602,True
2011,4,34.3528,-86.5813,4,5,0,48,0,0.0,0.0,78.74058412207657,True
2011,5,32.8291,-96.9811,1,0,0,0,0,150000.0,0.0,41.47730406770309,True
2011,5,36.5497,-87.8276,2,0,0,2,0,250000.0,12000.0,52.68605373995864,True
2011,5,38.9569,-94.7331,0,0,0,0,0,0.0,0.0,43.71924712260908,True
2011,5,35.3763,-92.5659,1,0,0,0,0,35000.0,0.0,66.09759107413612,True
2011,8,41.2095,-103.8728,0,0,0,0,0,0.0,0.0,78.3686935679091,True
2011,6,40.3659,-101.5701,0,0,0,0,0,0.0,0.0,111.63341918745964,True
2011,4,41.73,-75.51,0,0,0,0,0,40000.0,0.0,65.3312780170071,True
2011,6,41.96,-94.98,1,0,0,0,0,100000.0,10000.0,107.19929869792371,True
2011,4,34.4368,-87.5307,5,14,0,0,0,40000000.0,0.0,94.8723344059673,True
2011,4,32.7546,-86.1188,2,0,0,2,0,14100.0,0.0,39.198824050421614,True
2011,5,35.6607,-93.1655,1,0,0,0,0,25000.0,0.0,115.89539110882544,True
2011,6,39.4,-83.76,0,0,0,0,0,0.0,0.0,5.756876102766534,True
2011,6,39.013,-83.236,0,0,0,0,0,3000.0,0.0,67.79712748617126,True
2011,4,32.7285,-87.6276,2,0,0,0,0,374000.0,0.0,94.01488920244206,True
2011,5,35.622,-97.856,0,0,0,0,0,0.0,0.0,61.432698658057774,True
2011,4,32.2884,-87.738,2,0,0,0,0,1830000.0,0.0,133.6231961588856,True
2011,5,43.4091,-92.4933,2,0,0,3,0,525000.0,0.0,114.47675848755486,True
2011,6,37.4637,-93.6265,1,0,0,0,0,0.0,0.0,32.32754078095069,True
2011,6,37.42,-93.32,0,0,0,0,0,0.0,0.0,21.73265746047419,True
2011,7,29.35,-99.1832,0,0,0,0,0,0.0,0.0,106.71890349609406,True
2011,4,32.3089,-87.9304,2,0,0,0,0,1020000.0,0.0,144.8915096408431,True
2011,4,32.5803,-86.5818,3,3,0,4,0,1240000.0,0.0,68.08778394818081,True
2011,5,39.38,-84.41,1,0,0,0,0,175000.0,0.0,50.750297212964085,True
2011,5,39.2133,-85.0836,0,0,0,0,0,40000.0,0.0,110.97180390108106,True
2011,4,44.1687,-89.1356,1,0,0,0,0,0.0,0.0,89.36089355239216,True
2011,5,39.6842,-83.4178,0,0,0,0,0,50000.0,0.0,45.38940533224934,True
2011,5,38.62,-94.3008,0,0,0,0,0,0.0,0.0,21.38739897830753,True
2011,5,38.0653,-94.2225,0,0,0,0,0,500.0,0.0,82.91412620927986,True
2011,5,42.8558,-92.0078,1,0,0,0,0,175000.0,0.0,126.18635074271455,True
2011,6,38.8564,-83.8561,1,0,0,0,0,90000.0,0.0,62.76979879508446,True
2011,4,34.2021,-86.4063,1,0,0,0,0,40000.0,0.0,86.22068459734429,True
2011,5,39.6546,-84.116,0,0,0,0,0,5000.0,0.0,36.27719744082781,True
2011,5,42.9631,-91.7316,0,0,0,0,0,10000.0,0.0,105.09428126399597,True
2011,4,42.7072,-75.398,1,0,0,0,0,50000.0,0.0,74.17305216415618,True
2011,6,43.3462,-100.494,0,0,0,0,0,0.0,0.0,154.51378626466743,True
2011,5,37.03,-92.84,1,0,0,0,0,20000.0,0.0,54.66093139146149,True
2011,6,32.95,-98.72,0,0,0,0,0,0.0,0.0,67.75789274582189,True
2011,6,40.193,-101.4924,0,0,0,0,0,35000.0,0.0,93.55542846882442,True
2011,4,42.18,-76.7,2,0,0,0,0,575000.0,0.0,58.97022200293479,True
2011,6,43.4811,-93.87,0,0,0,0,0,0.0,0.0,154.01674827345087,True
2011,6,41.4617,-92.6528,1,0,0,0,0,150000.0,3000.0,93.88736316790593,True
2011,5,36.5709,-91.2428,1,0,0,0,0,20000.0,0.0,183.79771558062563,True
2011,6,38.1599,-86.82,1,0,0,0,0,60000.0,0.0,79.39705836057509,True
2011,6,39.95,-92.8989,0,0,0,0,0,0.0,0.0,172.72949846924902,True
2011,6,39.9506,-92.8411,0,0,0,0,0,0.0,0.0,176.1899665143614,True
2011,5,34.8763,-86.5956,0,0,0,0,0,0.0,0.0,47.07788571871666,True
2011,6,42.9462,-94.3168,1,0,0,0,0,200000.0,10000.0,143.66078923588168,True
2011,6,37.4198,-93.3188,0,0,0,0,0,30000.0,0.0,21.74655853324933,True
2011,4,42.37,-76.52,1,0,0,0,0,125000.0,0.0,47.93320949971411,True
2011,4,35.4119,-86.2643,1,0,0,0,0,25000.0,18000.0,55.98677669026573,True
2011,5,34.8808,-87.416,1,0,0,0,0,0.0,0.0,121.62617611008102,True
2011,5,34.917,-86.8502,0,0,0,0,0,0.0,0.0,69.90632363393357,True
2011,4,42.21,-77.2,1,0,0,0,0,150000.0,0.0,100.10516691245022,True
2011,5,44.244,-102.035,0,0,0,0,0,50000.0,0.0,64.76353193131862,True
2011,5,34.7803,-87.1783,0,0,0,0,0,0.0,0.0,101.27331485542676,True
2011,5,34.8454,-87.038,0,0,0,0,0,0.0,0.0,87.56304629312844,True
2011,5,34.9333,-86.7836,0,0,0,0,0,0.0,0.0,63.81257630291124,True
2011,5,34.5929,-87.5486,2,0,0,0,0,0.0,0.0,105.53312367160876,True
2011,5,34.7596,-86.9534,0,0,0,0,0,0.0,0.0,81.61908422085877,True
2011,5,34.596,-87.5147,0,0,0,0,0,0.0,0.0,107.92288161711045,True
2011,6,42.0851,-92.4039,0,0,0,0,0,75000.0,5000.0,116.0267780794609,True
2011,5,39.2511,-94.4442,0,0,0,0,0,0.0,0.0,51.421132926300174,True
2011,6,47.38,-97.93,0,0,0,0,0,0.0,0.0,48.376513209040134,True
2011,6,40.56,-95.38,0,0,0,0,0,0.0,0.0,118.39174627686053,True
2011,5,37.5386,-90.3187,1,0,0,0,0,0.0,0.0,132.88986638597947,True
2011,5,37.3895,-90.3104,1,0,0,0,0,0.0,0.0,140.8112890125488,True
2011,4,42.4355,-75.7333,1,0,0,0,0,75000.0,0.0,33.389455664102215,True
2011,4,42.551,-75.773,2,0,0,0,0,625000.0,0.0,42.76043406620997,True
2011,5,37.3491,-90.3785,1,0,0,0,0,0.0,0.0,145.65978280910502,True
2011,5,47.3061,-91.6221,0,0,0,0,0,0.0,0.0,68.57006640386012,True
2011,5,32.88,-97.49,0,0,0,0,0,1000.0,0.0,38.374987145253456,True
2011,5,33.1359,-97.1911,2,0,0,0,0,750000.0,0.0,63.48559712748014,True
2011,5,39.3742,-94.3864,0,0,0,0,0,0.0,0.0,63.58635829408443,True
2011,5,34.3299,-92.8382,0,0,0,0,0,25000.0,0.0,77.16704653042913,True
2011,6,39.9153,-76.5747,1,0,0,0,0,10000.0,0.0,130.57366886196337,True
2011,6,37.3837,-93.619,1,0,0,0,0,0.0,0.0,25.42881162566108,True
2011,4,42.432,-75.364,1,0,0,0,0,100000.0,0.0,57.20179003224142,True
2011,6,41.47,-96.7236,0,0,0,0,0,0.0,0.0,34.10269389432478,True
2011,4,44.2426,-88.8869,1,0,0,0,0,0.0,0.0,67.91868591346294,True
2011,4,32.4821,-99.381,0,0,0,0,0,0.0,0.0,13.437126055331769,True
2011,5,38.7678,-93.1172,0,0,0,0,0,0.0,0.0,99.54632662469015,True
2011,5,35.3072,-93.9175,1,0,0,0,0,25000.0,0.0,40.37139781319713,True
2011,6,37.38,-93.65,1,0,0,0,0,0.0,0.0,27.328159243930266,True
2011,6,37.46,-93.65,1,0,0,0,0,5000.0,0.0,33.343029730477454,True
2011,5,42.68,-103.7913,0,0,0,0,0,0.0,0.0,178.42887292179802,True
2011,4,33.9157,-94.3848,0,0,0,0,0,0.0,0.0,152.87516936082187,True
2011,2,33.0,-90.96,1,0,0,0,0,200000.0,0.0,121.46462383473822,True
2011,4,36.3961,-88.8048,1,0,0,0,0,50000.0,0.0,74.80590239049974,True
2011,4,36.0952,-87.539,1,0,0,0,0,110000.0,12000.0,74.86093553232557,True
2011,4,31.6906,-97.042,0,0,0,0,0,0.0,0.0,101.12756560304312,True
2011,4,35.54,-84.28,0,0,0,0,0,15000.0,0.0,105.56294041420998,True
2011,4,40.3064,-87.7006,0,0,0,0,0,225000.0,0.0,138.08851529520987,True
2011,4,35.21,-84.701,1,0,0,0,0,50000.0,0.0,129.6063140264226,True
2011,4,33.1315,-84.0414,2,0,0,10,0,5000000.0,0.0,55.16235415013897,True
2011,5,39.62,-122.1624,1,0,0,0,0,200000.0,0.0,47.540299980564285,True
2011,5,42.1257,-89.5406,1,0,0,0,0,50000.0,0.0,103.37392180952783,True
2011,4,31.2954,-95.5022,1,0,0,0,0,50000.0,0.0,190.2385837123365,True
2011,7,46.95,-97.14,2,0,0,0,0,150000.0,150000.0,65.77590095705315,True
2011,9,31.4,-89.48,0,0,0,0,0,500.0,0.0,108.83568652287224,True
2011,4,38.5233,-89.0708,1,0,0,0,0,0.0,0.0,120.9217641249607,True
2011,4,34.1677,-88.1932,3,7,0,100,0,11200000.0,0.0,32.61405935277941,True
2011,5,36.2291,-94.9451,1,0,0,0,0,25000.0,0.0,55.868874863343926,True
2011,7,44.64,-103.51,0,0,0,0,0,0.0,0.0,78.76082460177511,True
2011,5,37.421,-101.068,0,0,0,0,0,0.0,0.0,103.95296571347468,True
2011,6,40.3002,-100.7072,0,0,0,0,0,0.0,0.0,134.01028287645926,True
2011,6,36.9231,-96.2885,0,0,0,0,0,0.0,0.0,105.38827292247454,True
2011,11,31.836,-94.7696,1,0,0,0,0,0.0,0.0,110.96616247029293,True
2011,11,34.736,-98.826,0,0,0,0,0,0.0,0.0,43.79612753268056,True
2011,11,42.3024,-79.5929,2,0,0,0,0,350000.0,0.0,100.33572391321502,True
2011,2,38.4355,-87.1,0,0,0,0,0,150000.0,0.0,57.84316280798882,True
2011,3,33.9016,-101.7637,0,0,0,0,0,0.0,0.0,27.909827458689985,True
2011,4,40.2132,-89.9536,1,0,0,1,0,300000.0,0.0,52.86166279061718,True
2011,7,47.273,-100.53,1,0,0,0,0,10000.0,0.0,58.503380225403795,True
2011,2,38.6164,-90.6624,1,0,0,0,0,0.0,0.0,9.340357884087272,True
2011,5,43.7086,-84.11,1,0,0,0,0,100000.0,0.0,123.51019034818054,True
2011,7,37.2205,-108.7043,0,0,0,0,0,0.0,0.0,209.23407467635133,True
2011,5,36.2757,-94.7575,1,0,0,0,0,0.0,0.0,73.21661604404024,True
2011,5,34.2016,-99.0534,0,0,0,0,0,0.0,0.0,19.198367621513384,True
2011,4,34.0757,-87.0097,4,1,0,0,0,0.0,0.0,102.92061534809814,True
2011,4,34.3391,-96.0804,1,0,0,0,0,20000.0,0.0,155.42281027717664,True
2011,2,38.6101,-90.6965,1,0,0,0,0,0.0,0.0,9.943619787086476,True
2011,4,38.7034,-89.7144,2,0,0,0,0,0.0,0.0,84.03482595598012,True
2011,5,36.5304,-90.7094,0,0,0,0,0,0.0,0.0,151.8137104991005,True
2011,6,40.34,-94.97,0,0,0,0,0,0.0,0.0,160.2841173012148,True
2011,12,33.4214,-85.3201,0,0,0,0,0,25000.0,0.0,70.32259019142914,True
2011,4,34.6206,-92.98,1,0,0,0,0,40000.0,0.0,69.86989954618731,True
2011,4,42.58,-95.09,0,0,0,0,0,0.0,0.0,147.0017492579156,True
2011,5,30.6156,-90.0491,3,0,0,4,0,400000.0,0.0,35.926875552753536,True
2011,4,36.2724,-94.8,0,0,0,0,0,0.0,0.0,69.39487425204197,True
2011,6,45.1356,-93.236,0,0,0,0,0,500000.0,0.0,41.08411814519896,True
2011,6,41.0756,-98.9303,2,0,0,0,0,100000.0,0.0,93.48034289952707,True
2011,6,39.2905,-88.5777,0,0,0,0,0,20000.0,0.0,115.58204866431147,True
2011,4,34.2596,-86.4599,0,0,0,0,0,0.0,0.0,82.17298505632539,True
2011,4,34.5018,-86.1911,1,0,0,0,0,0.0,0.0,48.67659692203095,True
2011,4,36.0066,-93.5247,1,0,0,0,0,15000.0,0.0,109.83653178326884,True
2011,4,34.3348,-90.8408,0,0,0,0,0,10000.0,0.0,141.54667944924321,True
2011,4,33.012,-87.739,1,0,0,0,0,83800.0,0.0,92.03109219385314,True
2011,4,35.352,-84.996,1,0,0,0,0,25000.0,0.0,109.43495646863707,True
2011,4,35.121,-85.021,1,1,0,0,0,75000.0,0.0,99.04773527854721,True
2011,5,43.7412,-91.4574,2,0,0,0,0,240000.0,0.0,23.22312167555172,True
2011,4,33.16,-89.6,0,0,0,0,0,0.0,1000.0,104.25228353557418,True
2011,4,32.01,-89.2693,1,0,0,0,0,35000.0,25000.0,73.71953026589755,True
2011,4,33.5387,-90.5828,2,0,0,3,0,300000.0,0.0,150.69578112986898,True
2011,4,33.0038,-90.3219,1,0,0,0,0,50000.0,100000.0,86.46404151418245,True
2011,4,33.4051,-90.2104,1,0,0,0,0,50000.0,0.0,126.87484589506288,True
2011,4,33.0877,-90.0775,3,0,0,0,0,600000.0,600000.0,90.23453212299086,True
2011,4,32.7788,-90.938,0,0,0,0,0,15000.0,0.0,105.20426668502665,True
2011,4,33.4723,-89.3745,1,0,0,0,0,100000.0,0.0,107.62618911644122,True
2011,4,33.0327,-90.038,1,0,0,0,0,10000.0,500000.0,83.84758780376728,True
2011,4,32.2288,-89.3227,1,0,0,0,0,15000.0,15000.0,62.4871306144455,True
2011,4,33.1261,-89.7665,2,0,0,2,0,35000.0,0.0,96.26768442589027,True
2011,4,32.1439,-88.9154,4,4,0,14,0,900000.0,800000.0,101.70690113264541,True
2011,4,32.0712,-89.3201,4,2,0,0,0,900000.0,800000.0,66.69701441281879,True
2011,4,32.9579,-91.0402,0,0,0,0,0,50000.0,0.0,124.33371209311987,True
2011,4,32.4219,-90.064,1,0,0,0,0,6000.0,0.0,17.46000737712508,True
2011,4,33.007,-91.932,1,0,0,0,0,0.0,0.0,188.99371031462925,True
2011,4,32.9086,-91.9993,1,0,0,1,0,60000.0,300000.0,179.74737311946652,True
2011,4,32.4159,-90.0773,1,0,0,0,0,0.0,0.0,17.44939998489206,True
2011,4,31.3816,-90.244,1,0,0,0,0,500000.0,0.0,97.10829766777222,True
2011,4,32.0492,-90.3931,2,0,0,2,0,700000.0,0.0,46.241299005210884,True
2011,4,32.48,-89.89,1,0,0,0,0,400000.0,0.0,23.943085844114865,True
2011,4,32.5767,-89.6583,1,0,0,0,0,25000.0,100000.0,45.00537053443019,True
2011,4,32.9627,-88.8137,3,0,0,0,0,400000.0,0.0,113.19191831933114,True
2011,4,31.8108,-90.3761,0,0,0,0,0,2000.0,0.0,63.91047043094622,True
2011,4,32.0382,-90.4918,2,0,0,0,0,300000.0,0.0,54.80756350983937,True
2011,4,33.0713,-89.9795,2,0,0,0,0,100000.0,400000.0,87.99087218997978,True
2011,4,33.2298,-89.8057,1,0,0,0,0,100000.0,0.0,106.92846005263276,True
2011,4,33.0057,-89.8017,2,0,0,0,0,550000.0,250000.0,82.48926076741887,True
2011,4,32.9262,-88.8719,5,0,0,0,0,100000.0,0.0,119.11324192349122,True
2011,4,33.4462,-89.3691,2,0,0,5,0,500000.0,700000.0,108.5001026380624,True
2011,4,33.6589,-89.0348,2,0,0,0,0,900000.0,500000.0,70.3813099757041,True
2011,4,33.1702,-89.0181,1,0,0,0,0,60000.0,200000.0,102.98946226428633,True
2011,4,32.42,-88.8083,0,0,0,0,0,100000.0,50000.0,111.57388641256937,True
2011,4,32.0836,-88.5246,1,0,0,0,0,50000.0,250000.0,139.11082535382184,True
2011,4,33.1446,-88.5191,1,0,0,0,0,200000.0,100000.0,85.4854264442862,True
2011,4,32.8496,-88.4528,2,0,0,0,0,500000.0,300000.0,117.01983263551108,True
2011,4,32.9017,-88.9145,5,3,0,6,0,100000.0,0.0,121.76423157939887,True
2011,4,32.0589,-89.7478,1,0,0,0,0,3000.0,0.0,33.17354995342388,True
2011,4,32.2908,-90.3754,3,0,0,10,0,8000000.0,0.0,36.77142331031841,True
2011,4,32.54,-89.71,1,0,0,0,0,350000.0,400000.0,38.72490211684353,True
2011,4,33.35,-89.5853,2,0,0,0,0,350000.0,800000.0,124.68907000735202,True
2011,4,33.519,-89.2244,2,1,0,5,0,600000.0,600000.0,92.85893973927456,True
2011,4,33.5092,-89.2547,1,0,0,0,0,5000.0,0.0,95.8561985306962,True
2011,4,33.2283,-89.8001,2,0,0,0,0,5000.0,300000.0,106.84697850651864,True
2011,4,33.2588,-88.5872,1,0,0,0,0,250000.0,0.0,74.87224557103471,True
2011,4,32.2882,-89.1817,3,0,0,0,0,1000000.0,100000.0,75.4671744627729,True
2011,4,32.2234,-89.3479,1,0,0,0,0,0.0,50000.0,60.18925196460887,True
2011,4,32.22,-89.36,1,0,0,0,0,0.0,4000.0,59.10031092794369,True
2011,4,33.2855,-89.6039,1,0,0,0,0,3000.0,0.0,117.33042803968492,True
2011,4,33.1089,-89.8637,0,0,0,0,0,25000.0,0.0,92.86048335064702,True
2011,4,33.703,-89.6198,1,0,0,0,0,60000.0,0.0,121.18672323855628,True
2011,4,32.0614,-89.7299,1,0,0,0,0,15000.0,0.0,34.128724105271495,True
2011,4,33.0044,-89.4027,1,0,0,0,0,25000.0,0.0,97.2381861728318,True
2011,4,32.7145,-88.9153,3,0,0,5,0,11000000.0,1040000.0,111.30065375146825,True
2011,4,32.035,-91.0876,1,0,0,0,0,2000.0,0.0,107.36043842080662,True
2011,4,31.8435,-92.0058,2,0,0,0,0,35000.0,200000.0,119.64283313581171,True
2011,4,33.2871,-88.5399,1,0,0,0,0,50000.0,0.0,70.56062489895363,True
2011,4,32.1397,-89.6912,3,0,0,0,0,300000.0,400000.0,31.693511886620847,True
2011,4,32.76,-91.97,0,0,0,0,0,20000.0,0.0,178.61732278619576,True
2011,4,32.1284,-90.6278,1,0,0,0,0,20000.0,100000.0,62.835439032008644,True
2011,4,32.67,-91.44,2,0,0,0,0,250000.0,0.0,143.2615312552319,True
2011,4,33.22,-89.81,1,0,0,0,0,5000.0,0.0,105.789674387119,True
2011,4,33.3805,-89.454,2,0,0,0,0,75000.0,250000.0,118.91149031995117,True
2011,4,32.7992,-89.1088,5,0,0,0,0,500000.0,0.0,100.35182290315952,True
2011,4,33.7114,-89.3164,1,0,0,0,0,20000.0,0.0,93.51793080893043,True
2011,4,31.9099,-91.5102,2,0,0,1,0,4000000.0,0.0,149.50154725564147,True
2011,4,32.014,-89.2538,1,0,0,0,0,25000.0,0.0,74.8765120133675,True
2011,4,33.4166,-89.4349,2,0,0,2,0,350000.0,400000.0,115.43649273752486,True
2011,4,33.5328,-89.153,3,0,0,15,0,3000000.0,700000.0,86.28485548939952,True
2011,4,33.0611,-89.248,1,0,0,0,0,85000.0,150000.0,110.88465167777235,True
2011,4,31.625,-89.5264,1,0,0,0,0,45000.0,0.0,84.68718227177939,True
2011,4,32.0102,-90.0455,1,0,0,0,0,550000.0,0.0,30.545125586798317,True
2011,4,32.0296,-89.5042,3,1,0,0,0,500000.0,500000.0,53.09480735296698,True
2011,4,31.6996,-89.2415,1,0,0,0,0,180000.0,0.0,95.2580095386202,True
2011,4,31.38,-90.3554,1,0,0,0,0,1000000.0,0.0,95.80053732240087,True
2011,4,32.9076,-88.5313,1,0,0,0,0,10000.0,0.0,111.59458487854192,True
2011,4,32.928,-88.4932,2,0,0,0,0,250000.0,500000.0,108.80798266508172,True
2011,4,32.704,-91.377,2,0,0,0,0,400000.0,0.0,138.85498407506577,True
2011,4,32.6882,-88.9872,2,0,0,0,0,800000.0,200000.0,103.96945101106841,True
