YEAR,MONTH,BEGIN_LAT,BEGIN_LON,TOR_F_SCALE,DEATHS_DIRECT,DEATHS_INDIRECT,INJURIES_DIRECT,INJURIES_INDIRECT,DAMAGE_PROPERTY,DAMAGE_CROPS,RADAR_DIST,RADAR_2026
2024,11,40.803,-92.3482,0,0,0,0,0,120000.0,0.0,154.431662710051,True
2024,2,42.0572,-88.1184,1,0,0,0,0,0.0,0.0,50.42317928285462,True
2024,2,42.0722,-88.1485,1,0,0,0,0,0.0,0.0,52.282573356432074,True
2024,2,41.7168,-89.0537,0,0,0,0,0,0.0,0.0,81.48261015779408,True
2024,2,41.8827,-88.3482,1,0,0,0,0,0.0,0.0,37.897492274830185,True
2024,2,41.6349,-87.4305,1,0,0,0,0,0.0,0.0,54.464702560717235,True
2024,2,41.7544,-88.602,0,0,0,0,0,0.0,0.0,46.10381251241655,True
2024,2,41.7949,-88.4686,1,0,0,0,0,0.0,0.0,38.28499063260264,True
2024,2,41.7507,-88.652,0,0,0,0,0,0.0,0.0,49.86326628071706,True
2024,2,42.047,-88.1991,0,0,0,0,0,0.0,0.0,50.11913908019144,True
2024,2,41.8034,-88.7514,-1,0,0,0,0,0.0,0.0,59.625230749391875,True
2024,4,34.898,-97.662,1,0,0,0,0,40000.0,0.0,59.67973586417708,True
2024,4,34.953,-97.67,1,0,0,0,0,2000.0,0.0,55.29836111886912,True
2024,4,35.069,-97.612,1,0,0,0,0,2000.0,0.0,42.24243744997426,True
2024,4,36.56,-97.99,1,0,0,0,0,5000.0,0.0,23.553158768445446,True
2024,4,36.172,-97.129,0,0,0,0,0,10000.0,0.0,94.24773499933008,True
2024,4,34.314,-96.897,-1,0,0,0,0,0.0,0.0,118.52316713399553,True
2024,4,34.621,-96.915,1,0,0,0,0,250000.0,0.0,85.7974213509817,True
2024,4,34.389,-96.973,1,0,0,0,0,200000.0,0.0,108.59349144549884,True
2024,4,34.939,-97.67,1,0,0,0,0,2000.0,0.0,56.49888187221674,True
2024,4,35.105,-97.584,0,0,0,0,0,2000.0,0.0,37.642821749639246,True
2024,4,34.383,-97.032,1,0,0,0,0,2000.0,0.0,107.99412164750898,True
2024,4,35.142,-97.565,2,0,0,0,0,200000.0,0.0,33.6435463679115,True
2024,4,35.231,-97.483,1,0,0,0,0,100000.0,0.0,21.814333162441443,True
2024,4,35.413,-97.358,1,0,0,0,0,300000.0,0.0,11.488031898424916,True
2024,4,34.071,-97.041,2,0,0,0,0,1000000.0,0.0,141.99249651931206,True
2024,4,34.282,-96.731,1,0,0,0,0,50000.0,0.0,127.0848090814344,True
2024,4,34.804,-96.519,1,0,0,0,0,10000.0,0.0,90.71349371086421,True
2024,4,34.212,-97.1,0,0,0,0,0,0.0,0.0,125.70780667091768,True
2024,4,35.653,-96.843,1,0,0,0,0,30000.0,0.0,53.05523915945075,True
2024,4,36.861,-97.141,1,0,0,0,0,20000.0,0.0,88.84350068142987,True
2024,4,36.935,-97.033,1,0,0,0,0,75000.0,0.0,87.83700976283282,True
2024,2,35.1206,-120.623,1,0,0,0,0,0.0,0.0,37.47270299302123,True
2024,2,35.2993,-120.8132,1,0,0,0,0,0.0,0.0,63.66583486891843,True
2024,12,31.3773,-90.8606,3,0,0,2,0,1000000.0,0.0,104.70724219447632,True
2024,4,37.5304,-95.8562,0,0,0,0,0,0.0,0.0,140.49043147788535,True
2024,4,37.6281,-95.6515,1,0,0,0,0,0.0,0.0,157.77022280930575,True
2024,4,37.7262,-95.8364,0,0,0,0,0,0.0,0.0,141.59484433170726,True
2024,4,37.4598,-96.0134,0,0,0,0,0,0.0,0.0,127.86630387241327,True
2024,4,30.9186,-88.2743,1,0,0,0,0,0.0,0.0,26.797695696739847,True
2024,2,42.262,-87.9874,1,0,0,1,0,0.0,0.0,73.55663425006719,True
2024,1,26.1076,-80.1297,0,0,0,0,0,150000.0,0.0,62.11725023730221,True
2024,3,37.0233,-120.0594,0,0,0,0,0,50000.0,0.0,87.5781456914869,True
2024,7,36.8261,-79.1162,1,0,0,0,0,75000.0,0.0,105.26180569835593,True
2024,5,36.0505,-90.5774,2,0,0,0,0,1000000.0,0.0,101.0006685743389,True
2024,5,35.967,-90.4717,1,0,0,0,0,100000.0,0.0,87.80961359092028,True
2024,5,35.8901,-88.0419,0,0,0,0,0,3000.0,0.0,116.01820112143045,True
2024,3,34.4954,-89.017,1,0,0,0,0,200000.0,0.0,91.81695145162053,True
2024,5,35.4404,-88.9974,1,0,0,0,0,150000.0,0.0,80.1092749942117,True
2024,5,35.428,-88.844,1,0,0,0,0,2000.0,0.0,93.77020351843922,True
2024,5,42.3654,-93.5889,1,0,0,0,0,80000.0,0.0,71.39287298209783,True
2024,5,41.8948,-93.9315,0,0,0,0,0,10000.0,0.0,25.10683071269272,True
2024,5,41.6419,-93.9477,0,0,0,0,0,10000.0,0.0,21.14244201923231,True
2024,5,41.6911,-93.8144,0,0,0,0,0,50000.0,0.0,8.805314429708762,True
2024,5,41.6607,-93.7063,0,0,0,0,0,50000.0,0.0,7.947809697677229,True
2024,5,41.395,-93.533,0,0,0,0,0,2000.0,0.0,40.57341456902965,True
2024,5,41.7492,-93.5045,0,0,0,0,0,90000.0,0.0,18.228060180828138,True
2024,4,30.2067,-93.2188,1,0,0,0,0,10000.0,0.0,9.055619092301253,True
2024,1,28.1061,-82.6458,1,0,0,0,0,250000.0,0.0,50.60361226474183,True
2024,4,29.9906,-93.2479,1,0,0,0,0,250000.0,0.0,15.291688270293566,True
2024,4,30.6552,-92.0735,1,0,0,0,0,15000.0,0.0,102.4845866687443,True
2024,4,30.6033,-91.9579,1,0,0,0,0,2000.0,0.0,114.90791243234611,True
2024,4,30.1822,-93.2148,2,0,0,0,0,500000.0,0.0,6.327843390245293,True
2024,1,31.135,-85.3554,1,0,0,0,0,100000.0,0.0,37.52344483227401,True
2024,2,42.8471,-89.1193,1,0,0,0,0,0.0,0.0,48.22607366235608,True
2024,4,30.0166,-93.2505,1,0,0,0,0,10000.0,0.0,12.537597311439347,True
2024,4,30.1939,-92.9268,1,0,0,0,0,200000.0,0.0,28.820607320086577,True
2024,12,32.42,-91.3959,1,0,0,0,0,5000.0,0.0,133.49810114315542,True
2024,12,32.4889,-88.6407,1,0,0,0,0,500000.0,0.0,128.29826844085466,True
2024,12,32.0914,-88.6174,1,0,0,0,0,45000.0,0.0,130.34521458019688,True
2024,12,31.9951,-90.4494,1,0,0,0,0,50000.0,0.0,54.038162447931676,True
2024,12,32.2418,-88.6134,1,0,0,0,0,15000.0,0.0,128.9870517035207,True
2024,3,45.87,-118.42,0,0,0,0,0,0.0,0.0,39.05319929773099,True
2024,2,41.1038,-89.3062,1,0,0,0,0,0.0,0.0,106.03466407043815,True
2024,2,24.655,-81.476,0,0,0,0,0,75000.0,0.0,23.868532201919518,True
2024,5,41.43,-91.94,1,0,0,0,0,0.0,0.0,114.94287217059444,True
2024,5,41.33,-92.38,1,0,0,0,0,0.0,0.0,120.34743183632982,True
2024,5,41.5756,-90.3944,-1,0,0,0,0,0.0,0.0,16.013558121129627,True
2024,5,41.608,-90.882,-1,0,0,0,0,0.0,0.0,25.042172736720396,True
2024,5,41.7,-91.05,1,0,0,0,0,0.0,0.0,40.1969858653466,True
2024,2,41.39,-89.98,1,0,0,0,0,0.0,0.0,55.77751480953186,True
2024,5,41.43,-91.43,1,0,0,0,0,0.0,0.0,73.52498857767287,True
2024,5,34.459,-78.656,0,0,0,0,0,3000.0,3000.0,56.25280915917161,True
2024,5,34.6871,-79.2624,0,0,0,0,0,0.0,0.0,108.97571620745046,True
2024,5,34.4097,-78.8018,0,0,0,0,0,20000.0,0.0,57.97547474697708,True
2024,5,34.7298,-79.1544,0,0,0,0,0,10000.0,0.0,105.89644139662194,True
2024,5,34.7536,-79.1632,0,0,0,0,0,5000.0,0.0,108.46131147233253,True
2024,5,40.9007,-94.9265,3,1,0,0,0,1800000.0,0.0,129.36990238573074,True
2024,5,41.45,-91.59,1,0,0,0,0,0.0,0.0,85.90494526782132,True
2024,5,41.493,-91.509,1,0,0,0,0,0.0,0.0,78.3540780670626,True
2024,5,41.795,-91.491,0,0,0,0,0,0.0,0.0,78.2619817952789,True
2024,2,39.9223,-83.2424,0,0,0,0,0,50000.0,0.0,74.66038445739828,True
2024,5,36.8669,-89.5995,2,0,0,0,0,1400000.0,0.0,76.8578002528787,True
2024,5,40.604,-91.954,0,0,0,0,0,0.0,0.0,160.58953176240632,True
2024,5,41.8572,-90.3578,-1,0,0,0,0,0.0,0.0,32.98384383386161,True
2024,3,24.6756,-81.3952,0,0,0,0,0,2000.0,0.0,32.34856759409422,True
2024,2,39.7698,-84.1095,0,0,0,0,0,10000.0,0.0,46.030689992918255,True
2024,2,39.774,-84.0985,1,0,0,0,0,500000.0,0.0,45.93156509020305,True
2024,2,39.8381,-82.8863,0,0,0,0,0,50000.0,0.0,92.60283534263966,True
2024,3,35.4302,-95.8635,0,0,0,0,0,10000.0,0.0,87.10629941993048,True
2024,5,38.551,-89.752,0,0,0,0,0,500.0,0.0,82.51151343204583,True
2024,5,37.585,-90.635,1,0,0,0,0,0.0,0.0,123.92823258063545,True
2024,5,37.545,-90.361,0,0,0,0,0,50000.0,0.0,131.35649583486588,True
2024,3,30.2,-89.54,-1,0,0,0,0,0.0,0.0,90.49375440960713,True
2024,5,38.485,-90.3757,1,0,0,0,0,30000.0,0.0,35.74678353154178,True
2024,5,38.665,-90.812,0,0,0,0,0,0.0,0.0,11.833106923157807,True
2024,12,31.7209,-89.9562,1,0,0,0,0,35000.0,0.0,62.22497914673992,True
2024,12,32.2384,-90.7266,0,0,0,0,0,15000.0,0.0,69.93905751749551,True
2024,3,33.854,-99.211,-1,0,0,0,0,0.0,0.0,60.48674532828427,True
2024,5,37.34,-90.549,0,0,0,0,0,0.0,0.0,151.55420685571465,True
2024,3,33.607,-88.3313,0,0,0,0,0,20000.0,0.0,32.23711141655185,True
2024,5,37.324,-90.772,0,0,0,0,0,0.0,0.0,153.07938995346046,True
2024,5,37.328,-90.751,0,0,0,0,0,500.0,0.0,152.55203579915403,True
2024,5,37.2468,-91.0312,0,0,0,0,0,500.0,0.0,164.32667003616115,True
2024,5,37.427,-90.1639,0,0,0,0,0,0.0,0.0,129.50069283092878,True
2024,1,31.52,-82.66,1,0,0,0,0,0.0,0.0,77.20044716401672,True
2024,5,38.4642,-90.2811,0,0,0,0,0,10000.0,0.0,43.58875274907907,True
2024,5,38.105,-91.195,0,0,0,0,0,0.0,0.0,79.7064684761374,True
2024,3,35.1225,-86.1935,0,0,0,0,0,10000.0,0.0,23.572936383468075,True
2024,12,32.1036,-89.574,1,0,0,0,0,200000.0,50000.0,43.317542641967876,True
2024,2,39.9204,-83.5416,2,0,0,0,0,1000000.0,0.0,60.55784051065677,True
2024,2,39.8497,-83.2246,0,0,0,0,0,25000.0,0.0,69.95846368792127,True
2024,2,39.8571,-83.7946,2,0,0,3,0,1000000.0,0.0,48.62851546380333,True
2024,2,40.005,-83.1844,1,0,0,0,0,100000.0,0.0,84.84509783649021,True
2024,12,31.813,-90.3093,1,0,0,0,0,60000.0,0.0,60.281622977878506,True
2024,12,31.878,-90.1395,1,0,0,0,0,2000.0,0.0,47.02609494332291,True
2024,5,37.303,-90.761,0,0,0,0,0,0.0,0.0,155.3660377541892,True
2024,5,37.355,-90.549,0,0,0,0,0,0.0,0.0,149.89123856833018,True
2024,3,32.3757,-90.3705,1,0,0,0,0,50000.0,0.0,37.80311809106724,True
2024,3,32.431,-90.244,1,0,0,0,0,10000.0,0.0,29.603681076772297,True
2024,5,38.137,-91.477,1,0,0,0,0,0.0,0.0,93.22672650546652,True
2024,5,37.347,-90.669,0,0,0,0,0,0.0,0.0,150.32703595833186,True
2024,5,37.333,-90.59,1,0,0,0,0,0.0,0.0,152.09617859594542,True
2024,5,37.6,-90.535,0,0,0,0,0,0.0,0.0,122.87115171796653,True
2024,3,40.977,-82.8358,2,0,0,0,0,300000.0,0.0,94.95724182224788,True
2024,3,40.9692,-82.7252,2,0,0,0,0,150000.0,0.0,87.61810548331408,True
2024,3,40.8763,-83.8087,1,0,0,0,0,75000.0,0.0,161.90689560549677,True
2024,3,41.0276,-83.4217,-1,0,0,0,0,0.0,0.0,137.46831228132095,True
2024,3,38.3445,-88.9175,1,0,0,0,0,700000.0,0.0,104.51982762697,True
2024,3,33.7102,-88.293,1,0,0,0,0,75000.0,0.0,21.028766405435018,True
2024,3,31.1734,-99.2324,1,0,0,0,0,0.0,0.0,121.73246775667334,True
2024,5,38.477,-90.439,0,0,0,0,0,10000.0,0.0,32.52091621683688,True
2024,3,41.0276,-83.4205,-1,0,0,0,0,0.0,0.0,137.37295668859565,True
2024,3,37.029,-93.174,0,0,0,0,0,15000.0,0.0,30.469995120752458,True
2024,3,38.408,-88.282,1,0,0,0,0,120000.0,0.0,51.325319899196096,True
2024,1,30.2403,-85.6419,2,0,0,2,0,5000000.0,0.0,44.98521361595042,True
2024,1,30.5135,-85.3949,0,0,0,0,0,0.0,0.0,50.77216252289625,True
2024,2,39.8495,-82.8004,0,0,0,0,0,10000.0,0.0,99.62977065815878,True
2024,1,29.85,-90.99,0,0,0,0,0,150000.0,0.0,93.16350051307963,True
2024,5,38.53,-89.7051,0,0,0,0,0,25000.0,0.0,86.99398218341516,True
2024,5,38.681,-89.139,0,0,0,0,0,5000.0,0.0,131.72779650887557,True
2024,1,30.528,-85.385,1,0,0,0,0,0.0,0.0,51.55677628787949,True
2024,5,38.7288,-88.7881,1,0,0,0,0,0.0,0.0,106.21698795310792,True
2024,1,30.567,-85.36,1,0,0,0,0,5000.0,0.0,53.77579908220583,True
2024,1,30.71,-85.2276,2,0,0,7,0,5000000.0,0.0,68.33133540188936,True
2024,2,40.0402,-82.7684,2,0,0,0,0,200000.0,0.0,113.42005999788839,True
2024,1,35.657,-81.157,1,1,0,4,0,250000.0,0.0,129.27052469710148,True
2024,1,35.739,-81.069,1,0,0,0,0,0.0,0.0,141.26972794495993,True
2024,8,44.2754,-75.5144,0,0,0,0,0,0.0,0.0,59.27281481179575,True
2024,7,32.1325,-110.8381,1,0,0,0,0,50000.0,0.0,33.00888077422645,True
2024,1,30.346,-86.2317,1,0,0,0,0,100000.0,0.0,38.42306551051585,True
2024,2,41.8799,-88.5694,0,0,0,0,0,0.0,0.0,50.56789778298532,True
2024,3,47.6507,-118.2383,0,0,0,0,0,0.0,0.0,45.98532881595793,True
2024,3,38.7359,-85.4744,1,0,0,0,0,0.0,0.0,93.96396340311966,True
2024,2,26.07,-80.26,0,0,0,0,0,15000.0,0.0,53.33513587795484,True
2024,1,30.3879,-84.5895,0,0,0,0,0,0.0,0.0,25.01896022577155,True
2024,4,38.069,-87.966,2,0,0,0,0,130000.0,0.0,29.964873290057355,True
2024,4,38.0941,-87.9229,2,0,0,0,0,250000.0,0.0,25.33731007399705,True
2024,3,33.19,-96.81,0,0,0,0,0,25000.0,0.0,82.64943503985212,True
2024,1,30.1384,-85.7526,3,0,0,0,0,15350000.0,0.0,50.13602034058488,True
2024,1,30.998,-85.403,2,1,0,10,6,6000000.0,0.0,51.71182546513574,True
2024,3,32.79,-111.7014,-1,0,0,0,0,0.0,0.0,55.58122734351855,True
2024,3,40.6867,-90.4448,1,0,0,0,0,0.0,0.0,103.47954509442171,True
2024,3,34.1096,-94.7424,1,0,0,0,0,50000.0,0.0,135.8296871116165,True
2024,4,37.7915,-88.1777,1,0,0,0,0,80000.0,0.0,65.51570708061678,True
2024,1,31.3785,-84.7285,2,0,0,0,0,326000.0,0.0,69.95115782115573,True
2024,1,30.5872,-86.0243,1,0,0,0,0,50000.0,0.0,10.130627204572844,True
2024,1,31.435,-84.689,1,0,0,0,0,50000.0,0.0,73.13497663397114,True
2024,1,30.7121,-85.8679,0,0,0,0,0,75000.0,0.0,17.143183014468672,True
2024,3,32.25,-96.86,0,0,0,0,0,0.0,0.0,54.940888795413855,True
2024,1,30.1322,-85.7452,0,0,0,0,0,1000.0,0.0,51.02024207749248,True
2024,1,30.8676,-85.5799,1,0,0,0,0,250000.0,0.0,46.89664303900782,True
2024,1,30.7333,-86.1565,1,0,0,0,0,50000.0,0.0,29.2365395257566,True
2024,1,30.65,-85.45,0,0,0,0,0,0.0,0.0,46.11732678130534,True
2024,1,30.1417,-85.5907,2,0,0,0,0,75000.0,0.0,56.7825431619098,True
2024,2,38.5553,-85.0889,1,0,0,0,0,0.0,0.0,98.64748245064875,True
2024,4,41.336,-93.8998,-1,0,0,0,0,0.0,0.0,46.33629705740084,True
2024,4,40.7828,-94.2923,2,0,0,0,0,350000.0,0.0,115.6918489052592,True
2024,4,41.4275,-94.767,1,0,0,0,0,25000.0,0.0,93.17984612146955,True
2024,4,39.8503,-84.869,0,0,0,0,0,200000.0,0.0,101.63710482165885,True
2024,2,42.31,-84.98,1,0,0,0,0,1000000.0,0.0,79.70390125393425,True
2024,4,42.614,-94.5218,0,0,0,0,0,200.0,0.0,118.20681452761919,True
2024,4,42.8098,-94.5189,0,0,0,0,0,10000.0,0.0,136.66334556083473,True
2024,4,41.0646,-94.8234,0,0,0,0,0,15000.0,0.0,117.97882206637117,True
2024,4,38.2353,-81.6569,1,0,0,0,0,60000.0,0.0,10.20318838397606,True
2024,4,42.7725,-94.5167,-1,0,0,0,0,0.0,0.0,132.95856508463615,True
2024,4,41.8692,-95.3294,-1,0,0,0,0,0.0,0.0,105.67684614493751,True
2024,4,41.8639,-95.2589,2,0,0,0,0,50000.0,0.0,110.19318624996055,True
2024,2,34.5247,-92.3942,1,0,0,0,0,0.0,0.0,36.70672287879841,True
2024,4,41.5836,-92.9765,-1,0,0,0,0,0.0,0.0,64.13710975513149,True
2024,2,37.8502,-100.6815,-1,0,0,0,0,0.0,0.0,63.39059995299413,True
2024,4,40.6157,-94.3071,1,0,0,0,0,80000.0,0.0,133.3180402075693,True
2024,4,41.4856,-93.8424,0,0,0,0,0,2000.0,0.0,29.05154830570229,True
2024,4,41.5102,-93.813,0,0,0,0,0,2000.0,0.0,25.680619166433203,True
2024,2,41.07,-89.36,1,0,0,0,0,0.0,0.0,102.26361594530402,True
2024,2,30.4776,-83.9058,0,0,0,0,0,0.0,0.0,41.528328125374294,True
2024,4,40.73,-94.1375,1,0,0,0,0,100000.0,0.0,116.5924811272145,True
2024,2,30.7707,-83.2008,2,0,0,2,0,250000.0,0.0,23.19061105425988,True
2024,4,29.8863,-93.9423,2,0,0,0,0,500000.0,0.0,74.82656644547427,True
2024,4,30.1026,-93.0903,1,0,0,0,0,5000.0,0.0,12.340055857354997,True
2024,2,29.9881,-82.0338,1,0,0,0,0,0.0,0.0,63.756950775620375,True
2024,4,42.5577,-93.5764,1,0,0,0,0,20000.0,0.0,92.70335255451815,True
2024,4,41.0043,-93.7908,2,0,0,0,0,400000.0,0.0,81.0151501824075,True
2024,4,41.516,-93.0929,1,0,0,1,0,250000.0,0.0,57.5659277302533,True
2024,1,30.6953,-87.8192,1,0,0,0,0,0.0,0.0,40.25031701333065,True
2024,2,30.7422,-83.8357,1,0,0,0,0,100000.0,0.0,60.81701064212926,True
2024,4,41.8641,-95.2947,1,0,0,0,0,30000.0,0.0,107.72878226005639,True
2024,4,41.1568,-94.1137,0,0,0,0,0,10000.0,0.0,71.68897609104619,True
2024,2,30.2573,-81.8646,0,0,0,0,0,0.0,0.0,29.708687889100023,True
2024,2,30.1988,-81.9119,1,0,0,0,0,0.0,0.0,37.63337796247241,True
2024,4,39.9691,-82.3146,0,0,0,0,0,50000.0,0.0,142.6536488062748,True
2024,4,38.3697,-81.8157,1,0,0,0,0,300000.0,0.0,10.399378405372094,True
2024,4,41.2467,-94.0068,-1,0,0,0,0,0.0,0.0,58.8267129085318,True
2024,2,42.92,-83.67,2,0,0,0,0,1000000.0,0.0,29.33014621049282,True
2024,5,40.254,-79.919,0,0,0,0,0,25000.0,0.0,39.92690808471085,True
2024,4,40.982,-94.4915,0,0,0,0,0,0.0,0.0,105.13735314151354,True
2024,4,40.9676,-94.3476,1,0,0,0,0,25000.0,0.0,99.63453926392661,True
2024,4,41.0399,-94.2517,2,0,0,0,0,500000.0,0.0,88.62094183357705,True
2024,4,40.6649,-94.7953,0,0,0,0,0,5000.0,0.0,148.68070593452575,True
2024,4,40.9994,-94.4708,2,0,0,0,0,300000.0,0.0,102.545443328755,True
2024,4,38.9034,-85.1399,1,0,0,0,0,50000.0,0.0,124.71484840375695,True
2024,8,41.4909,-81.9413,1,0,0,0,0,50000.0,0.0,10.99296853134525,True
2024,4,38.0698,-87.4728,1,0,0,0,0,3000.0,0.0,30.540368220546057,True
2024,4,38.1297,-87.468,1,0,0,0,0,5000.0,0.0,26.706224230839737,True
2024,4,38.1227,-87.4665,1,0,0,0,0,20000.0,0.0,27.24642737364783,True
2024,4,30.48,-87.31,1,0,0,0,0,0.0,0.0,91.72321083992317,True
2024,4,41.1073,-94.3169,1,0,0,0,0,50000.0,0.0,85.23395824288689,True
2024,4,41.7014,-93.9973,0,0,0,0,0,20000.0,0.0,23.017866787361644,True
2024,4,38.157,-87.5046,1,0,0,0,0,60000.0,0.0,22.38309750409821,True
2024,4,38.0199,-87.3629,1,0,0,0,0,75000.0,0.0,41.40498819056982,True
2024,4,30.57,-87.15,1,0,0,0,0,0.0,0.0,104.97791727589426,True
2024,4,41.0195,-94.2701,2,0,0,0,0,100000.0,0.0,91.35620528749371,True
2024,11,42.78,-83.64,0,0,0,0,0,0.0,0.0,16.375278592639365,True
2024,5,38.6741,-87.8635,1,0,0,0,0,0.0,0.0,47.583239667451515,True
2024,5,42.19,-85.67,2,0,0,12,0,50000000.0,0.0,78.9362578573481,True
2024,3,40.146,-84.431,2,0,0,0,0,750000.0,0.0,96.0367744679372,True
2024,3,40.16,-84.81,1,0,0,2,0,500000.0,0.0,117.88289740251186,True
2024,5,39.3147,-83.986,0,0,0,0,0,10000.0,0.0,18.36796235824626,True
2024,5,40.1703,-82.3427,0,0,0,0,0,50000.0,0.0,144.03765415320305,True
2024,5,35.5855,-94.2375,1,0,0,0,0,30000.0,0.0,34.6934244191708,True
2024,4,40.1277,-83.6335,0,0,0,0,0,25000.0,0.0,80.28934750946337,True
2024,4,42.5027,-94.5395,-1,0,0,0,0,0.0,0.0,109.07908382244605,True
2024,5,35.126,-95.349,0,0,0,0,0,0.0,0.0,91.52691202759593,True
2024,5,36.3013,-94.6176,1,0,0,0,0,150000.0,0.0,86.04427642587274,True
2024,1,30.6971,-87.7751,1,0,0,0,0,0.0,0.0,44.471623543800284,True
2024,1,30.5537,-87.8361,0,0,0,0,0,0.0,0.0,41.076647337533274,True
2024,5,31.66,-102.07,3,0,0,0,0,100000.0,0.0,33.47303089282893,True
2024,5,35.63,-111.49,0,0,0,0,0,0.0,0.0,120.34441500992544,True
2024,5,35.8397,-94.2257,1,0,0,0,0,35000.0,0.0,62.30793329430339,True
2024,5,35.845,-93.951,1,0,0,0,0,30000.0,0.0,72.0000481817672,True
2024,4,40.132,-82.8097,1,0,0,0,0,35000.0,0.0,117.22559886052545,True
2024,4,37.92,-96.01,2,0,0,0,0,0.0,0.0,121.30702775408999,True
2024,3,40.5193,-84.1664,3,0,0,2,0,1000000.0,0.0,125.6878226773026,True
2024,3,40.55,-84.57,1,0,0,0,0,500000.0,0.0,130.72371483286085,True
2024,5,46.08,-102.68,-1,0,0,0,0,0.0,0.0,165.97879030611227,True
2024,5,39.772,-85.2022,0,0,0,0,0,25000.0,0.0,92.45744611969388,True
2024,5,39.782,-85.184,1,0,0,0,0,25000.0,0.0,94.09357494102764,True
2024,5,35.64,-94.0532,1,0,0,0,0,30000.0,0.0,47.88095433560312,True
2024,5,35.8396,-93.9612,1,0,0,0,0,0.0,0.0,71.01182364425372,True
2024,3,40.3718,-83.5251,2,0,0,0,0,500000.0,0.0,108.78777826238482,True
2024,3,40.29,-83.249,1,0,0,0,0,50000.0,0.0,108.36098872786462,True
2024,3,40.211,-82.756,1,0,0,0,0,500000.0,0.0,126.54869825138367,True
2024,3,40.2599,-83.0678,1,0,0,0,0,1000000.0,0.0,113.39780130713102,True
2024,3,38.7238,-85.3275,2,0,0,0,0,50000.0,0.0,99.07914887492396,True
2024,5,39.4624,-84.9587,1,0,0,0,0,5000.0,0.0,97.75282730304811,True
2024,5,28.68,-96.66,1,0,0,0,0,8000.0,15000.0,129.909289403035,True
2024,5,43.57,-83.29,0,0,0,0,0,0.0,0.0,97.85720640432156,True
2024,5,30.69,-86.37,0,0,0,0,0,0.0,0.0,45.092977420294666,True
2024,5,30.48,-86.07,0,0,0,0,0,0.0,0.0,17.06723113672227,True
2024,5,30.55,-84.65,1,0,0,0,0,75000.0,0.0,35.136724635578304,True
2024,5,30.4058,-84.6717,0,0,0,0,0,0.0,0.0,32.89034418289815,True
2024,8,41.2767,-81.6146,1,0,0,0,0,194000.0,0.0,25.4860029944963,True
2024,5,35.427,-88.842,1,0,0,0,0,8000.0,0.0,93.94030570583129,True
2024,5,30.3468,-83.8326,0,0,0,0,0,0.0,0.0,47.94376247787379,True
2024,5,30.323,-83.791,1,0,0,0,0,100000.0,0.0,52.26888393785814,True
2024,5,34.9165,-100.9991,0,0,0,0,0,20000.0,0.0,73.60532245066584,True
2024,5,37.2728,-80.0698,1,0,0,0,0,1170000.0,0.0,33.05218308175348,True
2024,5,36.3037,-94.9146,1,0,0,0,0,0.0,0.0,59.98516803228825,True
2024,4,37.76,-96.29,1,0,0,0,0,0.0,0.0,102.1116964970344,True
2024,5,38.26,-101.28,0,0,0,0,0,0.0,0.0,127.57332959548127,True
2024,3,38.7004,-85.2018,1,0,0,0,0,250000.0,0.0,103.39310866902176,True
2024,3,38.6927,-85.1549,0,0,0,0,0,20000.0,0.0,105.35417915964491,True
2024,5,30.399,-84.636,1,0,0,0,0,250000.0,0.0,29.455041879531123,True
2024,5,30.44,-84.49,2,2,0,0,0,92100000.0,0.0,16.155610719659755,True
2024,5,30.47,-84.415,2,0,0,0,0,92000000.0,0.0,11.539694686459342,True
2024,5,34.9207,-101.0125,1,0,0,0,0,50000.0,0.0,72.30990782307782,True
2024,5,36.0183,-101.1136,-1,0,0,0,0,0.0,0.0,102.55292218923442,True
2024,4,42.3355,-94.5927,1,0,0,0,0,12000.0,0.0,98.37513599581189,True
2024,5,40.4646,-84.7917,2,0,0,0,0,50000.0,0.0,125.32881051934504,True
2024,8,41.3968,-81.8325,1,0,0,0,0,2000000.0,0.0,2.9198242620409713,True
2024,1,30.8358,-88.5724,0,0,0,0,0,0.0,0.0,36.23288807970629,True
2024,5,37.3155,-94.0835,0,0,0,0,0,95000.0,0.0,61.10781923536503,True
2024,5,30.36,-91.61,0,0,0,0,0,0.0,15000.0,116.6481643956048,True
2024,5,40.0958,-84.7025,1,0,0,0,0,500000.0,0.0,106.35547286821749,True
2024,5,39.4279,-84.1794,0,0,0,0,0,20000.0,0.0,30.73954460682529,True
2024,5,36.1894,-101.2097,0,0,0,0,0,15000.0,0.0,115.48219707554469,True
2024,5,30.58,-91.54,0,0,0,0,0,15000.0,0.0,108.66472253810672,True
2024,5,30.25,-91.3,0,0,0,0,0,15000.0,0.0,90.71612386403402,True
2024,5,37.5689,-93.14,0,0,0,0,0,18000.0,0.0,43.6440985415145,True
2024,5,30.93,-87.12,2,0,0,0,0,0.0,0.0,110.51050005180086,True
2024,5,30.38,-90.9,1,0,0,0,0,12000.0,0.0,49.70570068319354,True
2024,5,30.07,-90.89,1,0,0,0,0,20000.0,0.0,68.162971580948,True
2024,5,38.7,-100.31,-1,0,0,0,0,0.0,0.0,108.59810778666207,True
2024,8,41.5821,-81.3907,1,0,0,0,0,10000.0,0.0,43.370041339267374,True
2024,5,40.44,-90.48,-1,0,0,0,0,0.0,0.0,102.16022412900824,True
2024,5,36.255,-95.7074,1,0,0,0,0,100000.0,0.0,15.631841153708994,True
2024,5,36.2486,-95.5862,1,0,0,0,0,10000.0,0.0,8.421148478942264,True
2024,5,30.85,-86.789,2,0,0,0,0,0.0,0.0,88.76881968376675,True
2024,5,30.7271,-86.5168,-1,0,0,0,0,0.0,0.0,59.71782814645885,True
2024,5,36.1851,-101.1895,0,0,0,0,0,10000.0,0.0,115.76986904643496,True
2024,5,40.64,-84.71,-1,0,0,0,0,0.0,0.0,115.26895972218392,True
2024,4,38.4329,-81.8109,2,0,0,0,0,40000.0,0.0,15.570929609746381,True
2024,5,36.1978,-101.1874,1,0,0,0,0,50000.0,0.0,117.13683216802666,True
2024,5,39.446,-84.817,0,0,0,0,0,5000.0,0.0,85.53043547069197,True
2024,5,40.4722,-84.5073,1,0,0,0,0,50000.0,0.0,130.75846977268776,True
2024,5,35.1235,-95.3841,1,0,0,0,0,25000.0,0.0,94.70918221179915,True
2024,5,30.824,-87.1358,-1,0,0,0,0,0.0,0.0,106.70768788293074,True
2024,5,30.8071,-86.9828,-1,0,0,0,0,0.0,0.0,104.98040454635009,True
2024,5,36.809,-92.889,0,0,0,0,0,20000.0,0.0,65.62671867957482,True
2024,5,36.5094,-91.1988,0,0,0,1,0,200000.0,0.0,176.1087787198964,True
2024,5,40.48,-84.455,2,0,0,0,0,300000.0,0.0,129.61418759104504,True
2024,5,39.4525,-84.7276,1,0,0,0,0,200000.0,0.0,77.88358456780503,True
2024,5,39.3728,-84.213,1,0,0,0,0,200000.0,0.0,34.03891359166946,True
2024,3,40.566,-84.456,1,0,0,0,0,250000.0,0.0,136.66656814826675,True
2024,5,35.207,-83.152,1,0,0,0,0,0.0,0.0,92.17771642417732,True
2024,5,30.7886,-86.9177,-1,0,0,0,0,0.0,0.0,98.44558020028306,True
2024,8,41.5698,-81.3664,1,0,0,0,0,20000.0,0.0,44.65452570946112,True
2024,8,41.4768,-82.0628,1,0,0,0,0,30000.0,0.0,18.329737382219793,True
2024,5,30.34,-91.62,-1,0,0,0,0,0.0,0.0,117.96359437474959,True
2024,5,36.6948,-92.4592,0,0,0,0,0,5000.0,0.0,102.96624274362495,True
2024,5,37.1833,-92.6515,1,0,0,0,0,100000.0,0.0,66.56161473617307,True
2024,5,39.3547,-84.129,1,0,0,0,0,500000.0,0.0,27.4004719120859,True
2024,5,39.4045,-84.253,0,0,0,0,0,15000.0,0.0,37.09733098785133,True
2024,5,39.4759,-84.3437,0,0,0,0,0,20000.0,0.0,45.24958933242574,True
2024,5,39.3907,-84.0272,0,0,0,0,0,50000.0,0.0,17.96293041413182,True
2024,3,40.57,-84.815,1,0,0,0,0,250000.0,0.0,114.93816757989067,True
2024,8,41.4853,-81.9687,1,0,0,0,0,65000.0,0.0,12.108658260366347,True
2024,5,38.6963,-88.6977,2,0,0,0,0,10000000.0,0.0,97.60784550397949,True
2024,5,38.899,-98.8971,1,0,0,0,0,0.0,0.0,157.34120258590096,True
2024,5,38.39,-98.61,-1,0,0,0,0,0.0,0.0,130.91281838912363,True
2024,5,41.0079,-93.6118,0,0,0,0,0,100000.0,0.0,80.94832626675282,True
2024,5,41.255,-93.0637,0,0,0,0,0,8000.0,0.0,76.26641269379937,True
2024,5,38.517,-87.5226,2,0,0,0,0,700000.0,0.0,33.53857585105115,True
2024,5,39.87,-104.08,0,0,0,0,0,0.0,0.0,40.84247823428883,True
2024,5,39.82,-104.19,0,0,0,0,0,0.0,0.0,30.61989207185547,True
2024,4,47.6571,-117.5586,0,0,0,0,0,0.0,0.0,5.6687590972771185,True
2024,5,41.3476,-93.4862,0,0,0,0,0,50000.0,0.0,46.97216537853652,True
2024,5,35.433,-81.651,1,0,0,0,0,0.0,0.0,80.06361888300621,True
2024,5,35.379,-81.42,1,0,0,0,0,0.0,0.0,91.26091766229743,True
2024,4,38.5109,-81.9956,1,0,0,0,0,8000.0,0.0,32.53717273533453,True
2024,5,35.281,-81.21,1,0,0,2,0,200000.0,0.0,101.97520347105446,True
2024,5,30.39,-86.18,-1,0,0,0,0,0.0,0.0,31.491155127508303,True
2024,5,41.0929,-81.3726,0,0,0,0,0,5000.0,0.0,54.1058431842466,True
2024,5,36.9998,-96.4138,-1,0,0,0,0,0.0,0.0,116.53633486962252,True
2024,5,37.0806,-98.1424,2,0,0,0,0,0.0,0.0,37.803949197552214,True
2024,5,35.246,-83.259,1,0,0,0,0,0.0,0.0,102.81772324813812,True
2024,5,35.642,-82.349,0,0,0,0,0,100000.0,0.0,85.17480711630809,True
2024,1,30.7035,-88.3304,0,0,0,0,0,0.0,0.0,9.074144856740928,True
2024,5,42.0248,-85.1797,1,0,0,0,0,0.0,0.0,85.75491383232831,True
2024,4,38.6672,-84.0904,0,0,0,0,0,750000.0,0.0,86.89419338277837,True
2024,4,38.704,-83.9216,1,0,0,0,0,300000.0,0.0,80.11161901943993,True
2024,1,30.6396,-88.2435,0,0,0,0,0,0.0,0.0,4.444736107734371,True
2024,5,31.92,-102.23,2,0,0,0,0,75000.0,0.0,4.647613487131063,True
2024,4,38.3796,-82.4614,1,0,0,0,0,30000.0,0.0,64.86345992927751,True
2024,5,41.0803,-84.5152,1,0,0,0,0,200000.0,0.0,103.8148686474119,True
2024,5,41.1605,-84.3897,0,0,0,0,0,10000.0,0.0,111.71801605197126,True
2024,5,41.1227,-83.9431,-1,0,0,0,0,0.0,0.0,149.2199817650121,True
2024,5,40.8087,-76.1549,1,0,0,0,0,25000.0,0.0,155.31880568322887,True
2024,5,40.83,-103.02,2,0,0,0,0,0.0,0.0,154.12164986362066,True
2024,5,40.82,-102.95,-1,0,0,0,0,0.0,0.0,160.10580888854304,True
2024,1,30.125,-81.5317,0,0,0,0,0,0.0,0.0,43.19829851997952,True
2024,5,36.824,-94.991,-1,0,0,0,0,0.0,0.0,88.50082095243593,True
2024,5,36.827,-94.972,-1,0,0,0,0,0.0,0.0,89.76319480770947,True
2024,5,36.8288,-94.9499,1,0,0,0,0,50000.0,0.0,91.10114159685003,True
2024,5,41.8616,-91.3822,-1,0,0,0,0,0.0,0.0,72.06774142992487,True
2024,4,40.3999,-102.4699,-1,0,0,0,0,0.0,0.0,132.30585042570578,True
2024,4,40.3674,-102.5126,-1,0,0,0,0,0.0,0.0,131.07926780109722,True
2024,5,40.9694,-93.8474,1,0,0,0,0,250000.0,0.0,85.33283721375307,True
2024,5,36.8601,-94.6379,1,0,0,0,0,30000.0,0.0,112.49205938381131,True
2024,5,33.485,-85.4444,0,0,0,0,0,0.0,0.0,82.65024309149558,True
2024,5,31.1212,-85.3588,0,0,0,0,0,75000.0,0.0,38.92548989509897,True
2024,5,38.8332,-95.8409,0,0,0,0,0,0.0,0.0,38.46202760700252,True
2024,5,38.9549,-95.9375,0,0,0,0,0,0.0,0.0,25.925061355023242,True
2024,5,39.4699,-85.5851,1,0,0,0,0,30000.0,0.0,65.16513371855561,True
2024,5,43.8837,-89.3113,0,0,0,0,0,20000.0,0.0,117.60716052923394,True
2024,5,39.5133,-85.3875,-1,0,0,0,0,0.0,0.0,79.46794285766417,True
2024,6,41.8018,-71.2939,1,0,0,0,0,5000.0,0.0,21.497837115654963,True
2024,5,39.4621,-85.629,1,0,0,0,0,47000.0,0.0,62.1240373470775,True
2024,5,42.4401,-88.8039,0,0,0,0,0,0.0,0.0,62.21922847384298,True
2024,5,38.5284,-81.8941,0,0,0,0,0,10000.0,0.0,28.40107748307305,True
2024,5,31.65,-102.11,2,0,0,0,0,50000.0,0.0,33.479551000451124,True
2024,6,41.539,-100.058,2,0,0,0,0,80000.0,0.0,63.38947921716658,True
2024,4,38.3829,-82.4538,1,0,0,0,0,40000.0,0.0,64.24843532281086,True
2024,5,44.9596,-103.0919,-1,0,0,0,0,0.0,0.0,95.12759609229083,True
2024,5,44.8786,-103.0536,-1,0,0,0,0,0.0,0.0,85.68391876453482,True
2024,5,30.76,-102.89,2,0,0,0,0,2000.0,0.0,147.46148804154043,True
2024,5,39.4395,-85.3909,0,0,0,0,0,50000.0,0.0,81.84493733440353,True
2024,5,42.467,-88.707,0,0,0,0,0,0.0,0.0,57.1311143276226,True
2024,5,36.9466,-84.0499,1,0,0,0,0,200000.0,10000.0,96.86552182420026,True
2024,5,34.3007,-85.7183,0,0,0,0,0,0.0,0.0,77.60538778194359,True
2024,4,38.6055,-81.9804,0,0,0,0,0,10000.0,0.0,39.684300344482736,True
2024,5,39.0287,-82.6593,1,0,0,0,0,30000.0,0.0,109.18172537035916,True
2024,5,38.1,-96.92,1,0,0,0,0,0.0,0.0,67.5432707263055,True
2024,5,38.848,-98.3941,0,0,0,0,0,0.0,0.0,156.55705931795424,True
2024,1,30.4046,-88.1839,0,0,0,0,0,0.0,0.0,31.024830374622116,True
2024,6,42.436,-99.718,1,0,0,0,0,1000.0,0.0,88.4518343765685,True
2024,6,42.404,-99.82,1,0,0,0,0,15000.0,0.0,79.640671099167,True
2024,1,30.8681,-88.6267,0,0,0,0,0,0.0,0.0,42.50825572044747,True
2024,5,36.7855,-92.91,0,0,0,0,0,30000.0,0.0,66.30405151312118,True
2024,5,36.91,-93.89,1,0,0,0,0,55000.0,0.0,56.532346590461664,True
2024,5,36.2998,-95.1594,1,0,0,0,0,3750000.0,0.0,38.86156703240496,True
2024,5,31.1334,-97.4388,2,0,0,30,0,5000000.0,0.0,46.094275437403795,True
2024,4,37.4131,-96.2894,1,0,0,0,0,0.0,0.0,105.20471739553061,True
2024,4,37.351,-96.3009,-1,0,0,0,0,0.0,0.0,106.2519465312944,True
2024,4,37.3886,-96.1543,-1,0,0,0,0,0.0,0.0,117.43670328769167,True
2024,5,36.8232,-102.6485,-1,0,0,0,0,0.0,0.0,195.92246489167752,True
2024,5,36.314,-94.588,3,0,0,2,0,6000000.0,0.0,88.89202732885045,True
2024,5,36.927,-93.835,1,0,0,0,0,100000.0,0.0,51.59654247904448,True
2024,5,37.06,-94.51,1,0,0,0,0,160000.0,0.0,100.26863895154341,True
2024,5,41.6765,-93.7623,2,0,0,2,0,5200000.0,0.0,6.898251281951529,True
2024,5,41.6334,-89.693,-1,0,0,0,0,0.0,0.0,73.83774196635693,True
2024,5,41.5499,-89.4794,-1,0,0,0,0,0.0,0.0,91.86906651529839,True
2024,9,34.7618,-78.4417,1,0,0,0,0,0.0,0.0,85.92135572581456,True
2024,5,37.0006,-91.4019,0,0,0,0,0,20000.0,0.0,179.0955841980505,True
2024,5,37.2716,-92.3083,1,0,0,0,0,15000.0,0.0,96.73121997160108,True
2024,5,37.437,-93.761,0,0,0,0,0,10000.0,0.0,38.99066981096238,True
2024,5,31.264,-96.508,0,0,0,0,0,0.0,0.0,102.90439980329549,True
2024,5,36.3231,-94.5151,2,0,0,0,0,2000000.0,0.0,95.50058010570508,True
2024,5,36.3449,-94.3265,1,0,0,0,0,100000.0,0.0,112.56332976456618,True
2024,5,37.155,-94.3751,1,0,0,0,0,50000.0,0.0,86.80603783696974,True
2024,5,41.157,-94.2184,0,0,0,0,0,20000.0,0.0,76.03433798078885,True
2024,5,41.5127,-94.9085,0,0,0,0,0,10000.0,0.0,101.50193735228223,True
2024,5,37.3217,-93.465,0,0,0,1,0,67000.0,0.0,11.187659180818025,True
2024,5,37.419,-93.241,0,0,0,0,0,3000.0,0.0,24.81334810023949,True
2024,5,37.445,-93.182,0,0,0,0,0,3000.0,0.0,30.268939556954134,True
2024,5,38.005,-92.021,0,0,0,0,0,1000.0,0.0,139.89256786001283,True
2024,5,38.01,-92.015,0,0,0,0,0,5000.0,0.0,139.14630188649585,True
2024,5,36.3283,-94.3568,2,0,0,0,0,200000.0,0.0,109.59524647484982,True
2024,5,36.2548,-93.9444,1,0,0,0,0,150000.0,0.0,113.65687979714998,True
2024,5,35.76,-94.493,2,0,0,0,0,75000.0,0.0,53.54729492986959,True
2024,5,35.4544,-94.3168,1,0,0,0,0,500000.0,0.0,18.68733467304131,True
2024,4,37.1118,-96.7571,2,0,0,0,0,0.0,0.0,85.52124712770286,True
2024,4,37.1442,-96.7374,1,0,0,0,0,0.0,0.0,84.28779560112181,True
2024,4,37.42,-95.81,-1,0,0,0,0,0.0,0.0,140.15891883519453,True
2024,4,37.56,-95.79,-1,0,0,0,0,0.0,0.0,145.9934767990512,True
2024,4,37.26,-95.68,-1,0,0,0,0,0.0,0.0,121.08881511912172,True
2024,5,36.2407,-93.9029,1,0,0,0,0,0.0,0.0,113.49194493446855,True
2024,5,36.251,-93.87,1,0,0,0,0,75000.0,0.0,115.66403068801799,True
2024,5,35.5899,-94.1852,1,0,0,0,0,50000.0,0.0,36.94857046579878,True
2024,5,36.3304,-96.3559,4,2,0,33,0,10000000.0,0.0,73.07015208665581,True
2024,5,41.0427,-94.471,0,0,0,0,0,1000.0,0.0,98.76635113513986,True
2024,5,41.1504,-94.2242,-1,0,0,0,0,0.0,0.0,76.91426019686803,True
2024,4,38.1717,-81.461,1,0,0,0,0,70000.0,0.0,27.62075930963366,True
2024,5,41.8635,-93.5318,2,0,0,2,0,3200000.0,0.0,21.623280974802054,True
2024,5,39.2763,-81.3898,1,0,0,1,0,15000.0,0.0,111.13689273819901,True
2024,5,36.56,-93.22,0,0,0,0,1,0.0,0.0,76.7786329407824,True
2024,5,36.7,-96.001,2,0,0,0,0,15000000.0,0.0,70.2519754038712,True
2024,5,40.9539,-94.6758,1,0,0,0,0,100000.0,0.0,117.46089792173461,True
2024,5,36.9686,-95.0005,0,0,0,0,0,50000.0,0.0,101.59019885543502,True
2024,5,35.698,-96.213,1,0,0,0,0,0.0,0.0,78.90353132298868,True
2024,5,31.2776,-96.5633,0,0,0,0,0,0.0,0.0,99.60860713981111,True
2024,5,36.3344,-94.2002,2,0,0,0,0,80000000.0,0.0,116.99821849020337,True
2024,5,31.2599,-97.0928,0,0,0,0,0,500.0,0.0,65.92384739202603,True
2024,5,31.2266,-96.8491,0,0,0,0,0,0.0,0.0,75.77019617332138,True
2024,5,33.376,-97.1193,1,0,0,0,0,1000000.0,0.0,90.94634341853934,True
2024,5,33.489,-97.487,3,7,0,80,0,15000000.0,0.0,103.31194814059619,True
2024,5,41.3686,-93.7454,0,0,0,0,0,30000.0,0.0,40.351816831690265,True
2024,5,42.6326,-94.9115,-1,0,0,0,0,0.0,0.0,140.1435938130828,True
2024,5,31.0455,-97.3026,1,0,0,0,0,550000.0,0.0,36.813104161143784,True
2024,5,35.705,-96.193,1,0,0,0,0,0.0,0.0,77.04798282508713,True
2024,5,35.3714,-96.1295,1,0,0,0,0,15000.0,0.0,102.88736928262868,True
2024,5,31.305,-97.227,1,0,0,2,0,75000.0,0.0,66.54141615431466,True
2024,5,31.285,-96.64,0,0,0,0,0,0.0,0.0,94.52709479098752,True
2024,5,32.1194,-95.5007,1,0,0,6,0,300000.0,0.0,160.28843557291427,True
2024,5,33.418,-96.987,1,0,0,0,0,0.0,0.0,98.50085157522875,True
2024,4,37.0241,-96.1801,0,0,0,0,0,0.0,0.0,109.26108560823876,True
2024,4,38.5713,-82.839,1,0,0,0,0,2000000.0,0.0,101.42917447955475,True
2024,5,38.1025,-93.7422,0,0,0,0,0,5000.0,0.0,90.89107059609547,True
2024,5,35.7363,-94.5946,2,0,0,0,0,0.0,0.0,53.869430556421314,True
2024,5,33.3542,-96.7565,3,0,0,0,0,1200000.0,0.0,100.75073016660917,True
2024,5,33.2764,-96.279,1,0,0,0,0,50000.0,0.0,123.52406354667532,True
2024,4,37.0244,-96.1768,0,0,0,0,0,0.0,0.0,109.14194621481951,True
2024,4,38.4562,-82.7122,1,0,0,0,0,100000.0,0.0,87.73693099130551,True
2024,5,37.1546,-94.5204,1,0,0,0,0,30000.0,0.0,99.6207335522462,True
2024,5,41.0107,-94.928,3,0,0,0,0,1000000.0,0.0,125.26103183178046,True
2024,5,37.21,-94.8974,0,0,0,0,0,64000.0,0.0,129.53337691236752,True
2024,5,36.337,-95.436,3,2,0,4,0,5000000.0,0.0,21.36639327196612,True
2024,5,36.3072,-95.7651,3,0,0,19,0,40000000.0,0.0,23.258750895274854,True
2024,5,36.3196,-95.1669,1,0,0,0,0,1000000.0,0.0,39.08294345533886,True
2024,5,32.1515,-99.1051,2,0,0,0,0,100000.0,0.0,45.23546358497523,True
2024,4,37.3765,-96.3086,1,0,0,0,0,0.0,0.0,104.72037010171023,True
2024,4,37.6407,-95.6511,-1,0,0,0,0,0.0,0.0,157.77227132271236,True
2024,5,31.272,-97.2285,1,0,0,0,0,200000.0,0.0,62.936833700611615,True
2024,5,31.0911,-97.4071,-1,0,0,0,0,0.0,0.0,41.14538190884582,True
2024,5,33.42,-97.061,1,0,0,0,0,4179999.9999999995,0.0,96.87603362352947,True
2024,5,33.383,-96.8029,1,0,0,0,0,10000.0,0.0,101.45937142093531,True
2024,4,38.077,-88.014,1,0,0,0,0,5000.0,0.0,32.4896592157917,True
2024,5,37.0055,-91.4618,2,0,0,0,0,75000.0,0.0,173.75672617407656,True
2024,5,37.27,-92.253,1,0,0,0,0,500000.0,0.0,101.6156870562046,True
2024,5,37.91,-92.12,0,0,0,0,0,10000.0,0.0,135.4965496650319,True
2024,7,42.02,-91.08,0,0,0,0,0,0.0,0.0,61.42384986301562,True
2024,3,41.0589,-83.9805,0,0,0,0,0,75000.0,0.0,147.64933913259986,True
2024,4,38.6166,-82.2417,1,0,0,0,0,50000.0,0.0,56.526707106064116,True
2024,5,33.8013,-95.7045,0,0,0,0,0,0.0,0.0,201.96509825750684,True
2024,5,33.8012,-95.3225,0,0,0,0,0,2000.0,0.0,187.51144788558355,True
2024,4,32.5369,-90.2021,0,0,0,0,0,25000.0,0.0,35.12247385274643,True
2024,4,40.828,-93.2889,1,0,0,0,0,250000.0,0.0,106.7663532117211,True
2024,3,38.3902,-104.7076,-1,0,0,0,0,0.0,0.0,155.9025040017178,True
2024,7,28.43,-82.6,0,0,0,0,0,0.0,0.0,82.89626277664351,True
2024,4,39.0917,-82.7198,2,0,0,0,0,20000.0,0.0,101.66236435601988,True
2024,5,40.8996,-94.9285,-1,0,0,0,0,0.0,0.0,129.25878980588948,True
2024,4,32.2262,-90.5755,1,0,0,0,0,300000.0,0.0,55.90258569221614,True
2024,4,32.5017,-90.7213,0,0,0,0,0,25000.0,0.0,73.44790457843926,True
2024,4,38.5995,-83.7325,1,0,0,0,0,50000.0,0.0,91.5899966865942,True
2024,2,42.5992,-89.5278,1,0,0,0,0,500000.0,0.0,89.66538589020664,True
2024,5,41.5461,-89.9302,-1,0,0,0,0,0.0,0.0,54.60711287777579,True
2024,7,40.3173,-102.9614,-1,0,0,0,0,0.0,0.0,147.19851154900365,True
2024,7,43.45,-75.16,0,0,0,0,0,5000.0,0.0,53.93984732184738,True
2024,4,38.5989,-82.5055,1,0,0,0,0,50000.0,0.0,75.29597530473723,True
2024,4,40.92,-96.56,1,0,0,0,0,0.0,0.0,47.35895973612478,True
2024,6,40.45,-87.57,0,0,0,0,0,0.0,0.0,135.4265799347553,True
2024,7,41.6442,-93.7606,1,0,0,0,0,500000.0,0.0,10.158581402937633,True
2024,4,40.5714,-94.3906,1,0,0,0,0,200000.0,0.0,140.54974461152864,True
2024,2,42.7242,-89.3316,2,0,0,1,0,6800000.0,0.0,69.1963432990684,True
2024,7,41.43,-90.907,0,0,0,0,0,0.0,0.0,33.843799451280816,True
2024,7,41.43,-90.93,-1,0,0,0,0,0.0,0.0,35.39861380096894,True
2024,4,42.5553,-93.5763,-1,0,0,0,0,0.0,0.0,92.43987179126044,True
2024,7,43.95,-84.95,1,0,0,0,0,2000000.0,0.0,107.90332018470716,True
2024,7,43.82,-72.15,1,0,0,0,0,80000.0,0.0,111.70277080225816,True
2024,7,42.29,-90.26,1,0,0,0,0,0.0,0.0,79.95806396347913,True
2024,7,42.196,-89.939,1,0,0,0,0,0.0,0.0,83.92350817940306,True
2024,6,30.1423,-102.3995,1,0,0,0,0,100000.0,0.0,201.27893260940093,True
2024,7,27.87,-81.67,0,0,0,0,0,5000.0,0.0,74.29571186801314,True
2024,5,41.1579,-94.5951,4,4,0,35,0,30000000.0,0.0,96.68489749651985,True
2024,4,30.3933,-92.1771,1,0,0,0,0,5000.0,0.0,104.12460379639255,True
2024,2,42.2196,-75.9215,0,0,0,0,0,30000.0,0.0,5.657987128407372,True
2024,2,33.0199,-99.9494,2,0,0,0,0,0.0,0.0,84.21373146093613,True
2024,4,38.4346,-82.3479,1,0,0,0,0,75000.0,0.0,56.199484797304095,True
2024,7,42.37,-89.58,-1,0,0,0,0,0.0,0.0,107.24730992208197,True
2024,7,42.41,-90.1,2,0,0,0,0,0.0,0.0,97.25443985598375,True
2024,7,42.391,-89.924,-1,0,0,0,0,0.0,0.0,102.25146237597232,True
2024,4,41.5486,-93.5802,2,0,0,1,0,1500000.0,0.0,23.501718969039338,True
2024,1,27.7528,-82.6401,0,0,0,0,0,10000.0,0.0,24.029326187126706,True
2024,4,38.7662,-83.647,1,0,0,1,0,200000.0,0.0,74.27477670029705,True
2024,4,38.2828,-82.7613,2,0,0,0,0,200000.0,0.0,90.6833463367677,True
2024,7,40.5297,-88.2202,-1,0,0,0,0,0.0,0.0,103.60379395813342,True
2024,5,44.272,-91.8482,1,0,0,0,0,126000.0,5000.0,72.47912206195357,True
2024,7,41.23,-89.99,1,0,0,0,0,100000.0,100000.0,65.02298371922527,True
2024,7,41.26,-89.95,1,0,0,0,0,50000.0,50000.0,65.5320027836328,True
2024,6,32.9297,-102.3658,-1,0,0,0,0,0.0,0.0,95.48607955450863,True
2024,6,32.7396,-102.0975,-1,0,0,0,0,0.0,0.0,88.94525869037632,True
2024,5,31.5844,-101.1025,3,0,0,0,0,0.0,0.0,62.54576580401891,True
2024,7,42.586,-90.596,1,0,0,0,0,35000.0,10000.0,108.34889353303389,True
2024,7,42.34,-90.13,1,0,0,0,0,0.0,0.0,89.15069489753711,True
2024,4,39.6088,-101.5899,-1,0,0,0,0,0.0,0.0,28.512707789210072,True
2024,5,43.9268,-92.9896,0,0,0,0,0,0.0,0.0,112.27946447055449,True
2024,7,45.17,-90.37,0,0,0,0,0,0.0,0.0,163.3465429937657,True
2024,5,29.975,-93.0598,-1,0,0,0,0,0.0,0.0,22.47191851308404,True
2024,7,33.36,-105.7068,-1,0,0,0,0,0.0,0.0,49.67797716324972,True
2024,7,35.855,-86.3899,0,0,0,0,0,750000.0,0.0,46.29093686323703,True
2024,4,38.0,-97.6,-1,0,0,0,0,0.0,0.0,40.822309463471896,True
2024,5,41.71,-90.77,1,0,0,0,0,0.0,0.0,19.144978363030905,True
2024,7,36.4034,-94.8499,-1,0,0,0,0,0.0,0.0,68.86876715025902,True
2024,5,30.2065,-92.8326,-1,0,0,0,0,0.0,0.0,37.93719014717723,True
2024,7,43.2929,-76.7271,-1,0,0,0,0,0.0,0.0,98.87664127697884,True
2024,5,44.2113,-91.8398,1,0,0,0,0,80000.0,6000.0,67.50687242391861,True
2024,4,37.7234,-96.993,-1,0,0,0,0,0.0,0.0,40.33683788166345,True
2024,4,37.1641,-96.2307,0,0,0,0,0,0.0,0.0,120.16018120030289,True
2024,7,39.4363,-84.9607,0,0,0,0,0,10000.0,10000.0,97.84682039186438,True
2024,5,43.9546,-92.9562,0,0,0,0,0,0.0,0.0,110.59467418838688,True
2024,7,34.42,-110.21,0,0,0,0,0,0.0,0.0,92.19227672795247,True
2024,7,40.2923,-83.8646,0,0,0,0,0,5000.0,0.0,97.03455842198943,True
2024,7,39.3588,-84.0864,1,0,0,0,0,40000.0,0.0,23.7555117296604,True
2024,6,28.8847,-82.6012,-1,0,0,0,0,100000.0,0.0,132.5897068803945,True
2024,7,41.6426,-86.8714,1,0,0,0,0,100000.0,0.0,100.91755559576738,True
2024,7,41.1976,-86.0867,0,0,0,0,0,20000.0,0.0,36.94210191117265,True
2024,5,38.7081,-88.781,1,0,0,0,0,5000.0,0.0,104.57503018987116,True
2024,7,41.6651,-85.9719,1,0,0,0,0,500000.0,0.0,40.91556139717401,True
2024,7,43.95,-82.84,0,0,0,0,0,0.0,0.0,148.08760403427968,True
2024,7,30.8611,-94.0058,2,0,0,1,0,350000.0,0.0,103.46679373815276,True
2024,7,42.753,-89.345,0,0,0,0,0,0.0,1000.0,69.01658526778434,True
2024,5,32.6241,-99.8609,3,0,0,4,0,0.0,0.0,57.6435084153119,True
2024,5,43.0222,-92.6716,0,0,0,0,0,0.0,0.0,149.0622164349111,True
2024,8,30.05,-82.6,0,0,0,0,0,0.0,0.0,98.86750304343343,True
2024,7,40.139,-85.863,2,0,0,0,0,750000.0,2500.0,59.73592657816914,True
2024,7,40.883,-88.996,0,0,0,0,0,0.0,0.0,86.39547164495256,True
2024,7,40.65,-89.52,1,0,0,0,0,0.0,0.0,57.66890192099857,True
2024,7,41.32,-103.13,-1,0,0,0,0,0.0,0.0,141.3913837529698,True
2024,7,29.7156,-81.566,0,0,0,0,0,0.0,0.0,86.50581920562104,True
2024,7,29.3557,-81.6157,0,0,0,0,0,0.0,0.0,125.80586205664372,True
2024,12,32.3182,-90.1046,1,0,0,0,0,1500000.0,0.0,12.06656839588095,True
2024,12,32.49,-89.761,1,0,0,0,0,125000.0,0.0,31.393077578168388,True
2024,12,31.7728,-90.438,1,0,0,0,0,20000.0,0.0,70.77298493551724,True
2024,5,30.3416,-101.4319,2,0,0,0,0,0.0,0.0,145.4311979238215,True
2024,5,31.4831,-99.6676,2,0,0,0,0,0.0,0.0,79.22612018577702,True
2024,5,32.028,-100.7034,2,0,0,0,0,0.0,0.0,75.7261061755886,True
2024,5,31.7582,-99.923,2,0,0,0,0,0.0,0.0,68.99972287775046,True
2024,7,48.18,-102.42,1,0,0,0,0,40000.0,0.0,200.27153527950628,True
2024,5,31.8374,-100.4901,3,0,0,0,0,0.0,0.0,51.84946739597863,True
2024,7,39.322,-84.0,0,0,0,0,0,10000.0,0.0,18.825827723775348,True
2024,7,37.78,-109.35,-1,0,0,0,0,0.0,0.0,173.56595859422544,True
2024,7,40.825,-89.684,0,0,0,0,0,0.0,0.0,80.54484966993421,True
2024,7,40.96,-90.02,1,0,0,0,0,0.0,0.0,86.29264604800717,True
2024,4,38.3735,-81.4227,1,0,0,0,0,80000.0,0.0,27.07397666554362,True
2024,4,30.5936,-88.8283,0,0,0,0,0,0.0,0.0,57.11497548113204,True
2024,4,37.63,-92.87,0,0,0,0,0,200000.0,0.0,64.1769035798252,True
2024,4,38.351,-85.585,1,0,0,0,0,0.0,0.0,52.24891248142607,True
2024,4,40.0085,-82.0162,1,0,0,0,0,950000.0,50000.0,156.73268411854792,True
2024,12,32.3111,-90.6164,1,0,0,0,0,10000.0,0.0,59.50065483049745,True
2024,12,32.7028,-90.4876,1,0,0,0,0,10000.0,0.0,66.61334659440662,True
2024,4,38.4081,-85.2901,1,0,0,0,0,0.0,0.0,74.70484944384297,True
2024,4,38.3862,-85.4978,2,0,0,0,0,0.0,0.0,60.067452711642105,True
2024,4,38.283,-85.992,0,0,0,0,0,0.0,0.0,34.47590279182668,True
2024,4,40.0345,-81.8167,0,0,0,0,0,400000.0,50000.0,146.44810900699736,True
2024,7,40.925,-89.833,0,0,0,0,0,0.0,0.0,95.78714565305751,True
2024,4,38.0845,-81.004,2,0,0,1,0,100000.0,0.0,67.67560935894431,True
2024,7,40.76,-89.489,1,0,0,0,0,0.0,0.0,68.98710829500115,True
2024,7,40.753,-89.448,1,0,0,0,0,0.0,0.0,67.65364454959042,True
2024,4,37.89,-94.96,0,0,0,0,0,50000.0,0.0,118.95025301635158,True
2024,4,37.9754,-84.3056,1,0,0,0,0,0.0,0.0,97.14389163885815,True
2024,8,27.6462,-81.8535,0,0,0,0,0,0.0,0.0,54.40452284048375,True
2024,4,40.0741,-81.7179,1,0,0,0,0,400000.0,50000.0,136.9941468256454,True
2024,6,33.29,-91.5097,-1,0,0,0,0,0.0,0.0,181.49950982159513,True
2024,4,38.1471,-84.3042,1,0,0,0,0,0.0,0.0,106.7479581309931,True
2024,6,44.905,-90.3147,0,0,0,0,0,0.0,0.0,139.04871407179854,True
2024,4,38.54,-93.04,0,0,0,0,0,0.0,0.0,110.46022048170157,True
2024,4,38.093,-84.177,1,0,0,0,0,0.0,0.0,94.19799255968839,True
2024,4,38.3488,-85.7207,1,0,0,10,0,0.0,0.0,45.88959501707985,True
2024,4,41.0188,-98.8736,1,0,0,0,0,70000.0,0.0,85.72482426576936,True
2024,4,41.05,-98.89,1,0,0,0,0,70000.0,0.0,89.44961310176409,True
2024,12,31.8817,-90.9664,1,0,0,0,0,70000.0,0.0,102.56921506555021,True
2024,7,40.843,-89.376,0,0,0,0,0,0.0,0.0,77.07493942051867,True
2024,4,37.9372,-84.5483,1,0,0,0,0,0.0,0.0,115.2105192225874,True
2024,4,31.305,-93.6019,0,0,0,0,0,0.0,0.0,61.812242714491774,True
2024,7,41.4,-90.73,1,0,0,0,0,0.0,0.0,26.612410155658456,True
2024,4,41.1788,-98.6462,0,0,0,0,0,200000.0,0.0,96.94104414396935,True
2024,4,41.0951,-98.8275,1,0,0,0,0,200000.0,0.0,92.02428130394918,True
2024,4,41.2028,-98.6199,3,0,0,0,0,3500000.0,0.0,99.20923784756529,True
2024,12,31.599,-90.633,1,0,0,2,0,250000.0,0.0,97.36059521026883,True
2024,12,31.7924,-90.9652,1,0,0,0,0,35000.0,0.0,107.172610381095,True
2024,4,37.981,-84.6843,1,0,0,0,0,0.0,0.0,110.40181869980995,True
2024,4,37.968,-84.673,1,0,0,0,0,0.0,0.0,111.40318774124415,True
2024,7,41.328,-90.586,1,0,0,0,0,0.0,0.0,31.544494138788544,True
2024,4,41.3446,-98.5073,2,0,0,0,0,400000.0,0.0,113.97075233600265,True
2024,4,41.39,-98.45,2,0,0,0,0,400000.0,0.0,118.88821210763535,True
2024,7,40.6,-89.35,-1,0,0,0,0,0.0,0.0,49.9957560378713,True
2024,6,34.622,-101.406,-1,0,0,0,0,0.0,0.0,73.3841481797142,True
2024,6,44.586,-84.5225,0,0,0,0,0,21000.0,0.0,38.87052355441406,True
2024,12,32.1623,-90.8792,1,0,0,0,0,15000.0,0.0,85.18150874219947,True
2024,4,37.9558,-85.0453,1,0,0,0,0,0.0,0.0,78.80252111331399,True
2024,4,41.4553,-98.3695,2,0,0,0,0,25000.0,0.0,126.29418478154749,True
2024,6,37.8369,-95.7801,-1,0,0,0,0,0.0,0.0,134.87703694144332,True
2024,12,32.73,-91.071,1,0,0,0,0,30000.0,0.0,113.51577512828335,True
2024,6,40.22,-104.79,-1,0,0,0,0,0.0,0.0,52.485898755496045,True
2024,4,36.9646,-93.4721,0,0,0,0,0,10000.0,0.0,30.763927580422944,True
2024,4,37.9341,-85.2201,1,0,0,0,0,0.0,0.0,63.623543386442044,True
2024,7,41.286,-90.435,1,0,0,0,0,0.0,0.0,38.197072470788974,True
2024,4,30.3401,-97.5841,1,0,0,0,0,5000000.0,0.0,46.60396147203776,True
2024,5,44.2464,-91.3965,1,0,0,0,0,79000.0,3000.0,49.88518533657551,True
2024,5,44.8295,-90.3828,0,0,0,0,0,33000.0,3000.0,129.09281987071967,True
2024,5,44.8406,-90.3247,1,0,0,0,0,330000.0,14000.0,132.5047377281701,True
2024,12,32.4626,-90.5466,1,0,0,0,0,30000.0,0.0,56.565203359070104,True
2024,6,34.1835,-88.1914,1,0,0,0,0,0.0,0.0,34.303338197038386,True
2024,4,30.4128,-89.5306,1,0,0,0,0,0.0,0.0,84.86906628868162,True
2024,6,34.9,-110.2582,0,0,0,0,0,0.0,0.0,93.23492184588125,True
2024,4,37.886,-85.154,0,0,0,0,0,0.0,0.0,69.98422363064611,True
2024,4,32.4076,-93.8311,1,0,0,0,0,500000.0,0.0,4.900258949592099,True
2024,7,43.0771,-75.7618,1,1,0,0,0,250000.0,0.0,75.7588542710863,True
2024,5,44.567,-90.8068,1,0,0,0,0,140000.0,10000.0,88.24368769406794,True
2024,5,44.6945,-90.5783,1,0,0,0,0,88000.0,6000.0,108.5229658419625,True
2024,5,44.7797,-90.4493,1,0,0,0,0,70000.0,5000.0,121.68260084038756,True
2024,4,41.074,-91.212,1,0,0,0,0,0.0,0.0,79.69029084192555,True
2024,6,33.8984,-87.8774,0,0,0,0,0,0.0,0.0,41.698566851377,True
2024,6,33.9194,-87.862,1,0,0,0,0,0.0,0.0,43.18674269875575,True
2024,6,37.65,-100.21,0,0,0,0,0,0.0,0.0,24.532246669992155,True
2024,4,32.9491,-93.7833,0,0,0,0,0,0.0,0.0,55.66971746832153,True
2024,8,27.7994,-82.8014,0,0,0,0,0,25000.0,0.0,40.67809517391545,True
2024,7,43.21,-75.49,2,0,0,0,0,3500000.0,0.0,62.598334208065495,True
2024,5,44.4872,-90.9807,1,0,0,0,0,0.0,4000.0,75.76390989382259,True
2024,4,32.9897,-93.7473,1,0,0,0,0,0.0,0.0,60.56062795439795,True
2024,8,27.64,-81.85,0,0,0,0,0,0.0,0.0,54.835184598917124,True
2024,4,30.4128,-89.5306,-1,0,0,0,0,0.0,0.0,84.86906628868162,True
2024,5,34.1715,-79.409,1,0,0,0,0,200000.0,0.0,92.49007433912874,True
2024,5,34.4198,-79.6459,0,0,0,0,0,2000.0,0.0,121.70862696486,True
2024,4,40.77,-91.64,1,0,0,0,0,0.0,0.0,128.89165440454067,True
2024,6,34.5759,-101.2842,-1,0,0,0,0,0.0,0.0,82.7438465325342,True
2024,7,40.7477,-89.427,1,0,0,0,0,0.0,0.0,66.84398920776611,True
2024,4,37.6268,-92.8495,0,0,0,0,0,0.0,0.0,65.27204529664726,True
2024,7,42.485,-76.23,0,0,0,0,0,37000.0,0.0,37.58804514986641,True
2024,4,32.9519,-93.6488,0,0,0,0,0,0.0,0.0,58.55388362573906,True
2024,4,33.0496,-93.7644,1,0,0,0,0,50000.0,0.0,66.96684842708224,True
2024,7,43.3123,-75.5808,1,0,0,0,0,250000.0,0.0,49.961290152066525,True
2024,4,40.2037,-98.5264,0,0,0,0,0,0.0,0.0,14.865790489497215,True
2024,12,31.831,-90.865,1,0,0,0,0,10000.0,0.0,96.84521254423657,True
2024,4,40.8138,-91.5834,2,0,0,0,0,0.0,0.0,122.0798966184809,True
2024,5,43.98,-92.01,1,0,0,0,0,120000.0,500000.0,67.89917532878702,True
2024,7,41.56,-90.58,1,0,0,0,0,0.0,0.0,5.744744673793464,True
2024,4,33.0702,-93.6028,1,0,0,0,0,50000.0,0.0,72.38986426375473,True
2024,12,31.8302,-90.0274,1,0,0,0,0,15000.0,0.0,50.17796392958317,True
2024,4,39.8987,-98.8876,0,0,0,0,0,2000.0,0.0,60.32955587944795,True
2024,7,41.518,-90.491,1,0,0,0,0,0.0,0.0,12.818585933789691,True
2024,12,31.61,-90.633,0,0,0,0,0,10000.0,0.0,96.41004594197469,True
2024,7,40.86,-89.758,1,0,0,0,0,0.0,0.0,86.558668422695,True
2024,4,37.4,-93.26,1,0,0,0,0,90000.0,0.0,22.12204612915205,True
2024,7,42.6549,-75.8374,1,0,0,0,0,120000.0,0.0,52.041212520899435,True
2024,4,38.349,-85.644,2,0,0,22,0,0.0,0.0,49.136105286226815,True
2024,12,30.9682,-89.1985,0,0,0,0,0,3000.0,0.0,97.0190517183295,True
2024,6,41.4829,-93.8996,0,0,0,0,0,2000.0,1000.0,31.26716250087155,True
2024,6,41.4034,-93.8734,-1,0,0,0,0,0.0,0.0,38.53101018179244,True
2024,6,41.3877,-94.9168,-1,0,0,0,0,0.0,0.0,106.42565550510352,True
2024,6,42.6847,-90.6188,0,0,0,0,0,0.0,10000.0,119.35765479586715,True
2024,6,41.8206,-87.9948,0,0,0,0,0,0.0,0.0,25.16123427160724,True
2024,6,44.909,-88.6539,1,0,0,0,0,0.0,0.0,62.63025759316829,True
2024,6,44.896,-88.4888,1,0,0,0,0,0.0,0.0,53.32627187095849,True
2024,6,40.4456,-87.5271,-1,0,0,0,0,0.0,0.0,134.12589622965004,True
2024,6,40.5056,-88.4592,1,0,0,0,0,0.0,0.0,84.22228334690894,True
2024,6,40.3156,-82.8008,0,0,0,0,0,5000.0,0.0,132.29378309200072,True
2024,6,40.0538,-82.3088,0,0,0,0,0,15000.0,0.0,147.29500516116835,True
2024,4,35.528,-96.677,0,0,0,0,0,10000.0,0.0,58.5879019846712,True
2024,6,39.1433,-103.0596,-1,0,0,0,0,0.0,0.0,119.65271019167847,True
2024,12,30.828,-92.211,1,0,0,0,0,0.0,0.0,81.48180247782757,True
2024,5,36.5866,-88.4654,1,0,0,0,0,80000.0,0.0,60.1140297165454,True
2024,6,41.891,-88.4804,0,0,0,0,0,0.0,0.0,45.76430714713421,True
2024,6,41.8471,-88.0563,0,0,0,0,0,0.0,0.0,27.083431339353652,True
2024,6,45.031,-90.565,1,0,0,0,0,35000.0,10000.0,143.25218819465277,True
2024,6,44.742,-90.601,0,0,0,0,0,20000.0,0.0,112.49048165513786,True
2024,4,35.333,-97.141,0,0,0,0,0,5000.0,0.0,12.405045160524724,True
2024,6,38.5978,-96.0384,-1,0,0,0,0,0.0,0.0,47.462685522403184,True
2024,6,38.5657,-95.8826,0,0,0,0,0,0.0,0.0,56.73792078653653,True
2024,6,45.0282,-102.4044,2,0,0,0,0,30000.0,0.0,105.96758849477234,True
2024,6,41.3867,-94.8908,-1,0,0,0,0,0.0,0.0,104.45075183620654,True
2024,2,26.1705,-80.143,-1,0,0,0,0,40000.0,0.0,67.87131856039679,True
2024,4,35.306,-97.177,0,0,0,0,0,10000.0,0.0,9.623039819092776,True
2024,4,35.352,-97.143,1,0,0,0,0,1000.0,0.0,12.402489487448575,True
2024,6,41.8538,-88.1967,0,0,0,0,0,0.0,0.0,29.25069118667985,True
2024,5,36.706,-88.813,1,0,0,0,0,10000.0,0.0,40.454407954240104,True
2024,5,36.6578,-88.1442,1,0,0,0,0,20000.0,0.0,72.12883196022632,True
2024,6,45.03,-90.57,1,0,0,0,0,0.0,0.0,143.01066056466271,True
2024,6,32.3409,-95.9806,-1,0,0,0,0,0.0,0.0,126.73677552960781,True
2024,6,35.7913,-108.2245,-1,0,0,0,0,0.0,0.0,145.5222977937317,True
2024,6,44.9046,-90.3161,0,0,0,0,0,15000.0,5000.0,138.95460629145063,True
2024,4,35.463,-96.656,1,0,0,0,0,5000.0,0.0,58.17848717095719,True
2024,5,41.65,-90.69,1,0,0,0,0,0.0,0.0,10.024951633192822,True
2024,6,28.63,-81.45,0,0,0,0,0,0.0,0.0,96.76073328132817,True
2024,12,31.6502,-88.9516,0,0,0,0,0,10000.0,0.0,119.98721363488971,True
2024,6,42.89,-72.09,1,0,0,0,0,1000.0,0.0,130.04518133707376,True
2024,6,42.6143,-94.2988,-1,0,0,0,0,0.0,0.0,109.07483107161451,True
2024,6,35.7,-101.6,0,0,0,0,0,0.0,0.0,52.82647821161841,True
2024,6,35.72,-101.59,0,0,0,0,0,0.0,0.0,55.1824186650657,True
2024,12,32.576,-89.614,1,0,0,0,0,50000.0,0.0,47.87680986751982,True
2024,8,27.85,-81.88,0,0,0,0,0,0.0,0.0,53.81181766977466,True
2024,6,34.1645,-88.2121,1,0,0,0,0,10000.0,0.0,31.650640763965097,True
2024,6,41.7232,-93.1114,-1,0,0,0,0,0.0,0.0,50.75009142941876,True
2024,6,41.6437,-93.0726,-1,0,0,0,0,0.0,0.0,54.863348813024906,True
2024,6,41.663,-93.3767,-1,0,0,0,0,0.0,0.0,29.72034829745336,True
2024,6,44.1055,-84.4691,1,0,0,0,0,100000.0,0.0,91.23684570870837,True
2024,6,41.4176,-95.1481,-1,0,0,0,0,0.0,700.0,102.27193595700888,True
2024,6,41.3561,-95.1251,0,0,0,0,0,1000.0,1000.0,103.74248051346798,True
2024,6,30.1258,-93.2162,0,0,0,0,0,50000.0,0.0,0.0635472372545665,True
2024,7,41.689,-88.261,1,0,0,0,0,0.0,0.0,17.42512836122179,True
2024,4,42.41,-91.79,1,0,0,0,0,0.0,0.0,133.64107402648455,True
2024,4,37.3283,-89.6342,0,0,0,0,0,5000.0,0.0,81.65948743994697,True
2024,4,37.6341,-89.0017,2,0,0,0,0,300000.0,0.0,66.10756424030313,True
2024,4,37.6229,-88.8215,1,0,0,0,0,130000.0,0.0,61.820798407735715,True
2024,4,39.31,-89.791,1,0,0,0,0,50000.0,0.0,101.20802933762857,True
2024,4,38.706,-90.06,0,0,0,0,0,0.0,0.0,54.04777037764739,True
2024,4,37.6158,-88.7084,1,0,0,0,0,75000.0,0.0,61.134483666961565,True
2024,4,30.0759,-81.47,0,0,0,0,0,0.0,0.0,50.61074797949241,True
2024,4,37.8203,-95.2306,-1,0,0,0,0,0.0,0.0,138.6403188477569,True
2024,4,37.734,-95.823,2,0,0,0,0,0.0,0.0,142.81563857025895,True
2024,4,40.959,-91.372,2,0,0,0,0,0.0,0.0,98.16652392434752,True
2024,7,41.465,-88.4033,1,0,0,0,0,0.0,0.0,30.737580394252156,True
2024,7,41.9546,-87.938,0,0,0,0,0,0.0,0.0,40.785513646938426,True
2024,4,38.947,-89.976,1,0,0,0,0,100000.0,0.0,67.15657175066175,True
2024,4,38.752,-89.831,0,0,0,0,0,5000.0,0.0,74.1256524116052,True
2024,4,37.7631,-88.0314,2,0,0,0,0,500000.0,0.0,61.47055078404325,True
2024,4,38.1113,-87.7214,2,0,0,0,0,150000.0,0.0,16.563617183119767,True
2024,4,32.6641,-86.932,1,0,0,0,0,0.0,0.0,58.46555345963544,True
2024,4,32.9182,-86.245,1,0,0,0,0,0.0,0.0,56.4629509855743,True
2024,7,41.8641,-87.8692,0,0,0,0,0,0.0,0.0,33.950375453521346,True
2024,7,41.6039,-87.7714,0,0,0,0,0,0.0,0.0,26.028072748882924,True
2024,7,41.8974,-87.7035,0,0,0,0,0,0.0,0.0,45.385230325315874,True
2024,7,41.2252,-87.9257,0,0,0,0,0,0.0,0.0,44.19835749389425,True
2024,4,38.653,-90.551,0,0,0,0,0,100000.0,0.0,12.524912473208119,True
2024,4,38.812,-89.137,1,0,0,0,0,30000.0,0.0,134.62496569932162,True
2024,7,42.1687,-89.092,0,0,0,0,0,0.0,0.0,99.30118268351485,True
2024,7,41.7895,-88.4774,0,0,0,0,0,0.0,0.0,38.57323817991002,True
2024,4,37.0941,-88.8666,1,0,0,0,0,75000.0,0.0,8.872673880732307,True
2024,4,38.798,-89.808,0,0,0,0,0,10000.0,0.0,76.65716840918901,True
2024,4,38.552,-90.177,0,0,0,0,0,10000.0,0.0,46.87369157621031,True
2024,7,41.2636,-87.5866,1,0,0,0,0,0.0,0.0,56.203294916119376,True
2024,7,41.3876,-88.3755,2,0,0,0,0,0.0,0.0,34.1904583439368,True
2024,7,42.1032,-89.1214,0,0,0,0,0,0.0,0.0,102.23350692934497,True
2024,7,42.217,-89.2027,0,0,0,0,0,0.0,0.0,99.09102733774458,True
2024,7,41.2838,-87.4526,0,0,0,0,0,0.0,0.0,63.5983276918155,True
2024,7,41.9041,-88.3519,0,0,0,0,0,0.0,0.0,40.031237999350694,True
2024,4,39.96,-89.22,1,0,0,1,0,0.0,0.0,23.397929694528543,True
2024,4,39.95,-89.16,1,0,0,0,0,0.0,0.0,26.896807645457564,True
2024,3,31.1686,-81.968,2,0,0,5,0,0.0,0.0,80.18600733483774,True
2024,7,42.0304,-88.95,0,0,0,0,0,0.0,0.0,85.95580037985312,True
2024,7,42.028,-88.942,0,0,0,0,0,0.0,0.0,85.25676015461471,True
2024,7,41.398,-88.2499,2,0,0,2,0,0.0,0.0,26.77317761464994,True
2024,7,41.9191,-88.5396,1,0,0,0,0,0.0,0.0,51.472428403329964,True
2024,7,41.024,-88.9307,-1,0,0,0,0,0.0,0.0,95.71271012198527,True
2024,7,41.5019,-87.7903,2,0,0,0,0,0.0,0.0,27.001324378023977,True
2024,7,41.8151,-87.8858,0,0,0,0,0,0.0,0.0,28.645887012571908,True
2024,4,37.7913,-88.4029,2,0,0,2,0,225000.0,0.0,79.05513171160314,True
2024,4,38.669,-92.743,1,0,0,0,0,200000.0,0.0,132.88866145182772,True
2024,7,41.8675,-88.0533,0,0,0,0,0,0.0,0.0,29.364837555384725,True
2024,7,41.8867,-87.9777,0,0,0,0,0,0.0,0.0,32.6112443464074,True
2024,4,39.947,-89.1437,1,0,0,0,0,0.0,0.0,27.966321874633135,True
2024,4,39.93,-89.09,1,0,0,0,0,0.0,0.0,32.28757644095743,True
2024,4,39.96,-88.97,1,0,0,0,0,0.0,0.0,37.725515927392124,True
2024,4,41.92,-104.09,-1,0,0,0,0,0.0,0.0,104.14563284111888,True
2024,7,41.79,-87.7425,0,0,0,0,0,0.0,0.0,35.09582969715385,True
2024,7,41.768,-87.634,0,0,0,0,0,0.0,0.0,41.59167136620657,True
2024,7,41.272,-87.0689,0,0,0,0,0,0.0,0.0,92.37292997346533,True
2024,7,41.0307,-88.8916,-1,0,0,0,0,0.0,0.0,92.81119423331764,True
2024,7,40.9943,-88.9686,-1,0,0,0,0,0.0,0.0,98.84640054369628,True
2024,7,41.242,-87.219,0,0,0,0,0,0.0,0.0,82.65030294330661,True
2024,4,41.0841,-88.0599,0,0,0,0,0,0.0,0.0,57.895422985243286,True
2024,4,41.2493,-87.7613,0,0,0,0,0,0.0,0.0,47.80457056341967,True
2024,4,39.387,-90.212,-1,0,0,0,0,0.0,0.0,86.64596044091535,True
2024,4,39.41,-90.152,-1,0,0,0,0,0.0,0.0,91.39433679977435,True
2024,4,39.2156,-90.1817,-1,0,0,0,0,0.0,0.0,71.96084000895435,True
2024,4,38.1098,-87.6971,2,0,0,0,0,275000.0,0.0,16.898961656681116,True
2024,7,41.2153,-87.348,0,0,0,0,0,0.0,0.0,75.1278130105974,True
2024,7,40.984,-88.9308,-1,0,0,0,0,0.0,0.0,98.7880127649754,True
2024,4,41.0927,-87.9677,-1,0,0,0,0,0.0,0.0,57.731260183926,True
2024,7,42.1018,-89.0234,0,0,0,0,0,0.0,0.0,95.42703341633069,True
2024,4,37.7953,-88.2712,1,0,0,0,0,80000.0,0.0,70.46679665564542,True
2024,4,38.1508,-87.4677,1,0,0,0,0,75000.0,0.0,25.527339932010506,True
2024,4,38.1668,-87.573,1,0,0,0,0,225000.0,0.0,16.828368052142984,True
2024,3,31.1599,-82.6596,1,0,0,0,0,0.0,0.0,44.2959107122935,True
2024,5,37.592,-90.63,1,0,0,0,0,0.0,0.0,123.16591225369125,True
2024,5,41.437,-90.432,-1,0,0,0,0,0.0,0.0,23.03685543605951,True
2024,4,36.449,-94.0057,1,0,0,0,0,40000.0,0.0,102.69556910291669,True
2024,4,36.4763,-96.4089,1,0,0,0,0,20000.0,0.0,82.76357954609998,True
2024,4,36.5583,-96.1613,1,0,0,0,0,250000.0,0.0,68.37849386370576,True
2024,4,35.656,-96.0096,1,0,0,0,0,25000.0,0.0,70.28269698659561,True
2024,4,38.215,-83.8319,0,0,0,0,0,40000.0,0.0,83.00174292353341,True
2024,5,34.6807,-86.2279,0,0,0,0,0,53300.0,0.0,30.747240588778897,True
2024,7,41.3608,-87.5595,0,0,0,0,0,0.0,0.0,51.44065748998745,True
2024,1,31.5166,-82.6644,1,0,0,0,0,0.0,0.0,76.68188835554713,True
2024,5,37.306,-90.753,1,0,0,0,0,10000.0,0.0,155.00336661877685,True
2024,5,41.39,-90.65,1,0,0,0,0,0.0,0.0,25.31165390443326,True
2024,5,34.4397,-78.7162,0,0,0,0,0,1000.0,0.0,56.62513604076957,True
2024,4,35.487,-96.624,1,0,0,0,0,0.0,0.0,61.67059987703808,True
2024,4,36.5385,-96.2887,1,0,0,0,0,35000.0,0.0,76.44502918450608,True
2024,4,36.7883,-95.6713,1,0,0,1,0,20000.0,0.0,68.86676203693862,True
2024,4,36.6335,-96.0079,0,0,0,0,0,0.0,0.0,64.62697860589488,True
2024,4,36.2144,-93.3665,-1,0,0,0,0,0.0,0.0,113.55545481904089,True
2024,4,36.959,-96.691,-1,0,0,0,0,0.0,0.0,101.99945328344445,True
2024,4,35.0776,-95.6831,-1,0,0,0,0,0.0,0.0,122.38130240515125,True
2024,4,35.3359,-95.5943,-1,0,0,0,0,0.0,0.0,93.34225932699206,True
2024,4,61.13,-149.66,0,0,0,0,0,0.0,0.0,101.83402034815497,True
2024,4,37.4936,-87.9488,1,0,0,1,0,130000.0,0.0,86.83236179482903,True
2024,7,41.968,-87.9204,0,0,0,0,0,0.0,0.0,42.65256157541926,True
2024,7,41.4911,-88.2532,1,0,0,2,0,0.0,0.0,18.869666721346125,True
2024,7,41.3082,-87.7869,0,0,0,0,0,0.0,0.0,41.229824737802296,True
2024,7,40.9003,-88.9314,0,0,0,0,0,0.0,0.0,90.14085312614814,True
2024,7,41.9257,-88.6013,-1,0,0,0,0,0.0,0.0,55.800504638577394,True
2024,5,34.8506,-86.239,1,0,0,0,0,155000.0,0.0,16.73014063886735,True
2024,4,34.9435,-95.7835,1,0,0,0,0,50000.0,0.0,134.93345281872485,True
2024,4,36.4561,-94.0265,1,0,0,0,0,0.0,0.0,103.01228137788253,True
2024,4,36.634,-96.001,1,0,0,0,0,20000.0,0.0,64.29339914944968,True
2024,4,35.5205,-95.9962,1,0,0,0,0,2000000.0,0.0,82.54016080552735,True
2024,4,35.6068,-95.8408,1,0,0,0,0,75000.0,0.0,67.91794156236666,True
2024,4,34.8428,-94.6142,0,0,0,0,0,0.0,0.0,54.814101493823856,True
2024,7,41.9101,-88.6181,-1,0,0,0,0,0.0,0.0,55.80906351579883,True
2024,7,41.566,-88.2561,0,0,0,0,0,0.0,0.0,14.903134410002904,True
2024,4,35.7068,-95.6817,1,0,0,0,0,0.0,0.0,53.12539142299162,True
2024,4,35.8232,-95.5798,1,0,0,0,0,30000.0,0.0,39.14265485670836,True
2024,7,33.226,-89.8325,1,0,0,0,0,0.0,15000.0,106.1467622739039,True
2024,7,41.4421,-87.2198,1,0,0,0,0,0.0,0.0,74.20997510132455,True
2024,4,35.656,-80.731,1,0,0,0,0,75000.0,0.0,157.53860909342765,True
2024,4,35.9329,-95.4178,1,0,0,0,0,5000.0,0.0,29.961405412213754,True
2024,4,36.1031,-95.0927,1,0,0,0,0,0.0,0.0,43.08233669536821,True
2024,7,47.85,-92.3,0,0,0,0,0,0.0,0.0,112.85234383801438,True
2024,7,41.756,-88.5173,1,0,0,0,0,0.0,0.0,39.70233659001404,True
2024,4,37.8893,-88.2139,1,0,0,0,0,110000.0,0.0,59.466625255073325,True
2024,4,38.1501,-87.6823,2,0,0,0,0,500000.0,0.0,12.790558750761337,True
2024,4,32.641,-87.0398,1,0,0,0,0,0.0,0.0,64.19627644315267,True
2024,4,40.7981,-83.0005,1,0,0,0,0,1000000.0,0.0,117.50098773024472,True
2024,7,41.0292,-88.9718,-1,0,0,0,0,0.0,0.0,97.89365286041378,True
2024,4,37.9955,-91.6116,0,0,0,0,0,25000.0,0.0,112.59596208908302,True
2024,4,38.464,-90.665,0,0,0,0,0,0.0,0.0,26.16310041674529,True
2024,4,37.7209,-87.8936,1,0,0,0,0,85000.0,0.0,61.77515038445853,True
2024,4,37.8857,-88.0846,0,0,0,0,0,1000.0,0.0,52.22982480623131,True
2024,4,32.7121,-86.7786,1,0,0,0,0,0.0,0.0,51.138589254080976,True
2024,4,32.9712,-86.0793,0,0,0,0,0,0.0,0.0,55.390240833045745,True
2024,4,41.2323,-81.0813,1,0,0,0,0,500000.0,0.0,68.06231500468381,True
2024,7,41.6438,-87.8004,0,0,0,0,0,0.0,0.0,24.011703859137423,True
2024,7,41.5379,-87.6939,1,0,0,0,0,0.0,0.0,33.32026354548039,True
2024,7,42.1432,-89.3159,0,0,0,0,0,0.0,0.0,111.0689570509962,True
2024,4,35.29,-96.363,3,0,0,0,0,300000.0,0.0,83.13969073585375,True
2024,4,37.58,-92.59,0,0,0,0,0,75000.0,0.0,81.18643065446446,True
2024,4,37.51,-92.68,0,0,0,0,0,100000.0,0.0,70.59933817523603,True
2024,4,38.1756,-83.9282,0,0,0,0,0,200000.0,10000.0,84.51362225334296,True
2024,4,38.463,-90.657,1,0,0,0,0,100000.0,0.0,26.324139305108698,True
2024,4,38.1413,-87.3349,1,0,0,0,0,100000.0,0.0,36.524462321187066,True
2024,7,41.5278,-87.8985,0,0,0,0,0,0.0,0.0,17.66132639788161,True
2024,5,34.6864,-86.064,0,0,0,0,0,1400000.0,0.0,27.207211899795606,True
2024,4,41.3058,-80.9112,0,0,0,0,0,100000.0,0.0,80.07995720455489,True
2024,7,41.7645,-87.7104,1,0,0,0,0,0.0,0.0,35.79884930288364,True
2024,7,41.6848,-88.4695,1,0,0,0,0,0.0,0.0,33.22039027107474,True
2024,7,41.5586,-88.3015,0,0,0,0,0,0.0,0.0,18.759741421867897,True
2024,7,41.3699,-87.5263,1,0,0,0,0,0.0,0.0,53.30626544029889,True
2024,7,41.7513,-87.8573,1,0,0,0,0,0.0,0.0,24.950522567456854,True
2024,7,41.5825,-87.7151,0,0,0,0,0,0.0,0.0,30.81094086772107,True
2024,4,37.99,-94.51,1,0,0,0,0,40000.0,0.0,93.68265015918075,True
2024,4,38.1911,-94.0508,0,0,0,0,0,20000.0,0.0,71.3116646052713,True
2024,4,29.8853,-81.5626,1,0,0,1,0,0.0,0.0,67.9741414546955,True
2024,5,34.874,-86.109,1,0,0,0,0,165000.0,0.0,6.700823501946716,True
2024,5,44.8498,-90.316,1,0,0,0,0,15000.0,0.0,133.7354938241765,True
2024,5,41.265,-98.188,1,0,0,0,0,25000.0,0.0,107.1410883358518,True
2024,12,32.582,-91.46,1,0,0,0,0,5000.0,0.0,142.49749771470007,True
2024,5,40.3073,-99.3679,0,0,0,0,0,600000.0,0.0,78.52360334457644,True
2024,5,40.3507,-99.2468,0,0,0,0,0,150000.0,0.0,68.30045303884094,True
2024,9,33.0754,-80.9887,1,0,0,0,0,0.0,0.0,46.95505002787328,True
2024,6,41.97,-97.73,0,0,0,0,0,0.0,0.0,134.34856298490595,True
2024,6,41.84,-97.63,-1,0,0,0,0,0.0,0.0,119.91207919019173,True
2024,5,44.5599,-92.6359,0,0,0,0,0,0.0,0.0,80.18814565528992,True
2024,1,31.558,-82.6057,1,0,0,0,0,0.0,0.0,83.25478246798308,True
2024,9,43.0241,-78.3987,0,0,0,0,0,0.0,0.0,28.765068672079654,True
2024,9,43.7565,-75.8837,-1,0,0,0,0,0.0,0.0,16.36032396697639,True
2024,5,41.21,-98.51,-1,0,0,0,0,0.0,0.0,99.03718977329203,True
2024,6,33.104,-104.346,-1,0,0,0,0,0.0,0.0,165.2932745231993,True
2024,5,40.1563,-98.3358,0,0,0,0,0,75000.0,0.0,20.392937817093806,True
2024,6,40.3044,-82.5708,0,0,0,0,0,30000.0,0.0,137.0038456545029,True
2024,5,40.5675,-99.1742,0,0,0,0,0,75000.0,0.0,67.7652215075592,True
2024,8,28.2,-82.62,-1,0,0,0,0,0.0,0.0,59.03391401090645,True
2024,7,41.8744,-87.6998,1,0,0,0,0,0.0,0.0,43.813192396978714,True
2024,12,32.6157,-91.1955,0,0,0,0,0,40000.0,0.0,119.61318513020261,True
2024,12,31.7929,-89.6277,1,0,0,0,0,30000.0,0.0,63.75151715051865,True
2024,5,40.5457,-98.9707,0,0,0,0,0,350000.0,250000.0,51.26424424769633,True
2024,6,41.9297,-71.3814,1,0,0,0,0,30000.0,0.0,20.432155215221265,True
2024,9,41.7376,-84.7356,0,0,0,0,0,100000.0,0.0,90.64679641276798,True
2024,12,31.9274,-89.2551,0,0,0,0,0,2000.0,0.0,79.09789061489548,True
2024,12,31.9609,-89.2135,2,0,0,0,0,500000.0,0.0,80.80872351749322,True
2024,6,41.0802,-82.7336,0,0,0,0,0,0.0,0.0,81.87917669966536,True
2024,5,43.6236,-94.4659,0,0,0,0,0,0.0,0.0,153.97158142856836,True
2024,5,41.512,-91.818,1,0,0,0,0,0.0,0.0,103.52706862316046,True
2024,7,41.403,-99.675,1,0,0,0,0,10000.0,0.0,97.00008557087038,True
2024,5,40.43,-99.36,1,0,0,0,0,500000.0,0.0,78.71029687750239,True
2024,5,44.1471,-91.7732,1,0,0,0,0,200000.0,8000.0,58.90281547939738,True
2024,5,41.466,-91.368,1,0,0,0,0,0.0,0.0,67.48832469730726,True
2024,5,41.621,-91.367,1,0,0,0,0,0.0,0.0,65.36258039747479,True
2024,6,41.9053,-71.4418,1,0,0,0,0,30000.0,0.0,25.84257916463602,True
2024,6,41.743,-101.363,1,0,0,0,0,0.0,0.0,69.41222638948321,True
2024,5,45.3494,-86.9145,1,0,0,0,0,0.0,0.0,133.50736639935207,True
2024,5,44.2633,-88.2947,1,0,0,0,0,0.0,0.0,29.959564690774865,True
2024,5,44.8621,-90.046,1,0,0,0,0,0.0,0.0,147.13065352945083,True
2024,5,40.2055,-98.2737,0,0,0,0,0,25000.0,0.0,19.189658142564006,True
2024,4,35.447,-96.675,1,0,0,0,0,15000.0,0.0,56.08866924197733,True
2024,9,34.6021,-102.1306,-1,0,0,0,0,0.0,0.0,80.01435973324749,True
2024,5,44.9548,-90.0486,1,0,0,0,0,0.0,0.0,155.19457209961857,True
2024,5,40.3723,-99.5132,1,0,0,0,0,40000.0,0.0,90.96505383890776,True
2024,5,44.6809,-91.1223,1,0,0,0,0,0.0,0.0,95.57690331696129,True
2024,5,41.2455,-98.3131,1,0,0,0,0,25000.0,0.0,103.38922622775202,True
2024,5,40.367,-98.5084,1,0,0,0,0,400000.0,0.0,7.621107188111403,True
2024,4,37.933,-76.6004,0,0,0,0,0,2000.0,10000.0,111.48645406255119,True
2024,1,30.4986,-87.0123,1,0,0,0,0,0.0,0.0,104.71913288964082,True
2024,5,38.665,-89.46,1,0,0,0,0,118000.0,0.0,106.20469767228106,True
2024,12,32.264,-89.1469,1,0,0,0,0,25000.0,0.0,78.76358745876772,True
2024,4,37.9429,-76.5812,1,0,0,0,0,273500.0,20000.0,113.08078939626049,True
2024,5,41.864,-91.366,-1,0,0,0,0,0.0,0.0,70.93344920771548,True
2024,6,42.38,-83.43,1,1,0,2,0,0.0,0.0,35.74459356718805,True
2024,12,32.3164,-89.0336,0,0,0,0,0,5000.0,0.0,89.46147789297292,True
2024,12,32.3366,-88.97,1,0,0,0,0,40000.0,0.0,95.54451794886299,True
2024,9,33.223,-80.7256,0,0,0,0,0,0.0,0.0,69.67471615794473,True
2024,9,33.2558,-80.6651,0,0,0,0,0,0.0,0.0,75.45304348386318,True
2024,9,33.7245,-81.0061,0,0,0,0,0,0.0,0.0,26.998726974371774,True
2024,9,33.7572,-81.0342,0,0,0,0,0,0.0,0.0,22.66521435087625,True
2024,6,33.0962,-104.3139,0,0,0,0,0,10000.0,0.0,168.27734123739916,True
2024,5,40.46,-99.38,1,0,0,0,0,150000.0,0.0,80.93818653949855,True
2024,5,41.741,-90.725,1,0,0,0,0,0.0,0.0,18.713919104247047,True
2024,3,31.1551,-82.6736,1,0,0,0,0,0.0,0.0,42.95625026949894,True
2024,5,37.0764,-88.3978,-1,0,0,0,0,0.0,0.0,33.20566684691708,True
2024,5,37.66,-88.14,0,0,0,0,0,2000.0,0.0,76.03604720127684,True
2024,7,44.2627,-93.1389,-1,0,0,0,0,0.0,0.0,73.42376696833604,True
2024,6,42.09,-101.54,3,0,0,1,0,0.0,0.0,80.95422270128617,True
2024,9,36.2266,-79.2808,0,0,0,0,0,22000.0,0.0,94.675685725807,True
2024,12,32.523,-90.45,1,0,0,0,0,75000.0,0.0,51.386500675614336,True
2024,12,32.7362,-90.1667,1,0,0,0,0,35000.0,0.0,53.529911880197396,True
2024,9,33.4088,-80.3067,0,0,0,0,0,0.0,0.0,96.16029456602429,True
2024,9,33.5197,-80.4321,0,0,0,0,0,0.0,0.0,79.4010776355243,True
2024,9,33.7838,-81.0509,0,0,0,0,0,0.0,0.0,19.361969046451968,True
2024,9,47.0981,-92.4726,1,0,0,0,0,100000.0,0.0,35.23115274046838,True
2024,5,40.1451,-98.3966,0,0,0,0,0,20000.0,0.0,19.91573339377129,True
2024,4,37.483,-95.963,2,0,0,0,0,0.0,0.0,131.82924306348437,True
2024,6,41.862,-101.427,2,0,0,0,0,0.0,0.0,71.20685483862734,True
2024,9,34.7618,-78.4417,1,0,0,0,0,50000.0,0.0,85.92135572581456,True
2024,9,35.9744,-77.7994,3,0,0,15,0,1200000.0,0.0,71.12448499732974,True
2024,9,39.7429,-84.597,0,0,0,0,0,5000.0,0.0,75.5121790311393,True
2024,9,35.841,-98.101,0,0,0,0,0,0.0,0.0,93.44509458959352,True
2024,9,33.388,-80.5684,1,0,0,0,0,0.0,0.0,80.48831871247533,True
2024,9,33.552,-80.7351,0,0,0,0,0,0.0,0.0,56.58633952060932,True
2024,9,41.7019,-86.9567,-1,0,0,0,0,0.0,0.0,94.31974183416652,True
2024,6,38.38,-109.46,-1,0,0,0,0,0.0,0.0,132.07370239189208,True
2024,5,41.97,-102.13,-1,0,0,0,0,0.0,0.0,128.47369265530702,True
2024,5,41.25,-98.29,1,0,0,0,0,25000.0,0.0,104.10784150528305,True
2024,1,35.196,-77.0561,1,0,0,0,0,0.0,0.0,49.50619572942878,True
2024,4,38.6487,-82.3778,1,0,0,0,0,10000.0,0.0,68.26575989005187,True
2024,9,36.3186,-78.4885,1,0,0,0,0,500000.0,0.0,72.64710676664708,True
2024,9,36.2201,-78.8319,1,0,0,0,0,30000.0,0.0,68.94579113532906,True
2024,5,41.3031,-97.4716,0,0,0,0,0,1000000.0,0.0,92.29400040378594,True
2024,9,39.504,-82.6291,0,0,0,0,0,10000.0,0.0,102.79995231335415,True
2024,12,33.5221,-88.5789,0,0,0,0,0,40000.0,0.0,47.649527656492594,True
2024,5,44.8464,-90.5417,1,0,0,0,0,270000.0,18000.0,124.99182963530856,True
2024,12,31.9382,-89.9617,1,0,0,0,0,500000.0,0.0,38.06561638686687,True
2024,12,32.2473,-89.2553,0,0,0,0,0,5000.0,0.0,68.65465060666462,True
2024,9,35.023,-105.69,-1,0,0,0,0,0.0,0.0,104.12813406633106,True
2024,9,33.5577,-80.2287,0,0,0,0,0,0.0,0.0,93.04931013067998,True
2024,5,40.4335,-99.3832,1,0,0,0,0,200000.0,0.0,80.71004521022653,True
2024,9,38.3493,-85.7513,0,0,0,0,0,0.0,0.0,44.869022271707365,True
2024,4,38.5522,-82.7161,1,0,0,1,0,100000.0,0.0,90.58119916768143,True
2024,4,35.356,-96.969,0,0,0,0,0,30000.0,0.0,28.11977182460384,True
2024,12,32.5357,-91.4892,0,0,0,0,0,25000.0,0.0,144.09388471695362,True
2024,12,32.2086,-88.6954,1,0,0,0,0,15000.0,0.0,121.48864379460574,True
2024,9,33.9291,-80.4901,0,0,0,0,0,45000.0,0.0,58.021165882360116,True
2024,9,33.6433,-80.9454,1,0,0,0,0,0.0,0.0,37.53173268580877,True
2024,10,27.4695,-80.3468,1,0,0,0,0,1500000.0,0.0,77.6951918254016,True
2024,10,27.744,-80.88,-1,0,0,0,0,0.0,0.0,46.63748855071732,True
2024,10,27.823,-80.869,1,0,0,0,0,0.0,0.0,38.52541403202926,True
2024,10,27.362,-81.205,1,0,0,0,0,50000.0,0.0,99.55054621658944,True
2024,5,37.3692,-87.2547,1,0,0,0,0,10000.0,0.0,70.3865825902911,True
2024,5,37.3833,-87.2335,1,0,0,0,0,45000.0,0.0,72.04809780540795,True
2024,10,28.3395,-80.6059,1,0,0,0,0,2000000.0,0.0,25.62523098006619,True
2024,10,27.0803,-80.1932,2,0,0,0,0,11000000.0,0.0,123.50412604222927,True
2024,8,43.392,-91.893,0,0,0,0,0,0.0,10000.0,74.08105770101554,True
2024,5,41.259,-101.774,0,0,0,0,0,20000.0,0.0,126.31996882554058,True
2024,5,40.66,-101.265,-1,0,0,0,0,0.0,0.0,148.4827063451623,True
2024,8,44.3594,-94.6182,-1,0,0,0,0,0.0,0.0,99.53610695157553,True
2024,10,26.958,-80.351,2,0,0,0,0,1500000.0,0.0,131.8742488994982,True
2024,8,43.39,-91.77,0,0,0,0,0,5000.0,25000.0,66.99406672071265,True
2024,8,43.34,-91.56,1,0,0,0,0,50000.0,35000.0,61.35671819231551,True
2024,8,41.7256,-74.0708,0,0,0,0,0,3000.0,0.0,138.9653675438499,True
2024,12,30.5622,-93.4394,1,0,0,0,0,5000.0,0.0,53.10551944597562,True
2024,12,31.0332,-93.3392,1,0,0,0,0,5000.0,0.0,37.1667066278688,True
2024,8,45.6863,-94.8297,1,0,0,0,0,2000000.0,0.0,135.8586621624557,True
2024,10,39.895,-91.3754,0,0,0,0,0,25000.0,0.0,145.7449182787996,True
2024,10,27.374,-80.427,3,6,0,0,0,475000000.0,0.0,85.17218970052966,True
2024,10,27.689,-80.796,-1,0,0,0,0,0.0,0.0,49.16141987971573,True
2024,8,46.0,-100.95,1,0,0,0,0,9000.0,0.0,86.9389623251667,True
2024,8,41.23,-80.41,-1,0,0,0,0,3000.0,0.0,79.31279437690829,True
2024,12,31.01,-92.95,1,0,0,0,0,5000.0,0.0,16.339499378103415,True
2024,12,31.2013,-92.7725,1,0,0,0,0,75000.0,0.0,20.009285638760616,True
2024,5,41.052,-101.989,1,0,0,0,0,600000.0,0.0,154.8791789719466,True
2024,10,39.5847,-92.0893,0,0,0,0,0,10000.0,0.0,156.2521420529266,True
2024,10,26.9568,-80.1867,0,0,0,0,0,100000.0,0.0,136.59010513304548,True
2024,10,26.493,-81.9965,0,0,0,0,0,50000.0,0.0,140.64557052303735,True
2024,10,27.177,-81.3519,1,0,0,0,0,25000.0,0.0,119.11256682002251,True
2024,10,27.588,-81.5156,0,0,0,0,0,50000.0,0.0,88.27217774008501,True
2024,10,27.6276,-81.617,1,0,0,0,0,0.0,0.0,77.78291859693306,True
2024,5,36.7405,-87.9071,1,0,0,0,0,5000.0,0.0,55.43690918006434,True
2024,5,36.7586,-87.7281,1,0,0,0,0,5000.0,0.0,39.55553229463488,True
2024,10,27.4318,-80.9535,2,0,0,0,0,900000.0,0.0,81.26503844306181,True
2024,8,46.8516,-99.8978,1,0,0,0,0,600000.0,25000.0,66.24721563591778,True
2024,12,31.278,-92.728,1,0,0,0,0,75000.0,0.0,27.23354235154734,True
2024,5,41.064,-101.903,1,0,0,0,0,450000.0,0.0,148.60906574644937,True
2024,5,36.7548,-87.6743,2,0,0,0,0,200000.0,0.0,34.746216832041995,True
2024,10,26.4952,-81.1237,1,0,0,0,0,15000.0,0.0,121.30936548994848,True
2024,10,26.5555,-80.3321,3,0,0,7,0,81350000.0,0.0,105.38419267391535,True
2024,10,27.127,-80.384,0,0,0,0,0,100000.0,0.0,112.83465202151451,True
2024,12,31.0819,-93.2693,0,0,0,0,0,10000.0,0.0,29.10343145229811,True
2024,12,29.9128,-93.1592,-1,0,0,0,0,0.0,0.0,24.250893604743,True
2024,6,30.81,-90.68,0,0,0,0,0,0.0,0.0,41.50317210025894,True
2024,10,46.1258,-122.9929,0,0,0,0,0,0.0,0.0,45.73097652078397,True
2024,10,44.6239,-124.0463,0,0,0,0,0,8000.0,0.0,148.0002242410506,True
2024,10,26.7706,-81.2,1,0,0,0,0,15000.0,0.0,151.00989210084543,True
2024,10,27.228,-80.361,1,0,0,0,0,5000000.0,0.0,102.5678214838236,True
2024,8,34.6834,-78.1485,2,0,0,0,0,500000.0,0.0,81.38350623509294,True
2024,5,37.1897,-87.0814,1,0,0,0,0,750000.0,0.0,53.52477655660742,True
2024,10,26.7286,-80.5906,0,0,0,0,0,1000.0,0.0,125.57776168365191,True
2024,10,27.2822,-80.8798,2,0,0,2,0,3500000.0,0.0,95.01314087644852,True
2024,8,36.24,-78.32,1,0,0,0,0,60000.0,0.0,65.71348943054444,True
2024,10,42.86,-86.21,-1,0,0,0,0,0.0,0.0,54.32827446271246,True
2024,10,27.2724,-80.7072,1,0,0,0,0,1200000.0,0.0,93.62023687006852,True
2024,10,27.1244,-80.1938,1,0,0,1,0,2000000.0,0.0,118.93223371986775,True
2024,10,26.9443,-82.1875,1,0,0,0,0,30000.0,0.0,87.22739795965092,True
2024,8,43.7324,-93.7427,0,0,0,0,0,0.0,0.0,124.94523319013841,True
2024,8,44.0413,-94.7223,1,0,0,0,0,0.0,0.0,128.43660416157795,True
2024,8,43.5315,-93.5279,1,0,0,0,0,0.0,0.0,146.5166723801855,True
2024,10,35.966,-94.332,1,0,0,0,0,300000.0,0.0,75.17070513807126,True
2024,10,26.4502,-81.0533,0,0,0,0,0,1000.0,0.0,113.17742818933135,True
2024,10,27.496,-80.416,1,0,0,0,0,250000.0,0.0,72.51011064761185,True
2024,12,30.846,-92.2572,1,0,0,0,0,5000.0,0.0,76.64215176974933,True
2024,5,38.243,-87.9994,1,0,0,0,0,30000.0,0.0,24.079302564993736,True
2024,5,38.2438,-87.9703,0,0,0,0,0,1000.0,0.0,21.5394204480987,True
2024,8,44.1281,-93.8133,1,0,0,0,0,0.0,0.0,82.52189872980104,True
2024,8,44.1185,-93.7681,1,0,0,0,0,0.0,0.0,82.78930522362852,True
2024,8,44.0113,-93.4954,1,0,0,0,0,0.0,0.0,93.3009187099401,True
2024,10,26.4311,-81.0388,1,0,0,0,0,7000.0,0.0,110.60944094365176,True
2024,10,36.675,-94.933,1,0,0,0,0,0.0,0.0,79.24503304322589,True
2024,10,36.703,-94.882,1,0,0,0,0,100000.0,0.0,84.67860179050199,True
2024,10,27.815,-80.857,0,0,0,0,0,25000.0,0.0,38.653999508085505,True
2024,10,27.206,-80.303,1,0,0,0,0,15000000.0,0.0,106.63297662352998,True
2024,8,44.6443,-92.8381,0,0,0,0,0,0.0,0.0,61.78679733477503,True
2024,8,44.7058,-92.7326,0,0,0,0,0,0.0,0.0,67.64107107785847,True
2024,8,45.9688,-94.168,1,0,0,0,0,0.0,0.0,133.11373854772444,True
2024,10,26.419,-81.0366,1,0,0,0,0,1000.0,0.0,109.37869332220514,True
2024,7,36.71,-93.46,0,0,0,0,0,0.0,0.0,58.64788706943775,True
2024,10,27.9235,-80.9162,1,0,0,0,0,100000.0,0.0,33.2336303431263,True
2024,10,27.206,-80.402,0,0,0,0,0,750000.0,0.0,103.87838062321167,True
2024,8,45.2859,-93.3083,1,0,0,0,0,0.0,0.0,52.625759005620594,True
2024,8,45.3709,-93.3054,1,0,0,0,0,0.0,0.0,61.53062956546483,True
2024,8,45.4139,-93.2223,1,0,0,0,0,0.0,0.0,68.35327209538129,True
2024,8,44.7859,-92.5742,0,0,0,0,0,0.0,0.0,78.5047098059515,True
2024,8,44.9248,-92.2402,0,0,0,0,0,0.0,0.0,104.75065856188792,True
2024,8,44.7091,-92.7247,0,0,0,0,0,0.0,0.0,68.16083491035359,True
2024,10,26.8878,-81.0381,3,0,0,3,0,20000000.0,0.0,141.39867365136553,True
2024,5,37.8067,-89.6716,1,0,0,1,0,75000.0,0.0,114.2365318143584,True
2024,10,27.6178,-80.3883,1,0,0,0,0,8000000.0,0.0,60.967765285064694,True
2024,10,27.558,-80.385,2,0,0,0,0,39000000.0,0.0,67.16478958304954,True
2024,5,37.1103,-88.069,2,0,0,0,0,180000.0,0.0,62.52489662549353,True
2024,5,37.137,-88.0188,2,0,1,4,0,500000.0,0.0,67.22645952858744,True
2024,5,37.6031,-88.959,0,0,0,0,0,10000.0,0.0,61.72062592029066,True
2024,5,37.677,-88.5875,1,0,0,0,0,80000.0,0.0,69.61574277996421,True
2024,5,37.5804,-89.0161,3,0,0,1,0,750000.0,0.0,60.89514091856228,True
2024,10,26.1268,-80.5309,-1,0,0,0,0,0.0,0.0,58.602851982902,True
2024,8,41.04,-89.98,1,0,0,0,0,0.0,0.0,80.97961479357659,True
2024,10,27.6233,-80.3957,1,0,0,0,0,12000000.0,0.0,60.10423893657551,True
2024,10,27.558,-80.474,0,0,0,0,0,100000.0,0.0,64.2183222173413,True
2024,10,27.643,-80.822,0,0,0,0,0,0.0,0.0,54.80054207822968,True
2024,10,26.5215,-81.8602,2,0,0,0,0,500000.0,0.0,142.13039366943354,True
2024,5,37.3535,-89.4773,0,0,0,0,0,10000.0,0.0,70.05209506873808,True
2024,5,37.1898,-87.7465,3,1,0,17,0,2700000.0,0.0,64.96248905883625,True
2024,10,26.6907,-80.4445,-1,0,0,0,0,0.0,0.0,120.14821276085645,True
2024,8,37.9741,-77.521,1,0,0,0,0,200000.0,0.0,111.4554721894571,True
2024,8,28.74,-81.21,0,0,0,0,0,0.0,0.0,88.38192958797431,True
2024,8,35.595,-78.8167,1,0,0,0,0,120000.0,0.0,30.543053103855414,True
2024,8,42.0333,-85.7616,2,0,0,0,0,0.0,0.0,75.19734159482708,True
2024,8,32.08,-110.32,-1,0,0,0,0,0.0,0.0,35.85845086282524,True
2024,5,38.2442,-87.9808,0,0,0,0,0,1000.0,0.0,22.44947632285662,True
2024,5,36.7952,-89.942,2,0,0,0,0,125000.0,0.0,108.34237178343982,True
2024,4,34.474,-96.992,3,1,0,30,0,10000000.0,0.0,99.01241576786727,True
2024,8,36.25,-78.32,1,0,0,0,0,60000.0,0.0,66.79515043793249,True
2024,4,34.4779,-99.0751,-1,0,0,0,0,0.0,0.0,15.718653911388644,True
2024,4,34.362,-98.832,1,0,0,0,0,50000.0,0.0,13.278353531785623,True
2024,8,43.68,-92.83,0,0,0,0,0,0.0,20000.0,132.59020704547407,True
2024,8,43.63,-92.62,0,0,0,0,0,5000.0,25000.0,116.80117897304784,True
2024,5,38.2424,-87.9582,1,0,0,0,0,350000.0,5000.0,20.5015202581972,True
2024,5,37.4968,-89.0439,1,0,0,0,0,15000.0,0.0,53.374640974862054,True
2024,5,37.666,-89.153,1,0,0,0,0,10000.0,0.0,74.50279870181141,True
2024,4,35.001,-96.442,3,2,0,4,0,1500000.0,0.0,84.46582378064956,True
2024,5,37.5096,-89.0815,1,0,0,0,0,28000.0,0.0,56.19180382664564,True
2024,8,36.7819,-90.3494,-1,0,0,0,0,0.0,0.0,143.79259821180122,True
2024,4,33.668,-99.358,-1,0,0,0,0,0.0,0.0,84.81549303466913,True
2024,4,34.12,-98.641,0,0,0,0,0,2000.0,0.0,40.95419119771227,True
2024,8,36.2,-78.33,0,0,0,0,0,15000.0,0.0,61.17943325349771,True
2024,8,36.1,-77.94,0,0,0,0,0,10000.0,0.0,69.22408364629695,True
2024,8,37.9389,-89.8463,0,0,0,0,0,2000.0,0.0,111.65211272912451,True
2024,5,36.5215,-91.1256,2,0,0,0,0,575000.0,0.0,172.72233050673398,True
2024,8,39.533,-96.543,-1,0,0,0,0,0.0,0.0,65.32677984452707,True
2024,8,39.506,-96.441,-1,0,0,0,0,0.0,0.0,59.38398096352574,True
2024,4,34.11,-97.199,2,0,0,19,0,20000000.0,0.0,136.18725453605794,True
2024,5,37.9587,-87.385,1,0,0,0,0,25000.0,0.0,44.79548966691992,True
2024,5,41.3002,-94.4473,2,0,0,0,0,750000.0,0.0,77.03170589272565,True
2024,4,33.402,-99.817,2,0,0,0,0,100000.0,0.0,109.45138105957369,True
2024,4,33.617,-99.38,1,0,0,0,0,100000.0,0.0,90.82279661209373,True
2024,4,34.038,-98.735,0,0,0,0,0,0.0,0.0,42.348734312274686,True
2024,4,33.915,-97.144,4,1,0,6,0,150000000.0,0.0,149.98096870409623,True
2024,5,36.6669,-90.5923,1,0,0,0,0,275000.0,0.0,160.61401448529878,True
2024,5,36.9695,-91.1025,0,0,0,0,0,1000.0,0.0,195.79853027774203,True
2024,5,36.8013,-89.7204,1,0,0,0,0,5000.0,0.0,89.37523956911875,True
2024,5,36.8616,-89.6105,1,0,0,0,0,1000.0,0.0,77.96735017420562,True
2024,5,36.9438,-89.6995,2,0,0,0,0,90000.0,0.0,83.52017729959273,True
2024,5,36.8118,-89.7032,3,0,1,0,0,350000.0,0.0,87.54210037004425,True
2024,5,36.8647,-89.6044,1,0,0,0,0,1000.0,0.0,77.34661023285663,True
2024,8,36.09,-78.17,1,0,0,0,0,25000.0,0.0,55.33265983201549,True
2024,8,35.93,-77.76,0,0,0,0,0,5000.0,0.0,72.11865934675996,True
2024,5,37.7112,-87.3633,0,0,0,0,0,55000.0,0.0,68.77004228892392,True
2024,5,37.7063,-87.3431,0,0,0,0,0,45000.0,0.0,70.08163566912323,True
2024,4,35.352,-97.143,1,0,0,0,0,5000.0,0.0,12.402489487448575,True
2024,8,35.6527,-77.9637,3,1,0,0,0,2000000.0,0.0,47.5695784288757,True
2024,5,37.7292,-87.182,1,0,0,0,0,30000.0,0.0,75.80784891776534,True
2024,5,37.4248,-90.145,1,0,0,0,0,70000.0,0.0,127.83580235656117,True
2024,12,33.4609,-86.3355,0,0,0,0,0,0.0,0.0,51.57832518812251,True
2024,12,33.5678,-86.3477,1,0,0,0,0,0.0,0.0,58.9355179522313,True
2024,12,32.2233,-86.4239,0,0,0,0,0,0.0,0.0,68.99397464516399,True
2024,12,32.3759,-85.9362,0,0,0,0,0,0.0,0.0,22.544899314137098,True
2024,12,34.2842,-81.1384,0,0,0,0,0,0.0,0.0,37.36146195087766,True
2024,12,34.3341,-81.0875,1,0,0,0,0,0.0,0.0,42.96115279993437,True
2024,12,32.2615,-86.3715,1,0,0,0,0,0.0,0.0,62.602921179305746,True
2024,12,30.15,-95.33,3,0,0,10,0,0.0,0.0,79.19389944408297,True
2024,12,32.283,-86.0376,0,0,0,0,0,0.0,0.0,36.56201575242878,True
2024,12,32.4839,-85.7918,0,0,0,0,0,0.0,0.0,5.867570101378965,True
2024,12,29.3312,-95.3362,2,1,0,5,0,0.0,0.0,29.432675184717848,True
2024,12,29.65,-94.7,3,0,0,1,0,0.0,0.0,41.652256109712624,True
2024,5,37.0177,-91.7876,3,0,0,5,0,1500000.0,0.0,145.0037751929115,True
2024,8,41.32,-97.5,-1,0,0,0,0,0.0,0.0,94.63395741102723,True
2024,12,32.2255,-86.4085,0,0,0,0,0,0.0,0.0,67.62363204933118,True
2024,5,37.0,-94.96,0,0,0,0,0,300000.0,0.0,106.41866453548582,True
2024,5,37.004,-91.656,3,0,0,0,0,50000.0,0.0,156.77550659457108,True
2024,12,35.113,-81.306,0,0,0,0,0,0.0,0.0,87.06870143725884,True
2024,12,31.0204,-92.9878,1,0,0,0,0,2000.0,0.0,15.040114263773791,True
2024,7,45.0372,-95.3875,0,0,0,0,0,0.0,0.0,144.91622442204758,True
2024,3,40.497,-83.994,3,3,0,25,0,5000000.0,0.0,120.62452668707749,True
2024,12,35.03,-82.215,0,0,0,0,0,0.0,0.0,16.31823357655594,True
2024,12,34.662,-81.824,0,0,0,0,0,0.0,0.0,43.73388358629898,True
2024,12,34.761,-81.754,0,0,0,0,0,0.0,0.0,44.64399360038329,True
2024,12,34.71,-81.553,0,0,0,0,0,0.0,0.0,63.865504314632254,True
2024,12,31.5467,-87.1615,1,0,0,0,0,0.0,0.0,140.83813316940936,True
2024,12,31.5289,-87.1668,1,0,0,0,0,0.0,0.0,139.12658906503722,True
2024,12,32.0931,-88.9187,0,0,0,0,0,7000.0,0.0,102.42271470762775,True
2024,12,32.096,-88.913,1,0,0,0,0,80000.0,10000.0,102.88183439590168,True
2024,12,35.305,-82.121,0,0,0,0,0,0.0,0.0,47.74520696273513,True
2024,12,35.201,-80.981,0,0,0,0,0,0.0,0.0,118.18359180187113,True
2024,12,34.7753,-86.9782,1,0,0,0,0,2400000.0,0.0,83.4354952811009,True
2024,5,34.6407,-85.8578,3,0,0,7,0,4500000.0,0.0,38.262490551265024,True
2024,12,30.02,-95.12,0,0,0,0,0,0.0,0.0,61.070655001838354,True
2024,12,29.4498,-95.0548,1,0,0,0,0,0.0,0.0,3.39055846248879,True
2024,12,32.3856,-85.9815,0,0,0,0,0,0.0,0.0,24.611309690132984,True
2024,12,33.7138,-88.2103,1,0,0,0,0,0.0,0.0,23.135127036749463,True
2024,12,29.2159,-96.2288,1,0,0,0,0,0.0,0.0,115.03743862215106,True
2024,12,29.67,-95.59,1,0,0,0,0,0.0,0.0,54.115101466961335,True
2024,12,30.25,-94.92,0,0,0,0,0,0.0,0.0,87.86242123073015,True
2024,12,30.07,-95.02,0,0,0,0,0,0.0,0.0,66.74362178310871,True
2024,12,33.9441,-88.2174,0,0,0,0,0,0.0,0.0,11.572926082375282,True
2024,12,33.9421,-88.0175,0,0,0,0,0,0.0,0.0,29.195925622178333,True
2024,12,34.0598,-87.7171,0,0,0,0,0,0.0,0.0,59.274742769850604,True
2024,12,40.2158,-83.4027,0,0,0,0,0,15000.0,0.0,95.42151597877559,True
2024,12,32.1316,-86.2238,1,0,0,0,0,0.0,0.0,60.75761104132638,True
2024,12,34.2034,-81.2521,0,0,0,0,0,0.0,0.0,30.885082806560945,True
2024,12,32.6733,-87.819,1,0,0,0,0,0.0,0.0,112.54236177189779,True
2024,12,32.6912,-87.794,1,0,0,0,0,0.0,0.0,109.5243477128612,True
2024,12,38.0634,-92.7322,-1,0,0,0,0,0.0,0.0,109.26431443713943,True
2024,12,34.1534,-81.3024,0,0,0,0,0,0.0,0.0,28.377882806807158,True
2024,12,32.9193,-86.6622,0,0,0,0,0,0.0,0.0,29.826337323425708,True
2024,12,33.3551,-86.4716,1,0,0,0,0,0.0,0.0,34.39600293796641,True
2024,12,29.83,-95.9,1,0,0,0,0,0.0,0.0,88.77677222155121,True
2024,5,34.1102,-101.8322,-1,0,0,0,0,0.0,0.0,50.740005553233644,True
2024,12,29.8602,-93.7817,-1,0,0,0,0,0.0,0.0,61.95323413860584,True
2024,12,29.717,-94.355,3,0,0,1,0,500000.0,0.0,75.10822662477013,True
2024,12,31.21,-91.37,0,0,0,0,0,2000.0,0.0,119.72777621421662,True
2024,12,37.0483,-122.0343,1,0,0,5,0,10.0,0.0,16.927540102928123,True
2024,12,32.0727,-89.5866,0,0,0,0,0,3000.0,0.0,43.969199250841385,True
2024,5,31.4112,-90.2087,1,0,0,0,0,120000.0,0.0,98.90011333227551,True
2024,6,26.3611,-81.8455,-1,0,0,0,0,0.0,0.0,159.30149984321156,True
2024,12,31.18,-91.16,0,0,0,0,0,1000.0,0.0,102.73265014397359,True
2024,12,31.0602,-90.6655,1,0,0,0,0,3000.0,0.0,64.97131239554506,True
2024,12,32.538,-91.39,1,0,0,0,0,200000.0,0.0,135.02960719388258,True
2024,5,34.4927,-100.9354,-1,0,0,0,0,0.0,0.0,108.47703696698242,True
2024,5,33.7568,-101.53,-1,0,0,0,0,0.0,0.0,28.657832040134853,True
2024,5,34.4146,-100.8303,-1,0,0,0,0,0.0,0.0,121.34705451300289,True
2024,12,31.0204,-92.9878,1,0,0,0,0,5000.0,0.0,15.040114263773791,True
2024,5,30.9647,-92.8007,1,0,0,0,0,20000.0,0.0,26.968663739072596,True
2024,12,30.85,-91.7,0,0,0,0,0,1000.0,0.0,126.2473869438166,True
2024,12,31.13,-90.65,1,0,0,0,0,5000.0,0.0,71.71759297444953,True
2024,12,32.4768,-91.4357,1,0,0,0,0,50000.0,0.0,138.02882346324014,True
2024,7,38.2695,-87.4739,1,0,0,0,0,20000.0,2000.0,21.904683868780822,True
2024,12,30.52,-91.07,0,0,0,0,0,3000.0,0.0,63.46990314916713,True
2024,12,31.03,-90.57,1,0,0,0,0,10000.0,0.0,58.84144641046023,True
2024,12,31.1,-90.55,1,0,0,0,0,0.0,0.0,65.95875212036502,True
2024,12,32.0072,-86.6616,0,0,0,2,0,0.0,0.0,100.91908981165933,True
2024,12,32.4729,-85.8696,0,0,0,0,0,0.0,0.0,10.310371279239993,True
2024,5,36.4717,-87.1022,1,0,0,0,0,250000.0,0.0,33.67867332304075,True
2024,7,32.1961,-93.7719,0,0,0,0,0,0.0,0.0,29.064398432822976,True
2024,12,31.036,-90.55,1,0,0,0,0,0.0,0.0,59.014962852605535,True
2024,5,37.0176,-88.6001,-1,0,0,0,0,0.0,0.0,16.261235571666774,True
2024,12,31.5144,-93.7087,1,0,0,0,0,35000.0,0.0,80.2466681901738,True
2024,5,37.6647,-89.1739,0,0,0,0,0,2000.0,0.0,75.2283367942323,True
2024,12,32.4287,-92.6943,1,0,0,0,0,100000.0,0.0,107.66059479578583,True
2024,7,31.8176,-93.8321,2,0,0,1,0,100000.0,0.0,70.41722267879604,True
2024,3,38.7295,-85.4339,2,0,0,2,0,0.0,0.0,94.92691576899314,True
2024,5,34.6949,-85.8559,1,0,0,0,0,138000.0,0.0,33.44786384600678,True
2024,12,30.46,-89.83,0,0,0,0,0,6000.0,0.0,55.72123936159524,True
2024,5,48.94,-107.35,-1,0,0,0,0,0.0,0.0,97.4809861728288,True
2024,7,48.5978,-106.1149,0,0,0,0,0,0.0,0.0,57.539894978875104,True
2024,12,31.5498,-87.1595,1,0,0,0,0,0.0,0.0,141.21173699053585,True
2024,12,31.5239,-87.1659,1,0,0,0,0,0.0,0.0,138.81482119047598,True
2024,11,43.2193,-84.7174,0,0,0,0,0,20000.0,0.0,76.34975023504165,True
2024,12,38.2862,-93.1104,0,0,0,0,0,12000.0,0.0,116.04972068666322,True
2024,12,31.4191,-90.4002,1,0,0,0,0,25000.0,0.0,100.02219213735229,True
2024,12,32.2352,-90.734,0,0,0,0,0,2000.0,0.0,70.65880341679737,True
2024,12,30.3,-89.9,1,0,0,0,0,35000.0,0.0,54.441607846333284,True
2024,12,31.6303,-90.6162,1,0,0,0,0,30000.0,0.0,93.65571729957072,True
2024,12,31.23,-90.98,1,0,0,0,0,5000.0,0.0,96.05281688359267,True
2024,11,40.4713,-79.9113,0,0,0,0,0,50000.0,0.0,26.781482555002174,True
2024,12,31.14,-91.42,1,0,0,0,0,5000.0,0.0,118.77203570521387,True
2024,11,38.8355,-90.9519,0,0,0,0,0,5000.0,0.0,27.842653843483422,True
2024,11,38.9842,-91.3047,0,0,0,0,0,0.0,0.0,62.51283237724466,True
2024,11,38.8866,-90.8877,0,0,0,0,0,0.0,0.0,27.407037912888214,True
2024,11,36.082,-94.548,1,0,0,0,0,0.0,0.0,89.61141851309681,True
2024,11,36.102,-94.521,1,0,0,0,0,50000.0,0.0,91.38144136779326,True
2024,11,33.9463,-94.7729,1,0,0,0,0,0.0,0.0,154.11762591542285,True
2024,11,37.0596,-92.2601,0,0,0,0,0,0.0,0.0,102.92510814028147,True
2024,11,37.0065,-92.3536,0,0,0,0,0,0.0,0.0,96.22344535614366,True
2024,11,36.8524,-92.54,0,0,0,0,0,0.0,0.0,87.41816931234855,True
2024,11,36.351,-94.146,2,0,0,0,0,900000.0,0.0,118.64765006915131,True
2024,9,38.1402,-80.2309,-1,0,0,0,0,0.0,0.0,124.15651662083957,True
2024,11,35.916,-96.321,0,0,0,0,0,25000.0,0.0,73.8903631862593,True
2024,11,45.6149,-123.9435,0,0,0,0,0,10400.0,0.0,76.84861280438021,True
2024,11,36.266,-96.084,1,0,0,0,0,40000.0,0.0,47.72096094516408,True
2024,11,36.508,-95.812,1,0,0,0,0,0.0,0.0,43.17444369341778,True
2024,11,36.494,-95.84,1,0,0,0,0,20000.0,0.0,43.231030035006164,True
2024,11,36.598,-95.718,1,0,0,0,0,0.0,0.0,49.011764747880065,True
2024,11,36.153,-94.488,1,0,0,0,0,40000.0,0.0,96.58898137109715,True
2024,11,35.09,-99.294,-1,0,0,0,0,0.0,0.0,85.96817369968149,True
2024,11,35.117,-99.302,-1,0,0,0,0,0.0,0.0,89.04003826825888,True
2024,11,35.829,-98.42,1,0,0,0,0,50000.0,0.0,104.72570893945215,True
2024,11,35.8184,-95.7505,-1,0,0,0,0,0.0,0.0,43.050058861483706,True
2024,11,35.4764,-95.1579,-1,0,0,0,0,0.0,0.0,75.06926887992537,True
2024,11,35.5929,-95.0705,-1,0,0,0,0,0.0,0.0,72.47248698577411,True
2024,9,42.6375,-109.8749,0,0,0,0,0,0.0,0.0,123.49549534076543,True
2024,11,35.019,-97.21,0,0,0,0,0,2000.0,0.0,35.45951911074155,True
2024,9,41.4319,-85.5737,1,0,0,0,0,500000.0,0.0,13.320056822776742,True
2024,9,41.5975,-85.3706,1,0,0,2,0,300000.0,0.0,38.193143511805715,True
2024,9,41.7065,-86.185,0,0,0,0,0,25000.0,0.0,55.913019503380376,True
2024,11,35.785,-94.861,1,0,0,0,0,80000.0,0.0,71.16254320989403,True
2024,11,35.843,-94.807,2,0,0,0,0,150000.0,0.0,73.46049992416698,True
2024,11,35.024,-96.722,1,0,0,0,0,20000.0,0.0,61.091635453663606,True
2024,9,40.4274,-85.0274,1,0,0,0,0,500000.0,0.0,117.9728265945731,True
2024,11,32.0835,-90.3438,1,0,0,0,0,15000.0,0.0,40.263410144387784,True
2024,11,31.8,-99.84,-1,0,0,0,0,0.0,0.0,78.0445784579641,True
2024,9,26.202,-81.515,0,0,0,0,0,0.0,0.0,128.34705632371725,True
2024,9,26.277,-81.556,0,0,0,0,0,0.0,0.0,136.20517292884574,True
2024,11,35.364,-97.438,3,0,0,0,0,1000000.0,0.0,14.935911842856932,True
2024,9,43.6457,-108.2136,0,0,0,0,0,50000.0,0.0,67.88314307217728,True
2024,11,33.5104,-94.911,1,0,0,0,0,0.0,0.0,154.39320651740584,True
2024,11,34.619,-97.161,0,0,0,0,0,0.0,0.0,80.10810912243107,True
2024,11,34.983,-97.028,0,0,0,0,0,10000.0,0.0,45.06168504160118,True
2024,9,48.2081,-98.9087,-1,0,0,0,0,0.0,0.0,140.25970605372154,True
2024,11,35.08,-96.991,-1,0,0,0,0,0.0,0.0,38.346832127075736,True
2024,11,34.05,-98.187,1,0,0,0,0,0.0,0.0,80.48793395311652,True
2024,11,34.493,-99.782,1,0,0,0,0,5000.0,0.0,75.28260545986595,True
2024,11,34.291,-97.969,3,0,0,6,0,5000000.0,0.0,92.86984182399085,True
2024,11,34.534,-97.869,1,0,0,0,0,50000.0,0.0,103.34814518626764,True
2024,11,34.507,-99.772,1,0,0,0,0,5000.0,0.0,74.69696696486436,True
2024,11,34.612,-99.775,1,0,0,0,0,15000.0,0.0,78.26502460818301,True
2024,11,34.669,-99.558,0,0,0,0,0,0.0,0.0,63.2521239310772,True
2024,9,31.23,-83.65,-1,0,0,0,0,0.0,0.0,72.38209770539812,True
2024,11,34.725,-99.549,-1,0,0,0,0,0.0,0.0,66.14727502836966,True
2024,11,34.746,-99.7,-1,0,0,0,0,0.0,0.0,78.80003953016315,True
2024,11,34.768,-99.701,-1,0,0,0,0,0.0,0.0,80.21974406239893,True
2024,11,30.1473,-92.28,1,0,0,0,0,0.0,0.0,90.03198012137788,True
2024,11,30.1118,-92.3001,1,0,0,0,0,150000.0,0.0,88.09446243915129,True
2024,11,34.682,-97.622,-1,0,0,0,0,0.0,0.0,78.89116553616368,True
2024,11,35.171,-97.638,1,0,0,0,0,5000000.0,0.0,37.34666780568187,True
2024,11,34.82,-99.465,0,0,0,0,0,5000.0,0.0,67.74705054208039,True
2024,11,34.959,-99.431,-1,0,0,0,0,0.0,0.0,78.29880330300611,True
2024,11,35.054,-99.356,-1,0,0,0,0,0.0,0.0,84.37953335236023,True
2024,11,30.4752,-92.6223,1,0,0,3,0,100000.0,0.0,69.00152405777894,True
2024,11,35.454,-97.357,-1,0,0,0,0,0.0,0.0,15.247327808158406,True
2024,11,35.4,-97.242,3,0,0,7,0,40000000.0,0.0,8.119662309893938,True
2024,11,36.8563,-93.5548,0,0,0,0,0,35000.0,0.0,44.31512846394217,True
2024,11,34.626,-96.461,-1,0,0,0,0,0.0,0.0,108.25069888887116,True
2024,11,34.516,-96.14,-1,0,0,0,0,0.0,0.0,137.8876456382374,True
2024,11,35.549,-97.141,1,0,0,0,0,300000.0,0.0,27.019907755957327,True
2024,11,34.626,-97.653,2,0,0,0,0,250000.0,0.0,85.73197759826652,True
2024,11,35.215,-97.513,0,0,0,0,0,5000.0,0.0,25.06749462023499,True
2024,11,34.89,-94.11,-1,0,0,0,0,0.0,0.0,50.07539213234229,True
2024,11,34.85,-93.49,-1,0,0,0,0,0.0,0.0,93.2421507291047,True
2024,11,34.68,-97.434,1,0,0,0,0,10000.0,0.0,73.99713922749666,True
2024,11,34.738,-97.364,1,0,0,0,0,50000.0,0.0,66.63088580575098,True
2024,11,35.377,-97.432,3,0,0,6,0,15000000.0,0.0,14.81779683032266,True
2024,11,35.346,-99.084,-1,0,0,0,0,0.0,0.0,109.83224984438851,True
2024,5,41.26,-101.78,1,0,0,0,0,5000.0,0.0,126.6447975179628,True
2024,5,41.26,-101.78,2,0,0,0,0,3500000.0,0.0,126.6447975179628,True
2024,4,34.168,-98.61,1,0,0,0,0,30000.0,0.0,40.019731849995324,True
2024,4,35.703,-99.527,1,0,0,0,0,5000.0,0.0,157.28551448359883,True
2024,4,35.6914,-99.4556,0,0,0,0,0,0.0,0.0,154.10027031041196,True
2024,4,35.442,-98.404,0,0,0,0,0,0.0,0.0,102.81258362773814,True
2024,4,34.5365,-98.1831,-1,0,0,0,0,0.0,0.0,75.30188922595973,True
2024,9,34.654,-83.513,0,0,0,0,0,2000.0,0.0,120.84067606635222,True
2024,9,35.102,-82.549,0,0,0,0,0,5000.0,0.0,38.60695967076941,True
2024,4,35.276,-98.99,1,0,0,0,0,250000.0,0.0,101.61833243182994,True
2024,9,35.47,-82.074,0,0,0,0,0,5000.0,0.0,66.57083947610435,True
2024,5,34.7428,-84.5015,0,0,0,0,0,0.0,0.0,145.89417683911435,True
2024,9,36.47,-79.82,1,0,0,0,0,35000.0,0.0,73.71827130332369,True
2024,5,37.09,-98.4,0,0,0,0,0,0.0,0.0,45.76452774318583,True
2024,7,41.26,-100.2,-1,0,0,0,0,0.0,0.0,83.6730478563733,True
2024,5,18.4721,-66.7041,0,0,0,0,0,7500.0,0.0,77.05688218354535,True
2024,3,37.9278,-86.3549,0,0,0,0,0,0.0,0.0,36.42298280697695,True
2024,5,30.2508,-93.2794,1,0,0,0,0,150000.0,0.0,15.232020804936964,True
2024,5,41.29,-101.93,-1,0,0,0,0,0.0,0.0,134.82577792000902,True
2024,6,37.65,-100.21,0,0,0,0,0,0.0,0.0,24.532246669992155,True
2024,5,32.2466,-82.5416,1,0,0,0,0,0.0,0.0,89.65115737901235,True
2024,5,40.88,-100.7,0,0,0,0,0,0.0,0.0,120.30505087036197,True
2024,5,47.0693,-120.0547,0,0,0,0,0,0.0,0.0,178.88859442551828,True
2024,5,42.5814,-88.7242,1,0,0,0,0,100000.0,0.0,45.23990614975832,True
2024,5,34.6641,-84.5084,1,0,0,0,0,0.0,0.0,144.73584154069377,True
2024,6,30.1531,-102.4236,3,0,0,12,0,400000.0,0.0,200.32673383207535,True
2024,5,33.4316,-84.9501,1,0,0,0,0,0.0,0.0,36.47189806877236,True
2024,6,31.01,-90.69,0,0,0,0,0,0.0,0.0,60.848952726058556,True
2024,6,30.75,-90.7,1,0,0,0,0,0.0,0.0,37.9480050228013,True
2024,5,41.003,-101.528,-1,0,0,0,0,0.0,0.0,132.5192312160053,True
2024,9,36.747,-79.238,1,0,0,0,0,5000.0,0.0,97.16978601794104,True
2024,6,31.02,-90.54,1,0,0,0,0,0.0,0.0,57.06595909051834,True
2024,6,31.18,-90.87,1,0,0,0,0,0.0,0.0,85.68876867399352,True
2024,2,25.84,-80.49,-1,0,0,0,0,0.0,0.0,26.652704994241223,True
2024,2,39.8856,-83.4128,1,0,0,0,0,250000.0,0.0,62.46974373976025,True
2024,2,40.0221,-82.8191,2,0,0,0,0,300000.0,0.0,108.76782316596308,True
2024,6,46.4216,-99.6189,-1,0,0,0,0,0.0,0.0,95.46142285919895,True
2024,6,47.07,-99.3,-1,0,0,0,0,0.0,0.0,115.78372872284454,True
2024,5,41.3997,-93.6787,0,0,0,0,0,10000.0,0.0,37.032606438423294,True
2024,2,39.8038,-83.2097,0,0,0,0,0,250000.0,0.0,67.57768649678816,True
2024,2,25.98,-80.34,0,0,0,0,0,10000.0,0.0,41.72686321972743,True
2024,9,37.3,-79.57,1,0,0,0,0,113440.0,0.0,69.52947256882986,True
2024,6,31.17,-90.75,1,0,0,0,0,0.0,0.0,79.37307924059621,True
2024,5,32.7767,-100.0502,-1,0,0,0,0,0.0,0.0,79.09531806959811,True
2024,7,41.05,-89.19,-1,0,0,0,0,0.0,0.0,100.78574658274228,True
2024,4,34.8299,-98.8498,0,0,0,0,0,0.0,0.0,53.28751785709499,True
2024,6,45.3532,-92.6146,1,0,0,0,0,0.0,0.0,93.35418906402569,True
2024,6,44.6948,-95.3342,0,0,0,0,0,0.0,0.0,140.6625133121139,True
2024,5,41.034,-101.576,-1,0,0,0,0,0.0,0.0,132.24191008552742,True
2024,5,41.47,-100.25,-1,0,0,0,0,0.0,0.0,60.637466478163844,True
2024,5,41.5984,-93.2308,0,0,0,0,0,25000.0,0.0,43.455338459174534,True
2024,7,41.1254,-89.3572,1,0,0,0,0,0.0,0.0,108.41872372834531,True
2024,9,36.1364,-81.6769,1,0,0,0,0,8000.0,0.0,147.74966456634974,True
2024,6,46.77,-103.02,-1,0,0,0,0,0.0,0.0,172.0951613813998,True
2024,7,41.0915,-89.3481,1,0,0,0,0,0.0,0.0,104.639891703798,True
2024,6,47.21,-103.82,-1,0,0,0,0,0.0,0.0,237.1407415026425,False
2024,9,36.73,-79.47,2,0,0,1,0,839730.0,0.0,78.65171010458907,True
2024,7,47.1,-102.78,-1,0,0,0,0,0.0,0.0,157.65337022440974,True
2024,7,41.05,-89.18,-1,0,0,0,0,0.0,0.0,100.89303303749948,True
2024,7,47.4044,-99.7541,-1,0,0,0,0,0.0,0.0,103.75851205388116,True
2024,6,30.73,-90.56,1,0,0,0,0,0.0,0.0,27.57811366965313,True
2024,6,30.95,-90.47,1,0,0,0,0,0.0,0.0,48.23083765446514,True
2024,7,40.9971,-89.3629,1,0,0,0,0,0.0,0.0,94.1645615168823,True
2024,5,41.26,-101.78,1,0,0,0,0,50000.0,0.0,126.6447975179628,True
2024,9,36.2779,-80.994,1,0,0,0,0,15000.0,0.0,104.9256277033528,True
2024,6,28.0404,-97.0835,0,0,0,0,0,5000.0,5000.0,50.76102220729179,True
2024,5,35.662,-86.817,3,0,0,0,0,250000.0,0.0,68.98773229421874,True
2024,5,35.3553,-87.2837,0,0,0,0,0,250000.0,0.0,118.60100567364155,True
2024,5,35.6936,-86.5033,0,0,0,0,0,100000.0,0.0,61.78983073506468,True
2024,5,35.378,-97.543,1,0,0,0,0,300000.0,0.0,24.56878005243191,True
2024,9,41.2498,-82.3328,0,0,0,0,0,25000.0,0.0,43.450585169858385,True
2024,8,43.4269,-93.0766,-1,0,0,0,0,0.0,500.0,158.01634552960883,True
2024,8,43.4289,-93.0595,-1,0,0,0,0,0.0,1000.0,156.63027691657928,True
2024,5,34.6724,-84.6408,1,0,0,0,0,0.0,0.0,134.82690467100986,True
2024,5,36.2551,-86.1835,0,0,0,0,0,25000.0,0.0,33.99666315850221,True
2024,5,35.0232,-87.0405,2,0,0,1,0,4000000.0,0.0,87.78970464815625,True
2024,6,47.6136,-91.2513,1,0,0,0,0,0.0,0.0,112.67519912941582,True
2024,6,46.7235,-93.0607,0,0,0,0,0,50000.0,0.0,66.01555755764753,True
2024,5,35.6095,-87.0007,3,1,0,12,0,10000000.0,0.0,81.1486611888739,True
2024,10,36.0936,-111.2928,0,0,0,0,0,0.0,0.0,169.15184047363303,True
2024,5,39.91,-79.86,0,0,0,0,0,10000.0,0.0,75.51082293005423,True
2024,8,43.4843,-93.3918,-1,0,0,0,0,0.0,500.0,152.36561609599892,True
2024,7,40.5544,-97.8303,1,0,0,0,0,50000.0,2500000.0,57.91414133820124,True
2024,6,40.6828,-88.6773,1,0,0,0,0,0.0,0.0,81.36658908908976,True
2024,6,40.6691,-88.7426,1,0,0,0,0,0.0,0.0,76.52654155019664,True
2024,1,32.0787,-81.9503,1,0,0,0,0,100000.0,0.0,106.71407344309713,True
2024,5,35.767,-97.016,0,0,0,0,0,5000.0,0.0,53.750391939934474,True
2024,3,30.624,-84.008,1,0,0,0,0,0.0,0.0,39.74115833853879,True
2024,3,30.611,-84.0518,1,0,0,0,0,0.0,0.0,35.61404992020596,True
2024,3,31.4718,-85.5663,1,0,0,0,0,200000.0,0.0,10.217537417855144,True
2024,10,27.3052,-81.342,2,0,0,1,0,500000.0,0.0,112.47396850705118,True
2024,5,35.755,-99.535,0,0,0,0,0,5000.0,0.0,162.99738977171535,True
2024,5,35.698,-99.486,0,0,0,0,0,10000.0,0.0,155.6061143463658,True
2024,9,34.6864,-78.4478,0,0,0,0,0,0.0,0.0,77.54843801193718,True
2024,5,40.3578,-79.6523,0,0,0,0,0,100000.0,0.0,51.622572943934294,True
2024,5,36.646,-98.962,1,0,0,0,0,10000.0,0.0,75.14897354422565,True
2024,5,36.653,-98.938,1,0,0,0,0,10000.0,0.0,72.91934247286322,True
2024,5,40.5503,-80.4682,0,0,0,0,0,10000.0,0.0,21.24869583523855,True
2024,5,39.721,-79.498,1,0,0,0,0,300000.0,0.0,108.95883966686034,True
2024,5,35.599,-97.134,0,0,0,0,0,20000.0,0.0,32.31102112113422,True
2024,5,32.02,-93.8785,1,0,0,0,0,0.0,0.0,48.034122366378156,True
2024,5,32.4006,-93.553,1,0,0,0,0,10000.0,0.0,27.624224300565782,True
2024,5,33.632,-98.341,1,0,0,0,0,2000.0,0.0,100.1310728269344,True
2024,5,35.6032,-98.4733,1,0,0,0,0,2000.0,0.0,112.35972950821188,True
2024,7,34.2732,-92.0288,0,0,0,0,0,0.0,0.0,66.16228730193839,True
2024,5,36.174,-97.89,0,0,0,0,0,0.0,0.0,66.51105519608585,True
2024,5,32.0488,-93.8248,1,0,0,0,0,100000.0,0.0,44.73042208022687,True
2024,5,32.0496,-93.8167,1,0,0,0,0,0.0,0.0,44.67438565511979,True
2024,4,35.611,-98.229,1,0,0,0,0,100000.0,0.0,91.51849366806854,True
2024,5,40.476,-79.9308,1,0,0,0,0,100000.0,0.0,25.053722237268328,True
2024,5,35.661,-99.332,-1,0,0,0,0,0.0,0.0,148.00209523015192,True
2024,5,34.581,-99.551,0,0,0,0,0,10000.0,0.0,57.99955488413857,True
2024,5,35.629,-98.774,1,0,0,0,0,200000.0,0.0,136.56741217173524,True
2024,5,35.548,-98.574,0,0,0,0,0,25000.0,0.0,119.83723547107635,True
2024,5,36.782,-96.924,1,0,0,0,0,100000.0,0.0,107.30640249757325,True
2024,5,36.213,-99.188,1,0,0,0,0,40000.0,0.0,111.51526998373294,True
2024,5,33.9872,-94.2768,1,0,0,0,0,500000.0,0.0,145.1192096283982,True
2024,5,39.571,-79.801,0,0,0,0,0,50000.0,0.0,112.56087821896858,True
2024,9,33.8565,-77.9595,0,0,0,0,0,0.0,0.0,45.77657262633766,True
2024,9,33.3248,-79.4946,0,0,0,0,0,0.0,0.0,123.21247570892676,True
2024,5,36.174,-97.804,0,0,0,0,0,5000.0,0.0,69.35120819479226,True
2024,4,34.593,-96.904,1,0,0,0,0,5000.0,0.0,89.05930182341416,True
2024,5,31.6682,-93.4195,1,0,0,0,0,0.0,0.0,70.89223051732563,True
2024,5,32.15,-95.48,1,0,0,0,0,0.0,0.0,157.61312148284617,True
2024,5,35.673,-99.07,2,0,0,0,0,250000.0,0.0,145.77033311325164,True
2024,9,33.8512,-79.2757,0,0,0,0,0,0.0,0.0,79.6032108869487,True
2024,5,32.1992,-93.7057,1,0,0,0,0,100000.0,0.0,30.742111655513032,True
2024,6,38.1886,-106.0282,-1,0,0,0,0,0.0,0.0,213.25915544750413,True
2024,5,36.058,-98.284,1,0,0,0,0,25000.0,0.0,77.20852226980362,True
2024,5,40.4655,-81.1845,0,0,0,0,0,250000.0,0.0,82.05756657170281,True
2024,5,35.408,-97.574,0,0,0,0,0,0.0,0.0,28.12450000722873,True
2024,5,35.448,-97.853,2,0,0,0,0,100000.0,0.0,53.68927105219359,True
2024,5,35.71,-99.001,1,0,0,0,0,150000.0,0.0,138.84308407094983,True
2024,5,35.5521,-98.4399,0,0,0,0,0,0.0,0.0,108.05953344410354,True
2024,5,35.551,-98.439,1,0,0,0,0,5000.0,0.0,107.95328066213524,True
2024,5,40.27,-80.06,2,0,0,0,0,0.0,0.0,32.02185285992036,True
2024,5,40.2514,-79.9271,0,0,0,0,0,100000.0,0.0,39.72221715094127,True
2024,5,39.73,-79.51,1,0,0,0,0,50000.0,0.0,107.5559453254318,True
2024,5,35.427,-97.463,1,0,0,0,0,50000.0,0.0,19.778827809682948,True
2024,5,32.2483,-93.6651,1,0,0,0,0,0.0,0.0,27.945269674981628,True
2024,5,33.5266,-94.4741,1,0,0,0,0,0.0,0.0,133.389466353979,True
2024,5,34.579,-99.657,2,0,0,0,0,300000.0,0.0,66.86459061901715,True
2024,9,33.9542,-79.34,0,0,0,0,0,0.0,0.0,84.08319148505397,True
2024,9,33.4212,-79.2157,-1,0,0,0,0,0.0,0.0,96.34323191846696,True
2024,5,36.261,-97.675,1,0,0,0,0,0.0,0.0,66.95155023884173,True
2024,5,33.983,-97.263,-1,0,0,0,0,0.0,0.0,150.12477204166757,True
2024,5,35.769,-99.624,0,0,0,0,0,5000.0,0.0,167.15573453697382,True
2024,5,35.452,-97.873,0,0,0,0,0,2000.0,0.0,55.55469798897539,True
2024,5,35.447,-97.915,0,0,0,0,0,5000.0,0.0,59.13942878420112,True
2024,5,40.561,-80.519,0,0,0,0,0,10000.0,0.0,25.64636456009253,True
2024,5,33.593,-98.423,1,0,0,0,0,20000.0,0.0,99.60743990742787,True
2024,5,40.563,-80.653,2,0,0,1,0,0.0,0.0,36.92456134525712,True
2024,5,36.096,-98.21,1,0,0,0,0,15000.0,0.0,72.08090864155777,True
2024,5,36.713,-97.034,0,0,0,0,0,50000.0,0.0,97.50277659124282,True
2024,5,34.038,-97.209,-1,0,0,0,0,0.0,0.0,144.1401125838621,True
2024,5,31.5876,-94.5421,1,0,0,0,0,0.0,0.0,116.53045584546267,True
2024,5,33.9422,-94.1116,0,0,0,0,0,500.0,0.0,151.6533613692214,True
2024,7,33.4911,-93.0834,1,0,0,0,0,0.0,0.0,135.5648191913332,True
2024,5,40.4623,-80.1968,1,0,0,0,0,75000.0,0.0,7.916920895499029,True
2024,5,36.48,-103.5,-1,0,0,0,0,0.0,0.0,212.73884444777966,True
2024,5,32.2417,-93.677,1,0,0,0,0,0.0,0.0,27.90709700137305,True
2024,5,40.31,-79.361,0,0,0,0,0,10000.0,0.0,76.61497719436565,True
2024,12,31.5321,-96.2815,0,0,0,0,0,50000.0,0.0,138.234788039409,True
2024,5,40.5834,-80.8012,2,0,0,0,0,0.0,0.0,49.60887168519767,True
2024,5,40.1577,-82.1238,1,0,0,0,0,100000.0,0.0,141.34420166710734,True
2024,4,30.251,-89.8143,2,0,0,0,0,1000000.0,0.0,64.2542726029288,True
2024,5,34.458,-98.601,-1,0,0,0,0,0.0,0.0,36.07118440468421,True
2024,7,33.867,-92.7664,1,0,0,0,0,0.0,0.0,117.31672421006866,True
2024,7,33.8661,-92.7981,1,0,0,0,0,0.0,0.0,118.58671880569138,True
2024,5,36.459,-98.317,-1,0,0,0,0,0.0,0.0,35.61280978261472,True
2024,5,40.2986,-79.2485,1,0,0,0,0,100000.0,0.0,86.06662312436454,True
2024,5,40.1779,-82.0079,1,0,0,0,0,100000.0,0.0,137.90549746202547,True
2024,7,34.1127,-92.1825,1,0,0,0,0,0.0,0.0,80.79835004152531,True
2024,5,36.463,-98.277,-1,0,0,0,0,0.0,0.0,33.65290792945644,True
2024,5,30.32,-91.71,-1,0,0,0,0,0.0,0.0,126.85908922019988,True
2024,5,42.8438,-88.8272,0,0,0,0,0,4000.0,0.0,26.414593347219267,True
2024,6,46.4856,-93.8125,0,0,0,0,0,50000.0,0.0,128.40032951483525,True
2024,7,31.8281,-93.1885,-1,0,0,0,0,0.0,0.0,77.4850872967548,True
2024,7,31.9245,-93.1147,1,0,0,0,0,0.0,0.0,86.54097557309368,True
2024,7,31.6498,-95.0968,1,0,0,0,0,50000.0,0.0,148.10637214678908,True
2024,7,32.9457,-93.2575,1,0,0,0,0,10000.0,0.0,77.53422706149279,True
2024,7,32.0702,-93.6522,0,0,0,0,0,0.0,0.0,45.90526339684611,True
2024,7,32.389,-94.507,1,0,0,0,0,0.0,0.0,62.86802859010384,True
2024,7,33.0044,-93.7893,1,0,0,0,0,20000.0,0.0,61.74562509526581,True
2024,7,31.821,-93.9686,1,0,0,0,0,0.0,0.0,71.0531707585474,True
2024,7,31.845,-93.752,2,0,0,0,0,1000000.0,0.0,67.88710309251844,True
2024,7,31.8829,-93.5856,1,0,0,0,0,0.0,0.0,67.57984497404647,True
2024,7,40.512,-98.9515,1,0,0,0,0,500000.0,1000000.0,48.09152378766455,True
2024,6,40.4146,-87.8138,1,0,0,0,0,0.0,0.0,132.48430420097657,True
2024,7,32.199,-93.947,1,0,0,1,0,250000.0,0.0,29.713267690972536,True
2024,7,32.5473,-94.1397,1,0,0,0,0,0.0,0.0,29.975224320269074,True
2024,7,31.5147,-93.7981,1,0,0,0,0,85000.0,0.0,87.72839411749119,True
2024,7,32.0483,-94.7371,0,0,0,0,0,0.0,0.0,95.39893275634053,True
2024,7,31.9062,-94.3975,1,0,0,0,0,200000.0,0.0,80.05139029425675,True
2024,7,32.3506,-94.694,0,0,0,0,0,0.0,0.0,80.83250775729158,True
2024,7,32.37,-94.712,0,0,0,0,0,100000.0,0.0,82.23425988582191,True
2024,7,32.3541,-94.4591,1,0,0,0,0,85000.0,0.0,58.994882258136805,True
2024,7,33.1427,-93.8521,1,0,0,0,0,300.0,0.0,76.93913020280051,True
2024,7,38.0497,-87.5087,1,0,0,0,0,35000.0,3000.0,30.069532799060855,True
2024,7,31.846,-93.528,2,0,0,0,0,250000.0,0.0,73.43539830098165,True
2024,7,48.64,-106.37,0,0,0,0,0,0.0,0.0,51.752439752459615,True
2024,5,32.3056,-83.2747,1,0,0,0,0,0.0,0.0,41.694806903156454,True
2024,5,35.9719,-85.8581,1,0,0,0,0,300000.0,0.0,70.29496383608841,True
2024,6,40.5602,-88.5059,1,0,0,0,0,0.0,0.0,83.85921103714794,True
2024,6,28.0509,-97.0381,0,0,0,0,0,25000.0,3000.0,55.12678557932687,True
2024,7,32.1962,-93.412,2,0,0,0,0,0.0,0.0,49.2790464788355,True
2024,7,32.017,-93.7865,1,0,0,0,0,0.0,0.0,48.513678204170006,True
2024,7,32.9748,-93.2801,1,0,0,0,0,35000.0,0.0,78.42628114824998,True
2024,7,32.8145,-92.7119,2,0,0,0,0,30000.0,0.0,113.22085638340347,True
2024,7,32.9628,-92.4918,2,0,0,0,0,300000.0,0.0,138.49885531032305,True
2024,7,33.513,-93.114,1,0,0,0,0,10000.0,0.0,136.20030629021804,True
2024,7,31.58,-93.8377,1,0,0,0,0,0.0,0.0,94.47913791243518,True
2024,7,38.18,-87.786,0,0,0,0,0,3000.0,3000.0,10.414077412354288,True
2024,5,30.254,-93.3475,2,0,0,0,0,250000.0,0.0,19.10055415087768,True
2024,6,40.5395,-88.5256,1,0,0,0,0,0.0,0.0,81.22276084457474,True
2024,7,33.0662,-93.8104,0,0,0,0,0,0.0,0.0,68.48676477330233,True
2024,7,33.0193,-93.7966,1,0,0,0,0,55000.0,0.0,63.34873030667531,True
2024,7,31.978,-94.15,1,0,0,0,0,0.0,0.0,60.06667272340578,True
2024,7,31.9631,-94.1415,1,0,0,0,0,0.0,0.0,61.14966640705183,True
2024,7,31.588,-93.84,1,0,0,0,0,30000.0,0.0,95.11220721153387,True
2024,7,40.57,-97.82,1,0,0,0,0,75000.0,2500000.0,59.47706310637221,True
2024,5,31.4402,-90.1343,1,0,0,0,0,100000.0,0.0,94.44680858086133,True
2024,7,32.235,-93.434,2,2,0,1,0,706000.0,0.0,45.16216466134023,True
2024,7,32.0696,-93.8783,1,0,0,0,0,500000.0,0.0,42.533832282103525,True
2024,7,32.9785,-93.795,0,0,0,0,0,0.0,0.0,58.833487761186966,True
2024,7,32.385,-94.08,1,0,0,0,0,50000.0,0.0,23.57664419339185,True
2024,7,33.4357,-94.0711,1,0,0,0,0,75000.0,0.0,111.59326433743243,True
2024,7,32.917,-93.238,1,0,0,0,0,0.0,0.0,76.64345330580062,True
2024,7,37.683,-87.975,1,0,0,0,0,8000.0,4000.0,67.83751269669193,True
2024,7,37.602,-88.01,1,0,0,0,0,20000.0,5000.0,77.35690574757454,True
2024,7,40.4882,-98.8401,1,0,0,0,0,750000.0,0.0,38.50923016213327,True
2024,7,32.8703,-93.7585,1,0,0,0,0,10000.0,0.0,47.281670004750936,True
2024,7,32.3227,-93.0327,1,0,0,0,0,0.0,0.0,77.24595274719402,True
2024,7,32.378,-94.492,1,0,0,0,0,0.0,0.0,61.62119384385018,True
2024,7,31.7517,-94.0513,1,0,0,0,0,300000.0,0.0,80.21817684581296,True
2024,7,31.7808,-93.714,2,0,0,0,0,0.0,0.0,75.4614762199629,True
2024,7,31.742,-93.5094,2,0,0,0,0,50000.0,0.0,82.57288196649489,True
2024,7,38.406,-87.605,1,0,0,0,0,4000.0,1000.0,19.270984524708982,True
2024,7,32.3577,-94.0429,1,0,0,0,0,300000.0,0.0,21.5790777675965,True
2024,12,31.7144,-91.203,1,0,0,0,0,35000.0,0.0,130.99487373795546,True
2024,5,32.7832,-85.0585,1,0,0,0,0,0.0,0.0,73.740808920641,True
2024,5,32.2267,-83.0107,0,0,0,0,0,0.0,0.0,59.20320673560997,True
2024,5,32.1536,-82.8758,0,0,0,0,0,0.0,0.0,73.15659029472326,True
2024,7,31.6631,-93.7807,1,0,0,0,0,0.0,0.0,87.7771840162148,True
2024,7,33.0182,-93.3056,1,0,0,0,0,0.0,0.0,80.56224664506011,True
2024,7,38.0227,-87.4501,1,0,0,0,0,350000.0,10000.0,35.6876464910264,True
2024,7,38.202,-87.772,2,0,0,0,0,350000.0,5000.0,7.690098770394309,True
2024,7,36.9597,-89.2249,-1,0,0,0,0,0.0,0.0,41.99208313840429,True
2024,5,30.3266,-91.8536,2,0,0,0,0,250000.0,0.0,132.78392312000054,True
2024,5,42.9911,-89.6976,1,0,0,0,0,1100000.0,0.0,93.34788480580194,True
2024,5,42.7083,-88.9366,0,0,0,0,0,60000.0,0.0,42.6993728755162,True
2024,7,32.9881,-94.5301,1,0,0,0,0,30000.0,0.0,87.87483104546651,True
2024,12,33.4638,-88.7488,1,0,0,0,0,80000.0,0.0,61.86143459662077,True
2024,12,31.593,-91.5123,1,0,0,0,0,10000.0,0.0,147.21981174848523,True
2024,7,32.6594,-93.2067,1,0,0,0,0,50000.0,0.0,63.833146111778944,True
2024,7,31.7087,-94.5787,1,0,0,0,0,75000.0,0.0,107.87568010613359,True
2024,7,40.5866,-98.2895,0,0,0,0,0,100000.0,500000.0,32.24436931588637,True
2024,7,33.2914,-93.9485,1,0,0,0,0,0.0,0.0,94.00235622922818,True
2024,7,31.7864,-93.6645,1,0,0,0,0,50000.0,0.0,75.73294624535986,True
2024,7,38.042,-87.863,1,0,0,0,0,5000.0,2000.0,27.120516416772723,True
2024,7,37.93,-87.869,3,0,0,0,0,1100000.0,0.0,38.836640043815606,True
2024,7,36.96,-89.18,-1,0,0,0,0,0.0,0.0,38.180627558735864,True
2024,5,32.219,-82.442,1,0,0,0,0,0.0,0.0,99.2375056890508,True
2024,7,40.435,-99.0824,-1,0,0,0,0,0.0,0.0,55.71685013346662,True
2024,7,31.846,-93.657,1,0,0,0,0,25000.0,0.0,69.45474096113178,True
2024,5,34.666,-84.4484,0,0,0,0,0,0.0,0.0,145.25405940287368,True
2024,5,32.3659,-90.5406,0,0,0,0,0,40000.0,0.0,53.12544105398017,True
2024,5,42.4949,-88.643,0,0,0,0,0,60000.0,0.0,53.12017033148653,True
2024,5,43.8837,-89.3113,1,0,0,0,0,60000.0,0.0,117.60716052923394,True
2024,5,42.6829,-89.1103,0,0,0,0,0,112000.0,0.0,55.56295462883986,True
2024,8,29.9999,-82.5064,1,0,0,0,0,0.0,0.0,94.22054441909611,True
2024,8,32.517,-80.32,1,0,0,0,0,0.0,0.0,69.39339155665894,True
2024,5,30.34,-91.7,-1,0,0,0,0,0.0,0.0,125.52970154099452,True
2024,5,42.9062,-88.9168,0,0,0,0,0,15000.0,0.0,30.590924678260382,True
2024,6,46.4904,-93.7457,1,0,0,0,0,500000.0,0.0,123.38159456439998,True
2024,6,46.4001,-93.5293,0,0,0,0,0,0.0,0.0,111.87602702821907,True
2024,6,30.79,-103.48,-1,0,0,0,0,0.0,0.0,177.39117227961327,True
2024,7,32.6844,-93.1908,1,0,0,0,0,0.0,0.0,66.25533243867527,True
2024,7,32.9035,-93.2335,1,0,0,0,0,25000.0,0.0,75.95438559184889,True
2024,7,40.4647,-98.5494,0,0,0,0,0,50000.0,500000.0,18.405013086854773,True
2024,6,40.6649,-88.6698,1,0,0,0,0,0.0,0.0,80.38042733555616,True
2024,7,40.1885,-99.8145,-1,0,0,0,0,0.0,0.0,117.40232346838705,True
2024,6,46.6901,-94.2572,2,0,0,0,0,500000.0,0.0,156.80464388619856,True
2024,6,46.5473,-93.9912,2,0,0,0,0,1000000.0,0.0,139.6367555029208,True
2024,7,32.3245,-93.7169,1,0,0,0,0,10000.0,0.0,18.265726842495923,True
2024,7,48.61,-106.24,0,0,0,0,0,0.0,0.0,53.111106669756865,True
2024,8,39.89,-103.83,-1,0,0,0,0,0.0,0.0,62.187449559426284,True
2024,6,42.6969,-89.9625,2,0,0,0,0,1000000.0,0.0,119.00930418878478,True
2024,6,43.1751,-88.8431,1,0,0,0,0,6000.0,0.0,33.10862684200629,True
2024,10,26.8199,-81.8348,0,0,0,0,0,25000.0,0.0,113.2894484151805,True
2024,6,43.1634,-89.01,0,0,0,0,0,25000.0,0.0,43.20020967155073,True
2024,10,26.988,-81.8705,0,0,0,0,0,5000.0,0.0,95.4788410936753,True
2024,10,27.0669,-81.3474,1,0,0,0,0,100000.0,0.0,126.01160904523303,True
2024,4,32.0738,-96.8302,0,0,0,0,0,100000.0,0.0,71.08533115753185,True
2024,6,43.1398,-89.0708,1,0,0,0,0,3000000.0,0.0,46.39776293045308,True
2024,6,42.6242,-88.6101,1,0,0,0,0,150000.0,0.0,38.51097934402616,True
2024,6,42.7012,-90.3216,0,0,0,0,0,0.0,0.0,123.02115819828556,True
2024,6,42.5386,-88.531,1,0,0,0,0,100000.0,0.0,47.748214883145685,True
2024,6,42.5561,-88.2707,0,0,0,0,0,3000.0,0.0,51.16000543031148,True
2024,10,26.6281,-82.0679,1,0,0,0,0,50000.0,0.0,124.25066717253141,True
2024,9,31.6278,-82.8798,0,0,0,0,0,0.0,0.0,82.82540060131522,True
2024,3,36.1773,-100.9957,-1,0,0,0,0,0.0,0.0,123.16106966114927,True
2024,3,36.3605,-100.7945,0,0,0,0,0,21000.0,0.0,150.05036595379028,True
2024,4,31.7754,-97.0496,2,0,0,0,0,200000.0,0.0,91.8182571725405,True
2024,5,34.38,-103.36,-1,0,0,0,0,0.0,0.0,163.74519519283348,True
2024,4,30.3601,-89.6198,1,0,0,0,0,0.0,0.0,77.56042877745301,True
2024,4,30.69,-91.61,1,0,0,0,0,20000.0,0.0,116.6438963569185,True
2024,4,30.4511,-89.4439,0,0,0,0,0,0.0,0.0,92.63904228156834,True
2024,3,35.231,-100.2652,1,0,0,0,0,75000.0,0.0,131.15873657608887,True
2024,4,31.7637,-97.0656,0,0,0,0,0,0.0,0.0,92.70086215496026,True
2024,4,31.8287,-96.9664,1,0,0,0,0,60000.0,0.0,88.59565652930794,True
2024,4,30.5246,-89.2719,1,0,0,0,0,0.0,0.0,100.27679569722551,True
2024,3,36.3312,-100.8071,1,0,0,0,0,58000.0,0.0,146.7150490426349,True
2024,4,31.9508,-96.8032,1,0,0,0,0,200000.0,0.0,83.62271931517678,True
2024,4,32.0764,-96.674,1,0,0,0,0,200000.0,0.0,80.8758351297719,True
2024,4,30.3354,-89.6301,0,0,0,0,0,0.0,0.0,77.29069491314085,True
2024,4,31.883,-97.0869,1,0,0,0,0,50000.0,0.0,79.34987998691606,True
2024,4,32.2272,-96.5455,0,0,0,0,0,0.0,0.0,80.845308130395,True
2024,4,30.5009,-89.3236,0,0,0,0,0,0.0,0.0,103.84704382606454,True
2024,4,30.7391,-91.5117,1,0,0,0,0,50000.0,0.0,108.44250815112387,True
2024,4,30.355,-89.6191,1,0,0,0,0,0.0,0.0,77.7592043176569,True
2024,4,30.3911,-89.6003,1,0,0,0,0,0.0,0.0,78.67100386773005,True
2024,4,31.808,-97.0,2,0,0,0,0,0.0,0.0,89.69512949618509,True
2024,4,30.3083,-89.7725,1,0,0,0,0,0.0,0.0,65.25893388150158,True
2024,4,31.0102,-96.9941,0,0,0,0,0,5000.0,0.0,49.04677611487408,True
2024,4,30.9995,-91.2451,2,0,0,0,0,0.0,0.0,96.20026962104872,True
2024,9,30.67,-81.43,0,0,0,0,0,0.0,0.0,33.20249464568117,True
2024,8,33.9782,-78.5899,0,0,0,0,0,5000.0,0.0,14.870647099838335,True
2024,8,34.6617,-77.6903,0,0,0,0,0,0.0,0.0,75.46385618207174,True
2024,4,30.8401,-91.3737,2,0,0,0,0,20000.0,0.0,99.04180386717275,True
2024,4,30.3559,-89.7519,2,0,0,0,0,0.0,0.0,65.42582239799198,True
2024,4,30.3468,-89.6364,2,0,0,0,0,0.0,0.0,76.3755420254189,True
2024,4,30.4416,-89.4502,1,0,0,0,0,100000.0,0.0,92.13530843997104,True
2024,4,30.3035,-89.7831,1,0,0,0,0,0.0,0.0,64.5099454022134,True
2024,8,34.683,-78.1475,0,0,0,0,0,0.0,0.0,81.37047241960316,True
2024,4,31.5742,-96.1746,0,0,0,0,0,0.0,0.0,149.01429859528795,True
2024,4,31.5929,-96.1399,0,0,0,0,0,15000.0,0.0,152.87654412970218,True
2024,4,31.5181,-96.38,0,0,0,0,0,0.0,0.0,130.20916227458625,True
2024,4,31.6277,-97.2599,0,0,0,0,0,10000.0,0.0,101.42291723445203,True
2024,4,31.6316,-97.2524,1,0,0,0,0,200000.0,0.0,101.93801992497154,True
2024,6,40.4556,-79.2949,0,0,0,0,0,50000.0,0.0,78.50997150308027,True
2024,6,40.426,-80.297,1,0,0,0,0,50000.0,0.0,13.518509349549824,True
2024,6,40.3894,-79.808,1,0,0,0,0,1000000.0,0.0,38.11923192333856,True
2024,6,40.4269,-80.306,1,0,0,0,0,5000.0,0.0,13.826339164259752,True
2024,6,40.1191,-82.1367,2,0,0,8,0,0.0,0.0,145.7552622369964,True
2024,6,40.3955,-79.6606,2,0,0,0,0,0.0,0.0,49.52159023977421,True
2024,6,39.7769,-80.1302,0,0,0,0,0,50000.0,0.0,84.25608608079985,True
2024,6,40.379,-79.796,1,0,0,0,0,500000.0,0.0,39.53033911135674,True
