YEAR,MONTH,BEGIN_LAT,BEGIN_LON,END_LAT,END_LON,TOR_F_SCALE,DEATHS_DIRECT,DEATHS_INDIRECT,INJURIES_DIRECT,INJURIES_INDIRECT,DAMAGE_PROPERTY,DAMAGE_CROPS,RADAR_DIST,RADAR_2026
2011,4,32.3701,-92.8346,32.4328,-92.7832,EF1,0,0,0,0,0.0,0.0,94.92247257935169,True
2011,3,30.4368,-89.15,30.4368,-89.15,EF1,0,0,0,0,20000.0,0.0,91.24065165464614,True
2011,4,33.281,-93.383,33.278,-93.368,EF1,0,0,0,0,75000.0,0.0,101.74916877719474,True
2011,4,34.5912,-88.8323,34.5944,-88.8265,EF0,0,0,0,0,10000.0,0.0,89.9924798137008,True
2011,4,33.318,-92.665,33.32,-92.643,EF1,0,0,0,0,150000.0,0.0,146.1533605048248,True
2011,6,43.2047,-112.4711,43.2098,-112.464,EF0,0,0,0,0,7000.0,0.0,20.63173664914328,True
2011,4,34.7709,-88.5147,34.7941,-88.4851,EF0,0,0,0,0,100000.0,0.0,98.66467289073317,True
2011,4,34.1837,-90.8902,34.3668,-90.5225,EF0,0,0,0,0,70000.0,0.0,145.13518911861485,True
2011,4,34.4298,-95.8903,34.4467,-95.7787,EF0,0,0,0,0,0.0,0.0,161.56668096724772,True
2011,4,34.3202,-88.8848,34.3259,-88.8683,EF0,0,0,0,0,100000.0,0.0,69.51249577374682,True
2011,5,40.0019,-94.9178,40.0183,-94.9092,EF0,0,0,0,0,7000.0,0.0,143.90452191123478,True
2011,5,34.8256,-94.7248,34.9673,-94.6047,EF2,0,0,0,0,100000.0,0.0,61.33900114083814,True
2011,5,42.1599,-99.521,42.1602,-99.5209,EF0,0,0,0,0,0.0,0.0,89.96264796705726,True
2011,5,42.4675,-98.5984,42.4676,-98.5983,EF0,0,0,0,0,0.0,0.0,172.45494760102736,True
2011,4,35.2993,-77.3222,35.2995,-77.3212,EF0,0,0,0,0,0.0,0.0,70.96090407517656,True
2011,4,35.814,-76.832,35.8148,-76.8311,EF0,0,0,0,0,0.0,0.0,115.50950800731167,True
2011,4,35.679,-76.634,35.6826,-76.6307,EF0,0,0,0,0,0.0,0.0,102.8128249028664,True
2011,4,33.9036,-88.7203,33.9889,-88.5987,EF3,0,0,3,0,750000.0,0.0,36.10431052780688,True
2011,4,32.4772,-92.4154,32.5152,-92.3617,EF0,0,0,0,0,0.0,0.0,133.8010987716043,True
2011,4,32.5782,-91.9948,32.5987,-91.9736,EF0,0,0,0,0,200.0,0.0,173.7088466489987,True
2011,6,41.95,-103.8584,41.95,-103.8584,EF0,0,0,0,0,0.0,0.0,118.71689970642588,True
2011,5,40.153,-84.2442,40.1536,-84.2437,EF0,0,0,0,0,0.0,0.0,89.11665116888406,True
2011,5,35.4065,-93.7968,35.456,-93.7074,EF3,2,0,10,0,2000000.0,0.0,52.85107003475448,True
2011,4,32.494,-93.295,32.57,-93.2295,EF1,0,0,0,0,100000.0,0.0,51.46684802190152,True
2011,4,32.6377,-93.7481,32.6879,-93.7323,EF0,0,0,0,0,0.0,0.0,22.538571751139358,True
2011,5,35.8377,-95.6423,35.8554,-95.6023,EF1,0,0,0,0,10000.0,0.0,38.15837863925469,True
2011,6,41.3528,-103.5066,41.3528,-103.5066,EF0,0,0,0,0,0.0,0.0,110.9062453348866,True
2011,6,41.2089,-103.3556,41.2089,-103.3556,EF0,0,0,0,0,0.0,0.0,121.55567386390652,True
2011,5,36.8,-82.22,36.8206,-82.1479,EF0,0,0,0,0,30000.0,0.0,126.8816852497916,True
2011,3,29.779,-90.82,29.779,-90.82,EF1,0,0,0,0,50000.0,0.0,91.4086533746167,True
2011,6,40.2281,-90.634,40.228,-90.6296,EF0,0,0,0,0,0.0,0.0,110.52616983441702,True
2011,5,36.1618,-94.7352,36.1894,-94.7072,EF2,0,0,0,0,250000.0,0.0,74.42404371017167,True
2011,5,36.553,-94.9733,36.5505,-94.8549,EF2,0,0,0,0,1000000.0,0.0,67.56875270646162,True
2011,5,36.0584,-95.3841,36.0681,-95.3228,EF1,0,0,0,0,0.0,0.0,20.72630650847464,True
2011,6,41.1602,-102.9936,41.1602,-102.9936,EF0,0,0,0,0,0.0,0.0,151.74408486050038,True
2011,5,39.9017,-87.9001,39.8997,-87.8968,EF0,0,0,0,0,0.0,0.0,125.41827677474247,True
2011,5,40.47,-88.1951,40.47,-88.1942,EF0,0,0,0,0,0.0,0.0,103.11865989923017,True
2011,6,39.4376,-88.4855,39.4372,-88.4799,EF0,0,0,0,0,0.0,0.0,107.57923617582834,True
2011,5,37.3244,-95.3215,37.3265,-95.316,EF0,0,0,0,0,0.0,0.0,129.62366058315314,True
2011,4,32.8596,-95.05,32.8697,-95.0136,EF0,0,0,0,0,0.0,0.0,121.94866840965587,True
2011,3,30.65,-91.0878,30.65,-91.0878,EF1,0,0,0,0,25000.0,0.0,66.72576068202306,True
2011,3,30.4132,-90.8,30.4132,-90.8,EF0,0,0,0,0,15000.0,0.0,39.44367833578922,True
2011,4,32.1878,-93.3254,32.1777,-93.2664,EF1,0,0,0,0,150000.0,0.0,56.61295698121879,True
2011,6,41.92,-104.3,41.92,-104.3,EF0,0,0,0,0,0.0,0.0,95.22760856406364,True
2011,6,43.3302,-104.2543,43.3302,-104.2543,EF0,0,0,0,0,0.0,0.0,144.5759794216901,True
2011,5,36.0982,-95.1415,36.1125,-95.1216,EF1,0,0,0,0,35000.0,0.0,38.90185043903715,True
2011,4,31.812,-92.328,31.825,-92.193,EF0,0,0,0,0,40000.0,0.0,95.42709203581464,True
2011,4,34.4099,-89.7976,34.4321,-89.7914,EF0,0,0,0,0,0.0,0.0,104.17653331987768,True
2011,4,33.675,-94.096,33.679,-94.012,EF1,0,0,0,0,25000.0,0.0,138.17613132295264,True
2011,4,32.9857,-94.641,33.0069,-94.6037,EF0,0,0,0,0,5000.0,0.0,95.57777746265153,True
2011,5,36.5722,-96.6938,36.5722,-96.6938,EF0,0,0,0,0,0.0,0.0,110.36235650295994,True
2011,4,32.4376,-92.6858,32.4537,-92.6748,EF0,0,0,0,0,0.0,0.0,108.43475564173292,True
2011,4,32.4537,-92.6748,32.5128,-92.6348,EF0,0,0,0,0,0.0,0.0,109.4476778061076,True
2011,5,36.465,-96.576,36.6759,-96.4231,EF2,0,0,0,0,20000.0,0.0,96.21969788591451,True
2011,5,36.0979,-94.8874,36.0979,-94.8874,EF0,0,0,0,0,0.0,0.0,61.373608298663186,True
2011,5,36.2182,-94.8433,36.2217,-94.8257,EF0,0,0,0,0,0.0,0.0,64.86086512558933,True
2011,5,36.1389,-94.7574,36.1618,-94.7352,EF1,0,0,0,0,0.0,0.0,72.53846710509646,True
2011,4,34.8109,-88.7916,34.8276,-88.76,EF1,0,0,0,0,30000.0,0.0,110.1393302139892,True
2011,4,34.1731,-96.5835,34.1731,-96.5835,EF0,0,0,0,0,0.0,0.0,143.73078163337757,True
2011,6,43.357,-104.2391,43.357,-104.2391,EF0,0,0,0,0,0.0,0.0,141.77736031368391,True
2011,4,33.865,-93.521,33.866,-93.489,EF2,0,0,2,0,500000.0,0.0,158.1948660602891,True
2011,4,34.4436,-90.4376,34.4639,-90.3796,EF0,0,0,0,0,25000.0,0.0,112.64261125892536,True
2011,5,36.2264,-94.9542,36.2693,-94.8406,EF1,0,0,0,0,0.0,0.0,55.02611654637066,True
2011,5,35.0021,-95.2106,35.0238,-95.1758,EF1,0,0,0,0,0.0,0.0,83.56160269822581,True
2011,5,34.6942,-95.0378,34.7041,-95.0144,EF0,0,0,0,0,0.0,0.0,90.47734756574773,True
2011,5,36.1704,-94.6639,36.2,-94.6269,EF2,0,0,12,0,400000.0,0.0,80.80702883007659,True
2011,5,36.1845,-94.6387,36.1981,-94.6132,EF1,0,0,0,0,0.0,0.0,83.06663075486159,True
2011,5,36.2418,-94.533,36.2755,-94.5057,EF1,0,0,0,0,25000.0,0.0,92.81061061365865,True
2011,3,30.2918,-89.7362,30.3176,-89.7271,EF2,0,0,0,0,300000.0,0.0,69.17354492379383,True
2011,4,31.6199,-93.6951,31.6576,-93.4018,EF2,0,0,0,0,1000000.0,0.0,85.61932336882882,True
2011,4,33.195,-93.889,33.213,-93.849,EF1,0,0,0,0,100000.0,0.0,82.86818339772898,True
2011,8,45.3521,-87.8857,45.3515,-87.8798,EF0,0,0,0,0,5000.0,0.0,96.54735913550591,True
2011,8,41.5306,-81.3629,41.5103,-81.3136,EF1,0,0,0,0,300000.0,0.0,43.43008715408375,True
2011,8,35.59,-77.92,35.59,-77.8749,EF0,0,0,0,0,150000.0,0.0,52.19279326563007,True
2011,5,30.11,-94.85,30.11,-94.85,EF0,0,0,0,0,5000.0,0.0,74.30737278140187,True
2011,4,39.4614,-89.6483,39.4581,-89.5893,EF2,0,0,0,0,0.0,0.0,81.11217028745574,True
2011,4,39.25,-97.16,39.25,-97.16,EF0,0,0,0,0,0.0,0.0,84.81382908651207,True
2011,4,42.4364,-95.4499,42.485,-95.4001,EF1,0,0,0,0,100000.0,0.0,145.4809643009924,True
2011,4,42.5608,-94.9736,42.5943,-94.9151,EF2,0,0,0,0,1000000.0,0.0,138.36149032595108,True
2011,4,42.5751,-94.9438,42.5896,-94.9515,EF1,0,0,0,0,10000.0,0.0,137.61147845106007,True
2011,7,45.27,-99.73,45.2711,-99.7225,EF0,0,0,0,0,0.0,0.0,104.94256837539996,True
2011,7,45.72,-97.65,45.7246,-97.6323,EF0,0,0,0,0,0.0,0.0,66.2455079492882,True
2011,4,42.5607,-94.9509,42.5655,-94.9534,EF2,0,0,0,0,10000.0,0.0,136.96511419092323,True
2011,4,30.83,-85.18,30.8303,-85.1289,EF1,0,0,0,0,500000.0,0.0,74.98575249370961,True
2011,4,42.64,-95.34,42.642,-95.338,EF0,0,0,0,0,0.0,0.0,154.32107397356265,True
2011,4,42.65,-95.35,42.652,-95.348,EF0,0,0,0,0,0.0,0.0,152.96239204767497,True
2011,8,46.5866,-87.6448,46.5866,-87.6448,EF0,0,0,0,0,0.0,0.0,9.617173193125973,True
2011,6,42.667,-96.088,42.673,-96.072,EF0,0,0,0,0,20000.0,0.0,114.83680869310157,True
2011,8,46.865,-89.3182,46.8717,-89.2871,EF0,0,0,0,0,20000.0,0.0,139.9841410271773,True
2011,6,39.6047,-91.7412,39.6008,-91.735,EF1,0,0,0,0,0.0,0.0,135.9196739125246,True
2011,4,39.3361,-91.1328,39.3797,-91.1338,EF1,0,0,0,0,0.0,0.0,80.82136730554973,True
2011,6,36.0541,-90.4205,36.0104,-90.3953,EF1,0,0,0,0,120000.0,0.0,93.07625672156415,True
2011,6,39.1832,-121.6719,39.248,-121.6251,EF0,0,0,0,0,0.0,50000.0,34.96575723002746,True
2011,4,39.363,-90.9018,39.3668,-90.8962,EF0,0,0,0,0,0.0,0.0,76.2316700412924,True
2011,7,45.59,-96.29,45.5864,-96.2819,EF0,0,0,0,0,0.0,0.0,166.06450706103865,True
2011,8,30.2487,-93.7695,30.2487,-93.7691,EF0,0,0,0,0,1000.0,0.0,54.95215964453658,True
2011,6,39.7007,-92.0526,39.6882,-92.0384,EF1,0,0,0,0,0.0,0.0,162.29944099932868,True
2011,4,39.2965,-91.2967,39.3192,-91.2254,EF1,0,0,0,0,0.0,0.0,85.03283078482784,True
2011,11,42.4464,-79.42,42.4429,-79.3391,EF2,0,0,0,0,400000.0,0.0,78.95722660826478,True
2011,4,35.5535,-85.1077,35.68,-84.87,EF4,0,0,2,0,2000000.0,0.0,112.48453488361488,True
2011,4,35.3952,-85.3665,35.4278,-85.3214,EF1,0,0,0,0,75000.0,0.0,83.17968363209006,True
2011,4,35.4278,-85.3214,35.44,-85.3,EF1,0,0,0,0,75000.0,0.0,88.63380966859877,True
2011,9,30.2959,-87.4295,30.3301,-87.4362,EF1,0,0,0,0,250000.0,0.0,88.57826479649763,True
2011,5,38.02,-100.44,38.024,-100.438,EF0,0,0,0,0,0.0,0.0,50.39530696638486,True
2011,5,38.145,-99.387,38.178,-99.312,EF1,0,0,0,0,110000.0,0.0,66.54078055145519,True
2011,4,35.36,-85.39,35.3969,-85.3253,EF2,0,0,0,0,200000.0,0.0,79.10441907712935,True
2011,4,35.17,-84.8977,35.2251,-84.8804,EF0,0,0,0,0,50000.0,0.0,111.18706767362637,True
2011,6,37.8592,-91.3555,37.8775,-91.3104,EF2,0,0,3,0,150000.0,0.0,110.29793471618126,True
2011,11,35.318,-81.498,35.321,-81.493,EF0,0,0,0,0,5000.0,0.0,81.53855679371972,True
2011,9,35.42,-80.29,35.48,-80.29,EF0,0,0,0,0,35000.0,0.0,165.12464147785911,True
2011,4,36.615,-81.664,36.622,-81.639,EF1,0,0,0,0,50000.0,0.0,131.81470146601794,True
2011,4,35.348,-84.921,35.357,-84.914,EF0,0,0,0,0,15000.0,0.0,115.45722738048948,True
2011,9,34.87,-110.12,34.87,-110.12,EF0,0,0,0,0,0.0,0.0,103.8998214732167,True
2011,10,36.3905,-93.5954,36.3905,-93.5954,EF0,0,0,0,0,0.0,0.0,95.526731147877,True
2011,4,35.8502,-83.0225,35.8578,-83.0029,EF1,0,0,0,0,30000.0,0.0,49.15475872173502,True
2011,4,35.08,-84.95,35.21,-84.701,EF2,4,0,0,0,500000.0,0.0,104.57702055140442,True
2011,4,35.268,-84.605,35.2973,-84.511,EF1,0,0,0,0,100000.0,0.0,139.65012365010853,True
2011,4,35.0371,-84.9875,35.218,-84.703,EF4,4,0,200,0,23000000.0,0.0,100.55936850244053,True
2011,6,45.65,-97.28,45.6549,-97.2709,EF0,0,0,0,0,0.0,0.0,90.82672512212487,True
2011,8,38.763,-75.165,38.7583,-75.1765,EF1,0,0,0,0,0.0,0.0,24.82711906765217,True
2011,4,35.45,-84.46,35.455,-84.448,EF1,0,0,0,0,200000.0,0.0,124.430292754462,True
2011,5,42.0124,-85.6361,42.0249,-85.5832,EF1,0,0,0,0,0.0,0.0,72.8926333747249,True
2011,4,35.02,-85.37,35.05,-85.35,EF2,0,0,0,0,750000.0,0.0,65.77542253258316,True
2011,4,34.9854,-85.6377,35.07,-85.5,EF2,0,0,0,0,30000.0,0.0,41.09191344105936,True
2011,8,40.2357,-74.5409,40.2383,-74.5517,EF0,0,0,0,0,25000.0,0.0,33.964630434929646,True
2011,4,35.954,-83.286,35.97,-83.16,EF1,0,0,0,0,100000.0,0.0,26.01144467290065,True
2011,4,35.8202,-83.1319,35.8446,-83.101,EF0,0,0,0,0,20000.0,0.0,45.70217491465004,True
2011,4,36.65,-81.95,36.816,-81.725,EF3,3,1,50,0,3000000.0,500000.0,140.53724752700668,True
2011,11,31.27,-82.44,31.2726,-82.4373,EF1,0,0,0,0,8000.0,0.0,68.15616872200123,True
2011,10,38.529,-101.092,38.546,-101.053,EF0,0,0,0,0,0.0,0.0,106.99693652038053,True
2011,11,33.32,-82.0827,33.3311,-82.068,EF0,0,0,0,0,10000.0,0.0,113.36604459695629,True
2011,11,33.1431,-81.9098,33.1774,-81.8046,EF1,0,0,0,0,200000.0,0.0,97.47109401557654,True
2011,5,43.5006,-92.2469,43.5789,-91.9719,EF2,0,0,0,1,250000.0,0.0,92.17547951965321,True
2011,4,36.1419,-82.6418,36.15,-82.573,EF1,0,0,0,0,10000.0,0.0,68.30944009593895,True
2011,11,33.2065,-81.7545,33.2339,-81.6309,EF0,0,0,0,0,20000.0,0.0,90.40415037045571,True
2011,11,31.4296,-89.7624,31.4735,-89.7068,EF1,0,0,0,0,100000.0,0.0,96.85652626223859,True
2011,11,29.427,-94.9734,29.4275,-94.969,EF0,0,0,0,0,50000.0,0.0,11.370293355777292,True
2011,4,35.21,-84.9,35.23,-84.88,EF0,0,0,0,0,15000.0,0.0,112.10859773472447,True
2011,4,36.39,-81.99,36.5,-81.82,EF2,2,0,0,0,1000000.0,0.0,128.9415062641906,True
2011,4,36.6502,-82.2034,36.6541,-82.1979,EF0,0,0,0,0,3000.0,0.0,119.89430197351369,True
2011,4,36.68,-81.98,36.71,-81.92,EF1,0,0,0,0,75000.0,0.0,139.36453541147188,True
2011,4,34.9868,-85.0485,35.0371,-84.9875,EF4,8,0,100,0,20000000.0,0.0,94.53786199451447,True
2011,11,34.66,-98.904,34.66,-98.904,EF0,0,0,0,0,0.0,0.0,33.77756284688596,True
2011,11,34.726,-98.836,34.736,-98.826,EF0,0,0,0,0,0.0,0.0,42.45567334411943,True
2011,11,31.7079,-89.2473,31.8101,-89.111,EF2,0,0,15,0,400000.0,0.0,94.22861399307799,True
2011,10,26.1228,-80.3292,26.1387,-80.3261,EF2,0,0,0,0,4000000.0,0.0,57.57412819759382,True
2011,10,26.9813,-81.086,26.9961,-81.0857,EF0,0,0,0,0,50000.0,0.0,132.84225683415616,True
2011,4,36.29,-82.7,36.33,-82.635,EF2,0,0,0,0,300000.0,0.0,64.39851663613345,True
2011,11,31.8093,-89.1098,31.8341,-89.0844,EF2,0,0,0,0,250000.0,0.0,97.6476876549643,True
2011,4,36.2255,-83.057,36.2263,-83.0486,EF0,0,0,0,0,5000.0,0.0,31.598684809646226,True
2011,5,40.7866,-85.5659,40.7867,-85.5588,EF0,0,0,0,0,0.0,0.0,64.58921902728103,True
2011,4,36.0106,-82.8706,36.028,-82.835,EF0,0,0,0,0,15000.0,0.0,50.8637242772369,True
2011,5,40.7541,-84.6896,40.7545,-84.611,EF1,0,0,0,0,0.0,0.0,108.14512707446352,True
2011,7,31.8677,-106.7596,31.8677,-106.7524,EF0,0,0,0,0,0.0,0.0,5.848273063037519,True
2011,5,38.441,-99.156,38.45,-99.153,EF0,0,0,0,0,0.0,0.0,103.82295884287961,True
2011,4,36.035,-82.808,36.1419,-82.6418,EF3,6,0,33,0,8000000.0,0.0,55.38219175093649,True
2011,9,34.1388,-91.319,34.1454,-91.2866,EF0,0,0,0,0,15000.0,0.0,116.1261623389759,True
2011,7,34.52,-110.08,34.5345,-110.08,EF0,0,0,0,0,0.0,0.0,102.61085705048121,True
2011,5,38.278,-99.255,38.295,-99.244,EF0,0,0,0,0,0.0,0.0,84.9566065408469,True
2011,5,30.5203,-88.5481,30.536,-88.5029,EF0,0,0,0,0,20000.0,0.0,34.41328731231217,True
2011,9,35.1558,-79.4395,35.1728,-79.4306,EF0,0,0,0,0,10000.0,0.0,103.0224818686337,True
2011,11,34.82,-81.18,34.8655,-81.094,EF2,3,0,5,0,1000000.0,0.0,95.14515642425516,True
2011,4,36.1302,-82.6302,36.205,-82.491,EF2,1,0,0,0,3000000.0,0.0,69.42240555331954,True
2011,6,39.6864,-92.0426,39.6738,-92.0265,EF1,0,0,0,0,0.0,0.0,160.59120924925918,True
2011,4,35.218,-84.703,35.268,-84.663,EF1,0,0,0,0,50000.0,0.0,129.6400754402404,True
2011,4,35.268,-84.663,35.37,-84.6,EF2,0,0,5,0,200000.0,0.0,134.57523699634535,True
2011,4,35.1802,-84.8675,35.1893,-84.8557,EF0,0,0,0,0,20000.0,0.0,114.12185834925347,True
2011,4,35.04,-85.1,35.11,-85.05,EF1,0,0,0,0,25000.0,0.0,90.431068821221,True
2011,4,36.106,-82.702,36.1302,-82.6302,EF3,1,0,70,0,5000000.0,0.0,63.236726124884306,True
2011,4,36.33,-82.635,36.36,-82.57,EF2,0,0,0,0,500000.0,0.0,71.08463934796796,True
2011,4,35.92,-83.97,35.93,-83.95,EF1,0,0,0,0,20000.0,0.0,58.059776328459364,True
2011,4,35.87,-84.2,35.87,-84.19,EF0,0,0,0,0,10000.0,0.0,79.06965598112686,True
2011,4,36.0844,-83.3351,36.0987,-83.2787,EF0,0,0,0,0,20000.0,0.0,11.096640050200405,True
2011,4,36.137,-83.4774,36.14,-83.472,EF0,0,0,0,0,20000.0,0.0,7.618302126562997,True
2011,4,36.2108,-83.4218,36.2113,-83.4182,EF0,0,0,0,0,10000.0,0.0,5.047575403013374,True
2011,11,31.3707,-89.8349,31.4291,-89.7617,EF1,0,0,0,0,200000.0,0.0,102.09070952954895,True
2011,11,34.855,-98.697,34.876,-98.692,EF0,0,0,0,0,0.0,0.0,60.48034713628304,True
2011,11,34.9974,-98.5441,35.0364,-98.524,EF0,0,0,0,0,0.0,0.0,80.9526898523575,True
2011,6,37.8646,-91.3848,37.8648,-91.3603,EF0,0,0,0,0,0.0,0.0,111.17769770222398,True
2011,9,30.2463,-88.1991,30.2488,-88.1997,EF0,0,0,0,0,0.0,0.0,48.32006709199356,True
2011,11,36.53,-77.11,36.53,-77.08,EF0,0,0,0,0,10000.0,2000.0,51.28857190547517,True
2011,11,30.6,-93.87,30.6215,-93.8155,EF1,0,0,0,0,10000.0,0.0,82.00475933547366,True
2011,11,34.704,-81.567,34.705,-81.566,EF0,0,0,0,0,1000000.0,0.0,62.8583962574928,True
2011,11,34.8095,-81.201,34.82,-81.18,EF1,0,0,0,0,20000.0,0.0,93.33559149239078,True
2011,12,30.7235,-91.1578,30.7353,-91.1096,EF1,0,0,0,0,20000.0,0.0,75.29916437010723,True
2011,2,34.99,-86.5048,34.99,-86.4308,EF1,0,0,0,0,30000.0,0.0,38.948000373099106,True
2011,9,30.3774,-89.0441,30.3788,-89.0445,EF0,0,0,0,0,0.0,0.0,84.04594599924124,True
2011,9,35.8899,-76.2484,35.8899,-76.2484,EF1,0,0,1,0,20000.0,0.0,136.34874473893635,True
2011,11,32.462,-93.29,32.503,-93.208,EF0,0,0,0,0,0.0,0.0,51.735647376655905,True
2011,11,33.9511,-95.1416,34.0146,-95.0663,EF1,0,0,0,0,25000.0,0.0,165.131968729797,True
2011,11,32.036,-93.9509,32.1317,-93.8323,EF2,0,0,0,0,300000.0,0.0,47.265857916187144,True
2011,11,32.3379,-93.6137,32.339,-93.5707,EF0,0,0,0,0,0.0,0.0,24.781061663281033,True
2011,11,32.339,-93.5707,32.3392,-93.5649,EF0,0,0,0,0,0.0,0.0,28.28146363884882,True
2011,11,33.9094,-94.3857,33.9137,-94.3795,EF0,0,0,0,0,0.0,0.0,153.57678002729142,True
2011,5,37.068,-92.793,37.1276,-92.7246,EF0,0,0,0,0,0.0,0.0,56.94351644431385,True
2011,11,32.508,-93.246,32.534,-93.206,EF0,0,0,0,0,0.0,0.0,56.195529158131016,True
2011,3,31.1902,-92.4322,31.2167,-92.4123,EF1,0,0,0,0,100000.0,0.0,51.86630239166191,True
2011,4,27.3068,-80.4201,27.3068,-80.4201,EF0,0,0,0,0,0.0,0.0,92.57130741496894,True
2011,3,33.63,-95.182,33.649,-94.999,EF1,0,0,0,0,400000.0,0.0,181.13397621754808,True
2011,2,38.4062,-91.8152,38.4065,-91.8108,EF1,0,0,0,0,0.0,0.0,103.71201922884912,True
2011,4,33.7717,-80.0963,33.8465,-79.9547,EF0,0,0,0,0,12000.0,0.0,96.42351070138204,True
2011,4,33.4979,-80.2256,33.5391,-80.08,EF1,0,0,0,0,14000.0,0.0,96.60442306421066,True
2011,3,28.7367,-82.0988,28.7418,-82.0631,EF1,0,0,0,0,0.0,0.0,118.47295007725259,True
2011,3,35.5878,-77.8092,35.5933,-77.8083,EF0,0,0,0,0,0.0,10000.0,62.132456713899266,True
2011,3,27.9858,-82.0226,27.9864,-82.009,EF1,0,0,0,7,500000.0,0.0,48.621643283259374,True
2011,4,31.2257,-95.0749,31.2206,-95.0839,EF1,0,0,0,0,30000.0,0.0,179.27016108629581,True
2011,4,30.6695,-89.4527,30.6695,-89.4527,EF1,0,0,0,0,30000.0,0.0,92.88703218434526,True
2011,4,38.8604,-84.8842,38.8809,-84.8649,EF1,0,0,0,0,90000.0,0.0,110.78191376612492,True
2011,4,30.4022,-88.7198,30.4022,-88.7198,EF1,0,0,0,0,35000.0,0.0,55.35502979085291,True
2011,4,40.5008,-84.9805,40.5614,-84.8758,EF1,0,0,0,0,0.0,0.0,112.92137959377702,True
2011,3,42.57,-114.6665,42.6212,-114.5395,EF0,0,0,0,0,0.0,0.0,163.53481108244685,True
2011,4,40.0485,-82.2822,40.0489,-82.2784,EF1,0,0,0,0,40000.0,0.0,149.02369958136964,True
2011,4,38.9123,-84.4522,38.9129,-84.4492,EF1,0,0,0,0,15000.0,0.0,78.39200670654915,True
2011,4,40.4519,-85.537,40.4815,-85.4979,EF1,0,0,0,0,0.0,0.0,101.74674228466257,True
2011,4,38.705,-84.5133,38.7159,-84.4631,EF1,0,0,0,0,5000.0,0.0,99.45569603954831,True
2011,4,40.3945,-85.7099,40.4237,-85.6808,EF1,0,0,0,0,100000.0,0.0,90.51270578622162,True
2011,3,32.61,-81.95,32.6102,-81.9407,EF0,0,0,0,0,40000.0,0.0,85.1595835972631,True
2011,2,38.9221,-88.9293,38.9206,-88.9059,EF2,0,0,0,0,0.0,0.0,127.98391381219155,True
2011,2,39.0163,-88.8341,39.0161,-88.8314,EF1,0,0,0,0,0.0,0.0,127.88621859845202,True
2011,2,38.775,-89.9019,38.7794,-89.866,EF1,0,0,0,0,0.0,0.0,68.25542767445364,True
2011,2,38.7807,-89.9818,38.7872,-89.9378,EF1,0,0,0,0,0.0,0.0,61.473059388133024,True
2011,2,39.4786,-91.2125,39.4903,-91.1725,EF0,0,0,0,0,0.0,0.0,98.01617746630404,True
2011,2,39.4972,-91.2872,39.5017,-91.2614,EF0,0,0,0,0,0.0,0.0,102.95823363766978,True
2011,1,28.873,-82.032,28.884,-82.024,EF0,0,0,0,0,0.0,0.0,134.80311228520418,True
2011,1,27.41,-81.7,27.4109,-81.6861,EF0,0,0,0,0,0.0,0.0,76.59075520361684,True
2011,1,27.46,-81.89,27.4618,-81.8715,EF0,0,0,0,0,0.0,0.0,57.35438602407285,True
2011,1,27.4391,-81.3698,27.4437,-81.3555,EF0,0,0,0,0,5000.0,0.0,102.80590832675959,True
2011,4,40.8734,-84.6304,40.8783,-84.6245,EF0,0,0,0,0,0.0,0.0,104.59039877179048,True
2011,4,45.4208,-119.7096,45.419,-119.7076,EF0,0,0,0,0,500.0,0.0,73.13624608100844,True
2011,2,39.6669,-92.0356,39.6747,-92.0191,EF1,0,0,0,0,0.0,0.0,158.68475051430292,True
2011,2,38.6092,-90.6859,38.6129,-90.6731,EF1,0,0,0,0,0.0,0.0,9.975664358695305,True
2011,2,31.5515,-85.1902,31.56,-85.1651,EF0,0,0,0,0,150000.0,0.0,27.44996982087912,True
2011,2,35.13,-85.35,35.13,-85.35,EF1,0,0,0,0,1250000.0,0.0,70.38183322842055,True
2011,4,34.16,-95.05,34.16,-94.97,EF0,0,0,0,0,10000.0,0.0,140.54879773364905,True
2011,4,37.15,-93.06,37.2228,-92.9806,EF0,0,0,0,0,10000.0,0.0,31.596834289049692,True
2011,4,37.0889,-88.8091,37.09,-88.8,EF0,0,0,0,0,30000.0,0.0,4.01234184446768,True
2011,4,36.9944,-89.012,37.02,-88.9528,EF1,0,0,0,0,40000.0,0.0,22.840209075724513,True
2011,2,38.7308,-89.9266,38.7294,-89.8766,EF2,0,0,1,0,0.0,0.0,65.70249131298307,True
2011,2,39.66,-92.0117,39.6602,-91.9977,EF0,0,0,0,0,0.0,0.0,156.65718611129725,True
2011,2,38.9964,-88.8072,38.9956,-88.8062,EF2,0,0,0,0,0.0,0.0,124.68103323121606,True
2011,2,39.6573,-92.0353,39.66,-92.0117,EF0,0,0,0,0,0.0,0.0,157.94946371022925,True
2011,4,33.7186,-80.7152,33.7418,-80.6386,EF1,0,0,0,0,250000.0,12000.0,45.193411085905225,True
2011,4,33.85,-80.43,33.8854,-80.2476,EF1,0,0,0,0,48000.0,0.0,64.49312972996054,True
2011,4,34.3907,-85.9784,34.7333,-85.5578,EF5,25,0,0,0,0.0,0.0,60.794942291735964,True
2011,4,37.1855,-87.18,37.25,-87.08,EF1,0,0,0,0,100000.0,0.0,50.77300322791677,True
2011,4,33.9121,-80.0629,33.9271,-80.0406,EF0,0,0,0,0,18000.0,0.0,97.48420214045481,True
2011,4,40.5496,-84.5549,40.5751,-84.4933,EF2,0,0,0,0,340000.0,0.0,131.67763880518834,True
2011,4,39.5476,-83.2539,39.5565,-83.1755,EF1,0,0,0,0,75000.0,0.0,50.74075072596174,True
2011,4,35.582,-77.5974,35.6176,-77.5586,EF1,0,0,5,0,1000000.0,0.0,81.20780987724756,True
2011,4,39.064,-82.961,39.064,-82.9597,EF0,0,0,0,0,70000.0,0.0,84.04068081233515,True
2011,4,34.82,-85.6314,34.8431,-85.5799,EF4,6,0,0,0,0.0,0.0,43.0449903069065,True
2011,4,34.17,-94.732,34.166,-94.711,EF0,0,0,0,0,0.0,0.0,129.09329889015666,True
2011,4,34.4545,-94.6623,34.4619,-94.6338,EF0,0,0,0,0,500.0,0.0,96.90506075619086,True
2011,3,41.5704,-95.842,41.6832,-95.6738,EF1,0,0,2,0,0.0,0.0,51.83572442000046,True
2011,4,32.7078,-95.4021,32.7205,-95.376,EF0,0,0,0,0,0.0,0.0,149.0131740261302,True
2011,2,38.423,-89.5574,38.4274,-89.5066,EF0,0,0,0,0,0.0,0.0,102.54422752508519,True
2011,4,42.7384,-85.8338,42.7627,-85.7774,EF0,0,0,0,0,1000000.0,0.0,29.22753450705094,True
2011,2,38.444,-89.4215,38.4426,-89.3783,EF2,0,0,0,0,0.0,0.0,113.2517985056691,True
2011,2,38.5815,-90.8248,38.5886,-90.7682,EF1,0,0,0,0,0.0,0.0,17.958963532619787,True
2011,2,35.179,-85.28,35.179,-85.28,EF1,0,0,0,0,5000000.0,0.0,78.19098693260312,True
2011,4,40.59,-84.4556,40.6128,-84.3903,EF0,0,0,0,0,55000.0,0.0,134.972425115633,True
2011,3,41.2598,-94.6436,41.2667,-94.6275,EF0,0,0,0,0,0.0,0.0,92.88115302995874,True
2011,3,41.0556,-94.4704,41.0732,-94.4403,EF0,0,0,0,0,0.0,0.0,97.62294378381506,True
2011,3,41.3737,-94.1356,41.4582,-93.9793,EF2,0,0,0,0,1000000.0,0.0,52.52605726888828,True
2011,4,38.2953,-80.5271,38.3004,-80.5103,EF1,0,0,0,0,6000.0,15000.0,104.3473923017905,True
2011,4,32.4667,-92.4302,32.4772,-92.4154,EF0,0,0,0,0,0.0,0.0,132.39996350674022,True
2011,4,39.981,-82.571,39.981,-82.554,EF0,0,0,0,0,60000.0,0.0,123.83652878817445,True
2011,4,36.83,-87.87,36.8315,-87.8649,EF0,0,0,0,0,8000.0,0.0,53.122695036013916,True
2011,3,41.7993,-95.3912,41.8108,-95.3792,EF0,0,0,0,0,0.0,0.0,97.08805940928107,True
2011,2,38.5769,-90.9395,38.5815,-90.8248,EF1,0,0,0,0,0.0,0.0,26.099524206737968,True
2011,2,38.5009,-91.4039,38.5001,-91.3902,EF1,0,0,0,0,0.0,0.0,66.42112429250702,True
2011,2,36.9901,-96.6708,36.999,-96.6292,EF0,0,0,0,0,0.0,0.0,100.59794211832916,True
2011,3,32.61,-81.91,32.6096,-81.8554,EF1,0,0,0,0,250000.0,0.0,81.42085634915067,True
2011,4,31.6487,-93.3356,31.703,-93.216,EF1,0,0,0,0,2000000.0,0.0,64.62398068251713,True
2011,3,41.1984,-94.7511,41.2277,-94.7127,EF1,0,0,0,0,150000.0,0.0,104.1599583441816,True
2011,4,34.9915,-86.365,35.0081,-86.3193,EF0,0,0,0,0,5000.0,0.0,26.52325486229302,True
2011,3,41.1226,-94.7229,41.1538,-94.6796,EF0,0,0,0,0,0.0,0.0,107.37689698764419,True
2011,3,41.2958,-94.1609,41.2971,-94.1568,EF0,0,0,0,0,0.0,0.0,60.60643104559117,True
2011,3,41.7131,-96.4071,41.7419,-96.3803,EF1,0,0,0,0,1100000.0,0.0,43.80938092414477,True
2011,4,39.8551,-82.8505,39.8556,-82.8482,EF0,0,0,0,0,30000.0,0.0,96.19450048396641,True
2011,4,40.0233,-82.4741,40.0346,-82.4029,EF2,0,0,0,0,45000.0,0.0,133.336351108186,True
2011,4,34.95,-77.01,34.9884,-76.9555,EF2,0,0,7,0,4000000.0,0.0,22.88398342530015,True
2011,4,35.0278,-76.9066,35.0292,-76.9054,EF0,0,0,0,0,0.0,0.0,28.152908657096532,True
2011,4,37.8661,-77.6292,37.8837,-77.5883,EF1,0,0,0,0,25000.0,0.0,112.41472711718819,True
2011,4,36.2514,-87.0721,36.2527,-87.0577,EF0,0,0,0,0,2000.0,5000.0,45.699845273466224,True
2011,5,37.4834,-89.243,37.5101,-89.2291,EF1,0,0,0,0,150000.0,0.0,62.18800532059689,True
2011,5,37.0555,-90.7,37.2577,-90.5006,EF1,0,0,0,0,70000.0,0.0,171.08334843454853,True
2011,4,34.8004,-86.6226,34.8233,-86.4916,EF1,0,0,0,0,0.0,0.0,51.2600209700816,True
2011,4,34.4901,-86.2613,34.4923,-86.2564,EF1,0,0,0,0,10000.0,0.0,51.59875459319563,True
2011,4,33.3915,-79.541,33.3931,-79.5302,EF0,0,0,0,0,40000.0,0.0,122.4653727145347,True
2011,4,34.9406,-88.0564,35.0055,-87.9181,EF1,0,0,0,0,0.0,0.0,118.71978404829916,True
2011,4,31.98,-98.74,31.98,-98.74,EF0,0,0,0,0,0.0,0.0,78.687668790687,True
2011,4,32.58,-99.91,32.58,-99.91,EF0,0,0,0,0,0.0,0.0,61.639037956497376,True
2011,4,37.234,-76.6211,37.2946,-76.5715,EF3,0,0,0,0,15000.0,0.0,44.13135035966149,True
2011,5,36.75,-90.44,36.7568,-90.4305,EF0,0,0,0,0,0.0,0.0,152.47078215041685,True
2011,4,36.3019,-94.3786,36.3019,-94.3786,EF0,0,0,0,0,0.0,0.0,107.25688642257786,True
2011,4,37.6743,-76.6037,37.681,-76.5862,EF1,0,0,0,0,100000.0,0.0,84.66700684129765,True
2011,4,37.1968,-76.662,37.234,-76.6211,EF3,0,0,0,0,50000.0,0.0,38.72556694821995,True
2011,4,37.4517,-76.4412,37.4636,-76.4241,EF3,0,0,0,0,5000.0,0.0,72.2531342002695,True
2011,4,36.7033,-96.706,36.7084,-96.6997,EF0,0,0,0,0,0.0,0.0,117.83253697254727,True
2011,4,37.7341,-77.8036,37.7372,-77.8024,EF0,0,0,0,0,1000.0,0.0,109.1309936427385,True
2011,4,35.7116,-88.5085,35.8201,-88.2871,EF0,0,0,0,0,15000.0,0.0,130.07017064323173,True
2011,3,39.28,-122.2374,39.28,-122.2327,EF0,0,0,0,0,0.0,0.0,57.3359467679877,True
2011,4,34.4754,-79.4086,34.49,-79.3888,EF1,0,0,3,0,180000.0,0.0,105.0268344223241,True
2011,6,39.9024,-76.5789,39.886,-76.5749,EF0,0,0,0,0,10000.0,0.0,129.21561627486923,True
2011,4,32.2803,-97.7456,32.2747,-97.734,EF0,0,0,0,0,0.0,0.0,52.74732616338409,True
2011,4,45.7224,-88.676,45.7501,-88.6336,EF0,0,0,0,0,15000.0,0.0,125.05159752129882,True
2011,4,45.65,-88.5253,45.6663,-88.4612,EF1,0,0,0,0,50000.0,0.0,123.5898264220386,True
2011,4,34.2084,-89.5653,34.3299,-89.3785,EF3,0,0,8,0,1500000.0,0.0,119.02959053426808,True
2011,3,39.145,-122.167,39.16,-122.161,EF0,0,0,0,0,70000.0,0.0,60.373765171969936,True
2011,2,38.5647,-121.2961,38.5671,-121.2903,EF0,0,0,0,0,18000.0,0.0,33.94741085739669,True
2011,4,38.2445,-122.1215,38.246,-122.121,EF0,0,0,0,0,26000.0,0.0,48.0640580794464,True
2011,4,42.3217,-95.3969,42.3753,-95.361,EF2,0,0,0,0,50000.0,0.0,137.32693179121713,True
2011,4,32.2952,-97.5724,32.2791,-97.5327,EF0,0,0,0,0,0.0,0.0,39.89015410178572,True
2011,4,32.2778,-97.5066,32.2847,-97.4929,EF0,0,0,0,0,0.0,0.0,37.95385561824971,True
2011,4,32.2055,-96.7985,32.2056,-96.7906,EF0,0,0,0,0,25000.0,0.0,62.55321038592158,True
2011,4,31.7923,-96.637,31.7872,-96.6153,EF0,0,0,0,0,0.0,0.0,107.05783374923814,True
2011,4,36.6,-95.998,36.6,-95.998,EF0,0,0,0,0,0.0,0.0,61.169861190724575,True
2011,4,36.4523,-96.3937,36.4622,-96.38,EF2,0,0,0,0,25000.0,0.0,80.47090892804668,True
2011,4,36.629,-95.98,36.629,-95.98,EF0,0,0,0,0,0.0,0.0,62.720501254760315,True
2011,4,34.6007,-78.0641,34.6358,-78.0308,EF1,0,0,0,0,105000.0,0.0,75.81975371831378,True
2011,4,35.42,-94.343,35.42,-94.343,EF0,0,0,0,0,0.0,0.0,14.511117344905752,True
2011,4,35.5665,-96.4272,35.5665,-96.4272,EF0,0,0,0,0,0.0,0.0,81.29977259570695,True
2011,4,34.4467,-95.7787,34.4498,-95.7619,EF0,0,0,0,0,0.0,0.0,159.7132104412323,True
2011,4,32.34,-99.63,32.34,-99.63,EF0,0,0,0,0,0.0,0.0,41.5974257756005,True
2011,5,38.9015,-98.539,38.9477,-98.4917,EF0,0,0,0,0,5000.0,0.0,158.04112352058257,True
2011,4,36.3,-82.4341,36.3,-82.4341,EF1,0,0,0,0,75000.0,0.0,88.03190355592625,True
2011,5,38.31,-87.26,38.3277,-87.2397,EF2,0,0,0,0,0.0,0.0,40.91955547342221,True
2011,4,34.2486,-86.2582,34.3114,-86.2323,EF1,0,0,0,0,0.0,0.0,77.49523381851047,True
2011,4,34.2575,-86.3088,34.3231,-86.2486,EF1,0,0,0,0,0.0,0.0,77.62643365054686,True
2011,4,34.8653,-86.4911,34.8723,-86.4298,EF0,0,0,0,0,0.0,0.0,37.86430163478476,True
2011,4,31.6882,-96.246,31.67,-96.1908,EF0,0,0,0,0,0.0,0.0,139.93959579032136,True
2011,4,35.588,-96.267,35.6245,-96.1924,EF1,0,0,0,0,0.0,0.0,90.93978164627507,True
2011,4,35.4285,-88.5879,35.4909,-88.4633,EF0,0,0,0,0,75000.0,0.0,116.89919472425876,True
2011,4,34.5537,-95.672,34.5941,-95.5835,EF1,0,0,0,0,0.0,0.0,144.8358399568764,True
2011,4,36.3735,-94.8743,36.3786,-94.8668,EF2,0,0,3,0,100000.0,0.0,65.66081545019742,True
2011,4,34.825,-83.5961,34.9267,-83.379,EF3,1,0,0,0,5000000.0,0.0,125.74755917734883,True
2011,4,34.7704,-87.152,34.7719,-87.0254,EF0,0,0,0,0,0.0,0.0,99.1048972431506,True
2011,4,34.7307,-87.0329,34.7363,-86.9617,EF0,0,0,0,0,0.0,0.0,89.44913400110605,True
2011,4,34.6508,-87.0312,34.6686,-86.9241,EF0,0,0,0,0,0.0,0.0,91.9528316993413,True
2011,4,34.2846,-86.9189,34.2968,-86.9042,EF0,0,0,0,0,0.0,0.0,104.89434953038754,True
2011,4,34.5314,-79.3002,34.5359,-79.2894,EF1,0,0,0,0,1500000.0,0.0,100.2158534847624,True
2011,4,31.5904,-95.8242,31.5897,-95.808,EF0,0,0,0,0,0.0,0.0,176.9898954735991,True
2011,4,32.4844,-99.4016,32.4867,-99.381,EF0,0,0,0,0,0.0,0.0,15.069830927992955,True
2011,4,36.3951,-80.5721,36.4109,-80.5281,EF1,0,0,0,0,1000000.0,0.0,74.82061623986984,True
2011,4,45.3496,-89.3822,45.4246,-89.3592,EF1,0,0,0,0,1000000.0,0.0,137.72373562493885,True
2011,4,44.1327,-89.0045,44.1612,-88.8855,EF1,0,0,0,0,100000.0,0.0,81.90034167199755,True
2011,4,44.1612,-88.8855,44.1909,-88.7146,EF1,0,0,0,0,1370000.0,0.0,72.12319235624184,True
2011,4,44.2578,-88.2881,44.2757,-88.2701,EF2,0,0,0,0,6700000.0,0.0,30.248012229269182,True
2011,4,36.3037,-82.3923,36.3099,-82.3846,EF1,0,0,0,0,10000.0,0.0,91.7952780551379,True
2011,4,36.2971,-82.3174,36.2934,-82.3021,EF0,0,0,0,0,20000.0,0.0,98.32259623887582,True
2011,4,33.938,-88.7201,34.022,-88.5035,EF3,1,0,0,0,1000000.0,0.0,36.359125876420826,True
2011,4,34.4683,-88.2808,34.5559,-88.1572,EF2,0,0,1,0,500000.0,0.0,63.69139755730191,True
2011,4,34.3616,-86.3712,34.4495,-86.0869,EF2,0,0,0,0,0.0,0.0,68.51627552742603,True
2011,4,33.4164,-79.4516,33.4181,-79.4441,EF1,0,0,0,0,100000.0,0.0,114.02479906748948,True
2011,4,33.4631,-79.3701,33.4678,-79.3635,EF1,0,0,0,0,60000.0,0.0,104.85141709574238,True
2011,4,35.3606,-94.5074,35.3606,-94.5074,EF0,0,0,0,0,0.0,0.0,15.336318334355102,True
2011,4,35.6245,-96.1924,35.71,-96.1458,EF0,0,0,0,0,0.0,0.0,83.36204423461722,True
2011,4,34.5097,-78.1949,34.5135,-78.1921,EF1,0,0,0,0,66000.0,0.0,61.756447103612814,True
2011,4,34.6752,-77.9986,34.678,-77.996,EF0,0,0,0,0,12000.0,0.0,85.92007168883356,True
2011,4,30.49,-99.86,30.49,-99.86,EF0,0,0,0,0,0.0,0.0,115.04433840036322,True
2011,4,32.68,-99.12,32.68,-99.12,EF0,0,0,0,0,0.0,0.0,20.151162628192616,True
2011,4,44.2851,-88.1098,44.2995,-88.096,EF1,0,0,0,0,15000.0,0.0,23.742565431001807,True
2011,4,36.0424,-82.5568,36.0477,-82.5393,EF0,0,0,0,0,15000.0,0.0,77.20606417250096,True
2011,4,33.5969,-95.9213,33.6037,-95.896,EF0,0,0,0,0,35000.0,0.0,171.8746570974604,True
2011,4,40.6973,-84.4255,40.7183,-84.3969,EF1,0,0,0,0,0.0,0.0,129.75504682771316,True
2011,4,33.7489,-89.2018,33.938,-88.7201,EF3,3,0,25,0,2000000.0,0.0,82.27135443532474,True
2011,4,36.8251,-84.2241,36.8264,-84.1926,EF1,0,0,0,0,200000.0,0.0,103.60575190104596,True
2011,4,39.9704,-89.7098,39.9878,-89.7156,EF0,0,0,0,0,10000.0,0.0,37.53320883134932,True
2011,4,39.9988,-89.6946,40.0232,-89.7006,EF1,0,0,0,0,450000.0,0.0,34.80511898889002,True
2011,4,36.7645,-95.8126,36.767,-95.8099,EF1,0,0,0,0,0.0,0.0,69.21346547359491,True
2011,4,36.767,-95.8099,36.7818,-95.7935,EF1,0,0,0,0,20000.0,0.0,69.39985591016766,True
2011,4,35.4854,-96.3612,35.4854,-96.3612,EF0,0,0,0,0,0.0,0.0,84.77433030594726,True
2011,5,30.7635,-97.8372,30.7859,-97.8308,EF0,0,0,0,0,100000.0,0.0,43.6778708599016,True
2011,4,33.7599,-90.2297,33.8153,-90.1897,EF1,0,0,0,0,0.0,30000.0,166.13945283854176,True
2011,4,31.5763,-96.8648,31.5777,-96.8399,EF0,0,0,0,0,0.0,0.0,107.054161649994,True
2011,4,34.7501,-92.3773,34.7738,-92.3142,EF1,2,0,2,0,38500000.0,0.0,14.248169134001577,True
2011,4,34.4806,-92.4726,34.5424,-92.2479,EF1,0,0,0,0,600000.0,0.0,44.00355956486677,True
2011,4,33.834,-93.1313,33.8387,-93.0626,EF1,0,0,0,0,50000.0,0.0,137.09376776510132,True
2011,4,44.0378,-88.3214,44.0493,-88.2919,EF1,0,0,0,0,100000.0,0.0,53.907460403243284,True
2011,4,40.7183,-84.3969,40.7326,-84.3651,EF0,0,0,0,0,0.0,0.0,130.43512248388586,True
2011,4,34.8108,-95.664,34.8788,-95.6135,EF1,0,0,0,0,0.0,0.0,129.97417840727783,True
2011,4,37.049,-80.803,37.033,-80.775,EF2,0,0,9,0,3900000.0,0.0,47.02175022804645,True
2011,4,34.5424,-92.2479,34.565,-92.1956,EF1,0,0,0,0,175000.0,0.0,32.71427921990708,True
2011,4,32.146,-97.1435,32.1457,-97.1314,EF0,0,0,0,0,0.0,0.0,49.7669598196726,True
2011,4,36.2102,-76.7827,36.2435,-76.7653,EF2,0,0,8,0,250000.0,0.0,88.33893175122698,True
2011,4,36.243,-76.7815,36.2861,-76.7461,EF2,0,0,3,0,1000000.0,1200000.0,84.81554862536308,True
2011,4,32.4444,-99.418,32.4507,-99.3892,EF0,0,0,0,0,0.0,0.0,18.580055711178048,True
2011,4,44.2874,-88.7391,44.3185,-88.617,EF1,0,0,0,0,0.0,0.0,55.14884985574275,True
2011,4,35.3815,-88.9926,35.3878,-88.9677,EF0,0,0,0,0,15000.0,0.0,79.9685622956983,True
2011,4,40.8576,-84.082,40.8635,-84.0709,EF1,0,0,0,0,0.0,0.0,146.5568134354327,True
2011,4,34.0891,-88.36,34.1677,-88.1932,EF5,0,0,0,0,100000.0,0.0,21.558493753725177,True
2011,4,34.8417,-78.6563,34.851,-78.6324,EF2,3,0,0,0,1000000.0,0.0,92.81338922704771,True
2011,4,34.6777,-79.0098,34.6866,-78.9861,EF1,0,0,0,0,3000000.0,0.0,93.29619290366857,True
2011,4,34.5398,-78.7875,34.6485,-78.5981,EF2,1,0,0,0,3100000.0,0.0,69.52191452708702,True
2011,4,34.4216,-78.7303,34.4234,-78.7271,EF0,0,0,0,0,0.0,0.0,55.489508419937366,True
2011,4,34.4402,-95.7424,34.4402,-95.7424,EF0,0,0,0,0,0.0,0.0,157.48202187027312,True
2011,4,34.4419,-95.7417,34.4575,-95.6927,EF1,0,0,0,0,10000.0,0.0,157.31647728745315,True
2011,4,35.9862,-95.4067,36.0041,-95.383,EF1,0,0,0,0,40000.0,0.0,25.3148441468934,True
2011,4,35.0142,-95.9263,35.0121,-95.9238,EF0,0,0,0,0,15000.0,0.0,127.8488497740329,True
2011,4,34.9698,-94.5075,34.9698,-94.5075,EF0,0,0,0,0,5000.0,0.0,38.030336811218746,True
2011,4,35.0022,-86.6981,35.2331,-86.417,EF1,0,0,0,0,0.0,0.0,56.55801461582586,True
2011,4,39.9677,-76.7795,39.9709,-76.7713,EF0,0,0,2,0,20000.0,0.0,125.89812209041894,True
2011,4,34.5988,-92.1469,34.622,-92.05,EF1,0,0,1,0,450000.0,0.0,28.43323917432678,True
2011,4,32.3655,-96.2048,32.4143,-96.14,EF0,0,0,0,0,5000.0,0.0,105.58323916502005,True
2011,4,34.03,-102.7999,34.0296,-102.7826,EF0,0,0,0,0,0.0,0.0,100.1735629966138,True
2011,4,44.0216,-89.9549,44.0728,-89.6184,EF2,0,0,0,0,3300000.0,0.0,101.44679662493515,True
2011,4,45.1113,-89.8858,45.1201,-89.8707,EF0,0,0,0,0,258000.0,0.0,155.70289164107902,True
2011,4,33.3577,-79.6514,33.3584,-79.6486,EF0,0,0,0,0,28000.0,0.0,133.12423353165798,True
2011,4,34.7554,-86.866,34.7726,-86.7859,EF1,0,0,0,0,0.0,0.0,74.00919653682072,True
2011,4,34.2619,-86.4529,34.3458,-86.3014,EF1,0,0,0,0,0.0,0.0,81.6734116040425,True
2011,4,40.3453,-86.8953,40.3523,-86.8854,EF1,0,0,0,0,80000.0,0.0,88.15977744916681,True
2011,4,32.2702,-97.4159,32.2736,-97.3923,EF1,0,0,0,0,150000.0,0.0,35.27002665055377,True
2011,4,32.4143,-97.233,32.4155,-97.2312,EF1,0,0,2,0,100000.0,0.0,18.80858530709064,True
2011,4,35.368,-81.512,35.362,-81.506,EF0,0,0,3,0,50000.0,0.0,83.95666835483718,True
2011,4,44.0754,-89.6184,44.0864,-89.5981,EF1,0,0,0,0,426000.0,0.0,128.87621481452325,True
2011,4,45.1201,-89.8707,45.2938,-89.5368,EF3,0,0,2,0,10900000.0,0.0,155.05669008045325,True
2011,6,42.5657,-101.32,42.5709,-101.3085,EF0,0,0,0,0,0.0,0.0,91.17785012890069,True
2011,4,36.4564,-77.6327,36.4731,-77.6085,EF1,0,0,0,0,20000.0,0.0,80.90297020229312,True
2011,4,36.0968,-75.8325,36.1157,-75.8049,EF1,0,0,0,0,40000.0,0.0,144.04199928820518,True
2011,4,36.2435,-76.7653,36.3059,-76.7139,EF2,0,0,0,0,800000.0,800000.0,85.11719626425561,True
2011,4,34.98,-94.4419,34.9835,-94.4331,EF1,0,0,0,0,100000.0,0.0,35.274694295793275,True
2011,4,34.7298,-95.1245,34.7553,-95.0599,EF1,0,0,0,0,25000.0,0.0,93.32625652805031,True
2011,4,34.7553,-95.0599,34.7588,-95.0517,EF1,0,0,0,0,0.0,0.0,87.06572501160774,True
2011,4,34.5092,-95.5091,34.5741,-95.4145,EF2,0,0,0,0,0.0,0.0,135.98246491240474,True
2011,4,34.789,-86.7716,34.7971,-86.7369,EF1,0,0,0,0,0.0,0.0,64.71618278077752,True
2011,4,37.028,-80.774,36.995,-80.735,EF1,0,0,0,0,1400000.0,0.0,44.37467328882999,True
2011,4,32.4977,-99.3851,32.4977,-99.3851,EF0,0,0,0,0,0.0,0.0,13.082074629750002,True
2011,4,32.4313,-95.7028,32.489,-95.5943,EF1,0,0,1,0,200000.0,0.0,150.89760639116446,True
2011,4,32.3666,-96.1644,32.3706,-96.0789,EF0,0,0,0,0,30000.0,0.0,109.2585971440741,True
2011,4,44.63,-91.19,44.6462,-91.1673,EF1,0,0,0,0,200000.0,0.0,89.75992342665897,True
2011,5,42.1465,-89.1759,42.1488,-89.164,EF1,0,0,0,0,50000.0,0.0,104.7037728634275,True
2011,4,43.9954,-90.0936,44.0089,-90.0076,EF1,0,0,0,0,30000.0,0.0,89.99040431550127,True
2011,4,44.0864,-89.5981,44.1039,-89.4413,EF1,0,0,0,0,175000.0,0.0,126.9162732491871,True
2011,4,36.3059,-76.7139,36.4124,-76.5966,EF1,0,0,0,0,30000.0,0.0,79.80886282699487,True
2011,4,35.4893,-94.1774,35.5162,-94.1366,EF1,0,0,0,0,15000.0,0.0,27.726457094389378,True
2011,4,35.2759,-94.0217,35.2946,-93.943,EF1,0,0,2,0,30000.0,0.0,30.91999110732492,True
2011,4,42.6067,-95.5435,42.6188,-95.443,EF1,0,0,0,0,100000.0,0.0,145.47473780143898,True
2011,4,34.6365,-95.4727,34.6437,-95.4618,EF1,0,0,0,0,0.0,0.0,124.63162890251112,True
2011,4,34.5941,-95.5835,34.6245,-95.5169,EF1,0,0,0,0,0.0,0.0,135.62148893930595,True
2011,4,35.2331,-86.417,35.2683,-86.374,EF2,0,0,0,0,0.0,0.0,45.29999869851049,True
2011,4,30.8333,-95.0827,30.8333,-95.0827,EF0,0,0,0,0,1000.0,0.0,151.3767708784844,True
2011,4,34.5128,-78.185,34.5679,-78.097,EF0,0,0,0,0,33000.0,0.0,62.40092228682286,True
2011,4,31.7919,-96.4904,31.7959,-96.4772,EF0,0,0,0,0,0.0,0.0,115.71172682541886,True
2011,4,34.3734,-78.4207,34.3796,-78.414,EF0,0,0,0,0,27000.0,0.0,42.73262527511487,True
2011,4,35.9774,-86.657,35.9856,-86.6104,EF1,0,0,0,0,250000.0,4000.0,31.180427465583012,True
2011,4,36.0841,-87.8069,36.085,-87.755,EF1,0,0,0,0,150000.0,5000.0,86.29263281019685,True
2011,4,45.6386,-88.8233,45.7224,-88.676,EF2,0,0,0,0,200000.0,0.0,138.54933774308904,True
2011,4,34.1989,-78.7435,34.2108,-78.7306,EF1,0,0,0,0,35000.0,0.0,37.17177901762307,True
2011,4,37.8305,-83.5164,37.8321,-83.5115,EF0,0,0,0,0,30000.0,0.0,32.09692045126727,True
2011,5,35.1394,-90.1807,35.1466,-90.1371,EF1,0,0,0,0,500000.0,0.0,36.06128862402809,True
2011,4,34.685,-95.3778,34.7431,-95.3018,EF0,0,0,0,0,0.0,0.0,114.44181542108494,True
2011,4,34.9285,-94.708,35.0082,-94.6362,EF1,0,0,3,0,40000.0,0.0,51.095160450054244,True
2011,4,34.9399,-94.6715,34.961,-94.6636,EF1,0,0,0,0,10000.0,0.0,48.084780338043885,True
2011,5,38.9963,-98.4258,39.0004,-98.4179,EF0,0,0,0,0,0.0,0.0,147.28749591142198,True
2011,4,32.3896,-95.9557,32.3948,-95.9394,EF0,0,0,0,0,0.0,0.0,128.01920309219875,True
2011,4,32.1756,-96.4225,32.1796,-96.4167,EF0,0,0,0,0,0.0,0.0,93.75417676184163,True
2011,4,44.69,-91.14,44.696,-91.1276,EF1,0,0,0,0,250000.0,0.0,96.51740547792326,True
2011,4,34.808,-87.878,34.833,-87.868,EF1,0,0,1,0,0.0,0.0,109.44822271146128,True
2011,4,31.5313,-96.5381,31.5184,-96.5341,EF1,0,0,0,0,150000.0,0.0,120.7022833554922,True
2011,4,31.5003,-96.3661,31.5005,-96.3546,EF0,0,0,0,0,0.0,0.0,129.8610618713372,True
2011,4,31.3529,-96.5615,31.3516,-96.549,EF0,0,0,0,0,0.0,0.0,105.11487863416974,True
2011,5,37.5803,-89.6602,37.5859,-89.655,EF0,0,0,0,0,1000.0,0.0,97.00399796060897,True
2011,4,32.7721,-96.4716,32.7717,-96.4637,EF1,0,0,0,0,60000.0,0.0,80.9258726884314,True
2011,4,32.9888,-96.1126,33.036,-96.0119,EF1,0,0,0,0,250000.0,0.0,120.52901036274963,True
2011,4,37.1532,-76.704,37.1968,-76.662,EF3,0,0,0,0,250000.0,0.0,32.85693494863634,True
2011,4,36.9343,-82.6329,36.9303,-82.6285,EF0,0,0,0,0,50000.0,0.0,94.61627378269804,True
2011,5,38.3072,-87.25,38.3391,-87.1678,EF1,0,0,0,0,20000.0,0.0,41.745219316888864,True
2011,4,33.3526,-84.2732,33.3573,-84.2664,EF3,0,0,0,0,150000.0,0.0,27.204391944678125,True
2011,4,33.2016,-85.0034,33.244,-84.9462,EF1,0,0,1,0,1500000.0,0.0,44.47299086716284,True
2011,4,38.18,-87.47,38.1966,-87.4271,EF1,0,0,0,0,80000.0,0.0,23.958009515247156,True
2011,4,33.5268,-83.6821,33.62,-83.3575,EF1,0,0,0,0,7000000.0,0.0,83.98515423227904,True
2011,4,33.1663,-84.5806,33.2058,-84.4974,EF2,0,0,0,0,250000.0,0.0,21.95173152206201,True
2011,4,32.82,-84.85,32.8533,-84.7242,EF2,0,0,0,0,2000000.0,0.0,65.96091991268845,True
2011,4,33.5125,-83.7117,33.5268,-83.6821,EF1,0,0,0,0,400000.0,0.0,80.97183356022423,True
2011,5,36.4812,-94.8951,36.5579,-94.6179,EF3,0,0,2,0,1000000.0,0.0,68.9299307909348,True
2011,4,34.3271,-87.3742,34.3381,-87.3302,EF1,0,0,0,0,0.0,0.0,100.08916216867055,True
2011,4,34.4495,-86.0869,34.4629,-86.043,EF1,0,0,0,0,0.0,0.0,53.49116522290317,True
2011,5,38.3697,-98.5803,38.4266,-98.6414,EF1,0,0,1,0,250000.0,0.0,127.48221084377192,True
2011,4,35.8254,-93.526,35.9365,-93.0447,EF1,0,0,0,0,500000.0,0.0,96.20895165405652,True
2011,6,33.8863,-91.4456,33.8863,-91.4456,EF0,0,0,0,0,0.0,0.0,129.51915505402783,True
2011,5,39.7964,-83.9634,39.7987,-83.9458,EF1,0,0,0,0,3000.0,0.0,43.55068979438859,True
2011,4,32.9684,-85.0301,33.0159,-84.9288,EF2,0,0,6,0,10000000.0,0.0,61.61102053541841,True
2011,5,39.1736,-76.0384,39.2113,-75.9895,EF0,0,0,0,0,1000.0,0.0,64.58929425794321,True
2011,4,32.8533,-84.7242,32.9297,-84.5268,EF2,0,0,0,0,6000000.0,0.0,58.59964218415179,True
2011,4,34.4009,-84.6534,34.4124,-84.6393,EF2,0,0,0,0,350000.0,0.0,115.6553591565019,True
2011,5,38.261,-98.7692,38.2947,-98.8151,EF1,0,0,0,0,0.0,0.0,118.91009223283865,True
2011,5,38.8508,-98.4784,38.8548,-98.4717,EF0,0,0,0,0,0.0,0.0,160.8391288254909,True
2011,4,34.872,-92.1702,34.9355,-92.122,EF2,0,0,4,0,125000000.0,0.0,9.260785068526971,True
2011,5,39.22,-93.06,39.2211,-92.9941,EF1,0,0,0,0,230000.0,0.0,113.59736365848315,True
2011,4,33.8153,-90.1897,34.084,-89.9932,EF1,0,0,0,0,35000.0,0.0,171.78715890153643,True
2011,4,34.8744,-85.1785,34.9868,-85.0485,EF4,8,0,30,0,25000000.0,0.0,82.77609888618518,True
2011,4,34.7333,-85.5578,34.7661,-85.5241,EF1,0,0,0,0,150000.0,0.0,52.76621337268069,True
2011,4,34.4124,-84.6393,34.4774,-84.5513,EF3,0,0,0,0,8000000.0,0.0,116.84821721928725,True
2011,4,33.244,-84.9462,33.3023,-84.8678,EF1,0,0,0,0,50000.0,0.0,37.757443943974245,True
2011,4,34.0664,-85.419,34.0801,-85.3457,EF2,0,0,0,0,7000000.0,0.0,111.07972766885636,True
2011,5,37.22,-88.99,37.2599,-88.9419,EF0,0,0,0,0,30000.0,0.0,25.65135102158962,True
2011,7,42.2916,-104.4232,42.2916,-104.4232,EF0,0,0,0,0,0.0,0.0,130.64775195171535,True
2011,7,42.13,-104.35,42.13,-104.35,EF0,0,0,0,0,0.0,0.0,115.16987838861944,True
2011,5,39.9909,-83.7618,39.9947,-83.7561,EF1,0,0,0,0,15000.0,3000.0,63.65745703722229,True
2011,4,33.2288,-83.3138,33.2519,-83.2553,EF1,0,0,0,0,1000000.0,0.0,61.679183356679005,True
2011,3,29.7689,-89.7899,29.7606,-89.7889,EF1,0,0,0,0,200000.0,0.0,102.43754954691764,True
2011,5,39.92,-95.27,39.923,-95.2669,EF0,0,0,0,0,0.0,0.0,131.76633200844742,True
2011,4,38.1966,-87.4271,38.2076,-87.3966,EF1,0,0,0,0,50000.0,0.0,26.925901465967677,True
2011,4,34.3366,-96.2186,34.3467,-96.1566,EF1,0,0,0,0,10000.0,0.0,147.03959123913836,True
2011,4,34.8924,-85.423,34.9531,-85.2666,EF2,0,0,25,0,5000000.0,0.0,60.38612605545839,True
2011,4,33.0236,-84.2693,33.1315,-84.0414,EF3,2,0,12,0,10000000.0,0.0,46.78011443287977,True
2011,4,33.62,-83.3575,33.6339,-83.2996,EF1,0,0,0,0,750000.0,0.0,105.08200154664014,True
2011,5,37.3445,-88.843,37.4056,-88.7178,EF1,0,0,0,0,75000.0,0.0,31.346918277000057,True
2011,7,42.0411,-104.18,42.0411,-104.18,EF0,0,0,0,0,0.0,0.0,111.73962841168131,True
2011,5,38.7525,-95.2659,38.7525,-95.2659,EF0,0,0,0,0,0.0,0.0,87.04256706590628,True
2011,5,37.2599,-88.9419,37.3445,-88.843,EF2,0,0,0,0,150000.0,0.0,26.087879548914604,True
2011,4,37.7476,-79.74,37.7674,-79.7244,EF0,0,0,0,0,5000.0,0.0,93.26427556514362,True
2011,4,33.7408,-90.2436,33.7599,-90.2297,EF1,0,0,0,0,15000.0,0.0,164.22214037896825,True
2011,4,38.7364,-90.4863,38.746,-90.201,EF4,0,0,5,0,250000000.0,0.0,17.548583600131963,True
2011,4,32.9045,-90.4135,33.0009,-90.3217,EF1,0,0,0,0,20000.0,100000.0,80.2367928324159,True
2011,7,41.92,-104.07,41.92,-104.07,EF0,0,0,0,0,0.0,0.0,105.10715155951245,True
2011,5,39.09,-93.73,39.09,-93.7283,EF0,0,0,0,0,0.0,0.0,55.71141204677748,True
2011,4,35.1788,-92.1163,35.3098,-91.9473,EF1,0,0,0,0,300000.0,0.0,40.31970201912011,True
2011,4,35.2053,-92.4738,35.2132,-92.4569,EF1,0,0,0,0,100000.0,0.0,45.33214283784682,True
2011,5,39.18,-93.86,39.1798,-93.8553,EF0,0,0,0,0,500.0,0.0,53.965037840236626,True
2011,5,39.21,-93.52,39.2101,-93.5176,EF0,0,0,0,0,2500.0,0.0,78.18760703104049,True
2011,4,34.6656,-83.9427,34.709,-83.8596,EF2,0,0,1,0,750000.0,0.0,155.77857340430546,True
2011,4,39.5464,-89.4616,39.5537,-89.4254,EF1,0,0,0,0,90000.0,0.0,68.01152010392569,True
2011,4,34.2911,-93.5089,34.3086,-93.4792,EF1,0,0,0,0,25000.0,0.0,129.28061016499944,True
2011,4,34.5386,-93.9332,34.5513,-93.9149,EF1,0,0,0,0,50000.0,0.0,92.28378121721741,True
2011,4,34.3086,-93.4792,34.3402,-93.436,EF1,0,0,0,0,40000.0,0.0,125.95657125451729,True
2011,5,38.1387,-87.6755,38.1448,-87.6555,EF2,0,0,0,0,40000.0,0.0,14.177239934112633,True
2011,5,38.1448,-87.6555,38.1668,-87.623,EF2,0,0,0,0,100000.0,0.0,14.182540211062728,True
2011,5,38.1668,-87.623,38.2512,-87.5049,EF2,0,0,0,0,100000.0,0.0,13.66094005332759,True
2011,5,37.7044,-88.2977,37.7358,-88.0847,EF1,0,0,0,0,250000.0,0.0,79.64684578140634,True
2011,5,38.3605,-89.1238,38.4634,-88.9123,EF2,0,0,0,0,4000000.0,0.0,122.59486878605934,True
2011,4,32.9297,-84.5268,32.9596,-84.4632,EF2,0,0,0,0,500000.0,0.0,48.354181398170944,True
2011,5,38.5256,-98.683,38.5278,-98.6768,EF0,0,0,0,0,0.0,0.0,140.98323398015867,True
2011,5,38.5353,-98.5439,38.5753,-98.5079,EF0,0,0,0,0,0.0,0.0,137.3804249989343,True
2011,4,36.816,-81.725,36.838,-81.684,EF2,0,0,0,0,2250000.0,0.0,131.03508707916873,True
2011,4,34.3054,-86.6549,34.3528,-86.5813,EF4,0,0,0,0,0.0,0.0,86.97728990844736,True
2011,5,37.08,-89.54,37.0844,-89.5364,EF0,0,0,0,0,1000.0,0.0,68.1525485976525,True
2011,4,32.6954,-84.8575,32.696,-84.8504,EF0,0,0,0,0,5000.0,0.0,79.09122394273678,True
2011,5,40.9409,-87.4637,40.9416,-87.462,EF0,0,0,0,0,25000.0,0.0,90.19350261170048,True
2011,5,40.2511,-84.15,40.2513,-84.1498,EF0,0,0,0,0,0.0,0.0,96.54403916601987,True
2011,5,36.6383,-87.6149,36.8107,-87.3883,EF2,0,0,1,0,350000.0,0.0,31.384739433427903,True
2011,4,37.18,-89.7063,37.18,-89.7027,EF0,0,0,0,0,0.0,0.0,83.76450584632572,True
2011,5,37.6376,-90.0967,37.6397,-90.0918,EF0,0,0,0,0,3000.0,0.0,128.65038411740497,True
2011,4,34.9309,-92.393,35.1788,-92.1163,EF2,4,0,15,0,52000000.0,0.0,15.917790620634415,True
2011,4,34.4059,-85.7294,34.4427,-85.625,EF2,0,0,0,0,0.0,0.0,66.72857746061028,True
2011,5,40.9144,-87.1612,40.9336,-87.1337,EF1,0,0,0,0,50000.0,0.0,108.82381967032082,True
2011,5,40.7845,-83.663,40.7859,-83.6596,EF0,0,0,0,0,0.0,0.0,152.29439660099598,True
2011,5,41.9309,-84.9767,41.9315,-84.9703,EF1,0,0,0,0,50000.0,0.0,87.5313396490924,True
2011,4,34.5254,-95.8314,34.5328,-95.7611,EF1,0,0,0,0,30000.0,0.0,158.71921352418002,True
2011,4,34.5134,-95.7228,34.5164,-95.715,EF1,0,0,0,0,10000.0,0.0,151.2184031010521,True
2011,4,34.4975,-93.9936,34.5386,-93.9332,EF1,0,0,0,0,200000.0,0.0,94.34858511999488,True
2011,4,34.454,-93.3165,34.4836,-93.2199,EF2,0,0,9,0,3000000.0,0.0,105.42344313757474,True
2011,4,32.7119,-83.7127,32.7223,-83.698,EF1,0,0,0,0,300000.0,0.0,34.08506604754905,True
2011,5,40.1002,-75.0279,40.1013,-75.0299,EF0,0,0,2,0,50000.0,0.0,55.24730104031004,True
2011,5,41.2343,-82.6909,41.2173,-82.5394,EF1,0,0,0,0,250000.0,0.0,72.17586668152364,True
2011,5,37.4353,-90.14,37.5617,-90.0253,EF1,0,0,0,0,30000.0,0.0,127.77512954795125,True
2011,4,33.8668,-86.995,33.8975,-86.9274,EF4,0,0,0,0,20000000.0,0.0,80.03749960828469,True
2011,4,34.6365,-92.961,34.733,-92.8,EF1,0,0,0,0,2000000.0,0.0,67.63459706201202,True
2011,4,36.246,-79.3558,36.2729,-79.3049,EF1,0,0,0,0,400000.0,0.0,101.20638442621737,True
2011,4,34.5066,-93.302,34.664,-93.135,EF2,0,0,10,0,5000000.0,0.0,101.93655011871104,True
2011,4,34.2798,-86.3935,34.3273,-86.329,EF1,0,0,0,0,0.0,0.0,77.7197966333876,True
2011,4,34.6004,-85.5835,34.6519,-85.5496,EF1,0,0,0,0,0.0,0.0,58.605575243788174,True
2011,4,34.3836,-86.297,34.4426,-86.1995,EF1,0,0,0,0,0.0,0.0,63.87312803012093,True
2011,4,34.2554,-86.3491,34.2989,-86.3215,EF1,0,0,0,0,0.0,0.0,78.90857293248982,True
2011,3,31.9196,-83.933,31.9205,-83.9261,EF0,0,0,0,0,30000.0,0.0,100.2319749233839,True
2011,4,36.6625,-87.5071,36.691,-87.4773,EF3,0,0,0,0,1000000.0,0.0,21.45035250234278,True
2011,4,34.8586,-85.5323,34.9815,-85.4422,EF1,0,0,0,0,1000000.0,0.0,50.913438514768536,True
2011,4,32.2846,-83.3234,32.3011,-83.2735,EF2,1,0,2,0,150000.0,0.0,43.487135607943316,True
2011,5,39.202,-85.107,39.2133,-85.0836,EF0,0,0,0,0,5000.0,0.0,113.21320010850502,True
2011,6,26.1184,-98.1937,26.1203,-98.1997,EF1,0,0,1,0,500000.0,0.0,80.67068131207768,True
2011,4,34.2923,-96.2509,34.47,-96.0149,EF3,2,0,40,0,0.0,0.0,148.92936879599011,True
2011,4,32.9958,-84.321,33.0236,-84.2693,EF1,0,0,0,0,10000.0,0.0,46.790107926948075,True
2011,4,33.2519,-83.2503,33.2735,-83.2052,EF0,0,0,0,0,15000.0,0.0,64.83522663878989,True
2011,4,32.3749,-84.8532,32.3737,-84.8574,EF1,0,0,0,0,250000.0,0.0,89.69482174671784,True
2011,5,39.215,-84.013,39.218,-84.012,EF0,0,0,0,0,30000.0,0.0,28.140964825503687,True
2011,4,34.6459,-87.1055,34.6615,-87.07,EF3,0,0,0,0,400000.0,0.0,98.54069658736631,True
2011,4,37.0571,-77.6902,37.1416,-77.6199,EF1,0,0,5,0,1500000.0,0.0,61.15454326798278,True
2011,4,36.087,-76.9502,36.243,-76.7815,EF3,12,0,55,0,2250000.0,0.0,99.85981049457614,True
2011,4,34.8645,-97.0663,34.8645,-97.0663,EF0,0,0,0,0,0.0,0.0,55.538253958631344,True
2011,4,36.3771,-94.1991,36.3771,-94.1991,EF0,0,0,0,0,0.0,0.0,119.010609216164,True
2011,4,35.825,-93.5305,35.8254,-93.526,EF1,0,0,0,0,0.0,0.0,95.86192180465683,True
2011,4,33.4319,-82.7598,33.4617,-82.6299,EF1,0,0,0,0,1000000.0,0.0,100.6014184246509,True
2011,3,31.9205,-83.9261,31.9216,-83.921,EF0,0,0,0,0,0.0,0.0,99.7952918441971,True
2011,5,37.2047,-89.1807,37.3365,-89.1036,EF1,0,0,0,0,40000.0,0.0,39.27925213136533,True
2011,4,34.2703,-84.8674,34.4009,-84.6534,EF3,0,0,25,0,15000000.0,0.0,104.62769819558436,True
2011,5,36.8846,-90.9057,36.89,-90.9,EF0,0,0,0,0,2000.0,0.0,190.63918284306916,True
2011,4,33.1979,-83.8561,33.2,-83.846,EF0,0,0,0,0,30000.0,0.0,68.49146226286017,True
2011,4,34.6166,-96.5468,34.6211,-96.53,EF1,0,0,0,0,8000.0,0.0,103.83609428253328,True
2011,4,34.5903,-93.039,34.6365,-92.961,EF3,1,0,20,0,21000000.0,0.0,76.11422508064156,True
2011,4,34.8409,-97.0099,34.8409,-97.0099,EF0,0,0,0,0,0.0,0.0,59.90601868643605,True
2011,4,34.8853,-92.4563,34.8903,-92.4467,EF1,0,0,0,0,5000.0,0.0,18.548981442079725,True
2011,4,34.8903,-92.4467,34.9309,-92.393,EF1,0,0,1,0,300000.0,0.0,17.89152702488012,True
2011,4,36.2877,-94.5465,36.2877,-94.5465,EF0,0,0,0,0,0.0,0.0,92.13120765720632,True
2011,3,32.6,-82.8309,32.6,-82.7708,EF1,0,0,0,0,250000.0,0.0,49.41950908314761,True
2011,5,37.0749,-89.1764,37.1312,-89.1058,EF1,0,0,0,0,50000.0,0.0,35.891303963097776,True
2011,4,34.638,-84.5923,34.6463,-84.547,EF1,0,0,0,0,1000000.0,0.0,140.0234157354749,True
2011,4,34.8431,-85.5799,34.8924,-85.423,EF3,2,0,25,0,20000000.0,0.0,46.961775320325614,True
2011,4,32.8628,-83.716,32.9002,-83.6762,EF1,0,0,0,0,2000000.0,0.0,40.00110024425261,True
2011,5,37.5328,-89.5413,37.5629,-89.5328,EF1,0,0,0,0,20000.0,0.0,85.42996788859787,True
2011,5,36.5903,-88.1422,36.5886,-88.1355,EF0,0,0,0,0,50000.0,0.0,77.24517065160957,True
2011,4,34.0801,-85.3457,34.1779,-85.0425,EF2,0,0,4,0,5000000.0,0.0,107.49127071247304,True
2011,4,33.9292,-86.8617,33.9305,-86.8592,EF1,0,0,0,0,0.0,0.0,84.63377780677813,True
2011,4,33.944,-86.8272,33.9471,-86.8206,EF1,0,0,0,0,0.0,0.0,86.01421275306853,True
2011,4,33.9526,-86.7969,33.9547,-86.7894,EF1,0,0,0,0,0.0,0.0,86.8419549545886,True
2011,4,34.8057,-92.6075,34.8853,-92.4563,EF1,0,0,0,0,800000.0,0.0,31.728127842602895,True
2011,4,39.3765,-89.5106,39.3784,-89.4454,EF0,0,0,0,0,95000.0,0.0,87.3365402062404,True
2011,4,39.5717,-89.2741,39.5722,-89.2571,EF1,0,0,0,0,60000.0,0.0,64.58055662232933,True
2011,4,34.5284,-95.74,34.5622,-95.6751,EF1,0,0,0,0,50000.0,0.0,151.56016272553464,True
2011,5,36.7287,-88.4096,36.7317,-88.4063,EF0,0,0,0,0,10000.0,0.0,49.64210164738246,True
2011,4,34.7206,-84.6039,34.7338,-84.5759,EF0,0,0,0,0,500000.0,0.0,137.06818547729958,True
2011,5,38.3221,-87.22,38.336,-87.1639,EF1,0,0,0,0,20000.0,0.0,44.565340508127385,True
2011,4,34.1779,-85.0425,34.19,-84.99,EF1,0,0,0,0,250000.0,0.0,100.72351630212582,True
2011,4,33.1386,-85.0878,33.2016,-85.0034,EF0,0,0,0,0,250000.0,0.0,54.59261840249541,True
2011,4,34.709,-83.8596,34.7887,-83.6687,EF2,0,0,0,0,100000.0,0.0,150.97786329227722,True
2011,6,48.0062,-107.3308,48.0062,-107.3308,EF0,0,0,0,0,0.0,0.0,56.9575648067369,True
2011,2,38.6191,-90.7161,38.6205,-90.7139,EF1,0,0,0,0,0.0,0.0,9.331258575347544,True
2011,12,30.4493,-93.4417,30.4561,-93.4318,EF1,0,0,0,0,500000.0,0.0,42.048696811915626,True
2011,12,34.3753,-85.0146,34.38,-85.01,EF0,0,0,0,0,2000.0,0.0,115.64216823515507,True
2011,2,34.3015,-86.9734,34.3029,-86.9695,EF0,0,0,0,0,0.0,0.0,107.34297629507218,True
2011,2,38.6214,-90.6909,38.6208,-90.6741,EF1,0,0,0,0,0.0,0.0,8.644254546351911,True
2011,12,34.5748,-84.6465,34.5854,-84.6234,EF1,0,0,0,0,75000.0,0.0,134.91455779776027,True
2011,2,35.0003,-85.7147,35.0007,-85.7141,EF0,0,0,0,0,20000.0,0.0,34.49963519866559,True
2011,2,20.7719,-156.4477,20.7719,-156.4477,EF0,0,0,0,0,0.0,0.0,86.00529035541092,True
2011,12,34.38,-85.01,34.39,-84.99,EF0,0,0,0,0,150000.0,0.0,115.71848295799931,True
2011,12,34.39,-84.99,34.48,-84.86,EF3,0,0,4,0,500000.0,0.0,116.69309920727093,True
2011,2,36.8956,-87.618,36.9109,-87.5171,EF2,0,0,0,0,600000.0,0.0,34.512517345018644,True
2011,11,36.725,-79.427,36.732,-79.381,EF1,0,0,0,0,500000.0,0.0,82.37058867405844,True
2011,4,35.2975,-84.96,35.316,-84.921,EF2,0,0,1,0,125000.0,0.0,110.0449686797497,True
2011,12,33.2664,-84.7997,33.2735,-84.7833,EF1,0,0,0,0,150000.0,0.0,24.25757243906326,True
2011,6,46.8852,-101.2976,46.8867,-101.2958,EF0,0,0,0,0,0.0,0.0,42.8116492113775,True
2011,11,30.88,-90.61,30.884,-90.6041,EF1,0,0,0,0,50000.0,0.0,44.5107369858611,True
2011,11,29.5841,-90.6579,29.5861,-90.6558,EF0,0,0,0,0,30000.0,0.0,106.7802293552578,True
2011,2,38.7138,-90.1643,38.7124,-90.1038,EF1,0,0,0,0,0.0,0.0,45.01930564941706,True
2011,12,33.3375,-84.412,33.356,-84.3943,EF1,0,0,0,0,25000.0,0.0,14.574126579510532,True
2011,6,46.95,-101.26,46.9559,-101.2545,EF0,0,0,0,0,0.0,0.0,42.90207820487901,True
2011,6,46.304,-102.3867,46.305,-102.3852,EF0,0,0,0,0,0.0,5000.0,134.79589673962263,True
2011,2,36.5256,-88.889,36.5309,-88.8637,EF1,0,0,0,0,0.0,0.0,61.242301771617555,True
2011,12,33.5115,-84.5409,33.5201,-84.4915,EF0,0,0,0,0,25000.0,0.0,16.637357131174767,True
2011,5,36.54,-91.92,36.545,-91.8969,EF0,0,0,0,0,10000.0,0.0,152.66712283433193,True
2011,3,35.926,-78.4534,35.9431,-78.4173,EF0,0,0,1,0,100000.0,0.0,29.17917197458357,True
2011,2,34.2496,-81.728,34.2447,-81.6691,EF1,0,0,0,0,120000.0,0.0,65.33468199874758,True
2011,11,38.5539,-86.4801,38.5626,-86.4464,EF1,0,0,0,0,100000.0,0.0,79.56959503439046,True
2011,2,36.5602,-89.1789,36.5625,-89.159,EF0,0,0,0,0,30000.0,0.0,67.11817578740872,True
2011,2,36.9996,-96.6291,37.0076,-96.6126,EF0,0,0,0,0,0.0,0.0,102.379299301448,True
2011,2,38.27,-87.7906,38.28,-87.3608,EF1,0,0,0,0,150000.0,0.0,5.870310199294473,True
2011,4,40.87,-117.85,40.87,-117.84,EF0,0,0,0,0,0.0,0.0,89.32502304308045,True
2011,2,37.7467,-83.3719,37.7471,-83.3674,EF1,0,0,0,0,75000.0,0.0,18.0894153734647,True
2011,2,31.6396,-93.4925,31.66,-93.3929,EF0,0,0,0,0,1000.0,0.0,72.83632467883473,True
2011,2,36.5309,-88.8637,36.5474,-88.8167,EF1,0,0,0,0,60000.0,0.0,60.315386131409994,True
2011,2,38.8669,-89.5493,38.8642,-89.4993,EF1,0,0,0,0,0.0,0.0,100.00819749133564,True
2011,2,34.7782,-92.8653,34.8437,-92.7897,EF1,0,0,0,0,50000.0,0.0,55.46498441506946,True
2011,5,36.9914,-94.061,36.9776,-93.9341,EF2,0,0,0,0,300000.0,0.0,64.5590223007903,True
2011,2,34.8437,-92.7897,34.8689,-92.7551,EF1,0,0,0,0,15000.0,0.0,48.171917190415414,True
2011,5,36.559,-94.6179,36.5475,-94.5964,EF3,0,0,2,0,1000000.0,0.0,94.87493823681613,True
2011,11,30.0536,-95.1519,30.0583,-95.1495,EF1,0,0,0,0,100000.0,0.0,65.06055925302788,True
2011,1,28.49,-80.865,28.49,-80.865,EF0,0,0,0,0,0.0,0.0,46.70991117292082,True
2011,2,37.0344,-96.4843,37.0363,-96.4673,EF0,0,0,0,0,0.0,0.0,109.2538918919732,True
2011,1,32.9012,-88.7666,32.9267,-88.6931,EF2,0,0,0,0,600000.0,0.0,117.92865954458495,True
2011,2,34.7304,-92.0772,34.7477,-92.0422,EF1,0,0,0,0,75000.0,0.0,20.579663315357394,True
2011,5,36.8347,-93.5013,36.8114,-93.3055,EF2,0,0,0,0,1000000.0,0.0,45.43513888523924,True
2011,5,36.8114,-93.3055,36.8074,-93.2197,EF1,0,0,0,0,50000.0,0.0,47.877217503933245,True
2011,5,37.0524,-94.5932,37.056,-94.5701,EF2,0,0,0,0,2000.0,0.0,107.67316268671676,True
2011,5,37.056,-94.5701,37.0544,-94.4105,EF5,158,3,1150,0,2800000000.0,0.0,105.5845408295276,True
2011,5,37.0544,-94.4105,36.9838,-94.2213,EF2,0,0,0,0,100000.0,0.0,91.77185363206515,True
2011,9,30.4779,-89.43,30.4791,-89.4307,EF0,0,0,0,0,30000.0,0.0,93.75914592538567,True
2011,12,32.9053,-87.1229,32.9053,-87.1219,EF0,0,0,0,0,3000.0,0.0,44.30459204543467,True
2011,12,32.7438,-86.2996,32.7537,-86.2916,EF0,0,0,0,0,15000.0,0.0,53.00627680758459,True
2011,2,32.291,-94.6588,32.2917,-94.6479,EF1,0,0,0,0,60000.0,0.0,78.81109424811225,True
2011,12,34.2463,-85.342,34.3252,-85.1413,EF2,0,0,3,0,2250000.0,0.0,101.96847678679637,True
2011,5,37.0052,-94.1877,36.9914,-94.061,EF2,0,0,0,0,700000.0,0.0,74.35556768023281,True
2011,2,36.5473,-88.8167,36.55,-88.765,EF1,0,0,0,0,20000.0,0.0,58.07277158795864,True
2011,4,37.02,-96.25,37.0257,-96.2444,EF0,0,0,0,0,0.0,0.0,112.1491861592676,True
2011,4,38.87,-97.49,38.8762,-97.4898,EF0,0,0,0,0,0.0,0.0,109.68055861674658,True
2011,4,31.3924,-94.7956,31.3919,-94.7842,EF0,0,0,0,0,2000.0,0.0,148.201815230679,True
2011,4,40.295,-76.6069,40.3157,-76.5825,EF1,0,0,0,0,10000.0,0.0,137.05224497999063,True
2011,1,32.9267,-88.6931,32.9368,-88.671,EF2,0,0,0,0,200000.0,0.0,113.04633127956775,True
2011,1,33.4386,-88.8419,33.4438,-88.8205,EF1,0,0,0,0,3000000.0,0.0,69.6303918878948,True
2011,4,37.4947,-90.0228,37.4983,-90.0149,EF0,0,0,0,0,15000.0,0.0,120.3952872154452,True
2011,4,31.4438,-94.9787,31.4469,-94.8987,EF1,0,0,0,0,300000.0,0.0,155.10042079267987,True
2011,4,31.3645,-87.8856,31.3954,-87.8434,EF1,0,0,0,0,102000.0,3000000.0,83.31453466879705,True
2011,1,33.0609,-88.464,33.1484,-88.3345,EF3,0,0,1,0,1500000.0,0.0,93.79710587606395,True
2011,4,31.4568,-95.0273,31.4438,-94.9787,EF1,0,0,0,0,100000.0,0.0,157.28305794591796,True
2011,4,37.44,-96.55,37.4434,-96.5491,EF0,0,0,0,0,0.0,0.0,82.2633785114219,True
2011,4,34.6586,-92.2941,34.7074,-92.1948,EF1,0,0,0,0,2000000.0,0.0,19.98541467072562,True
2011,2,32.5626,-86.4124,32.5546,-86.3329,EF0,0,0,0,0,55000.0,0.0,58.431668938845554,True
2011,4,31.7278,-92.3553,31.76,-92.26,EF1,0,0,0,0,200000.0,0.0,86.70850155436429,True
2011,3,35.56,-77.81,35.56,-77.8,EF0,0,0,0,0,2000.0,0.0,62.575346856592084,True
2011,4,33.9714,-94.7912,34.0406,-94.6544,EF0,0,0,0,0,0.0,0.0,151.83562608432052,True
2011,1,27.4602,-82.1379,27.4614,-82.1219,EF0,0,0,0,0,0.0,0.0,37.68002049264943,True
2011,4,37.0444,-88.1521,37.0495,-88.0944,EF1,0,0,0,0,150000.0,0.0,55.06780085224371,True
2011,4,38.0029,-88.92,38.0029,-88.92,EF1,0,0,0,0,10000.0,0.0,104.736226602392,True
2011,4,40.4041,-76.5589,40.4178,-76.5494,EF2,0,0,0,0,15000.0,0.0,134.8478937309889,True
2011,4,37.1849,-88.7949,37.172,-88.6754,EF1,0,0,0,0,450000.0,0.0,13.120849427157761,True
2011,4,31.72,-92.41,31.7278,-92.3553,EF1,0,0,0,0,50000.0,0.0,82.61290650105722,True
2011,4,33.701,-93.586,33.738,-93.535,EF1,0,0,0,0,300000.0,0.0,141.03202125988992,True
2011,4,38.247,-87.2612,38.2522,-87.2537,EF1,0,0,0,0,110000.0,0.0,40.48333270903192,True
2011,4,34.2801,-94.0475,34.3221,-94.0157,EF1,0,0,0,0,70000.0,0.0,115.95177291184852,True
2011,2,34.2858,-87.8578,34.2878,-87.8482,EF0,0,0,0,0,75000.0,0.0,61.27130222358399,True
2011,4,34.5614,-94.2533,34.5684,-94.2496,EF1,0,0,0,0,350000.0,0.0,81.66437237022713,True
2011,4,36.7579,-87.4168,36.7662,-87.3917,EF1,0,0,0,0,100000.0,0.0,11.979202418836332,True
2011,4,38.1102,-87.3017,38.1642,-87.2544,EF2,0,0,0,0,90000.0,0.0,40.54634208679866,True
2011,3,33.6057,-95.7824,33.6147,-95.7134,EF0,0,0,0,0,20000.0,0.0,182.3782157785038,True
2011,4,40.1062,-76.9265,40.1411,-76.9071,EF2,0,0,0,0,50000.0,0.0,128.6253497987299,True
2011,4,34.0454,-94.5812,34.0549,-94.5388,EF0,0,0,0,0,5000.0,0.0,139.88412950773926,True
2011,4,36.7924,-90.0024,36.7944,-89.9933,EF0,0,0,0,0,50000.0,0.0,113.59120243611989,True
2011,4,37.0756,-88.1021,37.1729,-88.0616,EF1,0,0,0,0,100000.0,0.0,59.43364336506603,True
2011,4,37.13,-89.8708,37.13,-89.8708,EF0,0,0,0,0,20000.0,0.0,97.69638964707086,True
2011,4,37.9925,-88.134,38.0113,-88.1112,EF2,0,0,0,0,2000000.0,0.0,46.575133455615216,True
2011,2,38.336,-87.3224,38.3389,-87.1341,EF2,0,0,0,0,250000.0,0.0,36.08813531309128,True
2011,2,38.34,-87.54,38.336,-87.3224,EF2,0,0,0,0,350000.0,0.0,18.38271763892782,True
2011,4,34.451,-92.6176,34.4605,-92.5671,EF1,0,0,0,0,40000.0,0.0,53.80423064618229,True
2011,4,32.1088,-94.0425,32.2945,-93.6391,EF2,0,0,0,0,10000000.0,0.0,42.478374439663554,True
2011,4,41.7209,-77.9871,41.7442,-77.9693,EF0,0,0,0,0,1000.0,0.0,88.72795062846176,True
2011,4,38.0956,-88.1012,38.1088,-88.0807,EF1,0,0,0,0,300000.0,0.0,37.67276732174059,True
2011,4,37.5892,-87.8407,37.6095,-87.7694,EF2,0,0,0,0,300000.0,0.0,75.30886982361457,True
2011,4,37.6412,-87.6432,37.6598,-87.5629,EF2,0,0,0,0,80000.0,0.0,69.20241116828518,True
2011,4,37.1278,-90.5339,37.1524,-90.2997,EF1,0,0,0,0,25000.0,0.0,156.40503836569928,True
2011,4,37.2112,-90.3706,37.243,-90.2716,EF1,0,0,0,0,70000.0,0.0,142.5923161488733,True
2011,4,32.2945,-93.6391,32.3294,-93.5632,EF2,0,0,0,0,0.0,0.0,25.74006182596821,True
2011,4,35.3969,-85.3253,35.5535,-85.1077,EF4,4,0,10,0,15000000.0,0.0,86.25911155283026,True
2011,5,38.6328,-86.4597,38.6641,-86.3821,EF2,0,0,0,0,150000.0,0.0,85.85714731288553,True
2011,4,32.3294,-93.5632,32.3921,-93.4274,EF2,0,0,2,0,25000.0,0.0,29.391672365924816,True
2011,4,35.172,-93.294,35.197,-93.315,EF1,0,0,0,0,75000.0,0.0,97.88189648898823,True
2011,4,37.9,-89.263,37.9423,-89.2144,EF0,0,0,0,0,70000.0,0.0,102.12437770781723,True
2011,4,36.9583,-87.77,36.9583,-87.77,EF0,0,0,0,0,0.0,0.0,49.698288107796024,True
2011,4,37.2505,-87.4543,37.2505,-87.4543,EF0,0,0,0,0,2000.0,0.0,59.08186579698605,True
2011,4,35.34,-85.42,35.41,-85.31,EF4,0,0,0,0,250000.0,0.0,75.59337167171803,True
2011,4,40.2012,-78.1405,40.2119,-78.0884,EF1,0,0,0,0,10000.0,0.0,81.09136057815057,True
2011,4,37.8577,-89.1356,37.8608,-89.1317,EF1,0,0,0,0,80000.0,0.0,93.45814343969272,True
2011,4,37.44,-96.55,37.47,-96.5382,EF0,0,0,0,0,0.0,0.0,82.2633785114219,True
2011,1,26.3459,-80.1321,26.3448,-80.1292,EF0,0,0,0,0,20000.0,0.0,86.45547884698347,True
2011,4,33.6304,-93.7993,33.6956,-93.6932,EF0,0,0,0,0,0.0,0.0,131.22044205775188,True
2011,4,35.0095,-93.3579,35.0181,-93.3489,EF1,0,0,0,0,25000.0,0.0,96.47606331085858,True
2011,4,33.9026,-94.4111,33.9157,-94.3848,EF0,0,0,0,0,0.0,0.0,154.38317335064002,True
2011,4,38.3476,-88.9352,38.3802,-88.8682,EF1,0,0,0,0,70000.0,0.0,106.08693166108321,True
2011,4,38.3147,-88.7304,38.3151,-88.704,EF1,0,0,0,0,90000.0,0.0,87.99958114893361,True
2011,4,38.35,-87.9475,38.4345,-87.77,EF2,0,0,0,0,2500000.0,0.0,21.867212445494637,True
2011,4,37.82,-87.24,37.82,-87.2363,EF0,0,0,0,0,3000.0,0.0,64.78246666770968,True
2011,4,32.0886,-95.2134,32.1262,-95.0736,EF1,0,0,0,0,500.0,0.0,135.15088919086134,True
2011,1,26.7159,-81.5996,26.7172,-81.5946,EF0,0,0,0,0,100000.0,0.0,135.6385448250718,True
2011,1,33.0394,-89.8123,33.2213,-89.47,EF3,0,0,2,0,3000000.0,2000000.0,85.96637539172373,True
2011,2,39.861,-82.537,39.866,-82.492,EF1,0,0,0,0,100000.0,0.0,120.42260471116755,True
2011,4,38.9278,-97.8638,38.951,-97.8712,EF0,0,0,0,0,45000.0,0.0,141.25155470006547,True
2011,4,38.0386,-88.452,38.0557,-88.3941,EF1,0,0,0,0,150000.0,0.0,68.22067627933004,True
2011,4,37.4893,-89.9587,37.5269,-89.9411,EF1,0,0,0,0,200000.0,0.0,114.961747404235,True
2011,4,37.2041,-90.35,37.2537,-90.28,EF1,0,0,0,0,25000.0,0.0,140.697528639499,True
2011,5,42.49,-98.98,42.4901,-98.9798,EF0,0,0,0,0,0.0,0.0,144.13408581888177,True
2011,4,33.8291,-86.0526,33.9419,-85.7771,EF4,8,0,25,0,122000000.0,0.0,98.79742322630639,True
2011,4,33.6839,-86.5234,33.8291,-86.0526,EF4,13,0,30,0,200000000.0,0.0,61.34523318426263,True
2011,4,33.4496,-86.7883,33.452,-86.7823,EF1,0,0,0,0,65000.0,0.0,30.922622198640116,True
2011,4,32.6004,-87.0091,32.6013,-87.0079,EF1,0,0,0,0,20500.0,0.0,67.368533657928,True
2011,4,34.7522,-92.9694,34.7567,-92.9457,EF1,0,0,0,0,100000.0,0.0,65.27543735441552,True
2011,4,34.8767,-92.6957,34.8902,-92.6719,EF1,0,0,0,0,250000.0,0.0,39.83150602472209,True
2011,4,37.5331,-76.3528,37.5693,-76.3299,EF2,0,0,0,0,6000000.0,0.0,84.18301600859671,True
2011,4,35.7767,-96.6737,35.7767,-96.6737,EF0,0,0,0,0,0.0,0.0,73.61786484159202,True
2011,4,39.2476,-89.6611,39.2465,-89.5957,EF2,0,0,0,0,0.0,0.0,104.1600493907477,True
2011,4,34.77,-86.79,34.85,-86.44,EF1,0,0,0,0,0.0,0.0,66.8857313243452,True
2011,5,41.8788,-99.9388,41.8789,-99.9383,EF0,0,0,0,0,0.0,0.0,53.46820967322817,True
2011,5,44.0429,-90.5657,44.1161,-90.3124,EF2,0,0,0,0,510000.0,0.0,55.74195316139799,True
2011,4,33.8411,-86.7884,33.8627,-86.761,EF2,0,0,3,0,4000000.0,0.0,74.42735088158345,True
2011,4,33.4367,-86.7622,33.498,-86.6493,EF2,0,1,20,0,18000000.0,0.0,29.448262409329967,True
2011,5,43.83,-100.17,43.8304,-100.1684,EF0,0,0,0,0,0.0,0.0,210.77652222332645,False
2011,4,32.214,-86.4519,32.2394,-86.4162,EF0,0,0,0,0,21000.0,0.0,71.7897218670655,True
2011,4,34.5281,-92.0547,34.5339,-92.0297,EF1,0,0,0,0,40000.0,0.0,39.16817691876054,True
2011,4,34.5339,-92.0297,34.6821,-91.7182,EF1,0,0,0,0,350000.0,0.0,39.77657053303148,True
2011,4,36.7529,-76.8396,37.0307,-76.6235,EF2,0,0,0,0,300000.0,0.0,29.710956596171243,True
2011,5,40.625,-76.2108,40.7102,-75.9065,EF1,0,0,0,0,250000.0,0.0,154.58194281051502,True
2011,4,34.0894,-86.5342,34.2021,-86.4063,EF1,0,0,0,0,1500.0,0.0,102.23826242786568,True
2011,4,33.6473,-86.4153,33.6848,-86.3661,EF2,0,0,5,0,865000.0,0.0,62.25878192391745,True
2011,4,33.2506,-88.1814,33.4572,-87.839,EF1,0,0,4,0,3800000.0,0.0,73.15903192833292,True
2011,4,33.6448,-87.4238,33.8668,-86.995,EF4,9,0,40,0,115000000.0,0.0,80.31575100783803,True
2011,4,32.837,-88.3584,32.8917,-88.1835,EF3,0,0,0,0,6880000.0,0.0,117.88782571447501,True
2011,4,33.9419,-85.7771,33.9558,-85.7399,EF1,0,0,0,0,9400000.0,0.0,113.46954766721456,True
2011,4,33.9558,-85.7399,33.967,-85.7135,EF1,1,0,1,0,4000000.0,0.0,112.87674173045332,True
2011,4,32.8478,-87.4922,32.8837,-87.4208,EF1,0,0,0,0,350000.0,0.0,76.40339752321061,True
2011,4,32.47,-87.2346,32.4713,-87.232,EF1,0,0,0,0,25000.0,0.0,89.32618617275938,True
2011,5,45.2484,-93.1623,45.2507,-93.1593,EF0,0,0,0,0,50000.0,0.0,54.56147125062736,True
2011,5,45.6088,-91.6253,45.6379,-91.6087,EF1,0,0,0,0,200000.0,0.0,143.77210443138944,True
2011,4,34.5273,-91.9124,34.5707,-91.7763,EF1,0,0,0,0,1750000.0,0.0,46.93281091762114,True
2011,4,34.3003,-94.3442,34.3021,-94.3309,EF1,0,0,0,0,20000.0,0.0,110.10704412185468,True
2011,5,43.7882,-91.2585,43.7983,-91.1929,EF2,0,0,0,2,15200000.0,0.0,6.635594413729503,True
2011,5,41.7855,-80.5008,41.8264,-80.385,EF1,0,0,0,0,150000.0,0.0,120.36778351711168,True
2011,5,40.311,-88.8986,40.3242,-88.8955,EF0,0,0,0,0,8000.0,0.0,41.258759392155554,True
2011,5,40.3601,-88.8209,40.5091,-88.8067,EF1,0,0,0,0,10000.0,0.0,49.596608079381184,True
2011,5,40.1676,-88.3339,40.169,-88.3306,EF0,0,0,0,0,5000.0,0.0,85.24790004434891,True
2011,4,33.4572,-87.839,33.5208,-87.6997,EF3,0,0,0,0,2000000.0,0.0,66.69332716009464,True
2011,4,32.8837,-87.4208,32.9047,-87.3605,EF1,0,0,0,0,275000.0,0.0,68.64008979446717,True
2011,4,32.3776,-87.1618,32.388,-87.1366,EF1,0,0,0,0,70000.0,0.0,95.63084338190748,True
2011,5,45.035,-93.2841,45.1074,-93.2279,EF1,0,0,0,0,500000.0,0.0,30.313486286438625,True
2011,5,45.1074,-93.2279,45.1246,-93.217,EF0,0,0,0,0,20000.0,0.0,39.13512401255213,True
2011,5,45.1246,-93.217,45.1317,-93.2137,EF0,0,0,0,0,100000.0,0.0,41.124412346421494,True
2011,5,39.6099,-83.4475,39.6156,-83.4432,EF0,0,0,0,0,35000.0,0.0,38.402850678714564,True
2011,5,35.6643,-91.3443,35.6679,-91.3326,EF1,0,0,0,0,10000.0,0.0,124.17009652863484,True
2011,6,31.783,-94.357,31.764,-94.371,EF0,0,0,0,0,0.0,0.0,88.73416909877645,True
2011,4,35.1784,-92.1565,35.1913,-92.1157,EF1,0,0,0,0,15000.0,0.0,39.22459860891581,True
2011,4,34.161,-96.657,34.1999,-96.5701,EF0,0,0,0,0,0.0,0.0,142.13108611941533,True
2011,5,43.9028,-90.91,43.9383,-90.7859,EF1,0,0,0,1,915000.0,0.0,24.229595070948086,True
2011,4,33.5208,-87.6997,33.5338,-87.6666,EF1,0,0,0,0,81000.0,0.0,71.6899359172294,True
2011,5,38.6764,-88.3688,38.683,-88.3523,EF1,0,0,0,0,510000.0,0.0,72.71545075867576,True
2011,5,38.7447,-88.131,38.7457,-88.1275,EF0,0,0,0,0,0.0,0.0,64.44410495103132,True
2011,4,33.967,-85.7135,34.0664,-85.419,EF3,0,0,25,0,19000000.0,0.0,112.38793518906587,True
2011,4,33.1169,-87.0081,33.1318,-86.9693,EF1,0,0,0,0,9000.0,0.0,23.022265220276683,True
2011,4,33.1318,-86.9693,33.156,-86.9274,EF1,0,0,0,0,11000.0,0.0,19.1084958952075,True
2011,5,36.1595,-95.159,36.1631,-95.1524,EF0,0,0,0,0,10000.0,0.0,36.40821383807286,True
2011,5,36.6094,-94.9196,36.6284,-94.9067,EF1,0,0,0,0,250000.0,0.0,75.24311280126733,True
2011,4,32.5697,-99.9799,32.6209,-100.0394,EF1,0,0,0,0,0.0,0.0,68.10885577886766,True
2011,4,35.1913,-92.1157,35.2733,-91.961,EF1,0,0,0,0,25000.0,0.0,41.65189625541078,True
2011,4,35.0511,-91.9398,35.0993,-91.7944,EF1,0,0,0,0,1000000.0,0.0,37.8444635531266,True
2011,4,34.9522,-92.8326,35.0187,-92.7659,EF1,0,0,0,0,700000.0,0.0,53.615564687088316,True
2011,4,34.9309,-91.7342,35.0062,-91.6741,EF1,0,0,0,0,25000.0,0.0,49.27168623197544,True
2011,5,48.73,-101.7103,48.729,-101.713,EF0,0,0,0,0,0.0,0.0,229.13107580730147,True
2011,5,38.9618,-87.7422,39.0047,-87.6557,EF2,0,0,0,0,920000.0,0.0,78.02503595097731,True
2011,4,33.5338,-87.6666,33.605,-87.5102,EF2,0,0,0,0,2500000.0,0.0,73.3892664300009,True
2011,4,33.0105,-87.7266,33.19,-87.504,EF3,0,0,0,0,7060000.0,0.0,90.93151175506411,True
2011,4,32.3077,-88.0159,32.3216,-87.9459,EF2,0,0,0,0,268000.0,0.0,151.060947693205,True
2011,4,32.5095,-86.668,32.6037,-86.5918,EF1,0,0,0,0,440000.0,0.0,74.27043172603051,True
2011,5,29.35,-89.53,29.35,-89.53,EF0,0,0,0,0,1000.0,0.0,155.11802012696282,True
2011,6,36.02,-84.1626,36.02,-84.162,EF1,0,0,0,0,50000.0,0.0,70.30786215332586,True
2011,6,35.97,-83.95,35.9682,-83.9483,EF0,0,0,0,0,40000.0,0.0,53.97060207613843,True
2011,5,35.7631,-95.7423,35.8377,-95.6423,EF2,0,0,0,0,100000.0,0.0,48.52566479864233,True
2011,7,41.7,-103.49,41.7,-103.49,EF0,0,0,0,0,0.0,0.0,125.51503568294173,True
2011,5,36.0714,-95.0628,36.074,-95.0097,EF1,0,0,0,0,70000.0,0.0,46.47826567819624,True
2011,5,40.9829,-86.8936,40.9873,-86.8741,EF0,0,0,0,0,0.0,0.0,108.28817383872459,True
2011,4,39.8245,-87.6562,39.8337,-87.6384,EF1,0,0,0,0,140000.0,0.0,118.31907118256954,True
2011,4,40.3661,-87.5862,40.4001,-87.567,EF1,0,0,0,0,360000.0,0.0,133.1295015642365,True
2011,5,35.399,-93.8079,35.4065,-93.7968,EF2,0,0,0,0,25000.0,0.0,51.67648347247053,True
2011,5,44.1161,-90.3124,44.25,-89.97,EF2,0,0,0,0,4400000.0,0.0,77.51626878589191,True
2011,4,34.6372,-85.7691,34.6452,-85.7692,EF1,0,0,0,0,30000.0,0.0,43.46255965689421,True
2011,4,32.6144,-86.5121,32.6634,-86.4631,EF0,0,0,0,0,39800.0,0.0,66.49829820929021,True
2011,4,33.605,-87.5102,33.6448,-87.4238,EF3,4,0,0,0,6600000.0,0.0,82.38261488196734,True
2011,4,32.9149,-88.3495,32.9947,-88.2403,EF2,0,0,2,0,1000000.0,0.0,109.21080254214843,True
2011,4,32.3216,-87.9459,32.4714,-87.5242,EF2,0,0,3,0,14000000.0,0.0,145.05043215379536,True
2011,4,32.4714,-87.5242,32.4829,-87.4942,EF2,0,0,0,0,645000.0,0.0,105.06273464672641,True
2011,4,32.6174,-86.193,32.7545,-85.8826,EF3,6,0,20,0,50000000.0,0.0,38.83714887611771,True
2011,4,32.5639,-86.6064,32.705,-86.4479,EF1,0,0,0,0,458000.0,0.0,69.31017978333729,True
2011,5,35.942,-95.3754,35.9533,-95.2978,EF2,0,0,0,0,400000.0,0.0,30.967856970657557,True
2011,4,33.2058,-84.4794,33.3526,-84.2732,EF3,2,0,0,0,25000000.0,0.0,19.271074755006513,True
2011,5,33.8632,-97.6434,33.8632,-97.6434,EF0,0,0,0,0,0.0,0.0,134.6996655068099,True
2011,5,36.0349,-94.1081,36.0408,-94.104,EF0,0,0,0,0,1000.0,0.0,85.89956767277386,True
2011,5,30.3,-95.09,30.3,-95.09,EF0,0,0,0,0,0.0,0.0,92.08231160970887,True
2011,5,43.11,-98.15,43.11,-98.14,EF0,0,0,0,0,0.0,0.0,126.59499888837804,True
2011,4,32.3526,-86.8712,32.384,-86.8311,EF1,0,0,0,0,45000.0,0.0,91.5992557703728,True
2011,4,32.4359,-88.3288,32.4839,-88.1868,EF2,0,0,0,0,3910000.0,0.0,156.47379144319433,True
2011,5,44.2491,-89.9702,44.2948,-89.7247,EF1,0,0,1,0,1020000.0,0.0,108.49937348181295,True
2011,5,44.2948,-89.7247,44.3971,-89.3659,EF1,0,0,0,0,1800000.0,0.0,128.39241068761766,True
2011,4,32.8843,-85.5936,32.9196,-85.523,EF3,0,0,0,0,2000000.0,0.0,42.792925633736075,True
2011,5,43.03,-96.48,43.03,-96.47,EF0,0,0,0,0,0.0,0.0,65.20842465208626,True
2011,5,35.44,-94.4595,35.4493,-94.441,EF1,0,0,0,0,0.0,0.0,18.842356592022092,True
2011,3,30.0217,-90.4943,30.0233,-90.4939,EF0,0,0,0,0,10000.0,0.0,55.98938607028037,True
2011,4,34.6452,-85.7692,34.7237,-85.7382,EF2,0,0,0,0,0.0,0.0,42.79191524872094,True
2011,4,32.3882,-86.8329,32.5132,-86.7471,EF2,0,0,0,0,309000.0,0.0,87.34783723301315,True
2011,5,40.7743,-91.2255,40.8389,-91.1902,EF1,0,0,0,0,250000.0,0.0,107.60600799014381,True
2011,5,40.9058,-91.1814,40.9574,-91.1817,EF1,0,0,0,0,50000.0,0.0,93.16887801497592,True
2011,4,33.9547,-86.7894,34.2275,-86.427,EF3,0,0,10,0,19500000.0,0.0,87.05803888556161,True
2011,4,32.9947,-88.2403,33.0604,-88.1299,EF3,0,0,0,0,1600000.0,0.0,100.65959546799003,True
2011,4,32.904,-87.3625,33.1092,-87.0773,EF1,0,0,0,0,88750.0,0.0,62.77666634446923,True
2011,5,41.8922,-76.527,41.8963,-76.5219,EF1,0,0,0,0,20000.0,0.0,56.33937569831534,True
2011,5,43.31,-95.79,43.31,-95.78,EF0,0,0,0,0,0.0,0.0,81.8433918984036,True
2011,5,35.0118,-90.4947,35.0166,-90.477,EF0,0,0,0,0,0.0,0.0,67.52567243214169,True
2011,5,38.086,-102.5262,38.0901,-102.5219,EF0,0,0,0,0,0.0,0.0,159.43703630072451,True
2011,5,38.42,-103.25,38.4225,-103.242,EF0,0,0,0,0,0.0,0.0,170.51034715122057,True
2011,5,44.9597,-93.3472,45.035,-93.2841,EF1,1,0,48,0,166000000.0,0.0,21.154074033078548,True
2011,3,30.0418,-90.5399,30.043,-90.5393,EF0,0,0,0,0,10000.0,0.0,54.63114089558817,True
2011,4,37.901,-79.202,37.917,-79.189,EF0,0,0,0,0,6000.0,0.0,135.86954733921365,True
2011,5,41.9739,-89.5696,41.9741,-89.538,EF1,0,0,0,0,50000.0,0.0,93.0070442924816,True
2011,5,40.5516,-76.9328,40.5547,-76.9353,EF1,0,0,0,0,10000.0,0.0,99.24502944290408,True
2011,6,38.85,-100.63,38.85,-100.63,EF0,0,0,0,0,0.0,0.0,108.77234449590189,True
2011,5,44.05,-97.29,44.05,-97.305,EF0,0,0,0,0,0.0,0.0,68.32556210941705,True
2011,5,44.11,-97.21,44.11,-97.22,EF0,0,0,0,0,0.0,0.0,69.7173749055758,True
2011,4,33.0158,-85.2938,33.0836,-85.2633,EF1,0,0,0,0,10000.0,0.0,70.63046863803828,True
2011,4,32.7216,-86.3133,32.7225,-86.3073,EF0,0,0,0,0,12900.0,0.0,53.16723683870352,True
2011,4,33.0297,-87.935,33.0606,-87.8315,EF2,0,0,0,0,2500000.0,0.0,103.1293092678363,True
2011,4,32.6426,-87.8456,32.6627,-87.7933,EF1,0,0,0,0,371000.0,0.0,116.41276047302266,True
2011,4,32.7545,-85.8826,32.8843,-85.5936,EF4,1,0,10,0,115000000.0,0.0,25.737571556969964,True
2011,4,33.3507,-86.4013,33.3818,-86.3703,EF1,0,0,0,0,44000.0,0.0,39.60454834991656,True
2011,4,33.3818,-86.3703,33.4483,-86.3092,EF1,0,0,0,0,1000000.0,0.0,43.85478040073008,True
2011,4,32.5519,-87.3142,32.5748,-87.2466,EF1,0,0,0,0,1300000.0,0.0,85.67177762971627,True
2011,4,42.5943,-94.9151,42.8175,-94.7664,EF3,0,0,0,0,10000000.0,0.0,137.36316023158736,True
2011,6,35.77,-84.47,35.77,-84.4698,EF0,0,0,0,0,5000.0,0.0,105.83206439646943,True
2011,4,34.2548,-86.4307,34.3324,-86.3705,EF1,0,0,0,0,0.0,0.0,81.58070588279509,True
2011,5,41.5776,-92.0999,41.5812,-92.0624,EF0,0,0,0,0,10000.0,0.0,126.37836192687993,True
2011,5,36.4103,-96.5812,36.4429,-96.551,EF1,0,0,0,0,0.0,0.0,94.83389753933919,True
2011,5,42.2026,-89.3215,42.3469,-89.0588,EF1,0,0,0,0,100000.0,0.0,105.9372348149311,True
2011,5,41.1047,-81.5525,41.1334,-81.4818,EF0,0,0,0,0,200000.0,0.0,42.851742899964265,True
2011,5,41.7483,-80.5964,41.7485,-80.573,EF0,0,0,0,0,200000.0,0.0,111.515382866179,True
2011,5,33.5088,-97.2695,33.5161,-97.2439,EF0,0,0,0,0,0.0,0.0,104.12898039965555,True
2011,4,32.7759,-86.5429,32.7857,-86.5122,EF0,0,0,1,0,102000.0,0.0,48.8568718820223,True
2011,4,33.8975,-86.9274,33.9292,-86.8617,EF2,0,0,0,0,480000.0,0.0,81.99159554525266,True
2011,4,33.9305,-86.8592,33.944,-86.8272,EF1,0,0,0,0,230000.0,0.0,84.75461245393306,True
2011,4,32.3824,-86.8297,32.404,-86.7848,EF1,0,0,0,0,39800.0,0.0,87.97173947425884,True
2011,4,32.6627,-87.7933,32.8445,-87.5088,EF2,0,0,0,0,2980000.0,0.0,111.06247902576634,True
2011,6,37.9723,-89.2521,37.9878,-89.1964,EF1,0,0,1,0,550000.0,0.0,109.0723496427806,True
2011,4,32.9719,-85.3688,33.0114,-85.2916,EF1,0,0,0,0,5000.0,0.0,62.38607975259828,True
2011,5,41.7916,-92.206,41.8217,-92.1425,EF2,0,0,0,0,250000.0,0.0,125.99036207454279,True
2011,5,33.6795,-97.5054,33.6795,-97.5054,EF0,0,0,0,0,0.0,0.0,124.49581353162282,True
2011,5,42.68,-103.6731,42.68,-103.6731,EF0,0,0,0,0,0.0,0.0,174.48530414136908,True
2011,5,38.19,-104.57,38.1868,-104.5663,EF0,0,0,0,0,0.0,0.0,177.54947348469605,True
2011,4,34.3402,-93.436,34.3723,-93.4079,EF1,0,0,0,0,100000.0,0.0,120.80827988475274,True
2011,5,42.4584,-89.0128,42.4652,-88.9977,EF1,0,0,0,0,15000.0,0.0,68.07563289164092,True
2011,5,40.7882,-98.0607,40.7994,-98.066,EF0,0,0,0,0,0.0,0.0,61.14071624642998,True
2011,5,41.1238,-97.6459,41.1205,-97.6324,EF0,0,0,0,0,0.0,0.0,109.18626055679435,True
2011,5,41.1256,-97.6929,41.1198,-97.6755,EF0,0,0,0,0,0.0,0.0,109.50812704862629,True
2011,4,32.9921,-88.3403,33.1275,-87.9844,EF1,0,0,0,0,2900000.0,0.0,100.61556192956509,True
2011,4,32.8692,-85.8926,32.9278,-85.8019,EF1,0,0,0,0,45800.0,0.0,38.210694871858806,True
2011,4,34.0289,-87.9421,34.2008,-87.6347,EF3,0,0,0,0,5500000.0,0.0,38.59852251544576,True
2011,4,32.7434,-87.8043,32.9132,-87.4205,EF3,6,0,40,0,17000000.0,0.0,107.64731669359485,True
2011,5,36.1975,-94.5859,36.2032,-94.5796,EF1,0,0,0,0,0.0,0.0,87.82719384715593,True
2011,4,35.4,-86.2739,35.4119,-86.2643,EF2,0,0,0,0,0.0,0.0,54.99172817427612,True
2011,4,34.3723,-93.4079,34.397,-93.393,EF1,0,0,0,0,75000.0,0.0,116.8888551676911,True
2011,4,34.397,-93.393,34.409,-93.3695,EF1,0,0,0,0,50000.0,0.0,114.4540421549211,True
2011,4,36.5419,-78.8707,36.7206,-78.6712,EF2,0,0,4,0,700000.0,0.0,103.30274680112383,True
2011,5,40.9607,-87.1563,40.9623,-87.1504,EF1,0,0,0,0,25000.0,0.0,105.537780794153,True
2011,5,40.911,-87.3088,40.9261,-87.2785,EF2,0,0,0,0,50000.0,0.0,100.74252958580402,True
2011,5,41.8283,-88.7761,41.8285,-88.7744,EF0,0,0,0,0,0.0,0.0,62.57264785333422,True
2011,4,33.9471,-86.8206,33.9526,-86.7969,EF1,0,0,0,0,153000.0,0.0,86.32269416505301,True
2011,4,33.2448,-87.8817,33.2794,-87.8385,EF1,0,0,0,0,11000.0,0.0,83.52661799887318,True
2011,4,32.6937,-86.2032,32.7546,-86.1188,EF2,0,0,0,0,1330000.0,0.0,42.479902621352636,True
2011,4,33.238,-86.8363,33.2449,-86.8141,EF0,0,0,0,0,15250.0,0.0,9.608793264016155,True
2011,4,34.2275,-86.427,34.2831,-86.3491,EF2,0,0,0,0,0.0,0.0,84.25993255269132,True
2011,5,38.7135,-104.6525,38.7226,-104.6384,EF0,0,0,0,0,20000.0,0.0,119.6797726328491,True
2011,5,39.93,-104.19,39.93,-104.19,EF0,0,0,0,0,0.0,0.0,34.29982186834216,True
2011,5,29.2061,-90.0433,29.2061,-90.0433,EF0,0,0,0,0,10000.0,0.0,150.21502557591714,True
2011,5,45.2374,-92.9426,45.2716,-92.9184,EF0,0,0,0,0,50000.0,0.0,65.28064283182395,True
2011,5,42.7759,-84.2676,42.8046,-84.2214,EF1,0,0,0,0,25000.0,0.0,65.54895769049732,True
2011,4,34.87,-97.0324,34.87,-97.0324,EF1,0,0,0,0,5000.0,0.0,56.11841504572319,True
2011,4,36.7825,-79.0945,36.9796,-78.8786,EF2,1,0,7,0,0.0,0.0,108.27825744395103,True
2011,5,40.9409,-87.2104,40.9702,-87.1705,EF1,0,0,0,0,500.0,0.0,103.82274891707934,True
2011,5,33.5605,-97.021,33.5799,-97.0111,EF0,0,0,0,0,18000.0,0.0,112.93316120558451,True
2011,4,34.6452,-87.079,34.6507,-87.0312,EF1,0,0,0,0,0.0,0.0,96.27809465359772,True
2011,5,40.3276,-84.62,40.3283,-84.619,EF0,0,0,0,0,0.0,0.0,121.73746665913097,True
2011,5,40.107,-84.493,40.1079,-84.491,EF0,0,0,0,0,0.0,0.0,95.51746516718053,True
2011,4,33.3007,-88.1496,33.4445,-87.9699,EF2,0,0,0,0,1800000.0,0.0,68.35024517870679,True
2011,4,33.2794,-87.8385,33.4268,-87.5605,EF3,0,0,0,0,730000.0,0.0,82.34441241766993,True
2011,4,33.2824,-87.0875,33.296,-87.0594,EF0,0,0,0,0,80000.0,0.0,32.00867773476883,True
2011,4,32.8231,-86.0075,32.8682,-85.9135,EF1,0,0,0,0,10000.0,0.0,37.814585757564096,True
2011,4,32.6152,-88.0543,32.7434,-87.8043,EF2,0,0,0,0,5000000.0,0.0,134.97170646080818,True
2011,4,32.9132,-87.4205,33.1524,-86.9898,EF3,1,0,10,0,14000000.0,0.0,67.1366469333412,True
2011,4,33.6792,-86.5699,33.6839,-86.5254,EF1,0,0,0,0,105000.0,0.0,59.37481918407573,True
2011,4,33.2477,-86.5256,33.268,-86.4537,EF1,0,0,0,0,28500.0,0.0,24.223346239457015,True
2011,4,34.4226,-86.2845,34.4411,-86.2416,EF0,0,0,0,0,0.0,0.0,59.39372648527071,True
2011,4,34.2416,-93.7019,34.274,-93.6386,EF1,0,0,0,0,200000.0,0.0,131.28183004888345,True
2011,4,33.9666,-93.5451,34.0035,-93.4879,EF1,0,0,0,0,100000.0,0.0,152.35602899419274,True
2011,5,35.4493,-94.441,35.4796,-94.3801,EF1,0,0,0,0,50000.0,0.0,19.068704648265474,True
2011,5,35.2781,-93.9515,35.3072,-93.9175,EF1,0,0,0,0,25000.0,0.0,37.27449207018692,True
2011,5,39.857,-88.8445,39.8694,-88.835,EF1,0,0,0,0,165000.0,0.0,53.133951159033614,True
2011,5,39.8821,-77.6346,39.8838,-77.6352,EF1,0,0,0,0,10000.0,0.0,101.53168912601917,True
2011,5,43.89,-90.9351,43.9028,-90.91,EF1,0,0,0,0,5000.0,0.0,21.845083749805813,True
2011,4,32.1007,-88.0499,32.1197,-87.9816,EF1,0,0,0,0,0.0,0.0,159.0605819862673,True
2011,4,32.4055,-87.5098,32.4296,-87.4354,EF0,0,0,0,0,23000.0,0.0,109.7683505107606,True
2011,5,44.55,-94.28,44.5506,-94.2782,EF0,0,0,0,0,0.0,0.0,65.52428882269116,True
2011,4,34.7201,-93.1026,34.7522,-92.9694,EF1,0,0,0,0,500000.0,0.0,77.85975981550882,True
2011,5,32.7477,-97.4764,32.7526,-97.4703,EF0,0,0,0,0,30000.0,0.0,25.32695867722404,True
2011,5,33.3108,-98.0409,33.3108,-98.0409,EF0,0,0,0,0,0.0,0.0,107.11865749584095,True
2011,5,35.3182,-93.9044,35.399,-93.8079,EF4,1,0,6,0,1500000.0,0.0,41.62907484989342,True
2011,5,39.8804,-88.7739,39.8987,-88.7593,EF1,0,0,0,0,100000.0,0.0,56.56698804054366,True
2011,5,40.2545,-77.036,40.282,-77.0011,EF1,0,0,0,0,15000.0,0.0,110.4798870771928,True
2011,5,31.48,-98.0576,31.48,-98.0576,EF0,0,0,0,0,0.0,0.0,106.0123038518333,True
2011,4,33.163,-87.3716,33.2824,-87.0875,EF3,0,0,0,0,9200000.0,0.0,56.03082938927295,True
2011,4,33.5979,-87.3278,33.8176,-87.132,EF3,0,0,20,0,13400000.0,0.0,70.20164059707197,True
2011,4,33.378,-86.7509,33.4169,-86.738,EF1,0,0,0,0,3700000.0,0.0,22.979527115689834,True
2011,4,32.5666,-87.2943,32.5761,-87.2863,EF2,0,0,0,0,38000.0,0.0,83.25232492035164,True
2011,5,39.7388,-103.196,39.7753,-103.1657,EF0,0,0,0,0,0.0,0.0,115.49628755551731,True
2011,5,40.8801,-84.5976,40.8814,-84.5952,EF0,0,0,0,0,0.0,0.0,106.57572322577631,True
2011,5,33.0814,-97.4511,33.0814,-97.4511,EF0,0,0,0,0,2000.0,0.0,58.222502894110136,True
2011,5,32.9177,-97.6105,32.9171,-97.6033,EF0,0,0,0,0,10000.0,0.0,47.931444540990775,True
2011,6,31.941,-94.355,31.895,-94.392,EF0,0,0,0,0,0.0,0.0,74.50388285989652,True
2011,4,36.8706,-78.382,37.039,-78.1588,EF1,0,0,0,0,100000.0,0.0,122.82459297951992,True
2011,4,37.2946,-76.5715,37.4517,-76.4412,EF3,2,0,24,0,7700000.0,0.0,51.83977332961985,True
2011,5,41.0229,-87.6272,41.0907,-87.5622,EF1,0,0,0,0,250000.0,0.0,75.09844122101588,True
2011,5,41.4523,-77.5125,41.5162,-77.447,EF1,0,0,0,0,8000.0,0.0,71.79207505568581,True
2011,5,41.4059,-77.4655,41.4327,-77.4509,EF1,0,0,0,0,6000.0,0.0,70.09855459386634,True
2011,5,46.58,-122.89,46.58,-122.89,EF0,0,0,0,0,10000.0,0.0,96.358038237579,True
2011,5,33.2662,-91.52,33.2914,-91.4466,EF2,0,0,0,0,100000.0,0.0,180.6535227027961,True
2011,4,33.83,-86.8012,33.8411,-86.7884,EF1,0,0,0,0,5300000.0,0.0,73.23112748854044,True
2011,4,33.4169,-86.738,33.4255,-86.7362,EF0,0,0,0,0,15000.0,0.0,27.397393118423935,True
2011,3,30.3465,-89.9379,30.4732,-89.7827,EF1,0,0,0,0,100000.0,0.0,48.955671360736616,True
2011,4,33.0142,-92.6827,33.22,-92.47,EF1,0,0,0,0,20000.0,0.0,125.16929084836939,True
2011,4,35.85,-76.21,35.91,-76.1,EF1,0,0,0,0,400000.0,0.0,133.87398617817612,True
2011,4,36.159,-75.7524,36.166,-75.744,EF1,0,0,0,0,767000.0,0.0,144.82720189244435,True
2011,4,34.828,-78.146,34.842,-78.129,EF1,0,0,0,0,10000.0,0.0,96.82430104618948,True
2011,4,31.617,-93.406,31.6487,-93.3356,EF1,0,0,0,0,0.0,0.0,65.60010049785018,True
2011,3,30.5921,-89.9525,30.5921,-89.9525,EF1,0,0,1,0,100000.0,0.0,44.29806696349653,True
2011,3,30.4427,-88.9339,30.4427,-88.9339,EF1,0,0,0,0,100000.0,0.0,71.4896520030825,True
2011,3,30.0431,-90.2747,30.0431,-90.2747,EF0,0,0,0,0,5000.0,0.0,54.49504041200603,True
2011,4,34.3475,-90.767,34.3605,-90.6784,EF0,0,0,0,0,5000.0,0.0,137.64495327163172,True
2011,4,34.3605,-90.6784,34.3639,-90.6612,EF0,0,0,0,0,2000.0,0.0,131.80855969992044,True
2011,4,34.3639,-90.6612,34.4436,-90.4376,EF0,0,0,0,0,50000.0,0.0,130.62373831652292,True
2011,4,35.8201,-88.2871,35.8389,-88.2494,EF0,0,0,0,0,5000.0,0.0,135.85207169229864,True
2011,3,30.4934,-89.7288,30.5401,-89.678,EF1,0,0,0,0,20000.0,0.0,65.07664477095979,True
2011,3,32.198,-89.9697,32.2045,-89.9428,EF0,0,0,0,0,40000.0,0.0,9.221673256875441,True
2011,5,40.8766,-94.5653,40.8866,-94.5604,EF1,0,0,0,0,5000000.0,0.0,118.23638070130036,True
2011,5,40.8784,-94.5653,40.8901,-94.5764,EF1,0,0,0,0,10000000.0,0.0,118.07502388806981,True
2011,5,40.3302,-78.0291,40.3663,-78.0084,EF1,0,0,0,0,10000.0,0.0,65.95623470717163,True
2011,4,36.6319,-90.4242,36.6539,-90.3955,EF0,0,0,0,0,0.0,0.0,151.46548295496973,True
2011,4,32.3725,-94.4632,32.3791,-94.4486,EF1,0,0,0,0,0.0,0.0,59.03116259127659,True
2011,4,32.4312,-94.3534,32.4557,-94.2695,EF2,0,0,0,0,300000.0,0.0,48.11176885780435,True
2011,4,32.0988,-94.0643,32.1088,-94.0425,EF2,0,0,0,0,0.0,0.0,44.40751374588276,True
2011,4,32.93,-92.77,32.975,-92.7232,EF1,0,0,0,0,0.0,0.0,113.52730159428553,True
2011,4,35.47,-76.81,35.4758,-76.8022,EF0,0,0,0,0,4000.0,0.0,77.42398002065727,True
2011,4,34.7335,-77.3765,34.7627,-77.3205,EF3,0,0,30,90,9400000.0,0.0,45.93071688948279,True
2011,4,38.7097,-84.7487,38.7118,-84.7278,EF0,0,0,0,0,25000.0,0.0,112.46493500351352,True
2011,8,35.5526,-76.5442,35.5546,-76.6283,EF1,0,0,0,0,200000.0,0.0,91.49912471753757,True
2011,4,37.0674,-90.5611,37.0387,-90.572,EF1,0,0,0,0,100000.0,0.0,158.74071721745798,True
2011,5,40.2333,-78.218,40.2767,-78.1767,EF1,0,0,0,0,10000.0,0.0,78.79943637628129,True
2011,4,35.7381,-90.6949,35.7399,-90.6908,EF0,0,0,0,0,25000.0,0.0,86.24911069001149,True
2011,4,32.375,-95.3216,32.3782,-95.2672,EF0,0,0,0,0,0.0,0.0,139.21813251260772,True
2011,8,35.9185,-76.2233,35.9196,-76.2147,EF2,0,0,0,0,150000.0,0.0,137.67026180489947,True
2011,3,32.1334,-90.6135,32.2,-90.5671,EF1,0,0,0,0,150000.0,0.0,61.38883957796623,True
2011,2,32.9763,-91.4311,32.9986,-91.3221,EF1,0,0,0,0,750000.0,0.0,156.0371515789859,True
2011,4,35.7699,-90.6161,35.7779,-90.5964,EF2,0,0,0,0,10000.0,0.0,82.15739296547665,True
2011,4,38.3268,-88.3021,38.4742,-88.2498,EF2,0,0,2,0,400000.0,0.0,50.94632199142741,True
2011,4,36.7835,-87.3969,36.8128,-87.3091,EF2,0,0,7,0,2000000.0,0.0,11.247891664271322,True
2011,3,32.1146,-90.3112,32.1428,-90.2924,EF2,0,0,0,0,500000.0,0.0,35.82679529188837,True
2011,4,34.375,-86.2005,34.442,-86.1761,EF1,0,0,0,0,0.0,0.0,62.692785715090665,True
2011,4,34.622,-92.05,34.6287,-92.0334,EF1,0,0,0,0,5000.0,0.0,30.714497274854928,True
2011,4,35.8025,-90.5074,35.8226,-90.4931,EF1,0,0,0,0,250000.0,0.0,76.67922609842836,True
2011,4,32.4959,-94.1545,32.5396,-94.0663,EF0,0,0,0,0,0.0,0.0,29.810745393847967,True
2011,4,32.4864,-95.5844,32.5181,-95.4813,EF0,0,0,0,0,0.0,0.0,161.4150964003252,True
2011,4,32.375,-95.3216,32.3782,-95.2672,EF0,0,0,0,0,0.0,0.0,139.21813251260772,True
2011,3,31.7475,-84.1567,31.7518,-84.1544,EF0,0,0,0,0,5000.0,0.0,127.42693224021008,True
2011,3,31.88,-85.11,31.8802,-85.108,EF0,0,0,0,0,0.0,0.0,57.17142600686909,True
2011,3,31.88,-84.74,31.8822,-84.7333,EF1,0,0,0,0,65000.0,0.0,82.52330683337956,True
2011,8,35.8846,-76.4188,35.885,-76.4206,EF0,0,0,0,0,75000.0,0.0,130.08976094430284,True
2011,4,37.02,-88.98,37.0507,-88.8701,EF2,0,0,1,0,700000.0,0.0,19.231965519970647,True
2011,4,30.85,-90.14,30.85,-90.14,EF1,0,0,0,0,30000.0,0.0,44.76141519920337,True
2011,4,31.617,-93.119,31.7515,-92.9682,EF2,0,0,0,0,50000.0,0.0,53.110260356858426,True
2011,4,35.8691,-90.3734,35.8744,-90.365,EF0,0,0,0,0,30000.0,0.0,73.7811681780208,True
2011,5,41.959,-77.4578,41.9621,-77.4085,EF1,0,0,0,0,25000.0,0.0,123.85936775774239,True
2011,3,38.4525,-122.7082,38.4525,-122.7082,EF1,0,0,0,0,50000.0,0.0,89.85689449817127,True
2011,4,34.3128,-87.9215,34.3226,-87.8924,EF2,0,0,0,0,600000.0,0.0,59.5612983516731,True
2011,4,31.7515,-92.9682,31.752,-92.759,EF2,0,0,0,0,250000.0,0.0,66.30170144166041,True
2011,4,34.7855,-86.7894,34.789,-86.7716,EF0,0,0,0,0,0.0,0.0,66.3874853609464,True
2011,4,40.38,-77.5896,40.4669,-77.4763,EF1,0,0,0,0,25000.0,0.0,69.76941131155469,True
2011,4,37.0728,-89.2284,37.0567,-89.1798,EF2,0,0,0,0,700000.0,0.0,40.500933357502944,True
2011,4,32.975,-92.7232,33.0142,-92.6827,EF1,0,0,0,0,0.0,0.0,119.74309897482786,True
2011,5,45.1705,-93.7044,45.2153,-93.6939,EF1,0,0,0,0,500000.0,0.0,37.391910331907916,True
2011,4,32.3341,-97.9994,32.3324,-97.9885,EF0,0,0,0,0,0.0,0.0,70.51502365557229,True
2011,4,32.3324,-97.9885,32.332,-97.9567,EF0,0,0,0,0,0.0,0.0,69.64144192383085,True
2011,4,32.3304,-97.9542,32.3311,-97.9471,EF0,0,0,0,0,0.0,0.0,66.77106193332459,True
2011,4,39.9227,-84.0302,39.94,-84.02,EF0,0,0,0,0,25000.0,0.0,58.64950548279055,True
2011,5,42.79,-92.23,42.79,-92.23,EF0,0,0,0,0,0.0,0.0,142.31610123511717,True
2011,3,33.1223,-86.9194,33.1223,-86.9161,EF1,0,0,0,0,18000.0,0.0,14.988583899967521,True
2011,4,38.6985,-84.5393,38.705,-84.5133,EF1,0,0,0,0,30000.0,0.0,101.39230326235192,True
2011,4,34.8138,-86.7773,34.8197,-86.7534,EF1,0,0,0,0,0.0,0.0,64.60137497939004,True
2011,5,32.601,-94.473,32.5206,-94.5413,EF0,0,0,0,0,0.0,0.0,61.53857056675212,True
2011,5,33.847,-95.122,33.864,-95.103,EF0,0,0,0,0,0.0,0.0,174.93876912509245,True
2011,3,40.28,-79.74,40.28,-79.57,EF2,0,0,0,0,4000000.0,0.0,49.20079553217772,True
2011,3,27.8716,-82.8509,27.8717,-82.8499,EF1,0,0,0,0,750000.0,0.0,47.88103207564876,True
2011,3,31.3254,-83.928,31.3307,-83.9255,EF0,0,0,0,0,4000.0,0.0,100.5801993048495,True
2011,4,34.5345,-95.03,34.5345,-95.03,EF0,0,0,0,0,0.0,0.0,103.80849176610006,True
2011,4,34.532,-94.9631,34.5389,-94.9375,EF1,0,0,0,0,0.0,0.0,100.58374637845517,True
2011,4,34.5389,-94.9375,34.5542,-94.9074,EF1,0,0,0,0,0.0,0.0,98.67907454652932,True
2011,4,34.5823,-94.5823,34.5823,-94.5823,EF0,0,0,0,0,0.0,0.0,81.26138910309422,True
2011,4,34.5734,-94.5407,34.587,-94.4909,EF0,0,0,0,0,0.0,0.0,81.37728784613697,True
2011,4,35.4877,-96.0814,35.4864,-96.0736,EF0,0,0,0,0,0.0,0.0,89.52647115991059,True
2011,5,32.755,-92.3901,32.751,-92.295,EF0,0,0,0,0,0.0,0.0,140.0763672499427,True
2011,5,40.6521,-77.1909,40.6518,-77.1011,EF2,0,0,0,0,50000.0,0.0,74.78254030252823,True
2011,4,34.6494,-91.965,34.7001,-91.8587,EF2,0,0,0,0,20000000.0,50000.0,34.18186294999607,True
2011,3,27.9086,-81.9827,27.9143,-81.8282,EF0,0,0,0,0,5000.0,0.0,47.025876551123375,True
2011,3,27.8766,-82.5025,27.8876,-82.4794,EF1,0,0,0,0,2270000.0,0.0,21.466092366445665,True
2011,4,39.8506,-82.5908,39.8524,-82.5423,EF1,0,0,0,0,45000.0,0.0,115.75426528567229,True
2011,4,39.0601,-83.014,39.0618,-83.011,EF0,0,0,0,0,10000.0,0.0,80.26149003442667,True
2011,3,28.14,-82.508,28.1514,-82.4167,EF0,0,0,0,0,20000.0,0.0,49.450140459003876,True
2011,4,30.3246,-90.5735,30.3246,-90.5735,EF1,0,0,0,0,10000.0,0.0,26.90368109143553,True
2011,4,34.6655,-86.9172,34.7313,-86.7863,EF0,0,0,0,0,0.0,0.0,81.62130920443869,True
2011,4,34.7313,-86.7863,34.7797,-86.7006,EF1,0,0,0,0,0.0,0.0,67.85559827036478,True
2011,3,27.9013,-82.4126,27.8927,-82.3273,EF1,0,0,0,0,1580000.0,0.0,21.822743992288206,True
2011,4,39.8072,-82.9183,39.8066,-82.8705,EF1,0,0,0,0,35000.0,0.0,88.53795950240321,True
2011,2,33.354,-86.2212,33.3548,-86.2152,EF0,0,0,0,0,8000.0,0.0,54.8706388030093,True
2011,2,32.5699,-86.4854,32.5626,-86.4124,EF0,0,0,0,0,22000.0,0.0,65.3046673888079,True
2011,4,34.996,-77.64,35.008,-77.6,EF2,0,0,0,0,100000.0,0.0,73.8277459568328,True
2011,4,35.8893,-77.1744,35.8904,-77.1728,EF0,0,0,0,0,10000.0,0.0,121.26797166907225,True
2011,4,30.0614,-90.699,30.0503,-90.6898,EF0,0,0,0,0,50000.0,0.0,58.13538257566155,True
2011,4,30.6677,-89.969,30.6677,-89.969,EF1,0,0,0,0,50000.0,0.0,45.07777457811142,True
2011,3,30.1088,-92.8309,30.1394,-92.7584,EF0,0,0,0,0,10000.0,0.0,37.07426641028552,True
2011,3,30.1542,-92.7322,30.1735,-92.6924,EF0,0,0,0,0,10000.0,0.0,46.622354549226195,True
2011,3,30.2344,-92.4003,30.238,-92.3833,EF0,0,0,3,0,50000.0,0.0,79.3285953956692,True
2011,4,35.8268,-77.0917,35.8283,-77.0912,EF0,0,0,0,0,500.0,0.0,118.48460882026869,True
2011,3,27.8983,-82.6935,27.9009,-82.6812,EF1,0,0,0,0,5000.0,0.0,35.820476449368634,True
2011,4,35.1238,-78.134,35.1244,-78.1304,EF0,0,0,0,0,0.0,0.0,68.31090258202462,True
2011,5,32.782,-92.448,32.796,-92.342,EF1,0,0,0,0,500000.0,0.0,135.5849758467973,True
2011,4,38.53,-87.7866,38.5668,-87.7671,EF1,0,0,0,0,50000.0,0.0,30.47993732753179,True
2011,4,34.6365,-92.9418,34.6857,-92.8802,EF1,0,0,0,0,200000.0,0.0,65.9801054539543,True
2011,4,36.8516,-87.843,36.8772,-87.811,EF1,0,0,0,0,30000.0,0.0,51.304825603841316,True
2011,4,34.9171,-77.9365,34.9201,-77.9259,EF0,0,0,0,0,0.0,0.0,97.18315445330198,True
2011,3,25.7508,-80.2048,25.7335,-80.1559,EF0,0,0,0,0,1000.0,0.0,26.052311604460037,True
2011,4,34.137,-90.9843,34.1837,-90.8902,EF0,0,0,0,0,5000.0,0.0,140.5687640604346,True
2011,4,42.3549,-95.286,42.5004,-95.2602,EF3,0,0,0,0,2000000.0,0.0,145.77983495434722,True
2011,4,42.9231,-94.2771,42.9248,-94.2617,EF1,0,0,0,0,150000.0,0.0,140.15629185343627,True
2011,2,33.0073,-85.3988,33.0084,-85.3658,EF0,0,0,0,0,45000.0,0.0,63.83578749440643,True
2011,2,32.2105,-86.5114,32.1965,-86.4282,EF1,0,0,0,0,60000.0,0.0,76.86447391699426,True
2011,4,32.6302,-95.3479,32.6285,-95.2898,EF0,0,0,0,0,0.0,0.0,142.6322579337496,True
2011,4,37.05,-89.0554,37.05,-89.0264,EF1,0,0,0,0,100000.0,0.0,25.235278148640514,True
2011,4,36.8802,-89.0328,36.8393,-88.9816,EF2,0,0,2,0,2000000.0,0.0,31.218733198266676,True
2011,5,31.689,-93.032,31.709,-93.03,EF0,0,0,0,0,0.0,0.0,59.58691330334937,True
2011,4,36.5,-88.6761,36.5434,-88.6031,EF1,0,0,0,0,100000.0,0.0,63.76916521476944,True
2011,4,41.68,-83.4134,41.6855,-83.4001,EF0,0,0,0,0,200000.0,0.0,113.51922368884448,True
2011,4,37.6097,-87.7713,37.63,-87.65,EF2,0,0,2,0,500000.0,0.0,72.45299224226292,True
2011,4,42.5556,-94.9744,42.5607,-94.9509,EF2,0,0,0,0,500000.0,0.0,138.02910565220174,True
2011,4,42.1956,-95.6493,42.2011,-95.6379,EF1,0,0,0,0,25000.0,0.0,114.0847592172045,True
2011,4,42.3948,-95.2027,42.4038,-95.2047,EF0,0,0,0,0,1000.0,0.0,142.72258974293428,True
2011,4,42.734,-94.7442,42.7664,-94.7265,EF1,0,0,0,0,10000.0,0.0,139.66525604317093,True
2011,4,42.6895,-94.8141,42.7084,-94.7968,EF1,0,0,0,0,10000.0,0.0,139.4054122274487,True
2011,4,42.6912,-94.8141,42.7136,-94.8038,EF1,0,0,0,0,10000.0,0.0,139.54918421705358,True
2011,4,42.7105,-94.8144,42.7224,-94.8075,EF2,0,0,0,0,100000.0,0.0,141.20462145792663,True
2011,3,30.6218,-87.1148,30.6206,-87.1136,EF0,0,0,0,0,0.0,100000.0,107.8002036068024,True
2011,4,36.7178,-88.3136,36.7275,-88.3071,EF0,0,0,0,0,80000.0,0.0,56.396406685024786,True
2011,4,36.5503,-90.5258,36.5802,-90.4873,EF1,0,0,0,0,175000.0,0.0,146.3555816826849,True
2011,3,31.1645,-92.577,31.1803,-92.5212,EF1,0,0,0,0,0.0,10000.0,37.96351564424912,True
2011,2,33.01,-90.91,33.015,-90.835,EF2,0,0,0,0,800000.0,0.0,118.73808201993408,True
2011,3,31.3333,-92.3372,31.3707,-92.3232,EF0,0,0,0,0,25000.0,0.0,63.858739579728905,True
2011,4,35.3396,-77.1788,35.3414,-77.1776,EF0,0,0,0,0,0.0,0.0,68.46518494381476,True
2011,4,32.2848,-94.658,32.3589,-94.4936,EF1,0,0,0,0,10000.0,0.0,78.89892142102575,True
2011,4,32.3589,-94.4936,32.3725,-94.4632,EF1,0,0,0,0,0.0,0.0,62.09062709339036,True
2011,4,35.6057,-96.4385,35.6041,-96.4325,EF0,0,0,0,0,0.0,0.0,81.82576145098525,True
2011,4,36.0134,-94.932,36.0142,-94.913,EF1,0,0,0,0,0.0,0.0,59.571722194981724,True
2011,4,35.3549,-95.6265,35.3549,-95.6265,EF0,0,0,0,0,0.0,0.0,91.36331013071414,True
2011,5,36.6422,-94.4224,36.646,-94.4091,EF0,0,0,0,0,10000.0,0.0,112.25423765815519,True
2011,5,40.9554,-94.4775,40.9617,-94.4758,EF0,0,0,0,0,0.0,0.0,106.81014844110753,True
2011,4,41.4781,-83.0453,41.4937,-83.0242,EF0,0,0,0,0,100000.0,0.0,99.0584351510272,True
2011,3,30.219,-92.3142,30.2901,-92.2308,EF2,1,0,11,0,15000000.0,0.0,87.30233528181057,True
2011,5,40.8211,-94.6188,40.8232,-94.6166,EF0,0,0,0,0,0.0,0.0,125.87410431658788,True
2011,5,40.737,-76.0501,40.7382,-76.0461,EF1,0,0,0,0,20000.0,0.0,162.7348933287126,True
2011,2,34.7708,-91.9045,34.783,-91.8812,EF1,0,0,0,0,400000.0,0.0,33.44032132598428,True
2011,4,35.5094,-84.0673,35.5339,-84.0091,EF2,0,0,0,0,100000.0,0.0,94.68663526759254,True
2011,4,35.5459,-84.0274,35.6633,-83.846,EF4,0,0,0,0,1000000.0,0.0,89.26000407706069,True
2011,6,39.7253,-99.7767,39.741,-99.7495,EF0,0,0,0,0,0.0,0.0,131.5383505333119,True
2011,6,39.4576,-100.57,39.4576,-100.57,EF0,0,0,0,0,0.0,0.0,97.6215294262963,True
2011,6,39.8812,-100.2467,39.8812,-100.2467,EF0,0,0,0,0,0.0,0.0,136.99679626971044,True
2011,6,39.8445,-100.18,39.8445,-100.18,EF0,0,0,0,0,0.0,0.0,140.64862367518123,True
2011,4,30.2045,-102.4448,30.1582,-102.3253,EF2,0,0,0,0,100000.0,0.0,194.88908434480857,True
2011,11,34.4566,-99.14,34.4566,-99.14,EF0,0,0,0,0,0.0,0.0,18.29594065581054,True
2011,10,30.0864,-81.6914,30.0877,-81.7028,EF1,0,0,0,0,20000.0,0.0,44.29263156220649,True
2011,11,32.8232,-84.692,32.83,-84.66,EF1,0,0,0,0,10000.0,0.0,61.198981044154635,True
2011,12,32.6203,-86.5478,32.6978,-86.4131,EF0,0,0,0,0,60000.0,0.0,64.7444242428321,True
2011,9,34.3799,-84.3634,34.45,-84.35,EF1,0,0,0,0,3000000.0,0.0,114.57190483874457,True
2011,11,34.883,-98.675,34.887,-98.651,EF0,0,0,0,0,0.0,0.0,64.15330081792216,True
2011,6,39.7485,-99.7585,39.7485,-99.7585,EF1,0,0,0,0,10000.0,0.0,128.89232474931302,True
2011,6,39.8391,-99.6467,39.8571,-99.6294,EF0,0,0,0,0,0.0,0.0,115.65253881649451,True
2011,11,32.697,-85.1173,32.8232,-84.692,EF2,0,0,2,0,5000000.0,0.0,65.456287661649,True
2011,11,34.907,-98.642,34.907,-98.642,EF0,0,0,0,0,0.0,0.0,67.87786965179009,True
2011,4,35.47,-84.52,35.48,-84.52,EF0,0,0,0,0,5000.0,0.0,127.24664139510554,True
2011,4,37.9378,-77.5228,37.9402,-77.5195,EF1,0,0,0,0,15000.0,0.0,115.41032967817307,True
2011,4,37.2916,-78.3689,37.3063,-78.3566,EF1,0,0,0,0,5000.0,0.0,125.43444358829375,True
2011,4,37.3063,-78.3566,37.365,-78.3296,EF1,0,0,0,0,40000.0,0.0,124.83424166004352,True
2011,4,37.7099,-77.8192,37.7341,-77.8036,EF1,0,0,0,0,25000.0,0.0,108.00670663725394,True
2011,4,35.9086,-83.3335,35.9116,-83.3307,EF0,0,0,0,0,3000.0,0.0,29.528986284793973,True
2011,4,35.9116,-83.3307,35.9217,-83.3219,EF0,0,0,0,0,5000.0,0.0,29.256868934417106,True
2011,11,30.4207,-95.2025,30.4207,-95.2025,EF0,0,0,0,0,0.0,0.0,106.16750645919893,True
2011,4,30.4725,-102.6785,30.4184,-102.668,EF0,0,0,0,0,0.0,0.0,170.0523385969551,True
2011,4,30.57,-102.677,30.453,-102.68,EF0,0,0,0,0,0.0,0.0,159.60372793628082,True
2011,2,35.3094,-86.105,35.2794,-86.2762,EF2,0,0,4,0,0.0,0.0,42.17109592018155,True
2011,4,35.8534,-83.7159,35.8531,-83.7129,EF0,0,0,0,0,5000.0,0.0,44.98630267612399,True
2011,11,34.33,-99.22,34.34,-99.21,EF0,0,0,0,0,0.0,0.0,22.625354954418576,True
2011,2,35.2794,-86.2762,35.27,-86.33,EF0,1,0,0,0,40000.0,0.0,42.563203938592196,True
2011,9,34.0829,-84.5627,34.3799,-84.3634,EF1,0,0,1,0,17000000.0,0.0,80.01305699113769,True
2011,2,34.8689,-92.7551,34.8804,-92.7182,EF1,0,0,0,0,100000.0,0.0,45.14550231016007,True
2011,9,38.3958,-75.0761,38.3957,-75.0611,EF0,0,0,0,0,40000.0,0.0,57.29943500005723,True
2011,6,36.4488,-100.4229,36.4454,-100.4147,EF0,0,0,0,0,15000.0,0.0,151.34444248170982,True
2011,6,36.463,-100.2241,36.4617,-100.2215,EF0,0,0,0,0,5000.0,0.0,146.07565629947496,True
2011,11,31.9,-87.7518,31.9,-87.7518,EF0,0,0,0,0,5000.0,0.0,143.4200076068129,True
2011,11,34.34,-99.21,34.357,-99.194,EF0,0,0,0,0,0.0,0.0,21.562717000234997,True
2011,5,46.2625,-85.7272,46.2446,-85.737,EF0,0,0,0,0,0.0,0.0,142.81085417260272,True
2011,1,33.2625,-89.2957,33.2651,-89.2856,EF1,0,0,0,0,65000.0,0.0,113.98586176613523,True
2011,1,32.6646,-88.8355,32.7495,-88.6743,EF1,0,0,0,0,110000.0,0.0,115.95553289886887,True
2011,1,33.2839,-89.24,33.2842,-89.1271,EF1,0,0,0,0,20000.0,0.0,108.46019909265844,True
2011,11,32.5548,-85.6294,32.697,-85.1173,EF1,0,0,2,0,4000000.0,0.0,15.165148503896766,True
2011,11,32.5369,-85.6566,32.5548,-85.6294,EF1,0,0,0,0,500000.0,0.0,12.481845058423145,True
2011,11,34.5945,-98.961,34.596,-98.959,EF0,0,0,0,0,0.0,0.0,25.871545144238482,True
2011,4,35.44,-84.41,35.53,-84.25,EF1,0,0,0,0,25000.0,0.0,121.7488951083437,True
2011,4,35.11,-85.29,35.13,-85.25,EF1,0,0,0,0,150000.0,0.0,74.97236649379761,True
2011,4,34.987,-85.271,35.004,-85.237,EF1,0,0,0,0,25000.0,0.0,74.31963666323449,True
2011,10,38.03,-78.19,38.04,-78.18,EF1,0,0,0,0,175000.0,0.0,121.67178027090107,True
2011,10,37.4774,-77.125,37.5936,-77.0417,EF1,0,0,0,0,1000000.0,0.0,55.85420242874515,True
2011,7,44.166,-96.106,44.179,-96.1,EF1,0,0,0,0,50000.0,0.0,81.40315586908014,True
2011,8,38.7184,-104.8244,38.7197,-104.8232,EF0,0,0,0,0,0.0,0.0,121.17972675823614,True
2011,4,35.38,-84.34,35.4,-84.32,EF0,0,0,0,0,5000.0,0.0,121.84193082840036,True
2011,4,35.39,-84.35,35.4,-84.34,EF0,0,0,0,0,5000.0,0.0,121.67307207351536,True
2011,4,35.35,-84.4,35.44,-84.25,EF2,0,0,1,0,500000.0,0.0,128.02288446154418,True
2011,4,35.11,-85.15,35.13,-85.15,EF0,0,0,0,0,25000.0,0.0,87.32716807381769,True
2011,4,35.04,-85.07,35.121,-85.021,EF1,0,0,0,0,50000.0,0.0,93.1399547789326,True
2011,7,44.281,-96.13,44.266,-96.147,EF2,0,0,0,0,100000.0,0.0,90.78274167009563,True
2011,4,35.44,-84.42,35.53,-84.25,EF1,0,0,0,0,25000.0,0.0,122.42370272725013,True
2011,4,34.99,-85.333,34.999,-85.328,EF1,0,0,0,0,100000.0,0.0,68.72141666256452,True
2011,4,35.0681,-85.0964,35.0789,-85.0337,EF1,0,0,0,0,100000.0,0.0,91.21238523921193,True
2011,4,35.0129,-85.2144,35.0667,-85.2276,EF1,0,0,0,0,90000.0,0.0,79.72714853192724,True
2011,6,39.0373,-100.1823,39.0525,-100.1766,EF0,0,0,0,0,0.0,0.0,135.83619232840525,True
2011,11,31.6608,-89.3275,31.679,-89.2969,EF1,0,0,0,0,60000.0,0.0,92.63065702931202,True
2011,4,35.54,-84.3,35.55,-84.24,EF1,0,0,0,0,25000.0,0.0,106.9207745017453,True
2011,4,35.455,-84.448,35.53,-84.26,EF1,0,0,1,0,100000.0,0.0,123.24173363484749,True
2011,4,35.8,-84.06,35.86,-83.97,EF0,0,0,0,0,10000.0,0.0,71.99452936500465,True
2011,4,35.63,-84.13,35.658,-84.0659,EF0,0,0,0,0,10000.0,0.0,88.78996127755512,True
2011,4,35.0986,-85.0788,35.0993,-85.0783,EF0,0,0,0,0,10000.0,0.0,93.39534758550829,True
2011,6,39.0944,-100.2126,39.1322,-100.1974,EF0,0,0,0,0,0.0,0.0,131.66954180189626,True
2011,6,39.2181,-100.1619,39.2807,-100.1246,EF0,0,0,0,0,0.0,0.0,133.41523716221667,True
2011,5,38.943,-91.4702,39.0157,-91.3772,EF1,0,0,0,0,0.0,0.0,73.41940262389737,True
2011,7,47.35,-98.31,47.3814,-98.2706,EF1,0,0,0,0,10000.0,50000.0,76.68130726789065,True
2011,7,46.17,-98.59,46.1684,-98.5824,EF0,0,0,0,0,0.0,0.0,80.58751527772668,True
2011,8,42.2581,-98.3246,42.256,-98.3174,EF0,0,0,0,0,0.0,0.0,188.71208338725802,True
2011,8,42.64,-100.26,42.6397,-100.2599,EF0,0,0,0,0,0.0,0.0,80.17644539642754,True
2011,7,46.11,-97.95,46.0444,-97.3431,EF2,0,0,0,0,800000.0,2000000.0,81.11984463516757,True
2011,8,42.4205,-100.055,42.3831,-100.006,EF0,0,0,0,0,2000.0,0.0,67.00303660266226,True
2011,8,42.0726,-100.276,42.072,-100.2753,EF0,0,0,0,0,11000.0,0.0,27.886727562832448,True
2011,6,38.1986,-85.7726,38.2045,-85.7515,EF2,0,0,0,0,400000.0,0.0,29.006756738823892,True
2011,6,38.7791,-102.5825,38.7791,-102.5825,EF0,0,0,0,0,0.0,0.0,100.36204405076319,True
2011,7,47.8298,-99.9086,47.8296,-99.9077,EF0,0,0,0,0,0.0,0.0,134.12488093521063,True
2011,8,42.64,-100.26,42.6225,-100.247,EF1,0,0,0,0,3000.0,0.0,80.17644539642754,True
2011,4,33.8116,-88.8454,33.9036,-88.7203,EF3,0,0,2,0,250000.0,0.0,48.602839265879524,True
2011,6,41.1923,-98.7189,41.194,-98.7168,EF0,0,0,0,0,80000.0,0.0,99.67128361214982,True
2011,6,40.8031,-97.9366,40.931,-97.8735,EF2,0,0,0,0,2500000.0,500000.0,68.54216339761923,True
2011,8,42.66,-99.92,42.6598,-99.9198,EF0,0,0,0,0,0.0,0.0,94.89935143670684,True
2011,6,41.4276,-98.78,41.4421,-98.78,EF1,0,0,0,0,50000.0,0.0,126.3066926619938,True
2011,6,38.1949,-85.5778,38.2016,-85.5492,EF2,0,0,0,0,175000.0,0.0,40.28596635553688,True
2011,6,39.4898,-99.872,39.5667,-99.8036,EF3,0,0,0,0,5000000.0,0.0,153.027182015737,True
2011,7,47.62,-99.14,47.6131,-99.0889,EF1,0,0,0,0,10000.0,10000.0,136.53538618088186,True
2011,6,39.5215,-99.8788,39.5147,-99.8867,EF1,0,0,0,0,500000.0,0.0,151.37119715335015,True
2011,6,39.5527,-99.8266,39.5445,-99.8125,EF1,0,0,0,0,500000.0,0.0,145.70949464916418,True
2011,7,44.5412,-95.5519,44.5093,-95.58,EF1,0,0,0,0,250000.0,0.0,141.71178434032626,True
2011,6,40.8285,-97.7878,41.0449,-97.7093,EF2,0,0,0,0,3500000.0,500000.0,78.98678355160442,True
2011,6,39.5667,-99.8036,39.6427,-99.7775,EF2,0,0,0,0,1000000.0,0.0,143.19881890921235,True
2011,6,39.7377,-99.7765,39.7379,-99.7023,EF3,0,0,0,0,350000.0,0.0,130.8259361403979,True
2011,8,44.1826,-88.2541,44.1813,-88.2442,EF0,0,0,0,0,50000.0,0.0,36.93418658816678,True
2011,5,46.6642,-105.3,46.6642,-105.3,EF1,0,0,0,0,75000.0,0.0,198.31640582148864,True
2011,6,44.9964,-85.7596,45.0012,-85.7574,EF0,0,0,0,0,20000.0,0.0,82.45640796669419,True
2011,7,41.5622,-75.2641,41.5591,-75.2544,EF0,0,0,0,0,25000.0,0.0,92.64890604189979,True
2011,7,47.5,-98.7229,47.4929,-98.6934,EF0,0,0,0,0,0.0,0.0,105.03092447496789,True
2011,8,42.2845,-98.35,42.2841,-98.3494,EF0,0,0,0,0,0.0,0.0,187.15989028557902,True
2011,8,42.3,-101.39,42.2999,-101.3895,EF0,0,0,0,0,0.0,0.0,77.13874705815986,True
2011,7,44.6479,-95.2209,44.6587,-95.1976,EF1,0,0,0,0,15000.0,0.0,132.62132580054808,True
2011,7,47.11,-102.77,47.1117,-102.729,EF0,0,0,0,0,0.0,0.0,157.16422194258746,True
2011,7,46.51,-99.77,46.5108,-99.7646,EF0,0,0,0,0,0.0,0.0,80.97244776195923,True
2011,6,41.0764,-97.7156,41.2064,-97.6566,EF3,0,0,0,0,4000000.0,500000.0,103.96058587989647,True
2011,6,38.2025,-85.5488,38.2162,-85.4847,EF1,0,0,0,0,75000.0,0.0,42.82413939347505,True
2011,7,38.1772,-97.5361,38.1829,-97.5286,EF0,0,0,0,0,0.0,0.0,58.69857038095297,True
2011,9,41.4418,-85.9718,41.4499,-85.9702,EF0,0,0,0,0,10000.0,0.0,24.485379646567736,True
2011,7,47.36,-98.54,47.3598,-98.5397,EF0,0,0,0,0,0.0,0.0,93.26162947300091,True
2011,8,42.64,-100.06,42.6399,-100.0598,EF0,0,0,0,0,0.0,0.0,86.91569076372808,True
2011,7,47.2755,-101.7997,47.3101,-101.7555,EF0,0,0,0,0,0.0,0.0,96.73055181391967,True
2011,7,46.401,-99.792,46.3761,-99.5432,EF2,0,0,0,0,450000.0,0.0,84.65417048757082,True
2011,7,39.22,-104.45,39.22,-104.45,EF0,0,0,0,0,0.0,0.0,63.54022036073115,True
2011,6,42.98,-89.584,43.0554,-89.2605,EF0,0,0,0,0,100000.0,0.0,84.0892489487337,True
2011,7,46.2475,-100.0702,46.2437,-100.0316,EF0,0,0,0,0,30000.0,50000.0,78.58163569860767,True
2011,7,47.3923,-99.5787,47.39,-99.554,EF0,0,0,0,0,0.0,0.0,113.04548528572373,True
2011,7,45.5227,-94.2668,45.5484,-94.2352,EF0,0,0,0,0,100000.0,0.0,92.92081747054368,True
2011,7,39.6808,-104.4333,39.6808,-104.4333,EF0,0,0,0,0,0.0,0.0,15.199517729028337,True
2011,8,44.2346,-83.5483,44.2357,-83.5449,EF0,0,0,0,0,75000.0,0.0,119.10657462537496,True
2011,6,38.1828,-86.4981,38.1832,-86.4918,EF0,0,0,0,0,0.0,0.0,53.71883563403889,True
2011,6,39.9463,-99.6262,39.99,-99.588,EF1,0,0,0,0,100000.0,0.0,108.95029868964768,True
2011,6,39.8378,-100.1522,39.8378,-100.1522,EF0,0,0,0,0,0.0,0.0,142.58745779422674,True
2011,6,39.796,-99.7207,39.8429,-99.6764,EF2,0,0,0,0,300000.0,0.0,123.4893475931731,True
2011,7,46.42,-100.64,46.42,-100.64,EF0,0,0,0,0,0.0,0.0,40.078246009324786,True
2011,7,47.29,-102.12,47.31,-102.06,EF0,0,0,0,0,0.0,0.0,118.1211695104316,True
2011,7,44.7979,-95.102,44.833,-95.0973,EF1,0,0,0,0,250000.0,0.0,121.31083827328078,True
2011,5,38.1883,-94.0372,38.2092,-93.9953,EF0,0,0,0,0,8000.0,0.0,71.92873792580578,True
2011,6,40.78,-99.8191,40.78,-99.8172,EF0,0,0,0,0,0.0,0.0,127.06310245302197,True
2011,7,46.26,-98.84,46.2563,-98.8314,EF1,0,0,0,0,75000.0,0.0,95.33609514699897,True
2011,7,46.19,-98.16,46.1885,-98.158,EF0,0,0,0,0,0.0,0.0,83.95779291555107,True
2011,7,46.21,-98.43,46.2095,-98.4292,EF0,0,0,0,0,0.0,0.0,83.87015870463479,True
2011,6,38.1422,-86.0504,38.1429,-86.0474,EF0,0,0,0,0,5000.0,0.0,20.77294472289467,True
2011,7,43.03,-75.34,43.03,-75.33,EF0,0,0,0,0,5000.0,0.0,85.25485130661349,True
2011,6,40.0079,-99.588,40.1886,-99.5763,EF1,0,0,0,0,250000.0,250000.0,103.41500016115978,True
2011,6,37.7473,-86.4204,37.7467,-86.402,EF2,0,0,0,0,50000.0,0.0,48.91376197257105,True
2011,6,37.7413,-86.3876,37.7414,-86.3849,EF0,0,0,0,0,5000.0,0.0,46.843676544150995,True
2011,6,41.1179,-88.0257,41.1472,-87.9998,EF0,0,0,0,0,100000.0,0.0,54.322434144198766,True
2011,6,36.9614,-96.5458,36.9614,-96.5458,EF0,0,0,0,0,0.0,0.0,110.61514929090251,True
2011,7,46.03,-99.39,46.0175,-99.3827,EF0,0,0,0,0,0.0,0.0,99.11272405448545,True
2011,7,47.24,-97.07,47.1765,-97.0326,EF0,0,0,0,0,5000.0,5000.0,37.34231982621438,True
2011,7,42.74,-75.19,42.74,-75.18,EF0,0,0,0,0,0.0,0.0,88.64735477402284,True
2011,7,44.5866,-95.3861,44.6479,-95.2209,EF1,0,0,0,0,200000.0,0.0,146.77282021526852,True
2011,6,36.3568,-99.88,36.3568,-99.88,EF0,0,0,0,0,100000.0,0.0,156.32006899981005,True
2011,8,42.7497,-103.0035,42.7514,-102.9986,EF0,0,0,0,0,0.0,0.0,153.5345183744525,True
2011,6,38.1906,-85.6192,38.1936,-85.581,EF1,0,0,0,0,150000.0,0.0,37.15949402045464,True
2011,6,36.8957,-95.8727,36.8957,-95.8727,EF0,0,0,0,0,0.0,0.0,84.74858299373369,True
2011,6,36.9345,-96.2705,36.9303,-96.2183,EF0,0,0,0,0,0.0,0.0,105.41873887178498,True
2011,7,46.25,-97.42,46.27,-97.3091,EF1,0,0,0,0,100000.0,50000.0,117.10172703447913,True
2011,7,46.02,-97.11,46.0266,-97.05,EF1,0,0,0,0,30000.0,300000.0,119.00174061721921,True
2011,7,47.47,-101.14,47.4702,-101.1352,EF0,0,0,0,0,0.0,0.0,82.88317659307691,True
2011,6,41.5321,-73.2178,41.5321,-73.2178,EF1,0,0,0,0,0.0,0.0,79.81484537034605,True
2011,7,47.33,-100.51,47.36,-100.5,EF1,0,0,0,0,0.0,0.0,65.00368243167075,True
2011,7,48.3,-100.0,48.3107,-99.978,EF1,0,0,0,0,325000.0,150000.0,179.35669302988316,True
2011,6,40.6421,-99.3899,40.679,-99.3858,EF0,0,0,0,0,500000.0,250000.0,87.7731980573717,True
2011,6,40.679,-99.3858,40.7114,-99.3779,EF0,0,0,0,0,250000.0,250000.0,89.19151282725873,True
2011,6,39.9923,-99.4065,39.9926,-99.3979,EF0,0,0,0,0,0.0,0.0,89.74361333605741,True
2011,6,38.8,-96.9,38.8,-96.9,EF0,0,0,0,0,0.0,0.0,61.77673877084894,True
2011,6,41.2342,-98.1168,41.2365,-98.1069,EF0,0,0,0,0,0.0,0.0,105.18718261075259,True
2011,7,46.49,-98.63,46.2998,-98.4319,EF3,0,0,1,0,500000.0,250000.0,116.2101126059299,True
2011,7,47.35,-99.65,47.3497,-99.53,EF0,0,0,0,0,0.0,0.0,105.92537237117506,True
2011,7,28.2088,-82.1615,28.2114,-82.1594,EF0,0,0,0,0,20000.0,0.0,60.76651562867381,True
2011,6,40.7278,-99.3941,40.7724,-99.3695,EF2,0,0,1,0,750000.0,500000.0,92.3285686755264,True
2011,6,40.9393,-99.0394,40.9905,-99.0529,EF0,0,0,0,0,0.0,0.0,85.27257901465192,True
2011,6,42.0474,-87.9504,42.0807,-87.9392,EF1,0,0,0,0,50000.0,0.0,50.491562827057436,True
2011,6,41.606,-87.5823,41.6048,-87.5687,EF0,0,0,0,0,25000.0,0.0,41.75054471204995,True
2011,6,38.9136,-102.9502,38.9136,-102.9502,EF0,0,0,0,0,0.0,0.0,119.00038164910109,True
2011,7,46.93,-98.03,46.92,-97.9788,EF1,0,0,0,0,750000.0,250000.0,85.18251363282704,True
2011,7,44.51,-95.54,44.5418,-95.4445,EF1,0,0,0,0,500000.0,0.0,139.79692938748232,True
2011,7,44.5418,-95.4445,44.5866,-95.3861,EF1,0,0,0,0,500000.0,0.0,147.5929289874368,True
2011,6,42.1541,-72.0677,42.1551,-72.04,EF0,0,0,0,0,0.0,0.0,79.95361544253923,True
2011,9,30.4527,-88.1098,30.4769,-88.1261,EF1,0,0,0,0,45000.0,0.0,28.11388683060804,True
2011,9,34.8092,-79.0624,34.8219,-79.0634,EF0,0,0,0,0,20000.0,0.0,108.12011353395737,True
2011,6,36.9806,-101.0535,36.9759,-101.0159,EF1,0,0,0,0,20000.0,0.0,129.27907265562953,True
2011,9,32.7789,-87.4965,32.8279,-87.4872,EF0,0,0,0,0,12000.0,0.0,80.66103546537057,True
2011,11,31.8439,-94.7578,31.9474,-94.6048,EF1,0,0,0,0,0.0,0.0,109.54696296200997,True
2011,9,30.7229,-86.558,30.7336,-86.5536,EF0,0,0,0,0,25000.0,0.0,63.356871595973125,True
2011,9,30.3906,-87.4509,30.4012,-87.4545,EF1,0,0,0,0,200000.0,0.0,82.09195835845227,True
2011,11,32.3633,-88.0894,32.3763,-88.0689,EF2,0,0,1,0,200000.0,0.0,152.67483317926465,True
2011,11,31.9182,-94.7401,31.9777,-94.657,EF0,0,0,0,0,0.0,0.0,103.26204535167447,True
2011,11,32.4813,-87.8567,32.5032,-87.8174,EF0,0,0,0,0,300000.0,0.0,127.32974671746626,True
2011,11,32.3867,-86.2184,32.3977,-86.2107,EF1,0,0,0,0,500000.0,0.0,43.53527131847101,True
2011,6,42.1107,-72.1354,42.1045,-71.99,EF3,0,0,0,0,0.0,0.0,84.24976780736567,True
2011,9,30.1641,-92.1471,30.1642,-92.1487,EF0,0,0,0,0,0.0,0.0,102.8607262415392,True
2011,12,32.8692,-86.9742,32.8796,-86.9307,EF0,0,0,0,0,15000.0,0.0,38.68671309986825,True
2011,11,31.448,-93.318,31.4753,-93.2362,EF1,0,0,0,0,0.0,0.0,46.00403652769508,True
2011,11,31.4753,-93.2362,31.4855,-93.2056,EF1,0,0,0,0,0.0,0.0,43.33723968624509,True
2011,9,36.5751,-94.019,36.5751,-94.0184,EF0,0,0,0,0,0.0,0.0,91.73406610234505,True
2011,12,32.4232,-86.9206,32.4304,-86.8844,EF0,0,0,0,0,30000.0,0.0,84.44201971191472,True
2011,12,33.1828,-86.607,33.2027,-86.586,EF0,0,0,0,0,45000.0,0.0,15.192090828248581,True
2011,9,33.7478,-90.6578,33.7212,-90.6264,EF1,0,0,0,0,200000.0,0.0,174.87119368657986,True
2011,9,30.6165,-89.6558,30.6231,-89.6621,EF1,0,0,0,0,50000.0,0.0,72.76151422060478,True
2011,9,30.5434,-89.12,30.5875,-89.1535,EF1,0,0,0,0,20000.0,0.0,85.58891184814313,True
2011,10,30.3097,-94.9875,30.2746,-94.9294,EF0,0,0,1,0,25000.0,0.0,93.5702557793727,True
2011,12,32.7537,-86.2916,32.9745,-86.0082,EF1,0,0,0,0,65000.0,0.0,52.82412805348179,True
2011,12,32.6978,-86.4131,32.7019,-86.4059,EF0,0,0,0,0,5000.0,0.0,61.0702319072919,True
2011,12,32.9745,-86.0082,32.9902,-85.992,EF0,0,0,0,0,5000.0,0.0,52.79963711491898,True
2011,5,36.9411,-90.7165,37.3147,-90.3436,EF3,0,0,2,0,500000.0,0.0,173.24991187436245,True
2011,9,33.7866,-90.5467,33.7673,-90.537,EF1,0,0,0,0,20000.0,0.0,175.53437339932492,True
2011,4,35.697,-84.879,35.713,-84.854,EF1,0,0,0,0,10000.0,0.0,138.59760511326567,True
2011,4,36.054,-83.4889,36.0603,-83.4793,EF0,0,0,0,0,5000.0,0.0,14.921183481540309,True
2011,10,47.233,-117.7657,47.2333,-117.7658,EF0,0,0,0,0,0.0,0.0,50.864361807124325,True
2011,6,42.14,-72.48,42.15,-72.4,EF1,0,0,0,0,0.0,0.0,112.7801764006885,True
2011,6,42.14,-72.23,42.15,-72.2,EF1,0,0,0,0,0.0,0.0,92.55716418357076,True
2011,4,35.5467,-84.0274,35.663,-83.841,EF0,0,0,0,0,10000.0,0.0,89.19086788279338,True
2011,4,35.66,-84.19,35.68,-84.18,EF0,0,0,0,0,10000.0,0.0,90.72781932024157,True
2011,9,33.7933,-90.7814,33.7469,-90.6602,EF1,0,0,0,0,2500000.0,0.0,178.71850469112024,True
2011,6,42.1,-72.75,42.1107,-72.1354,EF3,3,0,200,0,227600000.0,0.0,134.20131210217863,True
2011,9,29.8587,-89.778,29.8654,-89.7732,EF1,0,0,0,0,10000.0,0.0,95.18409034261438,True
2011,9,37.94,-78.2,37.95,-78.19,EF0,0,0,0,0,10000.0,0.0,130.84984364961002,True
2011,9,36.82,-97.932,36.808,-97.909,EF0,0,0,0,0,0.0,0.0,19.50943396976042,True
2011,4,35.2899,-84.5504,35.3198,-84.5425,EF0,0,0,0,0,10000.0,0.0,142.43276180831757,True
2011,9,35.3347,-111.7056,35.3354,-111.6967,EF2,0,0,0,0,0.0,0.0,96.35833723308473,True
2011,11,35.7321,-80.2103,35.8031,-80.0534,EF2,2,0,15,0,20000000.0,0.0,143.7842093193945,True
2011,4,35.5324,-84.0504,35.5459,-84.0274,EF4,0,0,0,0,50000.0,0.0,91.73839483288555,True
2011,4,32.789,-88.241,32.806,-88.165,EF2,0,0,0,0,2069999.9999999998,0.0,123.46603015013038,True
2011,4,34.9845,-85.6,35.005,-85.57,EF1,0,0,0,0,25000.0,0.0,44.47909178245134,True
2011,11,35.807,-80.0097,35.8033,-80.053,EF1,0,0,0,0,500000.0,0.0,137.3950946970771,True
2011,10,29.366,-98.632,29.392,-98.642,EF1,0,0,0,0,1000000.0,0.0,69.43150946465856,True
2011,9,33.9481,-86.0423,33.9577,-86.0463,EF0,0,0,0,0,30000.0,0.0,109.309118215742,True
2011,7,40.16,-103.21,40.16,-103.21,EF0,0,0,0,0,0.0,0.0,121.16159599631442,True
2011,7,40.16,-103.21,40.16,-103.21,EF0,0,0,0,0,0.0,0.0,121.16159599631442,True
2011,4,34.6208,-85.9814,34.82,-85.6314,EF4,6,0,0,0,0.0,0.0,35.68531994733553,True
2011,5,35.242,-97.628,35.243,-97.619,EF0,0,0,0,0,0.0,0.0,33.36341489257196,True
2011,6,37.43,-103.58,37.43,-103.58,EF0,0,0,0,0,0.0,0.0,270.5780731644056,True
2011,6,37.75,-103.8,37.75,-103.79,EF0,0,0,0,0,0.0,0.0,235.50981445046656,True
2011,2,35.68,-88.1867,35.7282,-88.0345,EF2,0,0,0,0,1500000.0,0.0,142.65233449431733,True
2011,5,38.7016,-86.309,38.7124,-86.291,EF1,0,0,0,0,0.0,0.0,86.81531075233498,True
2011,5,35.109,-97.451,35.116,-97.447,EF1,0,0,0,0,0.0,0.0,29.467729984380522,True
2011,6,36.77,-100.82,36.7695,-100.8183,EF0,0,0,0,0,0.0,0.0,133.45795345436022,True
2011,6,46.8797,-102.3376,46.8787,-102.3325,EF0,0,0,0,0,10000.0,0.0,120.61403525993487,True
2011,5,38.7118,-86.3088,38.7378,-86.2644,EF1,0,0,0,0,30000.0,0.0,87.86429235626284,True
2011,5,38.686,-86.3403,38.6884,-86.3352,EF1,0,0,0,0,20000.0,0.0,86.26286654757386,True
2011,4,35.0248,-88.2735,35.0368,-88.2072,EF2,0,0,2,0,1800000.0,0.0,125.51952390833092,True
2011,5,39.52,-122.2,39.6446,-121.732,EF1,0,0,0,0,150000.0,400000.0,48.831425497597294,True
2011,5,39.598,-121.6208,39.5986,-121.6169,EF2,0,0,0,0,120000.0,0.0,11.367781875744559,True
2011,4,38.7362,-90.9388,38.7306,-90.8027,EF1,0,0,0,0,0.0,0.0,22.59710745396062,True
2011,6,44.4038,-70.6817,44.4054,-70.677,EF1,0,0,0,0,0.0,0.0,66.32681626721086,True
2011,6,41.7621,-88.0324,41.7867,-88.0098,EF1,0,0,0,0,500000.0,0.0,18.055800832751906,True
2011,5,40.9729,-97.8778,40.9995,-97.8507,EF1,0,0,0,0,150000.0,0.0,86.73219713615609,True
2011,5,41.1598,-97.5532,41.192,-97.543,EF1,0,0,0,0,100000.0,0.0,100.79024093159487,True
2011,5,40.3484,-98.5141,40.3501,-98.513,EF0,0,0,0,0,25000.0,0.0,6.841658526808782,True
2011,4,38.3599,-90.0468,38.3631,-90.0147,EF1,0,0,0,0,0.0,0.0,66.94107416211052,True
2011,4,39.4427,-89.825,39.4503,-89.7447,EF3,0,0,2,0,0.0,0.0,89.07140720628576,True
2011,4,42.7293,-94.8557,42.721,-94.7937,EF4,0,0,0,0,2500000.0,0.0,144.97826665087373,True
2011,4,42.3746,-95.2424,42.474,-95.1496,EF2,0,0,0,0,1000000.0,0.0,144.42890728325315,True
2011,4,42.5191,-95.1291,42.5608,-94.9736,EF2,0,0,0,0,2000000.0,0.0,145.35049370281305,True
2011,4,35.9784,-86.6093,35.9804,-86.5695,EF1,0,0,0,0,250000.0,4000.0,30.18560574113768,True
2011,4,35.0081,-86.3193,35.0857,-86.1511,EF3,0,0,0,0,0.0,0.0,23.142539209116755,True
2011,6,45.2766,-103.6926,45.3021,-103.668,EF0,0,0,0,0,20000.0,0.0,145.0969257909288,True
2011,6,47.5996,-102.0996,47.5999,-102.1054,EF0,0,0,0,0,0.0,0.0,136.87950703451162,True
2011,6,46.7812,-101.4253,46.7792,-101.4191,EF0,0,0,0,0,0.0,0.0,50.656399214397354,True
2011,8,34.5894,-100.4482,34.5907,-100.447,EF0,0,0,0,0,0.0,0.0,135.458066077223,True
2011,4,38.3493,-90.1548,38.3398,-90.091,EF2,0,0,1,0,0.0,0.0,60.170629303219265,True
2011,5,34.7805,-96.8949,34.7805,-96.8949,EF0,0,0,0,0,0.0,0.0,70.63509930291902,True
2011,5,34.7867,-96.8565,34.7867,-96.8565,EF0,0,0,0,0,0.0,0.0,71.83858169083328,True
2011,4,37.1729,-88.0616,37.2737,-87.9775,EF1,0,0,0,0,100000.0,0.0,64.0451770743321,True
2011,5,36.1445,-98.3439,36.1462,-98.3388,EF0,0,0,0,0,0.0,0.0,69.0767144739085,True
2011,5,45.777,-90.645,45.821,-90.619,EF1,0,0,0,0,4000.0,0.0,168.328027104609,True
2011,4,32.0925,-88.0451,32.2413,-87.7304,EF2,0,0,0,0,3480000.0,0.0,158.20732930598186,True
2011,4,38.7277,-89.5972,38.7418,-89.5435,EF2,0,0,0,0,0.0,0.0,94.24209681970092,True
2011,4,38.7418,-89.5435,38.7921,-89.3975,EF1,0,0,0,0,0.0,0.0,98.95212658447679,True
2011,6,37.7952,-97.5864,37.7984,-97.5795,EF0,0,0,0,0,0.0,0.0,20.0980847061973,True
2011,6,33.8768,-89.1858,33.882,-89.1667,EF1,0,0,1,0,35000.0,0.0,79.1028084410008,True
2011,5,40.8897,-100.0312,40.8911,-100.0245,EF0,0,0,0,0,0.0,0.0,127.1775256180134,True
2011,6,40.96,-102.48,40.96,-102.48,EF0,0,0,0,0,0.0,0.0,189.1240256835472,True
2011,4,33.9176,-87.0472,34.1656,-86.6104,EF2,1,0,0,0,0.0,0.0,86.80980381509289,True
2011,7,42.4273,-94.2883,42.432,-94.2455,EF0,0,0,0,0,0.0,10000.0,90.39157310956841,True
2011,5,38.299,-86.9336,38.2843,-86.9626,EF2,0,0,0,0,100000.0,0.0,69.17174147693184,True
2011,4,33.721,-89.273,33.7489,-89.2018,EF3,0,0,0,0,250000.0,0.0,89.36663995127914,True
2011,7,42.462,-90.473,42.462,-90.472,EF0,0,0,0,0,0.0,0.0,94.97190015488835,True
2011,5,34.5211,-97.0025,34.5211,-97.0025,EF0,0,0,0,0,0.0,0.0,93.70695961773382,True
2011,5,34.5631,-96.8064,34.6291,-96.7202,EF1,0,0,0,0,8000.0,0.0,95.78816514553097,True
2011,5,34.56,-96.8336,34.56,-96.8249,EF0,0,0,0,0,0.0,0.0,95.01433834279904,True
2011,4,34.662,-87.0705,34.8017,-86.7855,EF4,4,0,45,30,1000000000.0,0.0,94.93288287051669,True
2011,2,35.6643,-88.237,35.68,-88.1867,EF2,0,0,0,0,25000.0,0.0,146.67968030168538,True
2011,5,38.4824,-86.9452,38.4867,-86.9098,EF1,0,0,0,0,30000.0,0.0,72.29043315901536,True
2011,7,43.74,-84.4003,43.7415,-84.3936,EF0,0,0,0,0,0.0,0.0,132.00643608366127,True
2011,8,28.87,-81.71,28.8748,-81.7128,EF0,0,0,0,0,25000.0,0.0,133.13734684082596,True
2011,5,34.8845,-98.87,34.8845,-98.87,EF0,0,0,0,0,0.0,0.0,58.892528464681,True
2011,5,39.0536,-93.7375,39.0536,-93.7375,EF0,0,0,0,0,0.0,0.0,53.00816532588746,True
2011,6,44.52,-99.13,44.5179,-99.1262,EF0,0,0,0,0,0.0,0.0,118.3518563613129,True
2011,6,44.35,-98.99,44.349,-98.9883,EF0,0,0,0,0,0.0,0.0,131.08926139818146,True
2011,4,34.0455,-88.445,34.0891,-88.36,EF5,16,0,37,0,2500000.0,0.0,19.673429268635832,True
2011,5,34.89,-98.4129,34.89,-98.4129,EF0,0,0,0,0,0.0,0.0,78.13668836993784,True
2011,4,34.3109,-87.7858,34.4368,-87.5307,EF5,27,0,0,0,50000000.0,0.0,67.98641876685068,True
2011,4,34.5735,-85.9678,34.8235,-85.6301,EF1,1,0,0,0,0.0,0.0,41.087788836806,True
2011,7,42.3847,-89.9481,42.3885,-89.9396,EF0,0,0,0,0,0.0,0.0,100.6107303548561,True
2011,5,45.538,-90.4,45.551,-90.385,EF0,0,0,0,0,1000.0,0.0,200.6616853269688,True
2011,5,45.608,-90.333,45.619,-90.316,EF0,0,0,0,0,0.0,0.0,198.78205518281956,True
2011,5,39.1793,-99.0268,39.1806,-99.0252,EF0,0,0,0,0,25000.0,0.0,136.4243270935689,True
2011,5,45.675,-90.256,45.694,-90.221,EF0,0,0,0,0,5000.0,0.0,198.12027084406515,True
2011,5,45.85,-90.076,45.855,-90.071,EF0,0,0,0,0,0.0,0.0,197.14252671546507,True
2011,4,34.7948,-85.909,34.9854,-85.6377,EF4,1,0,0,0,0.0,0.0,21.946519223036503,True
2011,5,35.0795,-98.415,35.0795,-98.415,EF0,0,0,0,0,0.0,0.0,94.85169364919182,True
2011,5,37.923,-100.543,37.928,-100.538,EF0,0,0,0,0,0.0,0.0,53.54207998184316,True
2011,7,45.9912,-94.9418,45.9865,-94.9279,EF0,0,0,0,0,0.0,0.0,166.34454362005857,True
2011,7,46.94,-101.65,46.9367,-101.6297,EF0,0,0,0,0,0.0,0.0,70.22079813806766,True
2011,6,40.7833,-99.364,40.8992,-99.2695,EF3,0,0,0,0,6000000.0,2000000.0,93.34411918814402,True
2011,7,40.8082,-87.4416,40.8099,-87.4375,EF0,0,0,0,0,0.0,0.0,103.58976482252395,True
2011,9,30.4209,-85.6946,30.4357,-85.6906,EF0,0,0,0,0,0.0,0.0,27.021635192796285,True
2011,9,30.79,-85.03,30.7951,-85.0305,EF0,0,0,0,0,1000.0,0.0,80.05176871067093,True
2011,10,27.0512,-80.482,27.0545,-80.4802,EF0,0,0,0,0,207000.0,0.0,119.2891397991714,True
2011,8,28.574,-96.565,28.574,-96.569,EF0,0,0,0,0,30000.0,0.0,127.72261347602347,True
2011,8,43.0664,-76.7855,43.092,-76.712,EF2,0,0,0,0,150000.0,0.0,116.52915747639577,True
2011,8,38.3726,-104.6277,38.3693,-104.6316,EF0,0,0,0,0,0.0,0.0,157.39178227920593,True
2011,6,46.283,-101.916,46.347,-101.831,EF2,0,0,0,0,200000.0,50000.0,103.7292353157656,True
2011,10,27.5606,-80.3659,27.5627,-80.3657,EF0,0,0,0,0,24000.0,0.0,67.66481261087894,True
2011,8,44.6875,-90.4707,44.669,-90.3179,EF2,0,1,2,0,1400000.0,90700.0,111.96898505555745,True
2011,5,37.3147,-90.3437,37.3494,-90.3103,EF1,0,0,0,0,0.0,0.0,141.8943335404014,True
2011,9,36.7505,-87.5445,36.7607,-87.5317,EF1,0,0,0,0,40000.0,0.0,23.17421864081273,True
2011,8,43.092,-76.712,43.121,-76.6489,EF2,0,0,0,0,100000.0,0.0,111.32941922837482,True
2011,8,18.3789,-67.0956,18.3737,-67.0824,EF0,0,0,0,0,80000.0,0.0,111.35957388214516,True
2011,5,37.4094,-90.1676,37.4366,-90.1444,EF1,0,0,0,0,0.0,0.0,129.2383092996832,True
2011,7,38.0643,-104.7153,38.0637,-104.7152,EF0,0,0,0,0,20000.0,0.0,192.07471559555734,True
2011,9,28.569,-81.2689,28.569,-81.2689,EF0,0,0,0,0,0.0,0.0,78.65511921155861,True
2011,4,36.8863,-77.0256,36.9089,-77.0111,EF0,0,0,0,0,2000.0,0.0,10.969011033010036,True
2011,7,45.1965,-94.7601,45.1962,-94.7583,EF0,0,0,0,0,0.0,5000.0,101.53281445337021,True
2011,7,43.05,-75.43,43.05,-75.41,EF0,0,0,0,0,15000.0,0.0,81.0405502477885,True
2011,8,34.0311,-77.8923,34.0286,-77.8972,EF0,0,0,0,0,3000.0,0.0,49.703618998246355,True
2011,5,46.2446,-85.737,46.2303,-85.7407,EF0,0,0,0,0,0.0,0.0,142.52991509206385,True
2011,8,26.2,-80.25,26.227,-80.233,EF1,0,0,0,0,180000.0,0.0,67.54229090232309,True
2011,7,45.5276,-92.2175,45.5193,-92.2041,EF0,0,0,0,0,0.0,0.0,129.82721471236215,True
2011,6,39.6193,-91.6991,39.6161,-91.6881,EF0,0,0,0,0,0.0,0.0,134.7323563902232,True
2011,4,31.9286,-99.5701,31.9286,-99.5701,EF0,0,0,0,0,0.0,0.0,74.02530957529686,True
2011,4,36.4561,-85.707,36.4837,-85.6576,EF1,0,0,0,0,10000.0,35000.0,80.05784940075344,True
2011,8,34.9864,-106.4825,34.9864,-106.4825,EF0,0,0,0,0,0.0,0.0,35.98711596237679,True
2011,4,36.6938,-77.3024,36.7014,-77.2702,EF1,0,0,0,0,30000.0,0.0,41.58296850505315,True
2011,7,42.41,-75.44,42.4104,-75.4347,EF0,0,0,0,0,5000.0,0.0,50.532677281665194,True
2011,9,37.1725,-87.3822,37.1778,-87.3755,EF2,0,0,0,0,80000.0,0.0,49.22694655195975,True
2011,10,27.105,-80.1599,27.1064,-80.1557,EF0,0,0,0,0,200000.0,0.0,122.22332944439783,True
2011,7,45.4511,-103.2863,45.4517,-103.1548,EF1,0,0,0,0,5000.0,0.0,151.8196339796791,True
2011,4,35.5267,-85.9974,35.5327,-85.9685,EF0,0,0,0,0,5000.0,5000.0,66.7497374207869,True
2011,4,35.5676,-85.8777,35.6708,-85.6805,EF1,0,0,0,0,100000.0,21000.0,73.26291047881169,True
2011,4,36.2623,-85.4019,36.2772,-85.372,EF0,0,0,0,0,20000.0,10000.0,104.08050518002567,True
2011,7,46.63,-101.57,46.6316,-101.5673,EF0,0,0,0,0,0.0,0.0,63.7035141387659,True
2011,7,41.5779,-75.2899,41.5717,-75.2805,EF1,0,0,0,0,50000.0,0.0,89.93486227074845,True
2011,7,45.7206,-93.5155,45.7184,-93.5124,EF0,0,0,0,0,0.0,25000.0,97.00979767757362,True
2011,7,45.7184,-93.5124,45.6527,-93.4717,EF0,0,0,0,0,50000.0,100000.0,96.77548270537694,True
2011,7,47.59,-103.26,47.5894,-103.2504,EF0,0,0,0,2,100000.0,0.0,209.72352729862237,True
2011,4,36.0009,-85.1133,36.067,-85.0553,EF0,0,0,0,0,15000.0,15000.0,133.0116693484927,True
2011,7,45.31,-93.17,45.3096,-93.1603,EF0,0,0,0,0,25000.0,0.0,59.945405289763684,True
2011,7,46.8736,-103.2047,46.8736,-103.2027,EF0,0,0,0,0,0.0,0.0,186.33182502441718,True
2011,7,46.7,-103.09,46.6933,-103.0593,EF0,0,0,0,0,0.0,0.0,177.71559880000854,True
2011,8,42.17,-98.25,42.1628,-98.2295,EF0,0,0,0,0,0.0,0.0,182.57970888884057,True
2011,9,36.815,-97.887,36.815,-97.887,EF0,0,0,0,0,0.0,0.0,22.951702314519547,True
2011,9,36.784,-97.897,36.784,-97.897,EF0,0,0,0,0,0.0,0.0,21.085929617707002,True
2011,4,35.0164,-79.1338,35.0377,-79.09,EF0,0,0,0,0,100000.0,0.0,92.82087644026703,True
2011,4,35.0377,-79.079,35.2565,-78.7,EF3,1,0,85,0,100000000.0,0.0,87.8806392759568,True
2011,9,41.7803,-83.5614,41.7807,-83.5597,EF0,0,0,0,0,3000.0,0.0,102.53132874896575,True
2011,8,36.1393,-95.138,36.154,-95.1184,EF1,0,0,0,0,0.0,0.0,38.46277083445256,True
2011,8,40.2515,-74.432,40.2709,-74.4119,EF0,0,0,0,0,100000.0,0.0,33.913861214107605,True
2011,4,35.2543,-78.672,35.3277,-78.5353,EF2,1,0,24,0,16000000.0,0.0,48.57985758420153,True
2011,4,35.3346,-78.5275,35.4919,-78.356,EF2,0,0,67,0,25000000.0,0.0,36.92520232161285,True
2011,8,36.154,-95.1184,36.1616,-95.1082,EF1,0,0,0,0,0.0,0.0,40.08141377776668,True
2011,8,36.1616,-95.1082,36.1879,-95.0731,EF2,1,0,2,0,0.0,0.0,40.95414811997782,True
2011,8,42.5634,-100.209,42.5559,-100.209,EF3,0,0,0,0,15000.0,0.0,73.79507050596361,True
2011,6,39.9001,-99.6932,39.9463,-99.6264,EF3,0,0,0,0,10000000.0,0.0,116.23854767965055,True
2011,10,39.3084,-101.353,39.4102,-101.3359,EF1,0,0,0,0,200000.0,0.0,30.56661433464661,True
2011,11,33.8887,-94.4157,33.9094,-94.3857,EF0,0,0,0,0,1000.0,0.0,155.94087581570122,True
2011,4,35.3378,-79.313,35.3687,-79.2771,EF0,0,0,0,0,0.0,0.0,82.92313691011319,True
2011,7,40.2791,-98.9537,40.2795,-98.9521,EF0,0,0,0,0,0.0,0.0,43.647039949990486,True
2011,7,40.2688,-98.8329,40.2692,-98.8317,EF0,0,0,0,0,0.0,0.0,33.65876642776742,True
2011,8,43.3394,-84.3697,43.3402,-84.3578,EF0,0,0,0,0,0.0,500.0,101.90665924996243,True
2011,4,35.3632,-79.27,35.5423,-79.0108,EF3,2,0,36,0,57000000.0,0.0,78.18013394345904,True
2011,4,35.46,-84.59,35.46,-84.59,EF0,0,0,0,0,10000.0,0.0,132.96370367700544,True
2011,4,36.1733,-79.4516,36.246,-79.3558,EF1,0,0,0,0,580000.0,0.0,103.38886190704594,True
2011,8,45.74,-100.77,45.7382,-100.7669,EF0,0,0,0,0,0.0,0.0,114.62550715504537,True
2011,8,45.68,-100.75,45.6784,-100.7464,EF0,0,0,0,0,0.0,0.0,121.29733440713825,True
2011,4,35.5432,-79.0105,35.5918,-78.9404,EF0,0,0,0,0,75000.0,0.0,48.97575649300392,True
2011,4,36.4501,-79.002,36.5419,-78.8707,EF2,0,0,2,0,400000.0,0.0,98.66162243134683,True
2011,8,45.4026,-87.987,45.3521,-87.8857,EF1,1,0,0,0,110000.0,0.0,100.99125067288236,True
2011,4,35.5924,-78.9242,35.9527,-78.4122,EF3,4,0,67,0,115000000.0,0.0,40.07078482050996,True
2011,4,35.737,-86.5626,35.7546,-86.5317,EF0,0,0,0,0,8000.0,11000.0,56.733876185918795,True
2011,4,36.4152,-77.7031,36.47,-77.61,EF2,0,0,0,0,1200000.0,0.0,88.56860297841214,True
2011,5,45.042,-93.5749,45.0443,-93.5723,EF0,0,0,0,0,0.0,0.0,21.486649507149554,True
2011,8,45.3515,-87.8798,45.3401,-87.8515,EF0,0,0,0,0,10000.0,0.0,96.56830446325363,True
2011,4,35.0062,-87.9105,35.0081,-87.9086,EF0,0,0,0,0,1000.0,0.0,129.18320735154055,True
2011,4,35.6899,-86.6962,35.7069,-86.6491,EF1,0,0,0,0,75000.0,12000.0,63.12841246034088,True
2011,4,35.83,-86.46,35.8447,-86.4385,EF0,0,0,0,0,50000.0,12000.0,47.29931366942661,True
2011,4,35.3636,-77.8427,35.3738,-77.8042,EF0,0,0,0,0,5000.0,0.0,67.50979849065978,True
2011,8,37.09,-113.18,37.0972,-113.1633,EF0,0,0,0,0,0.0,0.0,62.3956731296571,True
2011,9,47.7763,-114.0422,47.7754,-114.0266,EF0,0,0,0,0,0.0,0.0,81.85943657496578,True
2011,9,31.2109,-89.2679,31.2109,-89.2679,EF0,0,0,0,0,500.0,0.0,114.48511952901525,True
2011,9,39.0164,-85.7424,39.0232,-85.7405,EF1,0,0,0,0,65000.0,2000.0,89.68513537545147,True
2011,4,35.4121,-87.3206,35.4313,-87.2797,EF1,0,0,1,0,11000.0,75000.0,115.29932979494644,True
2011,4,36.1752,-86.0066,36.2007,-85.9538,EF0,0,0,0,0,5000.0,11000.0,50.51248225425051,True
2011,4,34.851,-78.6324,34.9071,-78.5416,EF2,0,0,4,0,250000.0,0.0,91.46116669839876,True
2011,4,33.0606,-87.8315,33.3512,-87.1975,EF4,44,8,800,0,1500000000.0,0.0,99.65810828861329,True
2011,4,35.3495,-85.6526,35.3602,-85.6367,EF0,0,0,0,0,9000.0,0.0,60.877959923394855,True
2011,4,34.9065,-78.5402,35.0944,-78.2282,EF2,0,0,9,0,10000000.0,0.0,84.49431593017374,True
2011,4,35.5104,-78.2618,35.5925,-78.1471,EF1,0,0,0,0,0.0,0.0,26.87693534716178,True
2011,8,43.2008,-84.1374,43.2042,-84.0834,EF0,0,0,0,0,3000.0,0.0,77.69732924841416,True
2011,5,40.3427,-76.9519,40.3559,-76.9345,EF1,0,0,0,0,75000.0,0.0,109.74823001584848,True
2011,4,35.658,-78.041,35.7401,-77.9172,EF2,0,0,10,0,3000000.0,0.0,40.57202405590705,True
2011,8,44.553,-90.0331,44.553,-90.0331,EF0,0,0,0,0,0.0,0.0,122.95338716312803,True
2011,5,36.8147,-90.8492,36.9411,-90.7165,EF3,0,0,0,0,300000.0,0.0,185.49199993848677,True
2011,7,47.7205,-104.8104,47.6399,-104.5953,EF0,0,0,0,0,0.0,0.0,145.4828691313737,True
2011,9,31.5956,-89.6024,31.5607,-89.5496,EF1,0,0,0,0,25000.0,0.0,84.20750161662171,True
2011,9,32.0911,-89.3541,32.0973,-89.3613,EF0,0,0,0,0,3000.0,0.0,62.92814506306793,True
2011,8,37.9341,-75.3664,37.9349,-75.3578,EF0,0,0,0,0,25000.0,0.0,99.33209839795498,True
2011,8,36.7371,-75.9405,36.7371,-75.943,EF0,0,0,0,0,150000.0,0.0,98.81358098230862,True
2011,8,33.5042,-101.955,33.5021,-101.9549,EF0,0,0,0,0,0.0,0.0,21.169991799194555,True
2011,5,40.9201,-76.8569,40.9261,-76.8406,EF1,0,0,0,0,25000.0,0.0,96.36956667302475,True
2011,5,40.9183,-76.8619,40.9201,-76.8569,EF1,0,0,0,0,25000.0,0.0,95.951679346509,True
2011,5,40.3559,-76.9345,40.3705,-76.9181,EF1,0,0,0,0,75000.0,0.0,110.08463110125805,True
2011,4,33.6325,-87.6488,33.6943,-87.5462,EF1,0,0,4,0,1400000.0,0.0,69.42728247930224,True
2011,5,38.8369,-93.0356,38.8369,-93.0356,EF0,0,0,0,0,0.0,0.0,106.49630721837129,True
2011,5,35.62,-91.41,35.6643,-91.3443,EF1,0,0,0,0,30000.0,0.0,116.53411743947052,True
2011,5,44.141,-101.704,44.16,-101.66,EF1,0,0,0,0,5000.0,0.0,89.88012815460426,True
2011,5,44.23,-101.4,44.23,-101.4,EF0,0,0,0,0,5000.0,0.0,114.63598262945095,True
2011,4,34.1043,-88.1479,34.3109,-87.7858,EF5,18,0,100,0,160000000.0,0.0,28.479619264145597,True
2011,6,39.21,-98.07,39.219,-98.0523,EF0,0,0,0,0,0.0,0.0,127.5437096706678,True
2011,7,44.8933,-71.5167,44.8967,-71.5081,EF0,0,0,0,0,10000.0,0.0,137.1305850397847,True
2011,5,32.6709,-96.6841,32.6709,-96.6841,EF0,0,0,0,0,0.0,0.0,58.99220348457014,True
2011,5,38.6175,-94.6878,38.6182,-94.6876,EF0,0,0,0,0,5000.0,0.0,42.52558497014846,True
2011,4,33.8129,-87.8108,33.8683,-87.6892,EF3,0,0,0,0,3000000.0,0.0,48.77203982034089,True
2011,4,33.3512,-87.1975,33.6311,-86.7436,EF4,20,0,700,0,700000000.0,0.0,44.489420988049396,True
2011,4,35.3682,-77.7923,35.5476,-77.6344,EF3,0,0,30,30,30000000.0,0.0,71.26428149981292,True
2011,6,38.9534,-98.5429,38.9568,-98.5378,EF0,0,0,0,0,0.0,0.0,152.29682256634734,True
2011,5,32.5755,-96.1109,32.5755,-96.1109,EF0,0,0,0,0,0.0,0.0,111.71591315326108,True
2011,5,38.6619,-93.22,38.6925,-93.2222,EF2,0,0,20,0,4000000.0,0.0,92.08124115578482,True
2011,5,38.8333,-94.6419,38.8422,-94.6364,EF0,0,0,0,0,10000.0,0.0,32.7987230616543,True
2011,5,38.8831,-94.6669,38.8831,-94.6669,EF0,0,0,0,0,0.0,0.0,35.781196681624635,True
2011,5,40.8371,-75.6953,40.842,-75.6904,EF0,0,0,1,0,75000.0,0.0,147.07689967773302,True
2011,4,32.1899,-88.0057,32.3431,-87.8159,EF3,1,0,4,0,3990000.0,0.0,159.07412026026265,True
2011,4,34.2008,-87.6347,34.3039,-87.4968,EF3,0,0,25,0,11500000.0,0.0,72.35895682240066,True
2011,4,35.3441,-77.8233,35.3682,-77.7923,EF0,0,0,0,0,4000.0,0.0,70.12450472328538,True
2011,4,43.2,-75.57,43.21,-75.58,EF1,0,0,0,0,5000.0,0.0,62.43839971471421,True
2011,6,38.74,-97.65,38.7431,-97.6446,EF0,0,0,0,0,0.0,0.0,122.05585948421914,True
2011,4,31.8,-92.13,31.8435,-92.0058,EF2,0,0,0,0,75000.0,0.0,107.57925813382602,True
2011,4,34.3528,-86.5813,34.4935,-86.3628,EF4,5,0,48,0,0.0,0.0,78.74058412207657,True
2011,5,32.8291,-96.9811,32.8097,-96.9764,EF1,0,0,0,0,150000.0,0.0,41.47730406770309,True
2011,5,36.5497,-87.8276,36.6383,-87.6149,EF2,0,0,2,0,250000.0,12000.0,52.68605373995864,True
2011,5,38.9569,-94.7331,38.9569,-94.7331,EF0,0,0,0,0,0.0,0.0,43.71924712260908,True
2011,5,35.3763,-92.5659,35.3813,-92.5499,EF1,0,0,0,0,35000.0,0.0,66.09759107413612,True
2011,8,41.2095,-103.8728,41.2005,-103.8545,EF0,0,0,0,0,0.0,0.0,78.3686935679091,True
2011,6,40.3659,-101.5701,40.3729,-101.5347,EF0,0,0,0,0,0.0,0.0,111.63341918745964,True
2011,4,41.73,-75.51,41.73,-75.49,EF0,0,0,0,0,40000.0,0.0,65.3312780170071,True
2011,6,41.96,-94.98,41.9614,-94.934,EF1,0,0,0,0,100000.0,10000.0,107.19929869792371,True
2011,4,34.4368,-87.5307,34.6459,-87.1055,EF5,14,0,0,0,40000000.0,0.0,94.8723344059673,True
2011,4,32.7546,-86.1188,32.8231,-86.0075,EF2,0,0,2,0,14100.0,0.0,39.198824050421614,True
2011,5,35.6607,-93.1655,35.682,-93.1245,EF1,0,0,0,0,25000.0,0.0,115.89539110882544,True
2011,6,39.4,-83.76,39.4001,-83.7597,EF0,0,0,0,0,0.0,0.0,5.756876102766534,True
2011,6,39.013,-83.236,39.03,-83.218,EF0,0,0,0,0,3000.0,0.0,67.79712748617126,True
2011,4,32.7285,-87.6276,32.7553,-87.6096,EF2,0,0,0,0,374000.0,0.0,94.01488920244206,True
2011,5,35.622,-97.856,35.618,-97.837,EF0,0,0,0,0,0.0,0.0,61.432698658057774,True
2011,4,32.2884,-87.738,32.3862,-87.5921,EF2,0,0,0,0,1830000.0,0.0,133.6231961588856,True
2011,5,43.4091,-92.4933,43.5006,-92.2469,EF2,0,0,3,0,525000.0,0.0,114.47675848755486,True
2011,6,37.4637,-93.6265,37.4722,-93.5417,EF1,0,0,0,0,0.0,0.0,32.32754078095069,True
2011,6,37.42,-93.32,37.4198,-93.3188,EF0,0,0,0,0,0.0,0.0,21.73265746047419,True
2011,7,29.35,-99.1832,29.35,-99.1849,EF0,0,0,0,0,0.0,0.0,106.71890349609406,True
2011,4,32.3089,-87.9304,32.371,-87.8742,EF2,0,0,0,0,1020000.0,0.0,144.8915096408431,True
2011,4,32.5803,-86.5818,32.6126,-86.4269,EF3,3,0,4,0,1240000.0,0.0,68.08778394818081,True
2011,5,39.38,-84.41,39.4,-84.37,EF1,0,0,0,0,175000.0,0.0,50.750297212964085,True
2011,5,39.2133,-85.0836,39.224,-85.057,EF0,0,0,0,0,40000.0,0.0,110.97180390108106,True
2011,4,44.1687,-89.1356,44.2426,-88.8869,EF1,0,0,0,0,0.0,0.0,89.36089355239216,True
2011,5,39.6842,-83.4178,39.68,-83.4,EF0,0,0,0,0,50000.0,0.0,45.38940533224934,True
2011,5,38.62,-94.3008,38.62,-94.3008,EF0,0,0,0,0,0.0,0.0,21.38739897830753,True
2011,5,38.0653,-94.2225,38.1314,-94.0908,EF0,0,0,0,0,500.0,0.0,82.91412620927986,True
2011,5,42.8558,-92.0078,42.876,-91.8549,EF1,0,0,0,0,175000.0,0.0,126.18635074271455,True
2011,6,38.8564,-83.8561,38.8602,-83.8271,EF1,0,0,0,0,90000.0,0.0,62.76979879508446,True
2011,4,34.2021,-86.4063,34.2449,-86.3554,EF1,0,0,0,0,40000.0,0.0,86.22068459734429,True
2011,5,39.6546,-84.116,39.6547,-84.1144,EF0,0,0,0,0,5000.0,0.0,36.27719744082781,True
2011,5,42.9631,-91.7316,42.9661,-91.7046,EF0,0,0,0,0,10000.0,0.0,105.09428126399597,True
2011,4,42.7072,-75.398,42.7383,-75.3443,EF1,0,0,0,0,50000.0,0.0,74.17305216415618,True
2011,6,43.3462,-100.494,43.3462,-100.494,EF0,0,0,0,0,0.0,0.0,154.51378626466743,True
2011,5,37.03,-92.84,37.068,-92.793,EF1,0,0,0,0,20000.0,0.0,54.66093139146149,True
2011,6,32.95,-98.72,32.95,-98.72,EF0,0,0,0,0,0.0,0.0,67.75789274582189,True
2011,6,40.193,-101.4924,40.2001,-101.4632,EF0,0,0,0,0,35000.0,0.0,93.55542846882442,True
2011,4,42.18,-76.7,42.19,-76.69,EF2,0,0,0,0,575000.0,0.0,58.97022200293479,True
2011,6,43.4811,-93.87,43.4811,-93.8651,EF0,0,0,0,0,0.0,0.0,154.01674827345087,True
2011,6,41.4617,-92.6528,41.4626,-92.646,EF1,0,0,0,0,150000.0,3000.0,93.88736316790593,True
2011,5,36.5709,-91.2428,36.5546,-91.2754,EF1,0,0,0,0,20000.0,0.0,183.79771558062563,True
2011,6,38.1599,-86.82,38.1653,-86.7986,EF1,0,0,0,0,60000.0,0.0,79.39705836057509,True
2011,6,39.95,-92.8989,39.9555,-92.8626,EF0,0,0,0,0,0.0,0.0,172.72949846924902,True
2011,6,39.9506,-92.8411,39.97,-92.8178,EF0,0,0,0,0,0.0,0.0,176.1899665143614,True
2011,5,34.8763,-86.5956,34.9248,-86.4796,EF0,0,0,0,0,0.0,0.0,47.07788571871666,True
2011,6,42.9462,-94.3168,42.9613,-94.3061,EF1,0,0,0,0,200000.0,10000.0,143.66078923588168,True
2011,6,37.4198,-93.3188,37.41,-93.27,EF0,0,0,0,0,30000.0,0.0,21.74655853324933,True
2011,4,42.37,-76.52,42.39,-76.49,EF1,0,0,0,0,125000.0,0.0,47.93320949971411,True
2011,4,35.4119,-86.2643,35.4201,-86.2496,EF1,0,0,0,0,25000.0,18000.0,55.98677669026573,True
2011,5,34.8808,-87.416,34.8911,-87.385,EF1,0,0,0,0,0.0,0.0,121.62617611008102,True
2011,5,34.917,-86.8502,34.9333,-86.7836,EF0,0,0,0,0,0.0,0.0,69.90632363393357,True
2011,4,42.21,-77.2,42.26,-77.14,EF1,0,0,0,0,150000.0,0.0,100.10516691245022,True
2011,5,44.244,-102.035,44.266,-102.036,EF0,0,0,0,0,50000.0,0.0,64.76353193131862,True
2011,5,34.7803,-87.1783,34.7885,-87.1582,EF0,0,0,0,0,0.0,0.0,101.27331485542676,True
2011,5,34.8454,-87.038,34.8712,-86.9781,EF0,0,0,0,0,0.0,0.0,87.56304629312844,True
2011,5,34.9333,-86.7836,34.936,-86.7727,EF0,0,0,0,0,0.0,0.0,63.81257630291124,True
2011,5,34.5929,-87.5486,34.596,-87.5147,EF2,0,0,0,0,0.0,0.0,105.53312367160876,True
2011,5,34.7596,-86.9534,34.7627,-86.9402,EF0,0,0,0,0,0.0,0.0,81.61908422085877,True
2011,5,34.596,-87.5147,34.5964,-87.5107,EF0,0,0,0,0,0.0,0.0,107.92288161711045,True
2011,6,42.0851,-92.4039,42.0881,-92.3889,EF0,0,0,0,0,75000.0,5000.0,116.0267780794609,True
2011,5,39.2511,-94.4442,39.2511,-94.4442,EF0,0,0,0,0,0.0,0.0,51.421132926300174,True
2011,6,47.38,-97.93,47.38,-97.93,EF0,0,0,0,0,0.0,0.0,48.376513209040134,True
2011,6,40.56,-95.38,40.5618,-95.3703,EF0,0,0,0,0,0.0,0.0,118.39174627686053,True
2011,5,37.5386,-90.3187,37.5705,-90.227,EF1,0,0,0,0,0.0,0.0,132.88986638597947,True
2011,5,37.3895,-90.3104,37.3583,-90.3792,EF1,0,0,0,0,0.0,0.0,140.8112890125488,True
2011,4,42.4355,-75.7333,42.4696,-75.6854,EF1,0,0,0,0,75000.0,0.0,33.389455664102215,True
2011,4,42.551,-75.773,42.623,-75.666,EF2,0,0,0,0,625000.0,0.0,42.76043406620997,True
2011,5,37.3491,-90.3785,37.3901,-90.298,EF1,0,0,0,0,0.0,0.0,145.65978280910502,True
2011,5,47.3061,-91.6221,47.3223,-91.5877,EF0,0,0,0,0,0.0,0.0,68.57006640386012,True
2011,5,32.88,-97.49,32.9007,-97.4745,EF0,0,0,0,0,1000.0,0.0,38.374987145253456,True
2011,5,33.1359,-97.1911,33.1547,-97.1774,EF2,0,0,0,0,750000.0,0.0,63.48559712748014,True
2011,5,39.3742,-94.3864,39.3742,-94.3864,EF0,0,0,0,0,0.0,0.0,63.58635829408443,True
2011,5,34.3299,-92.8382,34.3544,-92.7921,EF0,0,0,0,0,25000.0,0.0,77.16704653042913,True
2011,6,39.9153,-76.5747,39.8949,-76.5552,EF1,0,0,0,0,10000.0,0.0,130.57366886196337,True
2011,6,37.3837,-93.619,37.3991,-93.4531,EF1,0,0,0,0,0.0,0.0,25.42881162566108,True
2011,4,42.432,-75.364,42.4777,-75.292,EF1,0,0,0,0,100000.0,0.0,57.20179003224142,True
2011,6,41.47,-96.7236,41.4777,-96.6673,EF0,0,0,0,0,0.0,0.0,34.10269389432478,True
2011,4,44.2426,-88.8869,44.2874,-88.7391,EF1,0,0,0,0,0.0,0.0,67.91868591346294,True
2011,4,32.4821,-99.381,32.4902,-99.2793,EF0,0,0,0,0,0.0,0.0,13.437126055331769,True
2011,5,38.7678,-93.1172,38.7678,-93.1172,EF0,0,0,0,0,0.0,0.0,99.54632662469015,True
2011,5,35.3072,-93.9175,35.3182,-93.9044,EF1,0,0,0,0,25000.0,0.0,40.37139781319713,True
2011,6,37.38,-93.65,37.3837,-93.619,EF1,0,0,0,0,0.0,0.0,27.328159243930266,True
2011,6,37.46,-93.65,37.4637,-93.6265,EF1,0,0,0,0,5000.0,0.0,33.343029730477454,True
2011,5,42.68,-103.7913,42.68,-103.7913,EF0,0,0,0,0,0.0,0.0,178.42887292179802,True
2011,4,33.9157,-94.3848,33.9577,-94.3012,EF0,0,0,0,0,0.0,0.0,152.87516936082187,True
2011,2,33.0,-90.96,33.01,-90.91,EF1,0,0,0,0,200000.0,0.0,121.46462383473822,True
2011,4,36.3961,-88.8048,36.5,-88.6761,EF1,0,0,0,0,50000.0,0.0,74.80590239049974,True
2011,4,36.0952,-87.539,36.0845,-87.4099,EF1,0,0,0,0,110000.0,12000.0,74.86093553232557,True
2011,4,31.6906,-97.042,31.6885,-97.0361,EF0,0,0,0,0,0.0,0.0,101.12756560304312,True
2011,4,35.54,-84.28,35.55,-84.24,EF0,0,0,0,0,15000.0,0.0,105.56294041420998,True
2011,4,40.3064,-87.7006,40.333,-87.6627,EF0,0,0,0,0,225000.0,0.0,138.08851529520987,True
2011,4,35.21,-84.701,35.268,-84.605,EF1,0,0,0,0,50000.0,0.0,129.6063140264226,True
2011,4,33.1315,-84.0414,33.1979,-83.8561,EF2,0,0,10,0,5000000.0,0.0,55.16235415013897,True
2011,5,39.62,-122.1624,39.7168,-121.7752,EF1,0,0,0,0,200000.0,0.0,47.540299980564285,True
2011,5,42.1257,-89.5406,42.2026,-89.3215,EF1,0,0,0,0,50000.0,0.0,103.37392180952783,True
2011,4,31.2954,-95.5022,31.2935,-95.4998,EF1,0,0,0,0,50000.0,0.0,190.2385837123365,True
2011,7,46.95,-97.14,46.9107,-97.0949,EF2,0,0,0,0,150000.0,150000.0,65.77590095705315,True
2011,9,31.4,-89.48,31.4,-89.48,EF0,0,0,0,0,500.0,0.0,108.83568652287224,True
2011,4,38.5233,-89.0708,38.5278,-89.0675,EF1,0,0,0,0,0.0,0.0,120.9217641249607,True
2011,4,34.1677,-88.1932,34.3128,-87.9215,EF3,7,0,100,0,11200000.0,0.0,32.61405935277941,True
2011,5,36.2291,-94.9451,36.2321,-94.8609,EF1,0,0,0,0,25000.0,0.0,55.868874863343926,True
2011,7,44.64,-103.51,44.64,-103.51,EF0,0,0,0,0,0.0,0.0,78.76082460177511,True
2011,5,37.421,-101.068,37.426,-101.062,EF0,0,0,0,0,0.0,0.0,103.95296571347468,True
2011,6,40.3002,-100.7072,40.3068,-100.6537,EF0,0,0,0,0,0.0,0.0,134.01028287645926,True
2011,6,36.9231,-96.2885,36.9231,-96.2885,EF0,0,0,0,0,0.0,0.0,105.38827292247454,True
2011,11,31.836,-94.7696,31.8439,-94.7578,EF1,0,0,0,0,0.0,0.0,110.96616247029293,True
2011,11,34.736,-98.826,34.855,-98.697,EF0,0,0,0,0,0.0,0.0,43.79612753268056,True
2011,11,42.3024,-79.5929,42.3095,-79.5366,EF2,0,0,0,0,350000.0,0.0,100.33572391321502,True
2011,2,38.4355,-87.1,38.4244,-87.1327,EF0,0,0,0,0,150000.0,0.0,57.84316280798882,True
2011,3,33.9016,-101.7637,33.9016,-101.7637,EF0,0,0,0,0,0.0,0.0,27.909827458689985,True
2011,4,40.2132,-89.9536,40.2578,-89.953,EF1,0,0,1,0,300000.0,0.0,52.86166279061718,True
2011,7,47.273,-100.53,47.33,-100.51,EF1,0,0,0,0,10000.0,0.0,58.503380225403795,True
2011,2,38.6164,-90.6624,38.6173,-90.6515,EF1,0,0,0,0,0.0,0.0,9.340357884087272,True
2011,5,43.7086,-84.11,43.7384,-83.9472,EF1,0,0,0,0,100000.0,0.0,123.51019034818054,True
2011,7,37.2205,-108.7043,37.223,-108.7011,EF0,0,0,0,0,0.0,0.0,209.23407467635133,True
2011,5,36.2757,-94.7575,36.3294,-94.6728,EF1,0,0,0,0,0.0,0.0,73.21661604404024,True
2011,5,34.2016,-99.0534,34.2016,-99.0534,EF0,0,0,0,0,0.0,0.0,19.198367621513384,True
2011,4,34.0757,-87.0097,34.3054,-86.6549,EF4,1,0,0,0,0.0,0.0,102.92061534809814,True
2011,4,34.3391,-96.0804,34.3579,-96.0652,EF1,0,0,0,0,20000.0,0.0,155.42281027717664,True
2011,2,38.6101,-90.6965,38.6136,-90.6915,EF1,0,0,0,0,0.0,0.0,9.943619787086476,True
2011,4,38.7034,-89.7144,38.7277,-89.5972,EF2,0,0,0,0,0.0,0.0,84.03482595598012,True
2011,5,36.5304,-90.7094,36.5378,-90.6997,EF0,0,0,0,0,0.0,0.0,151.8137104991005,True
2011,6,40.34,-94.97,40.3402,-94.9691,EF0,0,0,0,0,0.0,0.0,160.2841173012148,True
2011,12,33.4214,-85.3201,33.4215,-85.3156,EF0,0,0,0,0,25000.0,0.0,70.32259019142914,True
2011,4,34.6206,-92.98,34.6365,-92.9418,EF1,0,0,0,0,40000.0,0.0,69.86989954618731,True
2011,4,42.58,-95.09,42.582,-95.08,EF0,0,0,0,0,0.0,0.0,147.0017492579156,True
2011,5,30.6156,-90.0491,30.6352,-89.9545,EF3,0,0,4,0,400000.0,0.0,35.926875552753536,True
2011,4,36.2724,-94.8,36.2724,-94.8,EF0,0,0,0,0,0.0,0.0,69.39487425204197,True
2011,6,45.1356,-93.236,45.2038,-93.3166,EF0,0,0,0,0,500000.0,0.0,41.08411814519896,True
2011,6,41.0756,-98.9303,41.1008,-98.9182,EF2,0,0,0,0,100000.0,0.0,93.48034289952707,True
2011,6,39.2905,-88.5777,39.2901,-88.5726,EF0,0,0,0,0,20000.0,0.0,115.58204866431147,True
2011,4,34.2596,-86.4599,34.2619,-86.4529,EF0,0,0,0,0,0.0,0.0,82.17298505632539,True
2011,4,34.5018,-86.1911,34.5162,-86.1702,EF1,0,0,0,0,0.0,0.0,48.67659692203095,True
2011,4,36.0066,-93.5247,36.0108,-93.5196,EF1,0,0,0,0,15000.0,0.0,109.83653178326884,True
2011,4,34.3348,-90.8408,34.3475,-90.767,EF0,0,0,0,0,10000.0,0.0,141.54667944924321,True
2011,4,33.012,-87.739,33.0173,-87.7266,EF1,0,0,0,0,83800.0,0.0,92.03109219385314,True
2011,4,35.352,-84.996,35.358,-84.988,EF1,0,0,0,0,25000.0,0.0,109.43495646863707,True
2011,4,35.121,-85.021,35.197,-84.859,EF1,1,0,0,0,75000.0,0.0,99.04773527854721,True
2011,5,43.7412,-91.4574,43.7882,-91.2585,EF2,0,0,0,0,240000.0,0.0,23.22312167555172,True
2011,4,33.16,-89.6,33.1931,-89.5334,EF0,0,0,0,0,0.0,1000.0,104.25228353557418,True
2011,4,32.01,-89.2693,32.0233,-89.2464,EF1,0,0,0,0,35000.0,25000.0,73.71953026589755,True
2011,4,33.5387,-90.5828,33.676,-90.4602,EF2,0,0,3,0,300000.0,0.0,150.69578112986898,True
2011,4,33.0038,-90.3219,33.0173,-90.3111,EF1,0,0,0,0,50000.0,100000.0,86.46404151418245,True
2011,4,33.4051,-90.2104,33.437,-90.1699,EF1,0,0,0,0,50000.0,0.0,126.87484589506288,True
2011,4,33.0877,-90.0775,33.2298,-89.8057,EF3,0,0,0,0,600000.0,600000.0,90.23453212299086,True
2011,4,32.7788,-90.938,32.8095,-90.9256,EF0,0,0,0,0,15000.0,0.0,105.20426668502665,True
2011,4,33.4723,-89.3745,33.5161,-89.3521,EF1,0,0,0,0,100000.0,0.0,107.62618911644122,True
2011,4,33.0327,-90.038,33.071,-89.9428,EF1,0,0,0,0,10000.0,500000.0,83.84758780376728,True
2011,4,32.2288,-89.3227,32.2504,-89.2483,EF1,0,0,0,0,15000.0,15000.0,62.4871306144455,True
2011,4,33.1261,-89.7665,33.1478,-89.708,EF2,0,0,2,0,35000.0,0.0,96.26768442589027,True
2011,4,32.1439,-88.9154,32.2143,-88.4327,EF4,4,0,14,0,900000.0,800000.0,101.70690113264541,True
2011,4,32.0712,-89.3201,32.1444,-88.9172,EF4,2,0,0,0,900000.0,800000.0,66.69701441281879,True
2011,4,32.9579,-91.0402,32.9591,-91.0107,EF0,0,0,0,0,50000.0,0.0,124.33371209311987,True
2011,4,32.4219,-90.064,32.4562,-89.9596,EF1,0,0,0,0,6000.0,0.0,17.46000737712508,True
2011,4,33.007,-91.932,33.0453,-91.8759,EF1,0,0,0,0,0.0,0.0,188.99371031462925,True
2011,4,32.9086,-91.9993,33.007,-91.932,EF1,0,0,1,0,60000.0,300000.0,179.74737311946652,True
2011,4,32.4159,-90.0773,32.4219,-90.064,EF1,0,0,0,0,0.0,0.0,17.44939998489206,True
2011,4,31.3816,-90.244,31.3785,-90.0625,EF1,0,0,0,0,500000.0,0.0,97.10829766777222,True
2011,4,32.0492,-90.3931,32.0614,-90.3155,EF2,0,0,2,0,700000.0,0.0,46.241299005210884,True
2011,4,32.48,-89.89,32.5164,-89.7671,EF1,0,0,0,0,400000.0,0.0,23.943085844114865,True
2011,4,32.5767,-89.6583,32.6024,-89.6165,EF1,0,0,0,0,25000.0,100000.0,45.00537053443019,True
2011,4,32.9627,-88.8137,33.0202,-88.6974,EF3,0,0,0,0,400000.0,0.0,113.19191831933114,True
2011,4,31.8108,-90.3761,31.8181,-90.3609,EF0,0,0,0,0,2000.0,0.0,63.91047043094622,True
2011,4,32.0382,-90.4918,32.0492,-90.3929,EF2,0,0,0,0,300000.0,0.0,54.80756350983937,True
2011,4,33.0713,-89.9795,33.1689,-89.8007,EF2,0,0,0,0,100000.0,400000.0,87.99087218997978,True
2011,4,33.2298,-89.8057,33.2653,-89.741,EF1,0,0,0,0,100000.0,0.0,106.92846005263276,True
2011,4,33.0057,-89.8017,33.2855,-89.6039,EF2,0,0,0,0,550000.0,250000.0,82.48926076741887,True
2011,4,32.9262,-88.8719,32.9635,-88.8139,EF5,0,0,0,0,100000.0,0.0,119.11324192349122,True
2011,4,33.4462,-89.3691,33.5328,-89.153,EF2,0,0,5,0,500000.0,700000.0,108.5001026380624,True
2011,4,33.6589,-89.0348,33.8116,-88.8454,EF2,0,0,0,0,900000.0,500000.0,70.3813099757041,True
2011,4,33.1702,-89.0181,33.2301,-88.913,EF1,0,0,0,0,60000.0,200000.0,102.98946226428633,True
2011,4,32.42,-88.8083,32.4746,-88.6217,EF0,0,0,0,0,100000.0,50000.0,111.57388641256937,True
2011,4,32.0836,-88.5246,32.1132,-88.4461,EF1,0,0,0,0,50000.0,250000.0,139.11082535382184,True
2011,4,33.1446,-88.5191,33.2425,-88.4352,EF1,0,0,0,0,200000.0,100000.0,85.4854264442862,True
2011,4,32.8496,-88.4528,32.9149,-88.3497,EF2,0,0,0,0,500000.0,300000.0,117.01983263551108,True
2011,4,32.9017,-88.9145,32.926,-88.8739,EF5,3,0,6,0,100000.0,0.0,121.76423157939887,True
2011,4,32.0589,-89.7478,32.0614,-89.7299,EF1,0,0,0,0,3000.0,0.0,33.17354995342388,True
2011,4,32.2908,-90.3754,32.3919,-90.1188,EF3,0,0,10,0,8000000.0,0.0,36.77142331031841,True
2011,4,32.54,-89.71,32.5767,-89.6583,EF1,0,0,0,0,350000.0,400000.0,38.72490211684353,True
2011,4,33.35,-89.5853,33.3805,-89.454,EF2,0,0,0,0,350000.0,800000.0,124.68907000735202,True
2011,4,33.519,-89.2244,33.6384,-89.0735,EF2,1,0,5,0,600000.0,600000.0,92.85893973927456,True
2011,4,33.5092,-89.2547,33.519,-89.2344,EF1,0,0,0,0,5000.0,0.0,95.8561985306962,True
2011,4,33.2283,-89.8001,33.3162,-89.71,EF2,0,0,0,0,5000.0,300000.0,106.84697850651864,True
2011,4,33.2588,-88.5872,33.2871,-88.5399,EF1,0,0,0,0,250000.0,0.0,74.87224557103471,True
2011,4,32.2882,-89.1817,32.3389,-89.0164,EF3,0,0,0,0,1000000.0,100000.0,75.4671744627729,True
2011,4,32.2234,-89.3479,32.2288,-89.3227,EF1,0,0,0,0,0.0,50000.0,60.18925196460887,True
2011,4,32.22,-89.36,32.2234,-89.3479,EF1,0,0,0,0,0.0,4000.0,59.10031092794369,True
2011,4,33.2855,-89.6039,33.293,-89.6011,EF1,0,0,0,0,3000.0,0.0,117.33042803968492,True
2011,4,33.1089,-89.8637,33.1304,-89.8495,EF0,0,0,0,0,25000.0,0.0,92.86048335064702,True
2011,4,33.703,-89.6198,33.7231,-89.5981,EF1,0,0,0,0,60000.0,0.0,121.18672323855628,True
2011,4,32.0614,-89.7299,32.0723,-89.6859,EF1,0,0,0,0,15000.0,0.0,34.128724105271495,True
2011,4,33.0044,-89.4027,33.0099,-89.3973,EF1,0,0,0,0,25000.0,0.0,97.2381861728318,True
2011,4,32.7145,-88.9153,32.8378,-88.3584,EF3,0,0,5,0,11000000.0,1040000.0,111.30065375146825,True
2011,4,32.035,-91.0876,32.0451,-91.0597,EF1,0,0,0,0,2000.0,0.0,107.36043842080662,True
2011,4,31.8435,-92.0058,31.8693,-91.9162,EF2,0,0,0,0,35000.0,200000.0,119.64283313581171,True
2011,4,33.2871,-88.5399,33.3191,-88.5078,EF1,0,0,0,0,50000.0,0.0,70.56062489895363,True
2011,4,32.1397,-89.6912,32.1793,-89.5469,EF3,0,0,0,0,300000.0,400000.0,31.693511886620847,True
2011,4,32.76,-91.97,32.7912,-91.9497,EF0,0,0,0,0,20000.0,0.0,178.61732278619576,True
2011,4,32.1284,-90.6278,32.1431,-90.5613,EF1,0,0,0,0,20000.0,100000.0,62.835439032008644,True
2011,4,32.67,-91.44,32.704,-91.377,EF2,0,0,0,0,250000.0,0.0,143.2615312552319,True
2011,4,33.22,-89.81,33.2283,-89.8001,EF1,0,0,0,0,5000.0,0.0,105.789674387119,True
2011,4,33.3805,-89.454,33.4022,-89.3932,EF2,0,0,0,0,75000.0,250000.0,118.91149031995117,True
2011,4,32.7992,-89.1088,32.902,-88.9145,EF5,0,0,0,0,500000.0,0.0,100.35182290315952,True
2011,4,33.7114,-89.3164,33.7217,-89.2717,EF1,0,0,0,0,20000.0,0.0,93.51793080893043,True
2011,4,31.9099,-91.5102,32.035,-91.0876,EF2,0,0,1,0,4000000.0,0.0,149.50154725564147,True
2011,4,32.014,-89.2538,32.0136,-89.2328,EF1,0,0,0,0,25000.0,0.0,74.8765120133675,True
2011,4,33.4166,-89.4349,33.4381,-89.3201,EF2,0,0,2,0,350000.0,400000.0,115.43649273752486,True
2011,4,33.5328,-89.153,33.6589,-89.0348,EF3,0,0,15,0,3000000.0,700000.0,86.28485548939952,True
2011,4,33.0611,-89.248,33.0943,-89.1871,EF1,0,0,0,0,85000.0,150000.0,110.88465167777235,True
2011,4,31.625,-89.5264,31.627,-89.5217,EF1,0,0,0,0,45000.0,0.0,84.68718227177939,True
2011,4,32.0102,-90.0455,32.0372,-89.9236,EF1,0,0,0,0,550000.0,0.0,30.545125586798317,True
2011,4,32.0296,-89.5042,32.0712,-89.3213,EF3,1,0,0,0,500000.0,500000.0,53.09480735296698,True
2011,4,31.6996,-89.2415,31.7123,-89.2284,EF1,0,0,0,0,180000.0,0.0,95.2580095386202,True
2011,4,31.38,-90.3554,31.3816,-90.244,EF1,0,0,0,0,1000000.0,0.0,95.80053732240087,True
2011,4,32.9076,-88.5313,32.928,-88.4932,EF1,0,0,0,0,10000.0,0.0,111.59458487854192,True
2011,4,32.928,-88.4932,32.9921,-88.3403,EF2,0,0,0,0,250000.0,500000.0,108.80798266508172,True
2011,4,32.704,-91.377,32.7433,-91.2727,EF2,0,0,0,0,400000.0,0.0,138.85498407506577,True
2011,4,32.6882,-88.9872,32.7145,-88.9153,EF2,0,0,0,0,800000.0,200000.0,103.96945101106841,True
