YEAR,MONTH,BEGIN_LAT,BEGIN_LON,END_LAT,END_LON,TOR_F_SCALE,DEATHS_DIRECT,DEATHS_INDIRECT,INJURIES_DIRECT,INJURIES_INDIRECT,DAMAGE_PROPERTY,DAMAGE_CROPS,RADAR_DIST,RADAR_2026
2017,4,26.501,-81.998,26.5339,-81.8836,EF0,0,0,1,0,110000.0,0.0,139.75026815887358,True
2017,1,31.77,-97.58,31.79,-97.58,EF1,0,0,0,0,90000.0,0.0,92.98993725021515,True
2017,4,32.151,-90.807,32.1735,-90.7982,EF0,0,0,0,0,30000.0,0.0,78.70124639375719,True
2017,1,31.9115,-97.4266,31.92,-97.42,EF0,0,0,0,0,10000.0,0.0,74.4411286443017,True
2017,4,32.1738,-91.8682,32.2308,-91.8422,EF1,0,0,0,0,15000.0,0.0,154.32124726831412,True
2017,4,32.5936,-91.8519,32.6403,-91.7709,EF1,0,0,0,0,100000.0,0.0,178.68797840777512,True
2017,4,32.6205,-90.3237,32.6385,-90.2861,EF1,0,0,0,0,10000.0,0.0,49.46697242227673,True
2017,4,32.6166,-90.3668,32.6205,-90.3237,EF1,0,0,0,0,10000.0,0.0,51.84806650273557,True
2017,4,32.3464,-90.6583,32.3786,-90.6499,EF1,0,0,0,0,30000.0,0.0,63.755074368614096,True
2017,3,38.3007,-92.0355,38.3241,-91.9048,EF1,0,0,0,0,0.0,0.0,125.76713322329392,True
2017,4,31.7753,-92.0083,31.9045,-91.9135,EF2,0,0,1,0,300000.0,0.0,114.77743365980345,True
2017,4,33.5014,-89.6045,33.5508,-89.5267,EF1,0,0,0,0,40000.0,0.0,125.90807880804195,True
2017,1,31.92,-97.42,31.9921,-97.3694,EF1,0,0,2,0,290000.0,0.0,73.41211713113672,True
2017,4,32.2377,-91.8523,32.2669,-91.8007,EF1,0,0,0,0,75000.0,0.0,160.5765996702959,True
2017,4,32.1264,-91.8837,32.1738,-91.8682,EF1,0,0,0,0,50000.0,0.0,149.496133075375,True
2017,8,41.9496,-93.5614,41.9378,-93.5475,EF0,0,0,0,0,0.0,3000.0,27.7341131865798,True
2017,1,31.6,-97.62,31.66,-97.58,EF0,0,0,0,0,200000.0,0.0,100.2414259714628,True
2017,1,32.55,-97.1,32.56,-97.1,EF0,0,0,0,0,75000.0,0.0,19.20432355101335,True
2017,8,41.949,-93.7256,41.9304,-93.6981,EF0,0,0,0,0,5000.0,5000.0,24.230445482264347,True
2017,8,41.9304,-93.6981,41.9223,-93.6739,EF0,0,0,0,0,0.0,4000.0,22.25582059533414,True
2017,1,32.52,-97.12,32.55,-97.1,EF0,0,0,0,0,75000.0,0.0,18.140434226103583,True
2017,3,36.0502,-86.5658,36.0622,-86.5488,EF0,0,0,0,0,5000.0,0.0,21.90962810951197,True
2017,1,30.2745,-83.0506,30.2753,-83.0467,EF0,0,0,0,0,0.0,0.0,68.62967206689078,True
2017,1,30.9007,-81.8579,31.0439,-81.6321,EF1,0,0,0,0,0.0,0.0,48.610059522013806,True
2017,1,31.402,-83.0281,31.4287,-82.9857,EF1,0,0,0,0,0.0,0.0,56.956797944872385,True
2017,1,31.402,-83.0281,31.4287,-82.9857,EF1,0,0,0,0,0.0,0.0,56.956797944872385,True
2017,1,31.7404,-82.5428,31.7826,-82.3602,EF1,0,0,0,0,0.0,0.0,104.10143310253011,True
2017,2,40.8645,-89.6086,40.8647,-89.6072,EF0,0,0,0,0,0.0,0.0,82.65291886726807,True
2017,3,35.4203,-93.3852,35.4193,-93.383,EF1,0,0,0,0,20000.0,0.0,89.74283595024008,True
2017,3,35.4617,-92.2345,35.4579,-92.1667,EF1,0,0,0,0,20000.0,0.0,69.57715328717482,True
2017,3,34.5024,-92.7689,34.5035,-92.7678,EF0,0,0,0,0,0.0,0.0,59.40212954744075,True
2017,3,34.5035,-92.7678,34.5188,-92.7614,EF2,0,0,0,0,400000.0,0.0,59.24691737072697,True
2017,4,32.2484,-95.1026,32.2443,-95.0963,EF1,0,0,0,0,0.0,0.0,120.6070710926018,True
2017,3,34.5279,-92.7723,34.5465,-92.749,EF1,0,0,0,0,300000.0,0.0,57.9164174205224,True
2017,3,34.9527,-92.2291,34.965,-92.194,EF1,0,0,0,0,100000.0,0.0,13.276444745283504,True
2017,3,35.4372,-92.6235,35.4458,-92.6097,EF1,0,0,0,0,30000.0,0.0,74.45970230982796,True
2017,1,32.6262,-85.4207,32.6677,-85.4015,EF1,0,0,0,0,0.0,0.0,35.98391155449226,True
2017,3,35.4439,-92.5602,35.4429,-92.5414,EF0,0,0,0,0,40000.0,0.0,72.79378052795053,True
2017,3,35.6362,-91.2627,35.636,-91.235,EF1,0,0,0,0,100000.0,0.0,127.06397199989136,True
2017,3,35.4538,-91.4619,35.4617,-91.3872,EF1,0,0,0,0,30000.0,0.0,100.02351490072824,True
2017,4,32.289,-90.9521,32.373,-90.8763,EF1,0,0,0,0,50000.0,0.0,90.96999301837127,True
2017,4,32.2603,-91.784,32.311,-91.7595,EF1,0,0,0,0,220000.0,0.0,166.75832923677294,True
2017,4,32.311,-91.7595,32.3243,-91.7532,EF1,0,0,0,0,150000.0,0.0,166.87781911123716,True
2017,4,32.5656,-95.4619,32.5928,-95.4219,EF1,0,0,0,0,25000.0,0.0,152.50636623540802,True
2017,4,32.9005,-90.0257,33.105,-89.8245,EF2,1,0,0,0,3500000.0,700000.0,69.1057571689468,True
2017,4,32.3026,-90.4686,32.4878,-90.3446,EF1,0,0,0,0,200000.0,0.0,45.5793526699298,True
2017,4,32.663,-89.318,32.6732,-89.298,EF1,0,0,0,0,20000.0,0.0,75.64653006594332,True
2017,4,33.3875,-89.6463,33.4831,-89.6058,EF2,0,0,0,0,1500000.0,600000.0,127.13707025471912,True
2017,4,31.9873,-92.5856,32.0785,-92.5387,EF1,0,0,0,0,50000.0,0.0,99.63010716146482,True
2017,4,31.7571,-93.1455,31.7701,-93.1159,EF1,0,0,0,0,200000.0,0.0,68.8284215624354,True
2017,4,33.529,-89.5278,33.5526,-89.5064,EF1,0,0,0,0,60000.0,200000.0,118.1716810869271,True
2017,4,31.4795,-91.4255,31.5279,-91.412,EF2,0,0,0,0,400000.0,0.0,144.25143875350628,True
2017,4,33.4156,-89.5944,33.5039,-89.5493,EF1,0,0,0,0,4000000.0,500000.0,128.75191347155936,True
2017,4,33.5792,-89.5032,33.6773,-89.4499,EF1,0,0,0,0,30000.0,150000.0,114.16123923662508,True
2017,4,33.5526,-89.5064,33.6043,-89.4529,EF1,0,0,0,0,15000.0,100000.0,115.40585930836879,True
2017,4,31.5727,-90.6494,31.577,-90.6331,EF1,0,0,0,0,100000.0,0.0,100.6153450227416,True
2017,4,33.4933,-88.3428,33.5394,-88.3062,EF1,0,0,0,0,375000.0,0.0,44.89704341691784,True
2017,4,31.8472,-90.4507,31.9071,-90.3979,EF0,0,0,0,0,50000.0,0.0,65.16422242576529,True
2017,5,38.8952,-91.445,38.9426,-91.4028,EF0,0,0,0,0,0.0,0.0,69.56974502991423,True
2017,4,32.1646,-90.5739,32.2205,-90.4926,EF1,0,0,0,0,115000.0,0.0,56.91513813075638,True
2017,4,33.15,-89.7739,33.1955,-89.7355,EF1,0,0,0,0,60000.0,0.0,98.72552230099194,True
2017,4,32.8556,-90.0951,32.9005,-90.0257,EF2,0,0,0,0,300000.0,150000.0,64.83951532355618,True
2017,4,33.33,-90.8,33.33,-90.8,EF0,0,0,0,0,0.0,0.0,139.4329014404588,True
2017,4,33.3033,-89.7531,33.3875,-89.6463,EF1,0,0,0,0,650000.0,400000.0,115.8233593931732,True
2017,4,32.609,-89.4624,32.663,-89.318,EF1,0,0,0,0,100000.0,0.0,61.1405524673836,True
2017,4,31.6707,-90.9184,31.7859,-90.7871,EF1,0,0,0,0,250000.0,110000.0,111.13302850244858,True
2017,4,31.9338,-90.9845,32.151,-90.807,EF2,0,0,0,0,500000.0,150000.0,101.75586865499132,True
2017,4,31.7859,-90.7871,31.8206,-90.7473,EF1,0,0,0,0,50000.0,0.0,93.50483241561192,True
2017,4,32.6869,-89.0975,32.6882,-89.0928,EF0,0,0,0,0,20000.0,0.0,94.70084523443806,True
2017,4,32.6496,-95.4439,32.6516,-95.4394,EF1,0,0,0,0,30000.0,0.0,151.830597499004,True
2017,4,32.3406,-90.6617,32.3464,-90.6583,EF0,0,0,0,0,20000.0,0.0,64.00335291637562,True
2017,4,33.2553,-89.7662,33.2828,-89.7347,EF0,0,0,0,0,40000.0,0.0,110.35245862783117,True
2017,4,33.2481,-89.8721,33.2558,-89.8588,EF0,0,0,0,0,10000.0,0.0,108.1601796038878,True
2017,8,43.5014,-95.7401,43.4812,-95.7234,EF1,0,0,0,0,0.0,100000.0,80.27015295552313,True
2017,8,43.63,-95.82,43.6122,-95.8093,EF1,0,0,0,0,0.0,75000.0,73.32619994853124,True
2017,8,42.85,-95.49,42.8398,-95.4822,EF0,0,0,0,0,0.0,0.0,129.6430657966368,True
2017,1,33.1908,-92.4782,33.1995,-92.4767,EF0,0,0,0,0,25000.0,0.0,151.6321106641404,True
2017,1,31.7314,-89.6559,31.7535,-89.5894,EF2,0,0,0,0,100000.0,0.0,68.41586568126233,True
2017,1,31.8836,-89.9774,31.9518,-89.8382,EF1,0,0,0,0,200000.0,0.0,44.0815471289612,True
2017,1,31.1092,-83.3226,31.1557,-83.2095,EF3,2,0,0,0,500000.0,0.0,39.08373077048434,True
2017,1,31.8597,-89.317,31.867,-89.2687,EF1,0,0,0,0,65000.0,0.0,78.35347066889818,True
2017,1,31.1232,-89.349,31.1266,-89.3182,EF1,0,0,0,0,30000.0,0.0,116.77423696567786,True
2017,1,32.26,-88.81,32.28,-88.8,EF0,0,0,0,0,20000.0,0.0,110.44258541114058,True
2017,1,33.2393,-91.82,33.2468,-91.8127,EF0,0,0,0,0,3000.0,0.0,182.19559291834372,True
2017,1,32.902,-94.0431,32.9308,-94.0211,EF2,0,0,0,0,75000.0,0.0,53.60751085573458,True
2017,1,31.5566,-92.7473,31.5802,-92.7213,EF1,0,0,1,0,250000.0,0.0,49.62213678047167,True
2017,1,32.5199,-94.2529,32.6096,-94.1995,EF2,0,0,0,0,1000000.0,0.0,39.36849549172477,True
2017,1,32.7724,-94.4179,32.784,-94.4163,EF1,0,0,0,0,250000.0,0.0,64.7756117928073,True
2017,1,32.8087,-94.1962,32.8808,-94.0723,EF2,0,0,1,0,800000.0,0.0,51.84997401675097,True
2017,1,32.5294,-85.1094,32.5377,-85.0971,EF1,0,0,0,0,0.0,0.0,63.785337314842444,True
2017,1,29.8217,-84.9188,29.8449,-84.89,EF1,0,0,0,0,0.0,0.0,85.55128399329601,True
2017,1,31.5704,-84.8654,31.5927,-84.8254,EF2,0,0,1,0,250000.0,0.0,57.615083804356765,True
2017,1,30.9753,-83.7376,31.0016,-83.6917,EF1,0,0,0,0,20000.0,0.0,70.81432960615703,True
2017,1,30.9998,-83.5841,31.0351,-83.4852,EF3,2,0,0,0,500000.0,0.0,56.85230690224107,True
2017,1,32.8883,-93.6432,32.9483,-93.514,EF2,0,0,1,0,800000.0,0.0,52.0567790508138,True
2017,1,32.8808,-94.0723,32.902,-94.0431,EF2,0,0,0,0,25000.0,0.0,52.47522402298976,True
2017,1,33.0439,-87.3412,33.0471,-87.3381,EF0,0,0,0,0,0.0,0.0,55.09971182251539,True
2017,1,31.0351,-83.4852,31.1092,-83.3226,EF3,7,0,45,0,1500000.0,0.0,48.82449948171528,True
2017,1,32.9499,-93.5126,32.9693,-93.4819,EF1,0,0,0,0,25000.0,0.0,63.44460075165364,True
2017,1,32.1254,-85.957,32.1386,-85.9269,EF1,0,0,0,0,0.0,0.0,48.35252916484619,True
2017,1,32.5302,-85.5572,32.5797,-85.5004,EF0,0,0,0,0,0.0,0.0,21.812382340208426,True
2017,1,31.6287,-92.4199,31.6329,-92.3995,EF0,0,0,0,0,25000.0,0.0,74.53670791932278,True
2017,1,31.6792,-92.1562,31.6779,-92.154,EF0,0,0,0,0,90000.0,0.0,97.17620598024584,True
2017,1,32.8663,-92.1666,32.8701,-92.157,EF0,0,0,0,0,10000.0,0.0,163.43462479324663,True
2017,1,32.8875,-93.3193,32.9198,-93.2729,EF1,0,0,0,0,10000.0,0.0,68.88021362097987,True
2017,4,32.4074,-89.3973,32.4678,-89.381,EF0,0,0,0,0,50000.0,0.0,56.94827444629607,True
2017,1,31.6824,-93.0381,31.6847,-93.0035,EF2,0,0,1,0,500000.0,0.0,58.91126185196566,True
2017,1,33.1731,-92.807,33.211,-92.7859,EF1,0,0,0,0,10000.0,0.0,125.6653837307741,True
2017,1,30.8897,-83.3891,30.9158,-83.3134,EF1,0,0,0,0,250000.0,0.0,36.957148413152936,True
2017,1,31.6195,-84.7874,31.6805,-84.7076,EF2,0,0,0,0,200000.0,0.0,66.08967961341428,True
2017,4,33.1769,-89.9856,33.2481,-89.8721,EF1,0,0,0,0,30000.0,0.0,99.731900682925,True
2017,4,32.7771,-90.1848,32.8331,-90.0869,EF1,0,0,0,0,130000.0,0.0,58.38048182545304,True
2017,4,33.136,-89.8272,33.1663,-89.789,EF1,0,0,0,0,30000.0,0.0,96.31416799508105,True
2017,8,44.9285,-85.3808,44.9272,-85.3811,EF0,0,0,0,0,55000.0,0.0,52.126480039926776,True
2017,8,44.4016,-83.9742,44.405,-83.972,EF0,0,0,0,0,45000.0,0.0,81.39792624098258,True
2017,1,38.8491,-121.3272,38.8502,-121.3241,EF0,0,0,0,0,0.0,0.0,49.2311370518086,True
2017,3,39.0577,-82.1854,39.0582,-82.1849,EF1,0,0,0,0,80000.0,0.0,92.21943263588317,True
2017,1,31.787,-86.1345,31.7889,-85.6644,EF1,0,0,0,0,0.0,0.0,73.51013776596648,True
2017,10,34.4793,-98.9428,34.4793,-98.9428,EFU,0,0,0,0,0.0,0.0,13.38729442307374,True
2017,3,30.0929,-94.2291,30.0933,-94.2215,EF0,0,0,0,0,0.0,0.0,97.52948564924861,True
2017,3,39.1548,-96.3829,39.1892,-96.0864,EF0,0,0,0,0,0.0,0.0,21.8332688688934,True
2017,1,31.7889,-85.6644,31.7882,-85.4987,EF1,0,0,0,0,0.0,0.0,41.35043976596146,True
2017,10,34.62,-98.7148,34.62,-98.7148,EFU,0,0,0,0,0.0,0.0,37.38660873424663,True
2017,1,31.998,-88.106,32.0237,-88.0173,EF1,0,0,0,0,0.0,0.0,147.166116504051,True
2017,3,39.0258,-84.2955,39.0288,-84.1765,EF1,0,0,0,0,400000.0,0.0,59.916616685259974,True
2017,3,36.766,-93.8717,36.7661,-93.87,EF0,0,0,0,0,25000.0,0.0,66.89854401085837,True
2017,1,32.5299,-86.2179,32.5504,-86.2081,EF1,0,0,0,0,0.0,0.0,40.144379988723564,True
2017,1,32.4692,-86.1733,32.4785,-86.1697,EF1,0,0,0,0,0.0,0.0,36.741861795952985,True
2017,4,36.2087,-93.0769,36.2207,-93.0464,EF1,0,0,1,0,400000.0,0.0,117.73141552358662,True
2017,1,32.5626,-85.3572,32.5777,-85.3529,EF0,0,0,0,0,0.0,0.0,40.645115800205545,True
2017,1,32.6138,-85.3677,32.624,-85.3603,EF0,0,0,0,0,0.0,0.0,40.46703774099211,True
2017,3,32.4825,-94.4499,32.5102,-94.4169,EF2,0,0,0,0,90000.0,0.0,57.21020669343633,True
2017,3,31.7063,-93.2166,31.8027,-93.1265,EF1,0,0,0,0,70000.0,0.0,65.39167139523649,True
2017,1,31.8476,-88.2905,31.998,-88.106,EF2,0,0,4,0,750000.0,0.0,129.98309993049097,True
2017,3,38.7166,-91.5152,38.7358,-91.4178,EF1,0,0,0,0,0.0,0.0,72.25699576531319,True
2017,3,38.7358,-91.4178,38.7802,-91.1366,EF1,0,0,0,0,0.0,0.0,63.902195335501965,True
2017,3,37.7013,-89.3705,37.7164,-89.2978,EF0,0,0,0,0,2000.0,0.0,88.0366396637857,True
2017,1,32.4359,-86.1064,32.4388,-86.1052,EF0,0,0,0,0,0.0,0.0,31.742445329795068,True
2017,1,32.474,-85.4557,32.497,-85.4392,EF1,0,0,0,0,0.0,0.0,32.09064337330783,True
2017,3,33.417,-99.387,33.455,-99.361,EFU,0,0,0,0,0.0,0.0,98.48623629061304,True
2017,3,38.8051,-90.9085,38.8111,-90.8505,EF1,0,0,3,0,0.0,0.0,22.861896202044598,True
2017,3,39.2991,-83.5968,39.3209,-83.4714,EF0,0,0,0,0,30000.0,0.0,23.564003245535478,True
2017,3,39.2754,-83.4669,39.2926,-83.3852,EF0,0,0,0,0,10000.0,0.0,34.49722179952481,True
2017,3,39.1583,-83.0228,39.1557,-83.0126,EF1,0,0,0,0,30000.0,0.0,74.66634965161082,True
2017,3,37.7304,-91.443,37.7596,-91.4202,EF1,0,0,0,0,50000.0,0.0,126.5234417085469,True
2017,3,38.3116,-90.7115,38.3182,-90.6638,EF0,0,0,0,0,0.0,0.0,43.13607427288025,True
2017,3,39.0699,-84.3925,39.0672,-84.3733,EF0,0,0,0,0,250000.0,0.0,62.723800928351764,True
2017,6,31.1586,-101.8282,31.1856,-101.7307,EF0,0,0,0,0,0.0,0.0,93.73819608209229,True
2017,6,31.4895,-101.47,31.5093,-101.4443,EF0,0,0,0,0,0.0,0.0,84.71334368822524,True
2017,6,31.2614,-101.3982,31.2776,-101.3753,EF0,0,0,0,0,0.0,0.0,86.92462363941597,True
2017,1,31.0817,-99.2111,31.1097,-99.2033,EF2,0,0,0,0,0.0,0.0,125.99327052360822,True
2017,1,32.4811,-85.2189,32.4828,-85.2183,EF0,0,0,0,0,0.0,0.0,53.88452473733136,True
2017,3,38.2424,-90.5707,38.2443,-90.5497,EF0,0,0,0,0,0.0,0.0,51.68742101744125,True
2017,3,39.1078,-83.6814,39.0969,-83.6431,EF1,0,0,0,0,50000.0,0.0,36.78354249503682,True
2017,3,32.5278,-94.7976,32.5726,-94.7098,EF1,0,0,0,0,60000.0,0.0,90.10598393059603,True
2017,1,32.0988,-87.7823,32.157,-87.7634,EF1,0,0,0,0,0.0,0.0,152.40995274554987,True
2017,3,39.0745,-89.815,39.1116,-89.6994,EF1,0,0,0,0,0.0,0.0,85.93949978335444,True
2017,3,39.1116,-89.6994,39.1526,-89.5962,EF0,0,0,0,0,0.0,0.0,96.6771800986075,True
2017,3,39.2061,-89.3969,39.2616,-89.2837,EF1,0,0,0,0,0.0,0.0,105.13729353296193,True
2017,3,39.0139,-84.0608,39.0172,-84.0568,EF1,0,0,0,0,30000.0,0.0,49.6610791154597,True
2017,1,32.0308,-85.8742,32.0669,-85.8351,EF1,0,0,0,0,0.0,0.0,56.804318111167184,True
2017,3,36.2081,-76.9334,36.2213,-76.8488,EF1,0,0,0,0,250000.0,0.0,86.51606618994987,True
2017,4,35.1512,-91.702,35.165,-91.5996,EF1,0,0,0,0,80000.0,0.0,61.86330263721278,True
2017,3,39.448,-91.6656,39.5459,-91.6658,EF0,0,0,0,0,0.0,0.0,118.89712488865872,True
2017,3,39.2934,-96.32,39.2934,-96.32,EF0,0,0,0,0,0.0,0.0,33.817630483194456,True
2017,3,39.0079,-96.4,39.0083,-96.3979,EF0,0,0,0,0,0.0,0.0,14.52604018142392,True
2017,1,38.6267,-121.4805,38.6286,-121.4731,EF0,0,0,0,0,25000.0,0.0,22.121177315283813,True
2017,1,32.5267,-85.4825,32.55,-85.4523,EF0,0,0,0,0,0.0,0.0,28.82520337739667,True
2017,1,32.497,-85.4392,32.509,-85.4303,EF1,0,0,0,0,0.0,0.0,33.16293970217587,True
2017,3,35.6562,-94.7044,35.7233,-94.6345,EF1,0,0,0,0,100000.0,0.0,51.1510016810868,True
2017,1,31.384,-89.1461,31.4193,-89.0342,EF2,0,0,1,0,160000.0,0.0,116.60035416737257,True
2017,3,31.8527,-93.8726,31.8776,-93.8531,EF1,0,0,0,0,100000.0,0.0,66.57451346301696,True
2017,3,35.8074,-93.9938,35.8268,-93.9611,EF1,0,0,0,0,0.0,0.0,66.4349945093775,True
2017,3,35.8268,-93.9611,35.857,-93.8982,EF1,0,0,0,0,40000.0,0.0,69.79784049923913,True
2017,4,34.4852,-91.8424,34.542,-91.7846,EF1,0,0,0,0,10000.0,0.0,54.74703825899778,True
2017,1,33.4785,-86.3045,33.4877,-86.3025,EF1,0,0,0,0,0.0,0.0,55.047960153841984,True
2017,3,32.0248,-93.6846,32.033,-93.6616,EF1,0,0,0,0,60000.0,0.0,49.61034444768879,True
2017,3,32.1278,-92.747,32.1435,-92.7371,EF1,0,0,0,0,3000.0,0.0,108.94909302498837,True
2017,3,32.1681,-92.6882,32.2416,-92.6084,EF1,0,0,0,0,15000.0,0.0,112.82915625747778,True
2017,2,40.924,-89.2983,40.9772,-89.0474,EF2,0,0,0,0,500000.0,0.0,86.07186533444548,True
2017,3,41.9826,-93.8958,42.0894,-93.6986,EF0,0,0,0,0,50000.0,0.0,31.420314106892416,True
2017,3,36.8329,-89.4928,36.8621,-89.3061,EF1,0,0,0,0,200000.0,0.0,69.19956342257339,True
2017,3,32.6783,-99.8247,32.74,-99.8,EF0,0,0,0,0,0.0,0.0,55.66136471900094,True
2017,5,38.4982,-92.1846,38.5077,-92.172,EF1,0,0,0,0,0.0,0.0,132.40561104395437,True
2017,5,40.77,-102.01,40.771,-102.0087,EF0,0,0,0,0,0.0,0.0,158.22343445643799,True
2017,5,31.3841,-82.9376,31.3838,-82.9377,EF0,0,0,0,0,0.0,0.0,55.25029873782916,True
2017,5,31.5894,-82.6965,31.62,-82.696,EF1,0,0,0,0,0.0,0.0,82.98144436491876,True
2017,3,36.717,-90.804,36.7075,-90.6304,EF2,0,0,0,0,30000.0,0.0,174.0310589851588,True
2017,4,34.42,-82.55,34.421,-82.549,EF0,0,0,0,0,0.0,0.0,59.71649634569063,True
2017,4,34.44,-82.4,34.441,-82.399,EF0,0,0,0,0,1000.0,0.0,51.97410394203997,True
2017,3,32.8888,-99.7803,32.9525,-99.7527,EF0,0,0,0,0,0.0,0.0,62.783063726725516,True
2017,3,32.44,-99.94,32.4401,-99.94,EF0,0,0,0,0,0.0,0.0,65.24889182978181,True
2017,3,32.776,-100.2873,32.777,-100.2873,EF0,0,0,0,0,0.0,0.0,100.26413974747827,True
2017,6,40.2226,-94.5972,40.2226,-94.57,EF0,0,0,0,0,0.0,0.0,159.61953869783147,True
2017,3,33.6456,-101.1935,33.6762,-101.1715,EFU,0,0,0,0,0.0,0.0,57.457911386901024,True
2017,3,33.889,-101.0698,33.8964,-101.0639,EFU,0,0,0,0,0.0,0.0,73.59233209709959,True
2017,5,31.6869,-82.6207,31.6929,-82.6207,EF1,0,0,0,0,0.0,0.0,95.69736740701023,True
2017,5,29.6963,-81.2297,29.7,-81.22,EFU,0,0,0,0,0.0,0.0,98.7310223025251,True
2017,2,41.1113,-89.7134,41.1569,-89.6386,EF1,0,0,0,0,100000.0,0.0,91.30311595443983,True
2017,2,40.878,-89.5212,40.88,-89.5044,EF0,0,0,0,0,75000.0,0.0,82.3837396215941,True
2017,3,38.2468,-92.7159,38.2461,-92.7099,EF0,0,0,0,0,100000.0,0.0,127.56228130000395,True
2017,3,36.8917,-90.5408,36.8406,-90.4453,EF1,0,0,0,0,25000.0,0.0,158.34385800789232,True
2017,3,36.8531,-90.2082,36.8424,-90.1691,EF1,0,0,0,0,75000.0,0.0,129.83519957240753,True
2017,3,36.6715,-89.7598,36.6704,-89.7467,EF0,0,0,0,0,20000.0,0.0,98.33156721628818,True
2017,3,36.6988,-76.4648,36.7192,-76.3526,EF1,0,0,0,0,50000.0,0.0,57.76839873951162,True
2017,3,34.739,-96.609,34.756,-96.547,EF0,0,0,0,0,1000.0,0.0,89.83537585286965,True
2017,3,34.758,-96.534,34.758,-96.534,EF0,0,0,0,0,0.0,0.0,93.12789871687596,True
2017,3,33.599,-100.536,33.6071,-100.5287,EF1,0,0,0,0,75000.0,0.0,118.50027948089833,True
2017,3,33.6482,-100.5653,33.6756,-100.5694,EFU,0,0,0,0,0.0,0.0,115.59769422160504,True
2017,3,36.6614,-90.0897,36.6684,-89.8883,EF1,0,0,0,0,400000.0,0.0,125.65827513700381,True
2017,3,36.671,-89.6209,36.6713,-89.6003,EF1,0,0,0,0,50000.0,0.0,87.49388220227866,True
2017,3,37.6839,-93.1067,37.684,-93.0879,EF0,0,0,0,0,25000.0,0.0,56.21356044695313,True
2017,3,37.9676,-93.5021,37.964,-93.4888,EF1,0,0,0,0,5000.0,0.0,81.92401270295144,True
2017,3,36.6826,-76.5701,36.6988,-76.4648,EF1,0,0,0,0,200000.0,0.0,51.35835469758399,True
2017,3,33.6653,-100.5135,33.6855,-100.515,EFU,0,0,0,0,0.0,0.0,120.38486103272442,True
2017,3,41.2765,-93.291,41.331,-93.2182,EF1,0,0,0,0,50000.0,0.0,62.03620822812274,True
2017,3,32.861,-97.331,32.943,-97.161,EF0,0,0,0,0,100000.0,0.0,32.15559661617904,True
2017,5,32.7265,-93.9739,32.7494,-93.9448,EF1,0,0,0,0,10000.0,0.0,33.07694761627812,True
2017,5,32.7976,-93.8878,32.7963,-93.8748,EF1,0,0,0,0,0.0,0.0,38.804824316535836,True
2017,5,31.9719,-92.8796,31.9578,-92.8699,EF1,0,0,0,0,0.0,0.0,91.26165906869593,True
2017,3,42.2472,-93.3327,42.298,-93.2299,EF1,0,0,0,0,25000.0,0.0,65.82606275397643,True
2017,3,41.2409,-93.4915,41.2747,-93.41,EF1,0,0,0,0,80000.0,0.0,57.81400500454918,True
2017,3,36.6169,-89.3918,36.6135,-89.3756,EF2,0,0,0,0,20000.0,0.0,74.5806587322484,True
2017,3,40.3459,-89.6934,40.4154,-89.5869,EF1,0,0,0,0,175000.0,0.0,37.25754375266136,True
2017,5,38.58,-96.4626,38.58,-96.4626,EF0,0,0,0,0,0.0,0.0,50.469443772520826,True
2017,5,38.6602,-96.2631,38.6602,-96.2631,EF0,0,0,0,0,0.0,0.0,37.53754509708032,True
2017,5,38.8495,-96.4537,38.8495,-96.4537,EF0,0,0,0,0,0.0,0.0,25.19896552573615,True
2017,5,39.2557,-96.9901,39.2557,-96.9901,EF0,0,0,0,0,0.0,0.0,71.40488643730262,True
2017,5,31.9759,-92.8568,31.9742,-92.8561,EF1,0,0,0,0,0.0,0.0,91.94408091646245,True
2017,3,41.3469,-93.2,41.397,-93.0881,EF1,0,0,0,0,20000.0,0.0,60.981718940883695,True
2017,3,40.6898,-93.0973,40.7491,-92.9833,EF1,0,0,0,0,20000.0,0.0,127.06165394520879,True
2017,3,40.2633,-89.8563,40.3177,-89.7497,EF1,0,0,0,0,150000.0,0.0,45.86618121607951,True
2017,2,40.9128,-89.3609,40.924,-89.2983,EF3,0,0,0,0,1500000.0,0.0,84.78949040783384,True
2017,3,36.687,-93.1218,36.6727,-93.0968,EF0,0,0,0,0,100000.0,0.0,65.79409407855054,True
2017,3,40.6891,-92.876,40.7576,-92.7152,EF2,0,0,0,0,750000.0,0.0,135.80356971194607,True
2017,3,40.6322,-92.9041,40.698,-92.7783,EF1,0,0,0,0,40000.0,0.0,140.09050531766644,True
2017,3,36.569,-89.1867,36.5033,-89.0837,EF2,0,0,0,0,1000000.0,0.0,66.67733884759275,True
2017,4,35.2275,-91.352,35.229,-91.3386,EF1,0,0,0,0,5000.0,0.0,93.57051567808794,True
2017,3,41.4611,-92.9974,41.4976,-92.9041,EF0,0,0,0,0,25000.0,0.0,67.38334941497027,True
2017,3,40.6174,-93.2085,40.6898,-93.0973,EF2,0,0,0,0,2000000.0,0.0,131.10641594368863,True
2017,4,34.859,-82.507,34.87,-82.487,EF0,0,0,0,0,30000.0,0.0,26.337124139649102,True
2017,3,40.392,-89.5381,40.4172,-89.4965,EF2,0,0,0,0,120000.0,0.0,31.82571542254369,True
2017,5,35.5862,-94.4641,35.6432,-94.3125,EF1,0,0,0,0,30000.0,0.0,34.169190004532474,True
2017,5,35.5797,-94.4911,35.5862,-94.4641,EF1,0,0,0,0,0.0,0.0,34.23171053163133,True
2017,5,39.1682,-77.9986,39.1671,-77.9903,EF0,0,0,0,0,0.0,0.0,49.02006574686026,True
2017,5,32.5528,-95.0058,32.5646,-94.9889,EF1,0,0,0,0,60000.0,0.0,109.79766951658132,True
2017,5,32.5738,-94.8971,32.5711,-94.8768,EF0,0,0,0,0,0.0,0.0,99.94521322115493,True
2017,5,31.9083,-92.7384,31.9076,-92.7371,EF1,0,0,0,0,0.0,0.0,86.70409299221576,True
2017,3,36.6611,-90.2736,36.6612,-90.2243,EF1,0,0,0,0,500000.0,0.0,141.05439044146482,True
2017,3,36.5827,-88.6263,36.5867,-88.5989,EF2,0,0,0,0,170000.0,0.0,55.53372231418063,True
2017,3,34.89,-100.27,34.9217,-100.2313,EF0,0,0,0,0,0.0,0.0,132.09278749927248,True
2017,5,39.5299,-89.0704,39.5298,-89.0685,EF0,0,0,0,0,0.0,0.0,72.65792055675912,True
2017,5,40.8137,-90.1668,40.8138,-90.164,EF0,0,0,0,0,0.0,0.0,95.24826363911689,True
2017,5,37.1726,-93.1647,37.1855,-93.1224,EF0,0,0,0,0,100000.0,0.0,21.9963848904561,True
2017,5,36.6995,-93.1595,36.7682,-93.0345,EF1,0,0,0,0,0.0,0.0,63.29862713084148,True
2017,5,36.6429,-93.265,36.6457,-93.2622,EF0,0,0,1,0,10000.0,0.0,66.95665247686708,True
2017,5,36.5972,-93.5985,36.5978,-93.5965,EF0,0,0,0,0,50000.0,0.0,73.10599107771351,True
2017,5,36.9149,-93.0654,36.9555,-93.0315,EF0,0,0,0,0,100000.0,0.0,46.385573959984534,True
2017,5,32.5711,-94.8768,32.5704,-94.851,EF1,0,0,0,0,50000.0,0.0,98.02002348097567,True
2017,3,36.7056,-93.7501,36.7057,-93.7471,EF0,0,0,0,0,0.0,0.0,66.59325920750545,True
2017,3,33.464,-100.9993,33.4787,-100.9976,EFU,0,0,0,0,0.0,0.0,78.40907885464438,True
2017,5,36.8732,-94.376,36.9233,-94.3362,EF0,0,0,0,0,50000.0,0.0,95.48867393948709,True
2017,5,36.5036,-94.2079,36.5139,-94.1993,EF1,0,0,0,0,100000.0,0.0,108.53779391897982,True
2017,5,37.27,-92.31,37.2726,-92.3069,EF0,0,0,0,0,5000.0,0.0,96.5746377259201,True
2017,5,36.76,-94.56,36.7789,-94.532,EF1,0,0,0,0,50000.0,0.0,110.87740933769891,True
2017,5,37.4683,-92.9169,37.4843,-92.8904,EF1,0,0,0,0,10000.0,0.0,49.96908383953322,True
2017,5,37.2173,-93.8474,37.2267,-93.8378,EF0,0,0,0,0,5000.0,0.0,39.63890622190901,True
2017,5,37.2993,-93.6678,37.31,-93.66,EF0,0,0,0,0,0.0,0.0,24.721453817149765,True
2017,5,32.0177,-94.6932,32.0869,-94.6542,EF1,0,0,0,0,15000.0,0.0,93.49182259327603,True
2017,4,34.728,-82.781,34.729,-82.78,EF0,0,0,0,0,0.0,0.0,54.06735003725314,True
2017,4,34.87,-82.487,34.88,-82.464,EF0,0,0,0,0,20000.0,0.0,24.416775786798606,True
2017,4,34.62,-81.49,34.62,-81.49,EF0,0,0,0,0,0.0,0.0,72.82245743444327,True
2017,3,36.74,-93.3,36.7398,-93.2992,EF0,0,0,0,0,20000.0,0.0,55.78695297891811,True
2017,3,37.9624,-92.994,37.9619,-92.9593,EF1,0,0,1,0,100000.0,0.0,88.42103187706313,True
2017,3,30.7928,-92.6769,30.837,-92.6458,EF2,0,0,0,0,125000.0,0.0,49.36292263804127,True
2017,3,30.6708,-94.4198,30.6712,-94.3978,EF1,0,0,0,0,60000.0,0.0,130.42818290692617,True
2017,3,32.923,-97.373,32.971,-97.277,EF0,0,0,0,0,300000.0,0.0,39.48818657926385,True
2017,3,33.035,-97.03,33.053,-97.012,EF1,0,0,0,0,600000.0,0.0,57.38779620891158,True
2017,3,36.6135,-89.3756,36.5466,-89.2422,EF1,0,0,0,0,250000.0,0.0,73.78038101674332,True
2017,3,36.5996,-88.3322,36.5781,-88.2346,EF1,0,0,0,0,75000.0,0.0,65.17765829974358,True
2017,3,30.6747,-94.359,30.6765,-94.3516,EF1,0,0,0,0,20000.0,0.0,125.50392759067395,True
2017,3,30.8309,-93.9739,30.8344,-93.9682,EF1,0,0,0,0,10000.0,0.0,101.74278063578078,True
2017,3,30.9534,-93.8457,31.0896,-93.7149,EF1,0,0,0,0,50000.0,0.0,85.84859666066187,True
2017,5,31.6552,-84.8836,31.6919,-84.7159,EF0,0,0,0,0,2000.0,0.0,58.69200742675988,True
2017,5,31.1661,-83.3577,31.179,-83.3461,EF0,0,0,0,0,5000.0,0.0,45.72422360952279,True
2017,5,31.86,-94.4618,31.8693,-94.4547,EF1,0,0,0,0,25000.0,0.0,87.91352820795792,True
2017,3,38.5991,-87.1394,38.5981,-87.137,EF2,0,0,0,0,40000.0,0.0,63.383393060304186,True
2017,3,38.6573,-87.0782,38.6518,-87.0509,EF2,0,0,0,0,65000.0,0.0,71.52821365013638,True
2017,3,38.6443,-87.0011,38.6446,-87.0005,EF1,0,0,0,0,35000.0,0.0,76.10579664844073,True
2017,3,38.7281,-86.5129,38.729,-86.5092,EF1,0,0,0,0,22000.0,0.0,97.31112250619366,True
2017,3,42.272,-94.1476,42.3022,-94.1092,EF1,0,0,0,0,70000.0,0.0,69.63684860710221,True
2017,3,36.9334,-87.7316,36.9487,-87.6591,EF0,0,0,0,0,50000.0,0.0,45.36933965959376,True
2017,3,36.9487,-87.6591,36.9494,-87.6545,EF0,0,0,0,0,25000.0,0.0,40.79470402555039,True
2017,3,37.137,-85.699,37.139,-85.694,EF1,0,0,0,0,300000.0,0.0,95.67812994457339,True
2017,3,38.69,-86.3406,38.6884,-86.33,EF2,0,0,0,0,100000.0,0.0,86.68059279985512,True
2017,3,38.7991,-86.0166,38.8008,-86.0126,EF2,0,0,0,0,45000.0,0.0,91.82470985559307,True
2017,3,39.6334,-92.28,39.75,-91.9673,EF1,0,0,1,0,0.0,0.0,172.50358824856838,True
2017,5,31.854,-84.2359,31.9144,-84.1807,EF1,0,0,0,0,0.0,0.0,123.50957643515878,True
2017,3,36.74,-76.23,36.7568,-76.1486,EF2,0,0,0,0,3900000.0,0.0,74.29604868501566,True
2017,5,38.01,-96.55,38.0094,-96.5437,EF0,0,0,0,0,0.0,0.0,87.83126574577858,True
2017,5,30.5699,-93.57,30.5683,-93.519,EF1,0,0,0,0,15000.0,0.0,59.98940216276316,True
2017,5,37.3545,-93.675,37.36,-93.67,EF0,0,0,0,0,0.0,0.0,27.683322465865526,True
2017,5,37.4219,-93.5928,37.43,-93.59,EF0,0,0,0,0,5000.0,0.0,26.84120958049055,True
2017,3,42.0894,-93.6986,42.1287,-93.6089,EF0,0,0,0,0,75000.0,0.0,39.8916457436814,True
2017,3,42.2348,-94.2041,42.2559,-94.1673,EF0,0,0,0,0,0.0,0.0,68.69689934801616,True
2017,3,36.8203,-89.5762,36.8329,-89.4928,EF1,0,0,0,0,200000.0,0.0,76.61013468213403,True
2017,3,36.7568,-76.1486,36.7913,-76.0858,EF2,0,0,0,0,4000000.0,0.0,80.46771348175744,True
2017,3,43.8564,-91.1172,43.8809,-91.0777,EF1,0,0,0,0,290000.0,0.0,7.00806621712129,True
2017,5,35.61,-81.2,35.64,-81.17,EF0,0,0,0,0,10000.0,0.0,122.9061596682583,True
2017,5,37.9027,-105.0433,37.9046,-105.0459,EF1,0,0,0,0,0.0,0.0,213.86721375245614,True
2017,5,38.4563,-102.4502,38.4728,-102.4443,EFU,0,0,0,0,0.0,0.0,120.26296179033751,True
2017,3,34.5259,-92.965,34.526,-92.9606,EF0,0,0,0,0,0.0,0.0,72.97047423911185,True
2017,3,34.9279,-92.2479,34.9527,-92.2291,EF1,0,0,0,0,10000.0,0.0,10.25682741130212,True
2017,5,34.0234,-100.773,34.0234,-100.773,EFU,0,0,0,0,0.0,0.0,104.55986663129737,True
2017,5,37.6284,-92.4892,37.6336,-92.4519,EF1,0,0,0,0,0.0,0.0,91.55438575334276,True
2017,5,33.86,-102.7,33.86,-102.7,EFU,0,0,0,0,0.0,0.0,85.0327056275323,True
2017,5,34.07,-102.54,34.07,-102.54,EFU,0,0,0,0,0.0,0.0,81.42467040912975,True
2017,5,35.2461,-95.95,35.3211,-95.7272,EF2,0,0,0,0,175000.0,0.0,109.00498860283376,True
2017,5,39.6876,-102.1557,39.6797,-102.1044,EF0,0,0,0,0,0.0,0.0,52.88734935142875,True
2017,5,34.6332,-100.935,34.6373,-100.9311,EFU,0,0,0,0,0.0,0.0,97.13291088194599,True
2017,5,34.3019,-100.0641,34.3051,-100.0462,EFU,0,0,0,0,0.0,0.0,100.07617943278487,True
2017,5,38.5357,-82.683,38.5728,-82.6526,EF1,0,0,0,0,100000.0,0.0,87.29804779365568,True
2017,5,37.5862,-92.3541,37.607,-92.2672,EF1,0,0,0,0,100000.0,0.0,100.30103434996924,True
2017,5,37.65,-92.26,37.65,-92.26,EF1,0,0,0,0,0.0,0.0,110.72727574675685,True
2017,5,37.7655,-91.6816,37.7655,-91.6816,EF0,0,0,0,0,0.0,0.0,135.58192199973774,True
2017,5,35.3578,-95.7225,35.3922,-95.6532,EF1,0,0,0,0,75000.0,0.0,91.98392661256068,True
2017,5,35.3761,-95.6591,35.4047,-95.6012,EF1,0,0,0,0,25000.0,0.0,89.24470143274834,True
2017,3,34.9358,-88.7171,34.937,-88.7142,EF0,0,0,0,0,0.0,0.0,114.54533865632554,True
2017,5,36.304,-95.7948,36.3114,-95.7703,EF1,0,0,0,0,500000.0,0.0,25.17459726720632,True
2017,5,36.3775,-95.6616,36.4203,-95.6476,EF1,0,0,0,0,0.0,0.0,24.153817425575756,True
2017,5,36.5454,-95.9009,36.5454,-95.9009,EF0,0,0,0,0,0.0,0.0,51.047289938880155,True
2017,5,32.5501,-94.8205,32.4304,-94.716,EF1,0,0,0,0,750000.0,0.0,92.49602136363089,True
2017,5,32.6568,-95.9109,32.6753,-95.8827,EF0,0,0,0,0,4000.0,1000.0,130.730992490801,True
2017,2,30.046,-82.0734,30.0479,-82.0559,EF1,0,0,0,2,0.0,0.0,60.4300614748123,True
2017,5,34.819,-80.632,34.902,-80.55,EF1,0,0,0,0,100000.0,0.0,106.58831915019717,True
2017,5,35.4664,-95.4911,35.5402,-95.3635,EF1,0,0,0,0,125000.0,0.0,79.06626066044467,True
2017,5,36.7912,-90.5013,36.7839,-90.4692,EF0,0,0,0,0,40000.0,0.0,156.77210336183765,True
2017,5,37.7113,-103.8885,37.7375,-103.8474,EFU,0,0,0,0,0.0,0.0,237.69964803159857,True
2017,3,29.7829,-94.8774,29.7829,-94.8774,EF0,0,0,0,0,15000.0,0.0,39.6841828174834,True
2017,5,32.3834,-94.6213,32.3845,-94.5837,EF1,0,0,0,0,25000.0,0.0,73.60474823689731,True
2017,5,32.3845,-94.5837,32.3717,-94.5447,EF1,0,0,0,0,10000.0,0.0,70.08124640836674,True
2017,5,35.5643,-95.3315,35.6049,-95.2516,EF1,0,0,0,0,20000.0,0.0,71.06723913627945,True
2017,10,35.174,-82.242,35.194,-82.242,EF1,0,0,0,0,50000.0,0.0,32.387336229894345,True
2017,10,35.4,-81.618,35.558,-81.568,EF0,0,0,0,0,20000.0,0.0,79.3445172661433,True
2017,5,40.6662,-97.4305,40.666,-97.3955,EF0,0,0,0,0,3000.0,0.0,93.75421363369985,True
2017,3,45.6723,-122.5651,45.6936,-122.5286,EF0,0,0,0,0,2000.0,0.0,31.419699585046622,True
2017,5,35.707,-80.834,35.722,-80.826,EF0,0,0,0,0,10000.0,0.0,154.8014364518304,True
2017,5,35.798,-80.783,35.84,-80.759,EF2,0,0,0,0,250000.0,0.0,143.74474175136567,True
2017,5,35.73,-95.4173,35.752,-95.3932,EF1,0,0,0,0,25000.0,0.0,51.21531260717942,True
2017,5,35.8548,-95.5275,35.9625,-95.4019,EF1,0,0,0,0,120000.0,0.0,35.75560825309701,True
2017,5,35.7583,-95.3846,35.7893,-95.353,EF2,0,0,0,0,350000.0,0.0,49.07006145057094,True
2017,5,40.4516,-97.9389,40.4586,-97.8983,EF1,0,0,0,0,0.0,0.0,45.018680014364755,True
2017,5,34.9156,-79.0695,34.9239,-79.0313,EF0,0,0,0,0,100000.0,0.0,98.56492297453323,True
2017,3,29.6814,-95.0285,29.6775,-94.9843,EF1,0,0,2,0,300000.0,0.0,23.795004110649376,True
2017,3,29.7716,-94.8364,29.7727,-94.836,EF0,0,0,0,0,0.0,13000.0,40.73866457536642,True
2017,5,31.3323,-94.7158,31.2967,-94.628,EF0,0,0,0,0,100000.0,0.0,149.28477618416304,True
2017,5,32.098,-94.5231,32.1159,-94.3817,EF1,0,0,0,0,500000.0,0.0,75.15762720987155,True
2017,10,34.51,-81.967,34.615,-81.922,EF2,0,0,0,0,250000.0,0.0,47.510676992860894,True
2017,10,35.683,-81.532,35.746,-81.515,EF1,0,0,0,0,150000.0,0.0,108.65096870468521,True
2017,10,35.794,-81.499,35.828,-81.489,EF0,0,0,0,0,10000.0,0.0,120.53841612177095,True
2017,5,35.8843,-95.2652,36.0036,-95.1706,EF1,0,0,0,0,0.0,0.0,42.040307286509304,True
2017,5,36.0748,-95.2395,36.0815,-95.2374,EF0,0,0,0,0,0.0,0.0,31.21280129842843,True
2017,3,29.6487,-95.071,29.6426,-95.0698,EF1,0,0,0,0,27000.0,0.0,19.669587091754526,True
2017,10,34.291,-82.044,34.458,-81.986,EF1,0,0,0,0,20000.0,0.0,67.799066058928,True
2017,10,34.615,-81.919,34.816,-81.84,EF1,0,0,0,0,50000.0,0.0,40.56433414331651,True
2017,10,34.722,-81.745,34.725,-81.745,EF0,0,0,0,0,10000.0,0.0,46.91770980152296,True
2017,10,35.559,-81.568,35.59,-81.56,EF0,0,0,0,0,1000.0,0.0,95.66114472441927,True
2017,5,36.0169,-95.1727,36.0746,-95.1384,EF1,0,0,0,0,0.0,0.0,39.31807982311987,True
2017,5,36.0746,-95.1384,36.0933,-95.1275,EF1,0,0,0,0,0.0,0.0,39.833437406123814,True
2017,5,37.0546,-93.9592,37.0931,-93.8995,EF1,0,0,0,0,50000.0,0.0,53.45883259065318,True
2017,3,35.5536,-88.3624,35.5366,-88.2515,EF0,0,0,0,0,10000.0,0.0,138.81954563438276,True
2017,3,35.5578,-88.1721,35.5556,-88.0731,EF1,0,0,0,0,150000.0,0.0,153.38493273216827,True
2017,3,31.146,-89.5971,31.1523,-89.5808,EF0,0,0,0,0,95000.0,0.0,104.10074077947027,True
2017,10,34.972,-81.989,35.0,-81.948,EF2,0,0,1,0,1000000.0,0.0,23.240521395994712,True
2017,3,36.0422,-89.3566,36.0496,-89.2909,EF0,0,0,0,0,50000.0,0.0,90.51218387116187,True
2017,3,35.9077,-88.3921,35.9053,-88.3754,EF0,0,0,0,0,30000.0,0.0,133.44841238724572,True
2017,3,36.1184,-91.102,36.1193,-91.0957,EF0,0,0,0,0,60000.0,0.0,140.35738566359942,True
2017,3,36.1834,-90.3852,36.1888,-90.373,EF0,0,0,0,0,250000.0,0.0,104.06615414015825,True
2017,5,37.524,-98.651,37.551,-98.629,EF0,0,0,0,0,0.0,0.0,98.67824637431043,True
2017,5,37.466,-98.536,37.4708,-98.5317,EF0,0,0,0,0,0.0,0.0,88.39942652712963,True
2017,5,37.5154,-99.9445,37.5178,-99.953,EF0,0,0,0,0,0.0,0.0,27.374874283825747,True
2017,3,36.5033,-89.0837,36.4842,-89.0704,EF2,0,0,0,0,300000.0,0.0,68.68919454414255,True
2017,3,28.94,-95.56,28.94,-95.56,EF0,0,0,0,0,0.0,0.0,75.36033390137781,True
2017,3,30.266,-95.1294,30.2672,-95.1285,EF0,0,0,0,0,0.0,7000.0,88.42971669595562,True
2017,5,37.5904,-99.8839,37.5884,-99.8897,EF0,0,0,0,0,0.0,0.0,20.37336298498317,True
2017,5,31.8442,-94.4768,31.86,-94.4618,EF2,0,0,0,0,500000.0,0.0,90.16822710858551,True
2017,5,41.6437,-108.4234,41.6514,-108.2037,EF0,0,0,0,0,1000.0,0.0,158.2256304310403,True
2017,5,36.9052,-94.4182,36.9119,-94.4072,EF0,0,0,0,0,100000.0,0.0,97.48500813483747,True
2017,5,36.5307,-91.544,36.5358,-91.5347,EF0,0,0,0,0,50000.0,0.0,182.73869111708515,True
2017,5,40.6566,-87.0997,40.6566,-87.0975,EF0,0,0,0,0,0.0,0.0,126.42568926954377,True
2017,5,31.815,-94.4989,31.8442,-94.4768,EF2,0,0,0,0,500000.0,0.0,93.98627779709157,True
2017,5,38.204,-92.7704,38.2046,-92.7682,EF1,0,0,0,0,50000.0,0.0,121.12896728338357,True
2017,5,38.1918,-92.7854,38.1919,-92.7843,EF1,0,0,0,0,25000.0,0.0,119.32251266379082,True
2017,5,37.6004,-92.7221,37.5844,-92.5811,EF1,0,0,0,0,100000.0,0.0,72.35598175813861,True
2017,3,36.0398,-86.5971,36.0502,-86.5658,EF0,0,0,0,0,50000.0,0.0,23.272370683780498,True
2017,3,35.4146,-86.7049,35.4108,-86.6492,EF0,0,0,0,0,25000.0,0.0,78.01231666631949,True
2017,3,28.8844,-96.1457,28.8844,-96.1457,EF0,0,0,0,0,0.0,0.0,122.45483579625326,True
2017,5,42.4194,-88.706,42.438,-88.6775,EF1,0,0,0,0,0.0,0.0,62.285373275936344,True
2017,5,42.3341,-88.8221,42.4194,-88.706,EF1,0,0,0,0,100000.0,0.0,73.8777739691858,True
2017,5,36.3647,-98.92,36.3647,-98.92,EFU,0,0,0,0,0.0,0.0,82.22153543173422,True
2017,5,36.85,-98.695,36.85,-98.695,EFU,0,0,0,0,0.0,0.0,51.970081746601345,True
2017,5,34.31,-97.2101,34.31,-97.2101,EFU,0,0,0,0,0.0,0.0,113.92544976489812,True
2017,5,34.3322,-97.2048,34.3322,-97.2048,EFU,0,0,0,0,0.0,0.0,111.48842790365754,True
2017,5,34.3635,-97.1132,34.3902,-97.0998,EFU,0,0,0,0,0.0,0.0,108.84967767703384,True
2017,5,43.1806,-91.9223,43.1723,-91.9065,EF0,0,0,0,0,4000.0,0.0,92.6108504079411,True
2017,5,34.1744,-100.2891,34.1741,-100.2942,EFU,0,0,0,0,0.0,0.0,122.39691755791813,True
2017,5,34.359,-97.037,34.358,-97.035,EFU,0,0,0,0,0.0,0.0,110.5150831332874,True
2017,5,33.49,-102.86,33.49,-102.86,EFU,0,0,0,0,0.0,0.0,98.5968506404609,True
2017,5,34.8403,-95.9151,34.8439,-95.8338,EF1,0,0,0,0,15000.0,0.0,135.55134967462618,True
2017,5,35.6183,-95.2472,35.6551,-95.2053,EF1,0,0,0,0,20000.0,0.0,68.16679316088177,True
2017,5,40.6566,-87.0975,40.6599,-87.0873,EF0,0,0,0,0,0.0,0.0,126.32288532230963,True
2017,5,29.2705,-90.1965,29.2705,-90.1965,EF0,0,0,0,0,0.0,0.0,140.3735321117532,True
2017,4,31.3077,-93.5838,31.4,-93.457,EF1,0,0,0,0,50000.0,0.0,60.239647698068005,True
2017,3,30.3874,-103.6677,30.3891,-103.6649,EF0,0,0,0,0,0.0,0.0,222.98754080045455,True
2017,3,32.0926,-100.849,32.1351,-100.79,EF0,0,0,0,0,0.0,0.0,87.03310378847245,True
2017,4,32.0788,-91.918,32.1264,-91.8837,EF1,0,0,0,0,0.0,0.0,143.45162133540575,True
2017,4,31.6917,-92.8661,31.7088,-92.8429,EF1,0,0,0,0,0.0,0.0,60.55019011479517,True
2017,5,35.287,-98.859,35.288,-98.851,EFU,0,0,0,0,0.0,0.0,103.39347706632475,True
2017,5,34.358,-97.035,34.337,-96.995,EFU,0,0,0,0,0.0,0.0,110.66047738015247,True
2017,5,34.332,-96.844,34.33,-96.818,EFU,0,0,0,0,0.0,0.0,118.14179240421753,True
2017,5,34.219,-97.735,34.227,-97.692,EFU,0,0,0,0,0.0,0.0,115.17417919529807,True
2017,5,34.054,-99.282,34.054,-99.282,EFU,0,0,0,0,0.0,0.0,44.30322654262483,True
2017,4,31.7088,-92.8429,31.7449,-92.8287,EF1,0,0,0,0,70000.0,0.0,62.828597029913574,True
2017,5,45.3923,-91.5413,45.4079,-90.6784,EF3,0,0,0,0,420000.0,0.0,168.69527238998023,True
2017,5,37.24,-98.682,37.245,-98.6792,EF0,0,0,0,0,0.0,0.0,74.204063474726,True
2017,5,37.328,-98.617,37.3667,-98.593,EF0,0,0,0,0,0.0,0.0,78.42675317663065,True
2017,4,31.7815,-92.5139,31.7968,-92.5076,EF1,0,0,0,0,0.0,0.0,82.26855181745638,True
2017,5,34.3381,-96.5992,34.3586,-96.5744,EFU,0,0,0,0,0.0,0.0,126.78653881038709,True
2017,5,34.347,-96.6036,34.3995,-96.5248,EFU,0,0,0,0,0.0,0.0,125.72530494865542,True
2017,5,36.507,-98.926,36.558,-98.954,EFU,0,0,0,0,0.0,0.0,75.85522431283732,True
2017,5,34.267,-96.701,34.278,-96.679,EFU,0,0,0,0,0.0,0.0,129.70977004959818,True
2017,5,34.4251,-96.4838,34.4558,-96.4466,EFU,0,0,0,0,0.0,0.0,124.24877461217879,True
2017,5,37.4708,-98.5317,37.517,-98.485,EF0,0,0,0,0,0.0,0.0,88.73135567323423,True
2017,5,38.158,-98.799,38.166,-98.802,EF0,0,0,0,0,0.0,0.0,111.66776566152951,True
2017,5,38.238,-98.769,38.246,-98.771,EF0,0,0,0,0,0.0,0.0,117.7660525624067,True
2017,4,31.7968,-92.5076,31.8155,-92.4946,EF1,0,0,0,0,0.0,0.0,84.02574707106768,True
2017,5,29.77,-95.95,29.717,-95.846,EF0,0,0,0,0,5000.0,0.0,90.49264251106179,True
2017,3,35.9252,-93.388,36.023,-92.94,EF2,0,0,1,0,200000.0,0.0,112.84290840617835,True
2017,4,31.7706,-85.1428,31.7743,-85.1336,EF1,0,0,0,0,0.0,0.0,45.686344153252,True
2017,4,36.7772,-89.58,36.8302,-89.5489,EF2,0,0,0,0,60000.0,0.0,78.78913688556635,True
2017,3,31.6466,-101.8029,31.6727,-101.732,EF0,0,0,0,0,0.0,0.0,49.22167894705136,True
2017,4,32.0597,-91.9371,32.065,-91.9315,EF1,0,0,0,0,0.0,0.0,140.67571725049999,True
2017,3,36.023,-92.94,36.0574,-92.7534,EF2,0,0,0,0,200000.0,0.0,140.91610378132225,True
2017,4,31.7365,-92.0389,31.7757,-92.0082,EF2,0,0,0,0,225000.0,0.0,109.89384656972035,True
2017,5,29.2211,-95.48,29.2235,-95.4797,EF0,0,0,0,0,200000.0,0.0,47.84894595145999,True
2017,5,29.2281,-94.8957,29.2281,-94.8957,EF0,0,0,0,0,20000.0,0.0,32.409367207563065,True
2017,4,32.2758,-94.9854,32.2755,-94.9688,EF1,0,0,0,0,25000.0,0.0,109.21065776783105,True
2017,4,32.2782,-94.9999,32.2758,-94.9854,EF0,0,0,0,0,0.0,0.0,110.50289861893833,True
2017,5,44.0965,-91.192,44.1021,-91.1721,EF1,0,0,0,0,60000.0,0.0,30.43747251612854,True
2017,5,34.34,-98.63,34.33,-98.6,EFU,0,0,0,0,0.0,0.0,31.919583065535562,True
2017,5,35.9698,-97.0427,35.9698,-97.0427,EFU,0,0,0,0,0.0,0.0,73.91989447393725,True
2017,5,35.07,-99.92,35.07,-99.9,EFU,0,0,0,0,0.0,0.0,116.74055215690743,True
2017,5,34.8051,-96.0686,34.827,-95.9269,EF1,0,0,0,0,30000.0,0.0,124.72140890337556,True
2017,5,35.7882,-95.6194,35.835,-95.5523,EF1,0,0,0,0,25000.0,0.0,43.29565381110406,True
2017,4,31.8349,-85.931,31.8677,-85.8571,EF1,0,0,0,0,0.0,0.0,61.03852344724032,True
2017,4,36.6334,-88.9223,36.6717,-88.8166,EF1,0,0,0,0,425000.0,0.0,50.178406526466354,True
2017,5,35.8073,-95.3392,35.8133,-95.3324,EF1,0,0,0,0,0.0,0.0,45.61932865812357,True
2017,5,35.8133,-95.3324,35.8843,-95.2652,EF1,0,0,0,0,0.0,0.0,45.30028265180768,True
2017,4,32.2325,-85.9988,32.2334,-85.9973,EF0,0,0,0,0,0.0,0.0,39.103044111230325,True
2017,4,37.7004,-89.1492,37.7005,-89.1473,EF1,0,0,0,0,35000.0,0.0,77.78623107713761,True
2017,5,35.915,-95.3299,36.0748,-95.2395,EF1,0,0,0,0,200000.0,0.0,35.76648206324531,True
2017,5,36.3207,-94.2529,36.3412,-94.2275,EF0,0,0,0,0,40000.0,0.0,114.98375888171178,True
2017,4,31.9209,-85.5103,31.925,-85.4908,EF0,0,0,0,0,0.0,0.0,51.414805595418386,True
2017,5,32.0353,-99.1185,32.0571,-99.0786,EF1,0,0,0,0,0.0,0.0,57.36964492156795,True
2017,5,31.942,-98.8591,31.9509,-98.8931,EF1,0,0,0,0,0.0,0.0,76.00911084070012,True
2017,5,35.12,-99.85,35.12,-99.83,EFU,0,0,0,0,0.0,0.0,116.05269089086723,True
2017,5,34.677,-99.594,34.684,-99.587,EFU,0,0,0,0,0.0,0.0,66.51503231019772,True
2017,5,34.121,-98.929,34.129,-98.911,EFU,0,0,0,0,0.0,0.0,27.174572227516453,True
2017,5,33.549,-98.467,33.553,-98.46,EFU,0,0,0,0,0.0,0.0,101.91101061926256,True
2017,5,35.6012,-96.5336,35.605,-96.4973,EF0,0,0,0,0,0.0,0.0,73.69331265339146,True
2017,5,36.127,-99.022,36.127,-99.022,EFU,0,0,0,0,0.0,0.0,105.17753881419958,True
2017,3,35.5487,-93.0177,35.5739,-92.9869,EF1,0,0,0,0,0.0,0.0,104.83286519526014,True
2017,4,31.2699,-94.3315,31.3208,-94.2419,EF1,0,0,0,0,50000.0,0.0,129.55126639032153,True
2017,4,31.72,-83.9,31.72,-83.9,EF0,0,0,0,0,0.0,0.0,118.08335473936204,True
2017,5,35.5095,-98.6749,35.5095,-98.6749,EFU,0,0,0,0,0.0,0.0,128.11172720142417,True
2017,5,36.312,-98.961,36.349,-98.955,EF0,0,0,0,0,0.0,0.0,88.43394411772697,True
2017,5,35.309,-98.846,35.309,-98.846,EFU,0,0,0,0,0.0,0.0,105.95365552595952,True
2017,4,31.7476,-92.1618,31.7627,-92.1563,EF2,0,0,0,0,600000.0,0.0,101.49139247115889,True
2017,2,41.4151,-89.2608,41.4233,-89.2171,EF1,0,0,0,0,0.0,0.0,100.18874533363287,True
2017,4,36.6717,-88.8166,36.6844,-88.7112,EF0,0,0,0,0,75000.0,0.0,44.28181129548044,True
2017,4,31.5788,-92.2513,31.6561,-92.226,EF2,0,0,0,0,100000.0,0.0,83.3656733573891,True
2017,5,35.0,-78.64,35.0469,-78.404,EF1,0,0,1,0,1500000.0,0.0,75.21566029761931,True
2017,5,38.217,-86.493,38.22,-86.491,EF1,0,0,0,0,250000.0,0.0,55.05901076040486,True
2017,5,45.2529,-92.1619,45.2551,-92.1562,EF0,0,0,0,0,0.0,0.0,119.06250219591847,True
2017,11,40.6809,-80.5909,40.6752,-80.5788,EF1,0,0,0,0,10000.0,0.0,35.59052878713413,True
2017,5,40.3299,-87.6387,40.3278,-87.6339,EF1,0,0,0,0,45000.0,0.0,134.7998259446216,True
2017,11,41.1033,-82.6929,41.1106,-82.687,EF0,0,0,0,0,200000.0,0.0,77.67556142910435,True
2017,5,32.011,-98.9605,32.0088,-98.9539,EF0,0,0,0,0,0.0,0.0,64.81084204407918,True
2017,5,31.97,-99.99,31.97,-99.9895,EFU,0,0,0,0,0.0,0.0,81.81365819611403,True
2017,5,36.9321,-76.9175,36.9807,-76.8803,EF0,0,0,0,0,4000.0,0.0,9.853907259855193,True
2017,5,37.1887,-77.6428,37.2188,-77.6246,EF1,0,0,0,0,38000.0,0.0,60.78127501514537,True
2017,5,37.54,-98.42,37.5428,-98.4185,EF0,0,0,0,0,0.0,0.0,87.00629583651829,True
2017,5,37.68,-98.11,37.6836,-98.1065,EF0,0,0,0,0,0.0,0.0,58.77286183099106,True
2017,5,37.75,-97.94,37.7591,-97.9352,EF0,0,0,0,0,0.0,0.0,44.99302878181183,True
2017,5,35.23,-100.49,35.2301,-100.489,EF0,0,0,0,0,0.0,0.0,110.74247422711838,True
2017,5,34.2296,-80.0709,34.2595,-80.069,EF1,0,0,0,0,80000.0,0.0,101.41424555883566,True
2017,5,45.4706,-89.3634,45.4708,-89.3565,EF0,0,0,0,0,0.0,0.0,146.22040679984605,True
2017,5,38.789,-85.426,38.789,-85.423,EF1,0,0,0,0,75000.0,0.0,101.11716985437936,True
2017,5,45.2551,-92.1562,45.3923,-91.5413,EF2,1,0,25,0,10100000.0,0.0,119.56749535207223,True
2017,5,31.5601,-99.2855,31.5601,-99.2841,EFU,0,0,0,0,0.0,0.0,108.81430745342809,True
2017,5,37.6839,-97.8442,37.6925,-97.8398,EF0,0,0,0,0,0.0,0.0,35.45947485746939,True
2017,5,38.4,-96.58,38.4014,-96.5765,EF0,0,0,0,0,0.0,0.0,72.90622490007773,True
2017,5,36.365,-78.559,36.3792,-78.553,EF1,0,0,0,0,100000.0,0.0,78.05352341495164,True
2017,5,34.357,-80.0505,34.3695,-80.0504,EF1,0,0,1,0,60000.0,0.0,108.26912964934569,True
2017,12,40.4014,-91.5,40.4142,-91.4888,EF1,0,0,0,0,0.0,0.0,155.10793841034837,True
2017,5,39.9516,-88.8247,39.9522,-88.8229,EF0,0,0,0,0,8000.0,0.0,48.876806568617894,True
2017,3,34.9262,-92.2479,34.9279,-92.247,EF2,0,0,6,0,350000.0,0.0,10.06930470373988,True
2017,1,31.6417,-84.0093,31.6465,-83.9934,EF1,0,0,0,0,0.0,0.0,127.08596599893174,True
2017,1,31.2767,-85.0086,31.3053,-84.9432,EF2,0,0,0,0,500000.0,0.0,47.42986151734407,True
2017,4,31.5115,-92.2521,31.6977,-92.1741,EF2,0,0,0,0,1000000.0,0.0,79.3343075353278,True
2017,5,35.5657,-96.4238,35.5607,-96.4146,EFU,0,0,0,0,0.0,0.0,81.56379456661264,True
2017,1,31.1818,-85.37,31.184,-85.3274,EF1,0,0,0,0,100000.0,0.0,32.13735887151195,True
2017,1,31.3377,-85.2515,31.3706,-85.1662,EF1,0,0,0,0,100000.0,0.0,23.997570192363355,True
2017,5,38.2613,-98.987,38.546,-98.7999,EF3,0,0,2,0,658000.0,0.0,102.45237874739155,True
2017,1,30.3016,-90.3317,30.3612,-90.2985,EF1,0,0,0,0,0.0,0.0,25.304150946321943,True
2017,1,31.033,-90.8751,31.0498,-90.8265,EF1,0,0,0,0,0.0,0.0,72.49432671747851,True
2017,5,38.35,-98.82,38.3512,-98.8187,EF0,0,0,0,0,0.0,0.0,120.04281390845927,True
2017,5,38.39,-98.85,38.3923,-98.8474,EF0,0,0,0,0,0.0,0.0,120.35793108846072,True
2017,5,38.38,-98.83,38.3872,-98.8231,EF0,0,0,0,0,0.0,0.0,121.15696256907219,True
2017,4,40.7086,-96.1268,40.7007,-96.1007,EF0,0,0,0,0,0.0,0.0,70.93268652209139,True
2017,4,39.9358,-83.9143,39.9363,-83.9123,EF0,0,0,0,0,50000.0,0.0,57.8699619130463,True
2017,11,40.7853,-82.3035,40.79,-82.265,EF1,0,0,0,0,150000.0,0.0,79.07845033354602,True
2017,12,40.3779,-91.6274,40.4014,-91.5,EF2,0,0,1,0,100000.0,4000.0,162.89390634316212,True
2017,5,36.9747,-77.776,37.0052,-77.7652,EF1,0,0,0,0,440000.0,40000.0,68.27207107093915,True
2017,5,37.4666,-98.2811,37.4707,-98.2784,EF0,0,0,0,0,0.0,0.0,76.76597495689455,True
2017,1,31.369,-84.7196,31.4099,-84.6618,EF2,0,0,0,0,100000.0,0.0,70.93595031292384,True
2017,2,36.5021,-88.5311,36.5494,-88.4877,EF0,0,0,0,0,35000.0,0.0,66.51467735045912,True
2017,2,36.5494,-88.4877,36.6,-88.43,EF0,0,0,0,0,35000.0,0.0,63.00711877016803,True
2017,2,36.7365,-87.8813,36.801,-87.7488,EF1,0,0,0,0,300000.0,0.0,53.137661513025066,True
2017,2,35.22,-91.68,35.2299,-91.671,EF2,0,0,1,0,70000.0,0.0,68.02415566994681,True
2017,5,43.3512,-91.9043,43.3541,-91.904,EF0,0,0,0,0,2000.0,0.0,77.77585329149584,True
2017,5,44.1631,-92.1789,44.1678,-92.1684,EF0,0,0,0,0,10000.0,0.0,87.61384588713325,True
2017,5,38.8,-97.67,38.8033,-97.6654,EF0,0,0,0,0,0.0,0.0,126.31135544763559,True
2017,2,36.279,-87.5748,36.2797,-87.5659,EF0,0,0,0,0,15000.0,0.0,57.10202573414268,True
2017,2,35.19,-91.73,35.2018,-91.7104,EF1,0,0,4,0,50000.0,0.0,62.39344106628566,True
2017,2,33.9429,-79.0012,33.9543,-78.9165,EF1,0,0,0,0,997000.0,0.0,53.004571079591976,True
2017,2,31.3141,-86.4634,31.3147,-86.4548,EF0,0,0,1,0,100000.0,0.0,96.68577889488802,True
2017,11,41.0285,-82.3162,41.0327,-82.3056,EF0,0,0,0,0,50000.0,0.0,57.3084333426447,True
2017,1,30.5732,-93.5343,30.5725,-93.5294,EF1,0,0,0,0,25000.0,0.0,58.429727791384686,True
2017,1,30.5618,-93.4362,30.5638,-93.4161,EF1,0,0,0,0,50000.0,0.0,52.941472071047805,True
2017,1,30.4543,-93.2502,30.461,-93.2049,EF1,0,0,0,0,150000.0,0.0,36.731240368675614,True
2017,1,32.8212,-91.7873,32.8882,-91.657,EF1,0,0,0,0,145000.0,0.0,179.37170826358476,True
2017,1,31.6671,-90.9352,31.6998,-90.8813,EF0,0,0,0,0,50000.0,0.0,112.63642460352885,True
2017,1,31.859,-89.3335,31.8597,-89.317,EF0,0,0,0,0,45000.0,0.0,77.15853231784168,True
2017,1,30.5567,-93.3157,30.556,-93.2378,EF1,0,0,0,0,20000.0,0.0,48.91659084576137,True
2017,1,31.3704,-92.5896,31.3727,-92.5808,EF1,0,0,0,0,50000.0,0.0,43.81673472784106,True
2017,1,30.6231,-92.4694,30.6234,-92.4604,EF0,0,0,0,0,75000.0,0.0,76.39973256426825,True
2017,1,31.0325,-92.3705,31.0334,-92.3468,EF1,0,0,0,0,250000.0,0.0,59.233205730130976,True
2017,1,31.8337,-90.8228,31.8654,-90.7352,EF1,0,0,0,0,40000.0,0.0,93.29893116148767,True
2017,1,31.6904,-90.5888,31.6983,-90.5707,EF1,0,0,0,0,25000.0,0.0,86.87296953863233,True
2017,1,31.6983,-90.5707,31.7354,-90.4858,EF1,0,0,0,0,400000.0,0.0,85.09145608748702,True
2017,2,41.9176,-85.4913,41.9275,-85.454,EF1,0,0,0,0,0.0,0.0,64.5321559326312,True
2017,5,44.1286,-92.2541,44.1324,-92.2539,EF0,0,0,0,0,10000.0,0.0,91.60599752954155,True
2017,1,30.9446,-92.1952,30.962,-92.1764,EF1,0,0,0,0,1000000.0,0.0,77.96702881110687,True
2017,1,31.0602,-92.1408,31.0748,-92.096,EF1,0,0,0,0,1000000.0,0.0,80.19843540505155,True
2017,4,36.3725,-95.3729,36.4476,-95.3176,EF1,0,0,0,0,75000.0,0.0,27.860570367183172,True
2017,4,36.4,-95.3887,36.426,-95.3273,EF1,0,0,0,0,40000.0,0.0,29.5505138983878,True
2017,4,36.379,-95.2087,36.4854,-95.0855,EF1,0,0,0,0,25000.0,0.0,39.11191785513649,True
2017,4,40.51,-96.76,40.5103,-96.7575,EF0,0,0,0,0,0.0,0.0,95.96456485999686,True
2017,2,39.8845,-90.6636,39.887,-90.6516,EF1,0,0,1,0,0.0,0.0,116.79470107650847,True
2017,2,37.8371,-89.6619,37.9392,-89.1503,EF3,0,0,0,0,6000000.0,0.0,116.0975485050536,True
2017,4,36.5048,-93.584,36.508,-93.5521,EF0,0,0,0,0,10000.0,0.0,82.85252150266273,True
2017,1,31.0967,-92.0663,31.0967,-92.0485,EF1,0,0,0,0,2500000.0,0.0,86.81934085682029,True
2017,1,31.0707,-94.021,31.087,-93.9824,EF1,0,0,0,0,30000.0,0.0,99.94270232349591,True
2017,1,31.8672,-89.669,31.8904,-89.6546,EF2,0,0,1,0,2000000.0,0.0,54.68265331714184,True
2017,2,41.8782,-85.9497,41.8974,-85.9039,EF1,0,0,0,0,0.0,0.0,61.392262976013065,True
2017,2,36.8842,-87.9365,36.8772,-87.9044,EF0,0,0,0,0,25000.0,0.0,60.27618210769817,True
2017,4,36.4378,-93.8236,36.4991,-93.5974,EF1,0,0,0,0,100000.0,0.0,96.34555659833931,True
2017,4,35.4394,-94.7782,35.49,-94.667,EF1,0,0,0,0,20000.0,0.0,41.22604419793562,True
2017,4,35.1017,-94.5783,35.2152,-94.5509,EF2,0,0,0,0,150000.0,0.0,28.758263593959448,True
2017,4,40.5535,-95.3809,40.5535,-95.3809,EF0,0,0,0,0,0.0,0.0,118.8590536900213,True
2017,5,38.65,-98.76,38.6536,-98.7558,EF0,0,0,0,0,0.0,0.0,144.67896455097335,True
2017,1,31.1292,-85.4856,31.1449,-85.3863,EF2,0,0,0,0,500000.0,0.0,36.92857163409025,True
2017,2,37.9392,-89.1503,37.9503,-89.0713,EF3,0,0,0,0,800000.0,0.0,102.4264316391459,True
2017,2,37.7385,-89.0626,37.786,-88.9419,EF1,0,0,0,0,6000.0,0.0,78.81815846087387,True
2017,1,30.5821,-93.758,30.6012,-93.7209,EF1,0,0,0,0,30000.0,0.0,72.70373570068915,True
2017,1,30.9883,-93.6172,30.9882,-93.607,EF1,0,0,0,0,50000.0,0.0,63.84370042404901,True
2017,3,36.906,-86.273,36.912,-86.226,EF1,0,0,0,0,250000.0,0.0,77.68056062521303,True
2017,12,38.0386,-92.4879,38.0428,-92.482,EF1,0,0,0,0,50000.0,0.0,120.13791015003694,True
2017,1,31.8904,-89.6546,32.1127,-89.5132,EF1,0,0,0,0,300000.0,0.0,53.31301372634378,True
2017,1,31.1855,-89.4799,31.2738,-89.3478,EF2,0,0,0,0,300000.0,700000.0,115.41891329184186,True
2017,11,40.7822,-81.9204,40.7823,-81.9166,EF1,0,0,0,0,75000.0,0.0,70.32966504455445,True
2017,2,38.137,-88.1148,38.1797,-87.9474,EF3,1,0,1,0,2000000.0,0.0,36.75474323003444,True
2017,1,31.119,-89.4591,31.1232,-89.349,EF1,0,0,0,0,50000.0,0.0,112.43845975977285,True
2017,4,39.3644,-101.9996,39.3752,-101.9756,EF0,0,0,0,0,0.0,0.0,25.73383864906241,True
2017,1,31.2738,-89.3478,31.384,-89.1461,EF3,4,0,56,0,9000000.0,49500.0,124.6088236257021,True
2017,2,38.1797,-87.9474,38.2041,-87.7997,EF2,0,0,0,0,500000.0,0.0,21.431500267053895,True
2017,2,38.2041,-87.7997,38.3175,-87.3355,EF3,0,0,1,0,3200000.0,0.0,9.060268339966518,True
2017,1,32.4914,-88.602,32.5471,-88.496,EF2,0,0,1,0,175000.0,200000.0,131.9212254740207,True
2017,11,42.085,-80.1396,42.0919,-80.1029,EF0,0,0,0,0,500000.0,0.0,149.787434669892,True
2017,11,41.1857,-82.6389,41.2087,-82.5908,EF1,0,0,0,0,200000.0,0.0,69.80549646446998,True
2017,2,32.4393,-89.5248,32.4176,-89.446,EF2,0,0,0,0,350000.0,0.0,46.66548616128603,True
2017,2,32.1479,-89.1177,32.1273,-89.0708,EF1,0,0,0,0,100000.0,0.0,82.8531448694214,True
2017,1,30.697,-89.7364,30.6919,-89.7129,EF0,0,0,0,0,0.0,0.0,67.17730796238394,True
2017,4,36.28,-98.94,36.26,-98.96,EFU,0,0,0,0,0.0,0.0,88.87494367364577,True
2017,2,37.6503,-94.9603,37.6515,-94.9593,EF0,0,0,0,0,50000.0,0.0,142.58143939480095,True
2017,2,37.63,-94.82,37.6322,-94.8182,EF0,0,0,0,0,10000.0,0.0,132.81725700427643,True
2017,3,36.659,-86.835,36.666,-86.808,EF1,0,0,0,0,100000.0,0.0,41.03805320881385,True
2017,11,41.3723,-82.877,41.3796,-82.853,EF1,0,0,0,0,200000.0,0.0,84.95648063327458,True
2017,2,41.831,-86.2407,41.8348,-86.2308,EF1,0,0,0,0,0.0,0.0,69.14418352799612,True
2017,2,34.006,-78.6088,34.009,-78.5534,EF1,0,0,0,0,80000.0,0.0,16.666070046121916,True
2017,2,29.6714,-98.265,29.6786,-98.2581,EF0,0,0,0,0,0.0,0.0,23.12284243599725,True
2017,11,40.7284,-82.7968,40.7324,-82.7767,EF2,0,0,0,0,750000.0,0.0,109.3738934132163,True
2017,1,30.9533,-90.4358,30.9535,-90.4344,EF1,0,0,0,0,0.0,0.0,48.30156590847854,True
2017,1,31.0656,-90.7985,31.0707,-90.7037,EF1,0,0,0,0,0.0,0.0,71.28511134957932,True
2017,1,31.0134,-90.4151,31.0252,-90.2915,EF1,0,0,0,0,0.0,0.0,54.91298320739259,True
2017,2,37.7238,-90.0055,37.8222,-89.7124,EF4,1,0,12,0,8000000.0,0.0,123.51892115755706,True
2017,11,41.0928,-82.5082,41.1101,-82.4502,EF0,0,0,0,0,125000.0,0.0,64.84089037318131,True
2017,2,41.9478,-86.176,41.9836,-86.0917,EF1,0,0,0,0,0.0,0.0,76.52646060590725,True
2017,6,42.6865,-89.0993,42.6866,-89.0838,EF0,0,0,0,0,60000.0,0.0,54.596961495950325,True
2017,5,34.3016,-98.679,34.3016,-98.679,EFU,0,0,0,0,0.0,0.0,28.150156547971587,True
2017,11,41.3442,-82.6965,41.3513,-82.6745,EF1,0,0,0,0,125000.0,0.0,70.21253577373184,True
2017,4,41.8877,-79.3391,41.8867,-79.3457,EF0,0,0,0,0,10000.0,0.0,127.90334713787631,True
2017,3,45.4287,-93.6925,45.5352,-93.5936,EF1,0,0,0,0,0.0,0.0,65.23777609947021,True
2017,8,43.34,-95.68,43.2771,-95.6255,EF2,0,0,0,0,300000.0,65000.0,89.0208807880828,True
2017,8,43.5014,-95.7401,43.4812,-95.7234,EF1,0,0,0,0,0.0,100000.0,80.27015295552313,True
2017,4,34.4638,-102.5467,34.4653,-102.5285,EFU,0,0,0,0,0.0,0.0,112.51334967930931,True
2017,4,34.4665,-102.5277,34.4828,-102.4978,EFU,0,0,0,0,0.0,0.0,111.71442275087122,True
2017,4,36.7197,-94.4324,36.7592,-94.3784,EF2,0,0,0,0,1000000.0,0.0,108.13151139136433,True
2017,4,36.5419,-93.9877,36.5656,-93.9644,EF1,0,0,0,0,15000.0,0.0,93.13153109213025,True
2017,3,38.681,-86.28,38.673,-86.186,EF1,0,0,0,0,150000.0,0.0,83.77175416656446,True
2017,5,35.195,-98.971,35.222,-98.869,EF1,0,0,0,0,5000.0,0.0,92.60568960330474,True
2017,4,26.5,-82.089,26.501,-82.063,EF0,0,0,0,0,5000.0,0.0,137.55291382360593,True
2017,6,40.5851,-94.7771,40.6043,-94.6462,EF2,0,0,0,0,75000.0,10000.0,155.00684338064067,True
2017,4,34.5272,-102.4793,34.5295,-102.473,EF0,0,0,0,0,9000.0,0.0,105.35046389689849,True
2017,4,34.5997,-102.2968,34.6021,-102.2886,EFU,0,0,0,0,0.0,0.0,88.50863671216048,True
2017,4,36.7592,-94.3784,36.9123,-94.2654,EF0,0,0,0,0,100000.0,0.0,101.7234698748413,True
2017,4,44.0222,-121.2976,44.0229,-121.2966,EF0,0,0,0,0,0.0,0.0,229.54566040220374,True
2017,4,39.1734,-97.8654,39.1882,-97.84,EF0,0,0,0,0,0.0,0.0,136.77779504867144,True
2017,6,29.7373,-81.312,29.7529,-81.2799,EF1,0,0,0,0,0.0,0.0,91.17034876947174,True
2017,3,38.553,-85.211,38.553,-85.191,EF1,0,0,0,0,100000.0,0.0,90.66875191796251,True
2017,4,34.536,-102.4118,34.536,-102.4118,EFU,0,0,0,0,0.0,0.0,100.59094866584803,True
2017,4,36.4989,-93.597,36.5048,-93.584,EF1,0,0,0,0,75000.0,0.0,83.72995690953174,True
2017,3,37.184,-86.88,37.192,-86.87,EF1,0,0,0,0,50000.0,0.0,61.392657945070226,True
2017,4,30.3652,-98.057,30.3805,-98.0099,EF0,0,0,0,0,100000.0,0.0,73.56734051723443,True
2017,1,30.9541,-81.8902,30.9697,-81.8692,EF1,0,0,0,0,0.0,0.0,55.21879562148731,True
2017,1,30.722,-97.582,30.739,-97.579,EF0,0,0,0,0,0.0,0.0,19.044345796913085,True
2017,1,31.1158,-90.2267,31.1206,-90.2134,EF1,0,0,0,0,0.0,0.0,68.50334120044684,True
2017,11,41.1777,-82.9741,41.1797,-82.9627,EF2,0,0,0,0,150000.0,0.0,96.68315833192385,True
2017,5,36.9807,-76.8803,36.9937,-76.8736,EF0,0,0,0,0,2000.0,0.0,11.304057870434795,True
2017,6,44.0561,-92.3083,44.0561,-92.3083,EF0,0,0,0,0,0.0,0.0,93.13832723333822,True
2017,6,43.9989,-92.1358,44.0023,-92.1427,EF0,0,0,0,0,5000.0,0.0,78.16975699807938,True
2017,4,34.1096,-104.734,34.1138,-104.7277,EF0,0,0,0,0,0.0,0.0,172.23126151033497,True
2017,5,36.8435,-78.1685,36.8556,-78.1583,EF0,0,0,0,0,20000.0,0.0,104.3915437624234,True
2017,4,37.647,-76.435,37.691,-76.396,EF1,0,0,0,0,150000.0,0.0,89.44337416864298,True
2017,4,36.619,-76.214,36.678,-76.184,EF0,0,0,0,0,100000.0,0.0,81.47063732162123,True
2017,4,38.029,-102.2885,38.0363,-102.3012,EFU,0,0,0,0,0.0,0.0,157.28538292452927,True
2017,4,35.4125,-86.5069,35.4893,-86.4257,EF1,0,0,0,0,50000.0,0.0,65.9712217946967,True
2017,11,41.1653,-82.9399,41.1686,-82.9326,EF1,0,0,0,0,200000.0,0.0,94.33750005689556,True
2017,1,31.1104,-85.5078,31.1292,-85.4856,EF1,0,0,0,0,50000.0,0.0,39.20583243675077,True
2017,1,31.2567,-84.9037,31.328,-84.7396,EF2,0,0,0,0,500000.0,0.0,57.425869300767,True
2017,4,35.5627,-85.7538,35.5948,-85.7081,EF1,0,0,1,0,50000.0,0.0,76.40636500689322,True
2017,4,35.6709,-94.4602,35.7202,-94.3833,EF1,0,0,0,0,50000.0,0.0,43.23505293646036,True
2017,11,41.5189,-80.6467,41.538,-80.5197,EF2,0,0,0,0,1500000.0,0.0,101.77875790164339,True
2017,11,41.2116,-82.4412,41.2203,-82.408,EF1,0,0,0,0,250000.0,0.0,53.461354262866735,True
2017,1,31.1844,-84.5714,31.2114,-84.5385,EF1,0,0,0,0,0.0,0.0,89.76321291350939,True
2017,1,31.2114,-84.5385,31.2745,-84.4412,EF1,0,0,0,0,50000.0,0.0,91.74332667251885,True
2017,1,31.4846,-84.5174,31.4928,-84.5117,EF0,0,0,0,0,250000.0,0.0,89.37435531834952,True
2017,4,34.5017,-102.4101,34.5093,-102.3681,EF0,0,0,0,0,30000.0,0.0,103.47173415309337,True
2017,4,30.2676,-91.8532,30.2756,-91.8436,EF1,2,0,0,0,15000.0,0.0,131.9138959818961,True
2017,4,30.9925,-92.5992,31.0748,-92.5221,EF1,0,0,0,0,5000.0,0.0,40.17732790367641,True
2017,4,31.4595,-92.7846,31.4605,-92.7833,EF0,0,0,0,0,0.0,0.0,38.398576844410705,True
2017,4,34.572,-102.359,34.5305,-102.3957,EF3,0,0,0,0,1000000.0,0.0,94.43640398498671,True
2017,4,31.1255,-92.5368,31.2138,-92.5341,EF2,0,0,0,0,250000.0,0.0,41.914278567569994,True
2017,4,31.2499,-92.4821,31.3281,-92.4778,EF1,0,0,0,0,750000.0,0.0,48.12287803446586,True
2017,4,30.1641,-92.0189,30.1649,-92.0185,EF1,0,0,0,0,5000.0,0.0,115.17820229375947,True
2017,3,38.627,-85.784,38.621,-85.745,EF1,0,0,10,0,250000.0,0.0,73.79974205192225,True
2017,5,37.4742,-77.7899,37.4776,-77.7844,EF0,0,0,0,0,100000.0,0.0,88.15244775146108,True
2017,5,36.5767,-78.4405,36.7415,-78.2703,EF1,0,0,0,0,200000.0,0.0,101.44386609080333,True
2017,4,34.0793,-99.14,34.0793,-99.14,EF0,0,0,0,0,0.0,0.0,34.857158157075794,True
2017,4,39.7459,-90.0,39.7557,-89.9985,EF0,0,0,0,0,0.0,0.0,72.250459447774,True
2017,4,44.979,-89.741,44.979,-89.732,EF1,0,0,0,0,0.0,0.0,139.37503807750022,True
2017,4,38.26,-99.55,38.2617,-99.5467,EF0,0,0,0,0,0.0,0.0,66.53989282835836,True
2017,4,38.45,-99.26,38.4543,-99.2499,EF0,0,0,0,0,0.0,0.0,98.58703198781896,True
2017,4,30.9444,-92.2257,30.9524,-92.2205,EF1,0,0,0,0,110000.0,0.0,75.20784930671144,True
2017,4,38.397,-85.596,38.402,-85.573,EF1,0,0,0,0,200000.0,0.0,55.88829561605326,True
2017,1,32.444,-83.313,32.469,-83.245,EF1,0,0,0,0,30000.0,0.0,25.932052761683988,True
2017,6,42.43,-86.09,42.43,-86.09,EF0,0,0,0,0,0.0,0.0,68.1717790922495,True
2017,4,38.373,-85.144,38.394,-85.127,EF1,0,0,0,0,100000.0,0.0,82.73304404652609,True
2017,9,27.565,-81.8147,27.5651,-81.8151,EF1,0,0,0,0,40000.0,0.0,59.914579817115836,True
2017,5,36.1311,-76.7302,36.23,-76.6551,EF0,0,0,0,0,200000.0,0.0,98.00595613614507,True
2017,5,36.3144,-76.1431,36.3688,-76.1206,EF0,0,0,0,0,15000.0,0.0,107.18326692458339,True
2017,4,30.8242,-95.4322,30.83,-95.4377,EF0,0,0,0,0,15000.0,0.0,154.15422244056538,True
2017,4,39.8709,-83.9524,39.8714,-83.951,EF0,0,0,0,0,30000.0,0.0,51.34290106178385,True
2017,4,36.37,-98.94,36.365,-98.946,EFU,0,0,0,0,0.0,0.0,83.469682031167,True
2017,4,36.319,-98.29,36.319,-98.29,EFU,0,0,0,0,0.0,0.0,49.10141813201943,True
2017,4,34.3212,-101.9657,34.3185,-101.95,EFU,0,0,0,0,0.0,0.0,75.4791647209228,True
2017,4,34.93,-96.694,34.932,-96.683,EF0,0,0,0,0,4000.0,0.0,69.47385300956716,True
2017,4,35.0763,-96.3949,35.0887,-96.3797,EF0,0,0,0,0,5000.0,0.0,85.14196622561688,True
2017,6,39.95,-103.34,39.95,-103.34,EF0,0,0,0,0,0.0,0.0,104.49836031975195,True
2017,6,39.72,-104.44,39.72,-104.44,EF0,0,0,0,0,0.0,0.0,11.691699195536833,True
2017,6,42.703,-89.621,42.7005,-89.6103,EF1,0,0,0,0,145000.0,0.0,92.11556345861904,True
2017,6,36.89,-102.24,36.89,-102.24,EF0,0,0,0,0,0.0,0.0,190.28930562864969,True
2017,6,36.76,-102.38,36.76,-102.38,EF0,0,0,0,0,0.0,0.0,180.16150093198152,True
2017,6,26.0319,-80.3133,26.032,-80.3123,EF0,0,0,0,0,0.0,0.0,47.90399933539004,True
2017,6,39.2638,-80.4799,39.2791,-80.4001,EF1,0,0,0,0,300000.0,0.0,142.73955870185054,True
2017,1,26.8596,-80.1432,26.8931,-80.057,EF1,0,0,0,0,1000000.0,0.0,141.47172517816483,True
2017,6,31.2252,-86.3078,31.2893,-86.3408,EF1,0,0,0,0,50000.0,0.0,82.13494986582035,True
2017,8,35.8595,-104.6608,35.857,-104.6557,EF0,0,0,0,0,0.0,0.0,211.1040197907238,True
2017,9,34.9611,-107.1871,34.9628,-107.1438,EF0,0,0,0,0,0.0,0.0,39.153059556334775,True
2017,6,41.3348,-93.3588,41.3364,-93.3284,EF1,0,0,0,0,10000.0,1000.0,53.479899298474,True
2017,6,31.6501,-87.6558,31.6516,-87.6573,EF0,0,0,0,0,25000.0,0.0,121.39196808640223,True
2017,6,30.4122,-86.592,30.441,-86.6178,EF0,0,0,0,0,40000.0,0.0,66.44188163468374,True
2017,6,44.86,-98.75,44.8608,-98.7482,EF0,0,0,0,0,0.0,0.0,71.32666926299562,True
2017,6,45.391,-98.0978,45.3923,-98.0967,EF0,0,0,0,0,0.0,0.0,25.637537187987814,True
2017,6,48.81,-98.21,48.645,-97.9266,EF2,0,0,0,0,1500000.0,2000000.0,156.92718851765446,True
2017,6,48.81,-98.37,48.8028,-98.3438,EF1,0,0,0,0,100000.0,5000.0,162.24697356224505,True
2017,6,48.26,-99.74,48.1811,-99.5601,EF2,0,0,0,0,200000.0,10000.0,182.45227844924435,True
2017,6,30.4655,-87.6758,30.467,-87.6759,EF0,0,0,0,0,0.0,0.0,58.996871931509844,True
2017,6,41.3364,-93.3284,41.4515,-93.0556,EF1,0,0,0,0,75000.0,5000.0,54.810424045189166,True
2017,6,41.184,-93.6865,41.1851,-93.6769,EF0,0,0,0,0,0.0,0.0,60.91011433365724,True
2017,6,45.8851,-96.9201,45.886,-96.9177,EF0,0,0,0,0,0.0,0.0,125.43803868294077,True
2017,6,41.8641,-76.6335,41.8683,-76.6139,EF0,0,0,0,0,50000.0,0.0,65.29715841031026,True
2017,6,44.31,-88.44,44.33,-88.39,EF0,0,0,0,0,2500.0,0.0,33.50445988404322,True
2017,6,44.29,-88.0,44.3,-87.98,EF0,0,0,0,0,0.0,0.0,24.820230859841697,True
2017,6,43.0994,-75.6188,43.0972,-75.5898,EF0,0,0,0,0,20000.0,0.0,73.15769284712688,True
2017,6,37.5285,-85.7443,37.5723,-85.669,EF1,0,0,0,0,100000.0,0.0,52.686273088338986,True
2017,6,43.998,-92.3098,44.004,-92.305,EF0,0,0,0,0,3000.0,0.0,91.70938418256193,True
2017,6,48.68,-97.82,48.68,-97.7842,EF1,0,0,0,0,200000.0,100000.0,133.25957213895546,True
2017,6,44.244,-88.405,44.3011,-88.2889,EF1,0,0,0,0,250000.0,0.0,36.70566877402834,True
2017,6,44.236,-88.423,44.244,-88.405,EF0,0,0,0,0,5000.0,0.0,38.307228316196344,True
2017,6,44.869,-88.749,44.869,-88.749,EF0,0,0,0,0,0.0,0.0,65.11136888235379,True
2017,6,37.6177,-85.4359,37.6172,-85.3983,EF1,0,0,0,0,150000.0,0.0,59.77469855775093,True
2017,6,45.4433,-95.8244,45.4651,-95.8171,EF0,0,0,0,0,0.0,0.0,189.07510958376483,True
2017,6,45.5672,-95.7975,45.6079,-95.7785,EF1,0,0,0,0,0.0,0.0,192.22493332332064,True
2017,6,44.647,-88.287,44.73,-88.27,EF1,0,0,0,0,75000.0,0.0,21.595208805921228,True
2017,6,44.646,-88.363,44.6765,-88.318,EF0,0,0,0,0,25000.0,0.0,25.820508897248647,True
2017,6,44.571,-88.509,44.5896,-88.4736,EF0,0,0,0,0,0.0,0.0,32.54921918740403,True
2017,6,29.6393,-84.9077,29.6449,-84.9087,EF0,0,0,0,0,10000.0,0.0,101.06002773591146,True
2017,3,43.5701,-93.8204,43.6635,-93.6861,EF1,0,0,0,0,0.0,0.0,143.6374659277808,True
2017,6,44.5908,-88.4033,44.6632,-88.3848,EF1,0,0,0,0,0.0,0.0,25.323634158561866,True
2017,6,44.5896,-88.4736,44.6051,-88.4438,EF1,0,0,0,0,0.0,0.0,30.457231785769903,True
2017,6,44.5479,-88.6628,44.58,-88.5955,EF0,0,0,0,0,0.0,0.0,44.079611670520165,True
2017,6,41.304,-79.52,41.305,-79.509,EF0,0,0,0,0,15000.0,0.0,103.99209050251274,True
2017,6,40.104,-80.171,40.101,-80.115,EF1,0,0,0,0,60000.0,0.0,47.719856320639856,True
2017,6,44.8,-98.84,44.8013,-98.8384,EF0,0,0,0,0,0.0,0.0,80.24892327898799,True
2017,6,44.196,-89.207,44.2167,-89.1588,EF1,0,0,0,0,100000.0,0.0,93.41318146890195,True
2017,6,39.66,-79.853,39.661,-79.848,EF0,0,0,0,0,65000.0,0.0,101.77348254393902,True
2017,6,39.495,-79.93,39.496,-79.928,EF1,0,0,0,0,20000.0,0.0,117.85057358496215,True
2017,6,42.0848,-102.657,42.0848,-102.657,EF1,0,0,0,0,21000.0,0.0,172.45962475795355,True
2017,6,42.08,-102.67,42.08,-102.67,EF1,0,0,0,0,21000.0,0.0,173.49379438462552,True
2017,7,43.9932,-92.3203,43.992,-92.3049,EF1,0,0,0,0,40000.0,0.0,92.42412277291126,True
2017,8,44.7246,-93.4707,44.7375,-93.4847,EF0,0,0,0,0,0.0,0.0,15.715266524445463,True
2017,6,42.93,-106.39,42.931,-106.39,EF0,0,0,0,0,0.0,0.0,170.4184725682161,True
2017,6,44.17,-108.42,44.21,-108.45,EF0,0,0,0,0,0.0,0.0,122.8346764143373,True
2017,6,42.13,-102.62,42.13,-102.62,EF1,0,0,0,0,21000.0,0.0,169.84643365236226,True
2017,6,43.2533,-101.9452,43.2533,-101.9452,EF0,0,0,0,0,0.0,0.0,120.20655245235491,True
2017,6,28.2772,-81.4182,28.2772,-81.4182,EF0,0,0,0,0,0.0,0.0,77.04243159818944,True
2017,6,37.4167,-102.3206,37.3536,-102.3261,EF0,0,0,0,0,2000.0,0.0,210.711875942223,True
2017,6,41.304,-79.52,41.305,-79.509,EF0,0,0,0,0,20000.0,0.0,103.99209050251274,True
2017,6,43.6916,-106.685,43.714,-106.679,EF2,0,0,0,0,10000.0,0.0,160.68018576899811,True
2017,6,44.42,-108.91,44.43,-108.91,EF0,0,0,0,0,0.0,0.0,154.50706946744705,True
2017,6,42.666,-89.621,42.687,-89.589,EF1,0,0,0,0,325000.0,0.0,93.53611297486074,True
2017,8,44.5654,-94.2676,44.5812,-94.3476,EF0,0,0,0,0,0.0,0.0,63.8122258764316,True
2017,7,40.6413,-86.3959,40.6417,-86.3736,EF1,0,0,0,0,0.0,5000.0,98.85373047048893,True
2017,3,38.404,-87.071,38.421,-86.968,EF2,0,0,0,0,350000.0,0.0,59.201783078984406,True
2017,6,44.8244,-92.4892,44.8201,-92.2577,EF1,0,0,0,0,0.0,0.0,84.91143780190535,True
2017,8,44.8802,-94.0465,44.8804,-94.0475,EF0,0,0,0,0,0.0,0.0,38.06675333852612,True
2017,8,44.2279,-94.1762,44.2782,-94.2106,EF0,0,0,0,0,0.0,0.0,84.32340927704624,True
2017,8,44.694,-94.5097,44.7002,-94.5186,EF0,0,0,0,0,0.0,0.0,76.49659779523019,True
2017,4,39.0711,-90.1723,39.0841,-90.1458,EF1,0,0,0,0,0.0,0.0,60.54108602585804,True
2017,5,29.9934,-90.3836,29.9858,-90.2802,EF0,0,0,0,0,0.0,0.0,58.55540697698679,True
2017,5,29.9858,-90.2802,29.9834,-90.2713,EF0,0,0,0,0,0.0,0.0,60.60023383807878,True
2017,6,45.1365,-94.9011,45.1372,-94.8676,EF1,0,0,0,0,200000.0,0.0,109.78561392213334,True
2017,7,43.3208,-92.4509,43.324,-92.4373,EF0,0,0,0,0,12000.0,5000.0,115.82601804763627,True
2017,4,38.8507,-90.531,38.9,-90.4976,EF0,0,0,0,0,0.0,0.0,21.403036276574,True
2017,7,43.6942,-92.2193,43.6975,-92.179,EF1,0,0,0,0,20000.0,10000.0,83.80443818302595,True
2017,4,34.554,-82.07,34.555,-82.057,EF0,0,0,0,0,20000.0,0.0,39.093408512376925,True
2017,3,38.468,-85.952,38.467,-85.946,EF1,0,0,0,0,200000.0,0.0,54.79366777244587,True
2017,7,43.0096,-91.2827,43.0264,-91.1706,EF1,0,1,2,0,840000.0,0.0,90.72254132389979,True
2017,4,34.582,-81.606,34.586,-81.594,EF1,1,0,0,0,50000.0,0.0,65.33653442075405,True
2017,4,39.0841,-90.1458,39.09,-90.1357,EF0,0,0,0,0,0.0,0.0,63.202222615990564,True
2017,3,38.6884,-86.33,38.688,-86.3282,EF1,0,0,1,0,75000.0,0.0,86.15203835485838,True
2017,5,38.9166,-91.6829,38.918,-91.6536,EF1,0,0,0,0,0.0,0.0,89.97775053119189,True
2017,8,28.3162,-80.7468,28.3172,-80.741,EF0,0,0,0,0,8000.0,0.0,24.33457142868928,True
2017,8,27.715,-80.6857,27.7158,-80.6829,EF0,0,0,0,0,0.0,0.0,44.36758714394467,True
2017,6,41.0626,-94.8906,41.0828,-94.823,EF1,0,0,0,0,10000.0,5000.0,122.52655472364688,True
2017,9,45.4125,-95.3726,45.4631,-95.2522,EF1,0,0,0,0,500000.0,0.0,154.9910314168489,True
2017,9,45.5505,-95.0572,45.5973,-94.9019,EF1,0,0,0,0,0.0,0.0,140.51902295160886,True
2017,8,39.8548,-78.15,39.8652,-78.1313,EF1,0,0,0,0,5000.0,0.0,113.0726840775142,True
2017,9,45.3549,-95.2553,45.3728,-95.2253,EF1,0,0,0,0,100000.0,0.0,144.06365185177873,True
2017,8,40.43,-101.75,40.43,-101.75,EF0,0,0,0,0,0.0,0.0,118.28297315112026,True
2017,8,27.4769,-82.554,27.4747,-82.5494,EF0,0,0,0,0,20000.0,0.0,29.4855265756255,True
2017,8,35.5402,-87.7327,35.5427,-87.7359,EF0,0,0,0,0,10000.0,0.0,131.49780448788115,True
2017,8,41.8294,-99.5806,41.8242,-99.5849,EF2,0,0,0,0,100000.0,0.0,83.63829962049877,True
2017,10,42.8768,-78.8939,42.8783,-78.8863,EF0,0,0,0,0,3500.0,0.0,15.07098181897292,True
2017,6,41.0779,-94.6763,41.0813,-94.6393,EF0,0,0,0,0,1000.0,2000.0,107.69717333429206,True
2017,8,39.78,-103.15,39.78,-103.15,EF0,0,0,0,0,0.0,0.0,119.27211597420764,True
2017,8,39.7,-103.15,39.7,-103.15,EF0,0,0,0,0,0.0,0.0,119.72724910529,True
2017,8,43.17,-74.11,43.171,-74.109,EFU,0,0,0,0,0.0,0.0,142.4705873660747,True
2017,8,35.5178,-87.2251,35.5591,-87.2585,EF0,0,0,0,0,10000.0,0.0,100.70680119783731,True
2017,9,44.936,-95.7351,44.9425,-95.6928,EF0,0,0,0,0,0.0,0.0,169.51843225919274,True
2017,12,30.4354,-93.4762,30.4584,-93.4019,EF1,0,0,0,0,250000.0,0.0,42.58905752144609,True
2017,9,45.3909,-95.4114,45.4125,-95.3726,EF1,0,0,0,0,800000.0,0.0,156.86636633783945,True
2017,9,44.0202,-97.3186,44.0151,-97.3111,EF0,0,0,0,0,0.0,0.0,67.46645489193268,True
2017,9,44.8338,-97.7961,44.8349,-97.7955,EF0,0,0,0,0,0.0,0.0,84.41039170201742,True
2017,8,39.75,-103.22,39.75,-103.22,EF0,0,0,0,0,0.0,0.0,113.38638088749113,True
2017,8,39.68,-103.13,39.68,-103.13,EF0,0,0,0,0,0.0,0.0,121.64580684242853,True
2017,8,33.41,-112.07,33.411,-112.0682,EF0,0,0,0,0,0.0,0.0,39.509792397781865,True
2017,8,36.2073,-86.854,36.2129,-86.8626,EF1,0,0,0,0,25000.0,0.0,26.52125289884725,True
2017,8,36.1597,-86.7079,36.1716,-86.7161,EF0,0,0,0,0,15000.0,0.0,16.276039030615518,True
2017,9,45.882,-94.7425,45.9548,-94.6489,EF1,0,0,0,0,0.0,0.0,147.14138992227439,True
2017,9,45.0904,-97.6304,45.0917,-97.6292,EF0,0,0,0,0,0.0,0.0,73.49667151740952,True
2017,8,36.1097,-95.9367,36.0907,-95.8167,EF2,0,0,30,0,50000000.0,0.0,34.2338984821984,True
2017,8,36.0919,-95.7936,36.0835,-95.7617,EF1,0,0,0,0,200000.0,0.0,22.584153710265873,True
2017,8,36.0835,-95.7617,36.0786,-95.7452,EF1,0,0,0,0,20000.0,0.0,20.453404500780263,True
2017,4,35.8509,-90.0657,35.8936,-89.9808,EF1,0,0,0,0,300000.0,0.0,58.91076837159251,True
2017,6,41.2794,-94.342,41.3097,-94.2415,EF1,0,0,0,0,20000.0,5000.0,71.9789286216353,True
2017,8,47.4506,-94.2105,47.4502,-94.2112,EF0,0,0,0,0,0.0,0.0,165.98749044086478,True
2017,9,45.4528,-95.009,45.4594,-94.9871,EF0,0,0,0,0,0.0,0.0,131.6138832713272,True
2017,6,41.3097,-94.2415,41.3307,-94.2158,EF1,0,0,0,0,0.0,1000.0,63.71870676122057,True
2017,8,47.4341,-94.2526,47.4334,-94.2534,EF0,0,0,0,0,0.0,0.0,168.18412672122528,True
2017,8,47.3999,-94.2862,47.3994,-94.2842,EF0,0,0,0,0,0.0,0.0,169.1246310186425,True
2017,8,36.4443,-95.6908,36.5075,-95.6958,EF1,0,0,0,0,15000.0,0.0,32.02471592422859,True
2017,8,36.4496,-95.4409,36.4548,-95.4356,EF1,0,0,0,0,5000.0,0.0,32.470226589584655,True
2017,8,36.4548,-95.4356,36.4607,-95.4333,EF0,0,0,0,0,0.0,0.0,33.17627524306705,True
2017,8,44.244,-94.1705,44.2711,-94.1806,EF0,0,0,0,0,0.0,0.0,82.59693602779912,True
2017,8,44.4065,-94.1975,44.4566,-94.2208,EF1,0,0,0,0,0.0,0.0,70.14890417279697,True
2017,8,41.93,-99.66,41.93,-99.66,EF0,0,0,0,0,0.0,0.0,75.83996264160172,True
2017,8,41.87,-99.6,41.83,-99.58,EF1,0,0,0,0,50000.0,0.0,81.3662980328487,True
2017,8,31.5687,-89.7513,31.5842,-89.7529,EF0,0,0,0,0,15000.0,0.0,82.09526973086841,True
2017,8,31.3462,-89.2692,31.3644,-89.2713,EF1,0,0,0,0,200000.0,0.0,122.97123110198818,True
2017,8,30.3431,-88.5479,30.3467,-88.5481,EF0,0,0,0,0,0.0,0.0,47.6477240248266,True
2017,8,41.87,-99.59,41.86,-99.59,EF1,0,0,0,0,10000.0,0.0,82.18780291486013,True
2017,8,41.84,-99.59,41.84,-99.59,EF0,0,0,0,0,0.0,0.0,82.66999634957679,True
2017,8,31.1606,-89.5365,31.1853,-89.5392,EF1,0,0,0,0,150000.0,0.0,109.5145827268834,True
2017,8,43.391,-83.146,43.4175,-83.097,EF0,0,0,0,0,0.0,0.0,81.26626000323299,True
2017,9,47.5053,-98.0044,47.4867,-97.9815,EF0,0,0,0,0,1000.0,2000.0,51.085072000843226,True
2017,9,46.66,-98.17,46.6698,-98.1149,EF1,0,0,0,0,30000.0,3000.0,115.79374931447947,True
2017,8,42.8041,-75.7403,42.8049,-75.7376,EF1,0,0,0,0,10000.0,0.0,70.13062853293303,True
2017,8,38.15,-88.9368,38.15,-88.9276,EF0,0,0,0,0,0.0,0.0,106.63170037583197,True
2017,8,35.32,-101.71,35.319,-101.709,EF0,0,0,0,0,0.0,0.0,9.637492118493943,True
2017,8,42.2741,-89.7316,42.3122,-89.7134,EF1,0,0,0,0,0.0,0.0,101.77899260591876,True
2017,8,42.3414,-90.3187,42.3474,-90.3118,EF1,0,0,0,0,0.0,0.0,83.98669367297795,True
2017,8,42.3222,-89.7119,42.3666,-89.6911,EF0,0,0,0,0,0.0,0.0,106.78533367888095,True
2017,9,47.4998,-96.529,47.5462,-96.5283,EF1,0,0,0,0,50000.0,3000.0,59.86287139518421,True
2017,9,47.48,-96.53,47.4998,-96.529,EF1,0,0,0,0,2000.0,2000.0,59.955095897839165,True
2017,8,44.4566,-94.2208,44.4702,-94.2462,EF1,0,0,0,0,0.0,0.0,67.74476791543574,True
2017,8,44.5436,-93.59,44.5523,-93.5994,EF0,0,0,0,0,0.0,0.0,34.00069000453342,True
2017,8,42.8571,-75.4318,42.8605,-75.4246,EF0,0,0,0,0,50000.0,0.0,86.00285124976297,True
2017,8,40.6462,-77.2744,40.6,-77.1882,EF1,0,0,0,0,500000.0,1000.0,68.70108094817576,True
2017,8,39.758,-80.2871,39.753,-80.269,EF1,0,0,0,0,50000.0,0.0,86.22767525242834,True
2017,8,44.3939,-94.1851,44.412,-94.1809,EF0,0,0,0,0,0.0,0.0,70.45566627780158,True
2017,8,44.8517,-94.309,44.8508,-94.3246,EF0,0,0,0,0,0.0,0.0,58.610548688695445,True
2017,8,33.3793,-88.0344,33.525,-87.9542,EF2,0,0,6,0,0.0,0.0,63.69772719946725,True
2017,8,33.525,-87.9542,33.5419,-87.9462,EF0,0,0,0,0,0.0,0.0,53.97473136809575,True
2017,8,33.5419,-87.9462,33.7901,-87.8125,EF1,0,0,0,0,0.0,0.0,53.03782387645233,True
2017,8,30.7239,-89.3618,30.7703,-89.3532,EF1,0,0,0,0,0.0,0.0,102.59818530701718,True
2017,6,41.3985,-94.519,41.462,-94.2435,EF0,0,0,0,0,5000.0,5000.0,75.86203431930399,True
2017,8,44.5377,-94.2398,44.5573,-94.2447,EF0,0,0,0,0,0.0,0.0,63.54573361987903,True
2017,9,44.9213,-95.7191,44.9213,-95.7169,EF1,0,0,0,0,0.0,0.0,168.6830220343335,True
2017,8,32.9173,-87.3345,32.9907,-87.2645,EF1,0,0,0,0,0.0,0.0,59.77397762038413,True
2017,8,33.1008,-87.1718,33.1068,-87.1654,EF1,0,0,0,0,0.0,0.0,38.26482471388361,True
2017,8,33.196,-87.1277,33.1997,-87.1251,EF0,0,0,0,0,0.0,0.0,33.42120415182509,True
2017,8,30.3638,-88.769,30.3956,-88.7562,EF0,0,0,0,0,0.0,0.0,61.6615696813006,True
2017,8,41.33,-103.31,41.32,-103.18,EF0,0,0,0,0,0.0,0.0,126.64792040527729,True
2017,9,28.0531,-97.8921,28.0545,-97.8925,EF0,0,0,0,0,0.0,0.0,47.95295422601801,True
2017,4,33.5438,-91.7672,33.5594,-91.7612,EF0,0,0,0,0,50000.0,0.0,150.75922308820202,True
2017,9,38.9517,-104.6513,38.95,-104.6466,EF0,0,0,0,0,0.0,0.0,93.28185324679164,True
2017,11,38.9509,-86.6385,38.955,-86.5853,EF1,0,0,0,0,125000.0,0.0,89.59356782074222,True
2017,11,40.3491,-85.3483,40.3788,-85.2594,EF2,0,0,0,0,90000.0,0.0,106.7075310048171,True
2017,11,40.1991,-85.3858,40.199,-85.3841,EF1,0,0,0,0,20000.0,0.0,93.81411874205756,True
2017,4,32.1822,-86.0712,32.2325,-85.9988,EF1,0,0,0,0,0.0,0.0,47.45678377987909,True
2017,5,39.8497,-84.039,39.8638,-84.0497,EF0,0,0,0,0,100000.0,0.0,51.24932405654657,True
2017,5,39.5411,-83.9813,39.5436,-83.9832,EF0,0,0,0,0,0.0,0.0,19.18946825585837,True
2017,8,44.5359,-93.5852,44.5436,-93.59,EF0,0,0,0,0,0.0,0.0,34.83653982800937,True
2017,11,38.0184,-89.2386,38.02,-89.2263,EF0,0,0,0,0,250000.0,0.0,113.37151822368297,True
2017,11,37.2351,-88.7367,37.2349,-88.7351,EF0,0,0,0,0,5000.0,0.0,18.805145816313047,True
2017,11,37.4209,-85.3475,37.4201,-85.3203,EF1,0,0,0,0,75000.0,0.0,80.95060862686336,True
2017,4,31.5478,-96.9019,31.5434,-96.8908,EF0,0,0,0,0,40000.0,0.0,102.63222566784667,True
2017,11,37.9096,-87.113,37.917,-87.0704,EF1,0,0,0,0,70000.0,0.0,66.21655947687738,True
2017,4,32.3859,-96.0528,32.3822,-96.0384,EF0,0,0,0,0,5000.0,2000.0,119.10963859192898,True
2017,4,32.3569,-95.9188,32.4061,-95.9025,EF0,0,0,5,0,300000.0,40000.0,132.07289363538888,True
2017,12,33.1695,-85.4267,33.1597,-85.3732,EF0,0,0,0,0,0.0,0.0,78.11597217791821,True
2017,4,32.9906,-95.836,33.1146,-95.8302,EF0,0,0,0,0,10000.0,10000.0,144.80985211577098,True
2017,11,39.9279,-83.5368,39.9262,-83.4978,EF1,0,0,0,0,25000.0,5000.0,61.485795687843705,True
2017,12,31.7435,-95.1926,31.7687,-95.1494,EF2,0,0,0,0,120000.0,0.0,149.63195113816627,True
2017,12,30.2755,-93.9484,30.2945,-93.885,EF1,0,0,0,0,30000.0,0.0,72.35097212901363,True
2017,12,30.3501,-93.7148,30.3598,-93.6649,EF1,0,0,0,0,15000.0,0.0,54.05590957630593,True
2017,1,31.49,-97.67,31.6,-97.62,EF2,0,0,0,0,300000.0,0.0,89.7051750878443,True
2017,9,28.1529,-81.8798,28.1568,-81.8885,EF2,0,0,0,0,20000.0,0.0,71.47605484727332,True
2017,11,37.3433,-87.2339,37.3403,-87.1827,EF1,0,0,0,0,100000.0,0.0,67.6075325208619,True
2017,11,36.889,-87.196,36.8936,-87.1842,EF0,0,0,0,0,125000.0,0.0,18.70037454149324,True
2017,11,40.3789,-85.2575,40.3977,-85.2066,EF2,0,0,1,0,0.0,0.0,114.68927081917714,True
2017,11,40.5092,-84.8028,40.5687,-84.6711,EF2,0,0,0,0,11000000.0,30000.0,120.83298753739439,True
2017,5,39.8311,-84.0207,39.8497,-84.039,EF0,0,0,0,0,2000.0,0.0,48.75916184053176,True
2017,11,26.42,-81.53,26.42,-81.53,EF0,0,0,0,0,0.0,0.0,143.38298304697764,True
2017,9,45.255,-95.423,45.3549,-95.2553,EF1,0,0,0,0,1500000.0,0.0,152.73898192285202,True
2017,12,39.3099,-92.493,39.3593,-92.3171,EF1,0,0,2,0,200000.0,0.0,162.72501997672296,True
2017,2,41.3425,-75.6538,41.3991,-75.6235,EF2,0,0,0,0,50000.0,0.0,99.18706250346689,True
2017,4,32.7717,-95.767,32.954,-95.6987,EF2,0,0,0,0,70000.0,20000.0,145.4731948573083,True
2017,4,32.3991,-95.8756,32.7717,-95.767,EF3,2,0,24,0,600000.0,20000.0,135.2802271652577,True
2017,4,42.1417,-91.2288,42.1469,-91.1678,EF1,0,0,0,0,10000.0,10000.0,79.69741964812196,True
2017,4,32.251,-95.9803,32.3569,-95.9188,EF2,0,0,5,0,300000.0,40000.0,129.22817177530172,True
2017,4,35.9965,-90.2797,36.0,-90.2762,EF1,0,0,0,0,0.0,0.0,81.24069841671283,True
2017,4,35.9859,-90.3062,35.9965,-90.2797,EF1,0,0,0,0,20000.0,0.0,81.31586651790508,True
2017,12,32.3366,-92.6804,32.3433,-92.6662,EF1,0,0,0,0,75000.0,0.0,109.73008048413813,True
2017,12,31.8934,-94.9435,31.9237,-94.8406,EF2,0,0,0,0,125000.0,0.0,120.85074770739377,True
2017,11,39.9324,-83.6225,39.9279,-83.5368,EF1,0,0,0,0,100000.0,0.0,59.44232537246381,True
2017,5,40.0788,-84.1539,40.1023,-84.1728,EF1,0,0,0,0,5000.0,0.0,78.54093343135345,True
2017,11,38.577,-86.227,38.5786,-86.2164,EF0,0,0,0,0,100000.0,0.0,71.32759718906222,True
2017,10,31.0565,-90.5771,31.0617,-90.5482,EF0,0,0,0,0,0.0,0.0,61.86218063517759,True
2017,10,31.1348,-90.5024,31.1527,-90.4471,EF0,0,0,0,0,0.0,0.0,69.00591695488825,True
2017,11,38.6235,-86.0221,38.6239,-86.0128,EF1,0,0,0,0,200000.0,0.0,72.40234814462904,True
2017,11,38.6028,-86.1021,38.6037,-86.0995,EF1,0,0,0,0,250000.0,0.0,71.13135525543666,True
2017,11,38.7468,-88.2289,38.7766,-88.1079,EF1,0,0,0,0,70000.0,0.0,69.66657887919524,True
2017,11,40.3977,-85.2066,40.5092,-84.8028,EF2,0,0,0,0,0.0,0.0,114.61670557097513,True
2017,11,40.5408,-84.5732,40.591,-84.494,EF2,0,0,8,0,5000000.0,0.0,131.24026127664737,True
2017,11,43.5577,-111.8378,43.5577,-111.8378,EF0,0,0,0,0,200.0,0.0,85.05934954426066,True
2017,11,40.3889,-86.7377,40.3895,-86.7316,EF0,0,0,0,0,8000.0,0.0,85.18792886484891,True
2017,11,37.3995,-86.9052,37.3957,-86.8693,EF1,0,0,1,0,250000.0,0.0,81.04183528849674,True
2017,11,37.9222,-86.3086,37.9287,-86.2763,EF1,0,0,1,0,200000.0,0.0,32.51998376964252,True
2017,3,43.8482,-93.2348,43.864,-93.1963,EF0,0,0,0,0,0.0,0.0,114.3355449643484,True
2017,10,34.0593,-78.3516,34.0633,-78.3477,EF0,0,0,0,0,7000.0,0.0,10.579172568640738,True
2017,10,29.4757,-95.0738,29.4724,-95.0675,EF0,0,0,0,0,50000.0,0.0,0.6454723638411238,True
2017,8,37.6571,-76.45,37.6682,-76.4145,EF0,0,0,0,0,15000.0,0.0,89.63322267138051,True
2017,10,35.1832,-97.513,35.1818,-97.4784,EF1,0,0,0,0,100000.0,0.0,27.090447876593636,True
2017,6,40.8346,-96.6547,40.8335,-96.6546,EF0,0,0,0,0,0.0,0.0,59.15051871218407,True
2017,6,42.14,-97.75,42.14,-97.75,EF0,0,0,0,0,0.0,0.0,146.5684764435361,True
2017,10,40.3586,-91.9832,40.3593,-91.9827,EF1,0,0,0,0,0.0,0.0,182.3958653434088,True
2017,5,39.5824,-83.6584,39.5909,-83.6661,EF0,0,0,0,0,0.0,0.0,22.830270789218726,True
2017,5,39.8865,-84.0468,39.8918,-84.0498,EF1,0,0,0,0,250000.0,0.0,55.309444465028406,True
2017,5,39.8918,-84.0498,39.9431,-84.0892,EF1,0,0,0,0,50000.0,0.0,55.95108491179881,True
2017,3,27.522,-80.5496,27.5117,-80.5602,EF0,0,0,0,0,2000.0,0.0,66.52559275611682,True
2017,10,35.1818,-97.4784,35.1783,-97.4543,EF0,0,0,0,0,2000.0,0.0,24.79457623604831,True
2017,7,42.4331,-78.2166,42.4249,-78.1991,EF0,0,0,0,0,25000.0,0.0,71.37409250530204,True
2017,7,44.3147,-94.3519,44.3149,-94.3251,EF0,0,0,0,0,0.0,0.0,86.06281065275478,True
2017,3,41.4528,-90.8675,41.5071,-90.7854,EF0,0,0,0,0,2000.0,0.0,29.68881822821863,True
2017,5,40.48,-103.27,40.48,-103.27,EF0,0,0,0,0,0.0,0.0,133.06885310952057,True
2017,10,38.5512,-101.1186,38.6122,-101.0911,EF0,0,0,0,0,0.0,0.0,103.71569987526499,True
2017,10,40.2324,-91.0823,40.2335,-91.0669,EF0,0,0,0,0,0.0,0.0,148.54235930487064,True
2017,10,35.2392,-96.6933,35.2247,-96.6632,EF1,0,0,0,0,50000.0,0.0,54.0647586310477,True
2017,8,41.3121,-80.6561,41.3197,-80.6388,EF1,0,0,0,0,50000.0,0.0,94.26625718485137,True
2017,3,41.7468,-90.99,41.7825,-90.8984,EF1,0,0,0,0,100000.0,0.0,37.15545190509166,True
2017,5,40.8518,-91.7564,40.8601,-91.7198,EF0,0,0,0,0,0.0,0.0,129.6242928313872,True
2017,5,37.1121,-79.6136,37.1164,-79.6127,EF0,0,0,0,0,15000.0,0.0,59.417927615100844,True
2017,5,36.4869,-79.7452,36.534,-79.7494,EF0,0,0,0,0,4000000.0,0.0,76.08945729585545,True
2017,10,39.5499,-99.4754,39.5499,-99.4754,EF0,0,0,0,0,0.0,0.0,122.93122472986386,True
2017,10,37.627,-76.9491,37.6324,-76.9481,EF0,0,0,0,0,50000.0,0.0,71.69797545264943,True
2017,10,38.8132,-100.5402,38.8173,-100.5346,EF1,0,0,0,0,40000.0,0.0,117.53620505366128,True
2017,10,34.9248,-98.252,34.9306,-98.2465,EF1,0,0,0,0,5000.0,0.0,91.14958556219506,True
2017,7,45.9763,-95.5803,45.9776,-95.5406,EF0,0,0,0,0,0.0,0.0,201.11059376750745,True
2017,7,45.9815,-95.3762,45.995,-95.2807,EF0,0,0,0,0,0.0,0.0,189.29507544949266,True
2017,7,46.1529,-94.9219,46.1658,-94.8322,EF0,0,0,0,0,0.0,0.0,179.43729871315256,True
2017,4,34.5742,-88.5334,34.5642,-88.4205,EF1,0,0,0,0,100000.0,0.0,77.615608113831,True
2017,10,43.0905,-89.3565,43.1854,-89.2148,EF0,0,0,0,0,250000.0,0.0,66.91708926796261,True
2017,10,34.8966,-98.2702,34.9331,-98.2016,EF1,0,0,0,0,3000.0,0.0,87.80207816711513,True
2017,10,38.9296,-100.3967,38.9309,-100.3948,EF0,0,0,0,0,4000.0,0.0,122.47752368610435,True
2017,10,34.9405,-98.2503,34.99,-98.1621,EF1,0,0,0,0,15000.0,0.0,92.46363524473458,True
2017,10,34.9575,-98.2535,34.9835,-98.2154,EF1,0,0,0,0,10000.0,0.0,93.57616491027647,True
2017,6,42.0907,-97.1906,42.0894,-97.1859,EF1,0,0,0,0,350000.0,2000.0,109.6158520290466,True
2017,5,40.8601,-91.7197,40.8629,-91.7042,EF0,0,0,0,0,0.0,0.0,126.69754951576016,True
2017,5,36.3688,-76.1206,36.4283,-76.1317,EF0,0,0,0,0,5000.0,0.0,104.56308459326851,True
2017,8,38.3408,-75.6066,38.3575,-75.5899,EF1,0,0,0,0,750000.0,0.0,55.81305172984643,True
2017,10,39.067,-100.2363,39.0724,-100.229,EF1,0,0,0,0,75000.0,0.0,130.45327779132586,True
2017,10,38.3805,-101.6131,38.3867,-101.6022,EF0,0,0,0,0,0.0,0.0,109.94637758148687,True
2017,10,37.1756,-80.6098,37.192,-80.597,EF1,0,0,0,0,500000.0,0.0,34.19998329053316,True
2017,7,44.1615,-95.0339,44.1595,-94.9267,EF0,0,0,0,0,0.0,0.0,139.28690539922417,True
2017,8,29.7756,-95.8442,29.7803,-95.8482,EF1,0,0,0,0,200000.0,0.0,81.3176217161204,True
2017,10,39.65,-104.11,39.65,-104.11,EF1,0,0,0,0,0.0,0.0,40.25144010162382,True
2017,7,45.3784,-93.2268,45.3072,-93.0197,EF0,0,0,0,0,0.0,0.0,64.6010727335167,True
2017,3,41.4092,-91.0732,41.4245,-91.0456,EF2,0,0,3,0,100000.0,0.0,46.77221311183628,True
2017,5,36.2634,-80.4434,36.4555,-80.2784,EF2,0,0,0,0,20000000.0,0.0,85.92961155986713,True
2017,10,38.67,-97.83,38.682,-97.789,EF0,0,0,0,0,0.0,0.0,117.88341112763325,True
2017,7,45.3229,-92.8595,45.3223,-92.8482,EF0,0,0,0,0,0.0,0.0,76.48825583008211,True
2017,7,45.3072,-93.0197,45.2977,-92.9933,EF0,0,0,0,0,0.0,0.0,66.58779217626031,True
2017,10,39.4578,-99.7739,39.4594,-99.7631,EF0,0,0,0,0,0.0,0.0,148.73580676799895,True
2017,2,41.2525,-75.7638,41.3389,-75.6889,EF2,0,0,0,0,250000.0,0.0,106.90640849780905,True
2017,5,39.5909,-83.6661,39.6173,-83.6901,EF0,0,0,0,0,0.0,0.0,23.196974713896093,True
2017,4,31.7176,-86.2619,31.7179,-86.2612,EF0,0,0,0,0,2000.0,0.0,81.20967706539898,True
2017,4,33.5342,-85.3868,33.5344,-85.3924,EF0,0,0,0,0,0.0,0.0,78.50224292600429,True
2017,10,34.9673,-98.1469,34.9862,-98.0948,EF1,0,0,0,0,3000.0,0.0,88.87242362971624,True
2017,5,36.0815,-76.7552,36.1311,-76.7302,EF0,0,0,0,0,5000.0,0.0,102.84092910764785,True
2017,4,33.738,-89.4414,33.7774,-89.4486,EF1,0,0,0,0,200000.0,0.0,104.25637862693952,True
2017,10,32.1438,-86.5919,32.1771,-86.6222,EF0,0,0,0,0,0.0,0.0,87.10398455478378,True
2017,10,32.4015,-86.653,32.4471,-86.6933,EF1,0,0,0,0,0.0,0.0,82.3662371885896,True
2017,10,32.7383,-86.7677,32.768,-86.8056,EF0,0,0,0,0,0.0,0.0,48.21893632795213,True
2017,10,32.8951,-86.8269,32.9783,-86.8526,EF1,0,0,0,0,0.0,0.0,31.241288101746733,True
2017,5,36.9716,-77.7774,36.9747,-77.776,EF1,0,0,0,0,10000.0,0.0,68.40382142382494,True
2017,7,45.2626,-93.1358,45.2289,-93.0195,EF1,0,0,0,0,0.0,0.0,57.05853760770149,True
2017,7,42.6676,-78.5606,42.6537,-78.5423,EF0,0,0,0,0,100000.0,0.0,34.39811205331156,True
2017,7,42.3503,-78.016,42.3186,-77.9453,EF1,0,0,0,0,250000.0,0.0,88.89534002574418,True
2017,7,44.1725,-94.2619,44.1659,-94.2087,EF1,0,0,0,0,0.0,500000.0,93.30381210281044,True
2017,10,38.378,-98.3727,38.3855,-98.3633,EF0,0,0,0,0,0.0,0.0,114.47904917385958,True
2017,10,33.8506,-78.8966,33.855,-78.8933,EF1,0,0,0,0,25000.0,0.0,45.80062869721071,True
2017,7,45.2289,-93.0195,45.1998,-92.9345,EF1,0,0,0,0,0.0,0.0,60.217879763310044,True
2017,7,45.1811,-92.8581,45.1673,-92.799,EF0,0,0,0,0,0.0,0.0,66.75922761221493,True
2017,5,39.6804,-83.9749,39.7165,-83.9894,EF0,0,0,0,0,3000.0,0.0,31.76924309684457,True
2017,7,42.7416,-78.8575,42.709,-78.7457,EF2,0,0,0,0,3500.0,0.0,25.028113566679142,True
2017,10,39.3785,-100.1223,39.3788,-100.0587,EF0,0,0,0,0,0.0,0.0,135.64295420835174,True
2017,10,35.138,-81.825,35.18,-81.798,EF1,0,0,0,0,5000.0,0.0,45.77242232542989,True
2017,10,35.179,-81.706,35.183,-81.705,EF0,0,0,0,0,0.0,0.0,57.18308127127377,True
2017,7,41.8722,-90.1666,41.8965,-90.1021,EF1,0,0,0,0,40000.0,2000.0,44.94939606929978,True
2017,10,34.778,-82.085,34.943,-81.987,EF1,0,0,0,0,50000.0,0.0,16.98660209940985,True
2017,5,41.2447,-90.5062,41.307,-90.4334,EF1,0,0,0,0,25000.0,0.0,41.275750963306606,True
2017,10,35.743,-81.39,35.752,-81.376,EF2,0,0,0,0,1500000.0,0.0,121.68534520093343,True
2017,5,41.5468,-89.9994,41.5688,-89.9725,EF1,0,0,0,0,0.0,0.0,48.896951325013966,True
2017,5,41.1533,-90.0811,41.168,-90.066,EF2,0,0,1,0,40000.0,0.0,65.84782332503632,True
2017,5,41.1453,-91.9313,41.1634,-91.9275,EF1,0,0,0,0,0.0,0.0,124.03621515525481,True
2017,5,41.1644,-91.9288,41.1924,-91.9241,EF1,0,0,0,0,0.0,0.0,122.95758040135334,True
2017,5,41.3838,-91.6021,41.4455,-91.5219,EF1,0,0,0,0,0.0,0.0,88.7473743475062,True
2017,7,41.55,-91.62,41.551,-91.618,EF0,0,0,0,0,0.0,0.0,86.70502796598379,True
2017,10,35.816,-81.338,35.898,-81.324,EF1,0,0,0,0,0.0,0.0,130.9658050478499,True
2017,10,35.922,-81.287,36.021,-81.207,EF1,0,1,0,0,0.0,0.0,143.13455286659456,True
2017,10,35.751,-81.376,35.792,-81.329,EF1,0,0,0,0,500000.0,0.0,123.16858364955345,True
2017,10,35.805,-81.339,35.816,-81.338,EF1,0,0,0,0,0.0,0.0,129.9469489102119,True
2017,9,40.7892,-82.877,40.8133,-82.7257,EF2,0,0,0,0,1250000.0,0.0,109.87904623157895,True
2017,10,35.16,-81.711,35.161,-81.711,EF1,0,0,0,0,20000.0,0.0,55.6196522537185,True
2017,10,35.207,-82.241,35.216,-82.239,EF1,0,0,0,0,200000.0,0.0,36.04535498466914,True
2017,10,34.764,-82.76,34.883,-82.728,EF2,0,0,0,0,250000.0,0.0,51.06070069753463,True
2017,5,41.3483,-91.0521,41.3571,-91.0452,EF0,0,0,0,0,0.0,0.0,48.97823955603552,True
2017,10,35.858,-81.486,35.953,-81.461,EF1,0,0,0,0,300000.0,0.0,127.1750557848965,True
2017,5,41.7003,-90.7228,41.7219,-90.6933,EF1,0,0,0,0,2000.0,0.0,15.370850828413824,True
2017,10,35.57,-81.494,35.588,-81.48,EF0,0,0,0,0,0.0,0.0,100.88091146940496,True
2017,5,41.6895,-90.01,41.6895,-90.005,EF0,0,0,0,0,0.0,0.0,48.211288097528964,True
2017,10,35.114,-81.727,35.178,-81.706,EF2,0,0,0,0,250000.0,0.0,51.70299421184596,True
2017,5,35.58,-98.626,35.58,-98.626,EF0,0,0,0,0,5000.0,0.0,125.16514222636162,True
2017,5,36.435,-98.928,36.507,-98.926,EF1,0,0,0,0,2000.0,0.0,79.14959636933396,True
2017,5,35.6965,-98.3128,35.725,-98.292,EF0,0,0,0,0,10000.0,0.0,102.02591143979785,True
2017,7,40.828,-80.189,40.8347,-80.1575,EF0,0,0,0,0,15000.0,0.0,33.04174882155025,True
2017,6,42.2735,-91.3635,42.2873,-91.3407,EF2,0,0,0,0,0.0,0.0,98.01119691763371,True
2017,4,35.1855,-93.2909,35.1903,-93.2841,EF0,0,0,0,0,200000.0,0.0,97.96282152886762,True
2017,4,31.577,-90.6331,31.6398,-90.3673,EF1,0,0,0,0,100000.0,0.0,99.28541723972107,True
2017,2,41.8883,-89.7512,41.8971,-89.7016,EF1,0,0,0,0,0.0,0.0,75.38536265569614,True
2017,5,35.725,-98.292,35.739,-98.282,EF0,0,0,0,0,2000.0,0.0,101.60364648940752,True
2017,4,32.3363,-90.4138,32.3595,-90.3922,EF1,0,0,0,0,150000.0,0.0,40.83429029187277,True
2017,4,32.5864,-90.3199,32.638,-90.2365,EF1,0,0,0,0,40000.0,0.0,46.38994437188255,True
2017,3,37.67,-96.81,37.6701,-96.808,EF0,0,0,0,0,0.0,0.0,55.75088610219828,True
2017,5,34.9942,-105.6885,35.0412,-105.7192,EF0,0,0,0,0,0.0,0.0,104.76218172951158,True
2017,4,32.4101,-90.5938,32.4953,-90.5244,EF1,0,0,0,0,95000.0,0.0,59.04436566296892,True
2017,4,32.0805,-90.3322,32.0935,-90.3223,EF1,0,0,0,0,70000.0,0.0,39.537526316965305,True
2017,5,34.4619,-98.0483,34.4619,-98.0483,EF0,0,0,0,0,2000.0,0.0,85.88167500152149,True
2017,5,34.65,-96.5306,34.6532,-96.5214,EF0,0,0,0,0,5000.0,0.0,101.98473715776362,True
2017,5,34.133,-98.894,34.136,-98.865,EF2,0,0,0,0,100000.0,0.0,26.5932001185471,True
2017,4,42.8065,-85.309,42.8166,-85.2718,EF1,0,0,0,0,10000.0,0.0,21.544461681613075,True
2017,6,42.2958,-91.1641,42.3008,-91.1414,EF2,0,0,0,0,0.0,0.0,90.07439783896442,True
2017,6,42.2906,-91.1883,42.2958,-91.1641,EF2,0,0,0,0,0.0,0.0,90.68080428026543,True
2017,5,34.27,-98.94,34.27,-98.94,EF0,0,0,0,0,0.0,0.0,10.789811021805498,True
2017,4,32.4878,-90.3446,32.5657,-90.3159,EF1,0,0,0,0,100000.0,0.0,40.959947790211785,True
2017,1,31.4107,-84.164,31.4337,-84.1023,EF1,0,0,0,0,100000.0,7500000.0,113.75681662989021,True
2017,10,39.2304,-85.0802,39.2383,-85.057,EF0,0,0,0,0,20000.0,0.0,110.2930667026224,True
2017,5,35.2402,-99.555,35.3816,-99.3644,EF2,1,0,10,0,25000000.0,0.0,110.9955343364699,True
2017,4,32.2032,-91.4836,32.2089,-91.4812,EF0,0,0,0,0,1000.0,0.0,141.2521661168166,True
2017,11,40.4547,-79.7033,40.491,-79.6829,EF1,0,0,0,0,25000.0,0.0,44.35225513008311,True
2017,4,32.3749,-90.875,32.3969,-90.8544,EF1,0,0,0,0,50000.0,0.0,84.3399609467442,True
2017,11,40.4206,-79.7277,40.4547,-79.7033,EF1,0,0,0,0,25000.0,0.0,43.265930496955804,True
2017,5,38.411,-96.789,38.4148,-96.775,EF1,0,0,0,0,0.0,0.0,81.0984546315188,True
2017,1,30.8997,-83.9821,30.9753,-83.7376,EF2,0,0,3,0,250000.0,0.0,64.9538779382825,True
2017,1,31.5989,-83.9964,31.7096,-83.7969,EF3,0,0,31,0,5000000.0,0.0,123.08114629043233,True
2017,10,39.2261,-85.108,39.2304,-85.0802,EF0,0,0,0,0,65000.0,0.0,112.73488793147344,True
2017,1,31.5927,-84.8254,31.6195,-84.7874,EF2,0,0,0,0,200000.0,0.0,61.860541154937366,True
2017,7,40.8347,-80.1575,40.842,-80.131,EF0,0,0,0,0,15000.0,0.0,34.079731911061835,True
2017,4,32.087,-91.6894,32.1534,-91.63,EF2,0,0,2,0,300000.0,0.0,159.9057125257065,True
2017,4,32.1898,-91.4893,32.2032,-91.4836,EF0,0,0,0,0,1000.0,0.0,141.89518757135812,True
2017,5,34.3501,-97.1601,34.3501,-97.1601,EFU,0,0,0,0,0.0,0.0,109.82512261521713,True
2017,5,35.564,-99.917,35.646,-99.766,EF2,0,0,0,0,40000.0,0.0,158.7463943300564,True
2017,5,35.75,-99.69,35.75,-99.69,EF1,0,0,0,0,1000.0,0.0,167.41952401654655,True
2017,5,35.3816,-99.3644,35.409,-99.329,EF2,0,0,0,0,20000.0,0.0,118.74383706903022,True
2017,1,31.7096,-83.7969,31.8478,-83.5272,EF3,0,0,25,0,5000000.0,0.0,115.25141807455853,True
2017,5,36.023,-80.618,36.049,-80.611,EF0,0,0,1,0,100000.0,0.0,115.4857426713873,True
2017,10,35.422,-81.566,35.547,-81.51,EF1,0,0,0,0,100000.0,0.0,84.38901503354752,True
2017,6,40.7198,-94.8595,40.7138,-94.8356,EF1,0,0,0,0,30000.0,3000.0,142.9960125287353,True
2017,3,31.6706,-101.6766,31.6772,-101.6472,EF2,0,0,0,0,50000.0,0.0,57.159759092345844,True
2017,9,40.8133,-82.7257,40.8172,-82.5617,EF2,0,0,2,0,800000.0,0.0,98.52437799039862,True
2017,4,36.3604,-93.0267,36.3797,-92.94,EF1,0,0,0,0,80000.0,0.0,102.81028401000889,True
2017,4,32.357,-95.9549,32.5528,-95.9306,EF4,2,0,20,0,700000.0,200000.0,128.74188959523187,True
2017,5,36.049,-80.611,36.1025,-80.5728,EF2,0,0,0,0,9500000.0,0.0,112.531243342647,True
2017,5,34.695,-99.575,34.704,-99.559,EF0,0,0,0,0,5000.0,0.0,66.13513627396563,True
2017,5,36.226,-98.974,36.312,-98.961,EF0,0,0,0,0,10000.0,0.0,94.89302267531117,True
2017,2,41.156,-89.6386,41.1606,-89.6307,EF1,0,0,0,0,0.0,0.0,93.52245995759002,True
2017,2,41.7535,-90.3582,41.7535,-90.3582,EF0,0,0,0,0,0.0,0.0,24.301607093027467,True
2017,6,42.1919,-91.5271,42.2735,-91.3635,EF2,0,0,1,0,0.0,0.0,101.46788473748668,True
2017,10,35.548,-81.509,35.57,-81.494,EF1,0,0,0,0,0.0,0.0,98.14633887453529,True
2017,8,28.9811,-95.483,28.9837,-95.4854,EF0,0,0,0,0,30000.0,0.0,67.20638677005881,True
2017,4,31.7798,-85.1186,31.8218,-85.015,EF2,0,0,0,0,100000.0,0.0,47.9725196565477,True
2017,3,41.2766,-91.2594,41.2805,-91.2567,EF2,0,0,0,0,0.0,0.0,67.72797533824176,True
2017,5,34.8623,-104.2504,34.844,-104.2179,EF0,0,0,0,0,0.0,0.0,234.9680027991552,True
2017,8,28.7699,-95.6255,28.7821,-95.6587,EF1,0,0,0,0,500000.0,0.0,94.40990676247714,True
2017,5,36.03,-104.15,36.0327,-104.1487,EF0,0,0,0,0,0.0,0.0,237.69925033085502,True
2017,4,36.3822,-90.7158,36.4136,-90.6828,EF1,0,0,0,0,100000.0,0.0,138.10023404391538,True
2017,4,35.5403,-89.6447,35.5699,-89.6341,EF0,0,0,0,0,100000.0,0.0,30.032069031535425,True
2017,4,36.0838,-90.0974,36.095,-90.0826,EF1,0,0,0,0,250000.0,0.0,84.63511488631953,True
2017,8,29.907,-95.6872,29.9182,-95.696,EF1,0,0,0,0,500000.0,0.0,76.11333431858365,True
2017,8,29.9528,-95.6704,29.9593,-95.6748,EF0,0,0,0,0,30000.0,0.0,78.24531716906155,True
2017,7,48.3,-97.57,48.3,-97.537,EF1,0,0,0,0,2000.0,5000.0,87.75752733171497,True
2017,7,48.17,-97.58,48.1722,-97.5698,EF0,0,0,0,0,2000.0,5000.0,73.8743738660114,True
2017,7,47.8,-97.61,47.7466,-97.5104,EF1,0,0,0,0,2000.0,15000.0,37.01310328335011,True
2017,7,48.47,-98.15,48.4311,-98.0297,EF1,0,0,0,0,4000.0,25000.0,121.40091273570718,True
2017,4,32.5405,-95.8429,32.5642,-95.8299,EF0,0,0,0,0,60000.0,20000.0,136.9012649572122,True
2017,8,29.5438,-96.0845,29.55,-96.09,EF0,0,0,0,0,50000.0,0.0,97.6426510806355,True
2017,7,47.64,-97.31,47.4249,-96.9811,EF2,0,0,0,0,750000.0,500000.0,12.498939028665172,True
2017,7,47.38,-96.98,47.3522,-96.8441,EF2,0,0,0,0,250000.0,250000.0,30.72205650356509,True
2017,4,34.525,-88.1957,34.5204,-88.1492,EF0,0,0,0,0,100000.0,0.0,70.91092270869396,True
2017,7,48.11,-97.05,48.05,-96.7551,EF1,0,0,0,0,50000.0,150000.0,67.88899487662862,True
2017,7,47.3522,-96.8441,47.3279,-96.7511,EF2,0,0,0,0,550000.0,400000.0,41.11405334462916,True
2017,7,47.22,-96.51,47.15,-96.39,EF2,0,0,0,0,450000.0,350000.0,70.28217267289541,True
2017,8,29.2987,-95.3045,29.3496,-95.3458,EF0,0,0,0,0,50000.0,0.0,29.136528998079495,True
2017,8,29.7,-95.76,29.7011,-95.7613,EF0,0,0,0,0,30000.0,0.0,70.57539807083998,True
2017,7,47.15,-96.39,47.109,-96.27,EF2,0,0,0,0,25000.0,100000.0,82.04082303059637,True
2017,8,29.9243,-95.1516,29.9347,-95.1704,EF0,0,0,0,0,100000.0,0.0,50.78818178262271,True
2017,8,30.4803,-96.315,30.4823,-96.3165,EF0,0,0,0,0,0.0,0.0,105.6601451900081,True
2017,7,47.94,-94.66,47.93,-94.6012,EF1,0,0,0,0,100000.0,5000.0,204.4905226911826,True
2017,5,36.0459,-104.5239,36.0947,-104.5404,EF0,0,0,0,0,0.0,0.0,230.58733664197914,True
2017,3,41.7825,-90.8984,41.884,-90.7262,EF1,0,0,0,0,10000.0,0.0,32.49714400890389,True
2017,4,32.2572,-96.018,32.357,-95.9549,EF2,0,0,5,0,500000.0,90000.0,125.63315281775249,True
2017,8,29.3421,-96.25,29.3616,-96.2591,EF0,0,0,0,0,0.0,0.0,114.35839148325176,True
2017,8,29.5106,-95.0057,29.52,-95.0,EF0,0,0,0,0,200000.0,0.0,8.285361953529788,True
2017,5,35.0412,-105.7192,35.055,-105.7326,EF0,0,0,0,0,0.0,0.0,101.22412714958239,True
2017,3,31.6318,-101.8159,31.6466,-101.8029,EF0,0,0,0,0,0.0,0.0,49.45823460812577,True
2017,4,31.7595,-85.1753,31.7624,-85.1647,EF1,0,0,0,0,0.0,0.0,42.76339734558939,True
2017,4,31.7624,-85.1647,31.7743,-85.1335,EF2,0,0,0,0,500000.0,0.0,43.64906797033786,True
2017,8,29.5706,-95.5125,29.6476,-95.5503,EF1,0,0,0,0,2000000.0,0.0,43.367050927821836,True
2017,8,29.55,-95.11,29.5504,-95.11,EF0,0,0,0,0,50000.0,0.0,9.187438042639934,True
2017,8,29.5246,-96.0669,29.548,-96.0934,EF1,0,0,0,0,300000.0,0.0,95.80018221631477,True
2017,5,39.91,-103.54,39.91,-103.54,EF0,0,0,0,0,0.0,0.0,86.95275596991759,True
2017,5,39.86,-103.03,39.86,-103.03,EF0,0,0,0,0,0.0,0.0,126.41126863007716,True
2017,3,41.7625,-90.6026,41.9732,-90.3501,EF2,0,0,0,0,0.0,0.0,16.869781712498103,True
2017,4,33.553,-97.1835,33.5519,-97.1787,EF0,0,0,0,0,0.0,0.0,109.56521324121222,True
2017,4,31.7743,-85.1335,31.7798,-85.1186,EF1,0,0,0,0,0.0,0.0,46.57590934915071,True
2017,3,42.2947,-90.8262,42.3352,-90.7344,EF0,0,0,0,0,5000.0,0.0,78.61418833836575,True
2017,4,32.6056,-95.7526,32.6272,-95.7457,EF0,0,0,0,0,0.0,60000.0,145.31022165189614,True
2017,3,41.5071,-90.7854,41.6932,-90.4995,EF2,0,0,0,0,50000.0,0.0,20.61285170057757,True
2017,3,41.7165,-90.1358,41.7288,-90.111,EF1,0,0,0,0,0.0,0.0,38.76255886766036,True
2017,4,33.0037,-85.5402,33.005,-85.5064,EF1,0,0,0,0,0.0,0.0,56.93513364900412,True
2017,8,29.776,-95.844,29.78,-95.8466,EF1,0,0,0,0,800000.0,0.0,81.31838418339298,True
2017,5,36.9205,-104.1799,36.9425,-104.1921,EF0,0,0,0,0,0.0,0.0,290.6617718253402,True
2017,3,41.7503,-90.3847,41.7857,-90.3148,EF0,0,0,0,0,0.0,0.0,22.42661920405495,True
2017,5,33.6953,-105.7771,33.6944,-105.7764,EF0,0,0,0,0,0.0,0.0,75.76701657622324,True
2017,4,31.9114,-84.8277,31.9224,-84.7928,EF1,0,0,0,0,0.0,0.0,78.01028938232452,True
2017,3,41.382,-89.205,41.381,-89.207,EF0,0,0,0,0,0.0,0.0,96.55116858049001,True
2017,4,42.784,-85.3669,42.8065,-85.309,EF1,0,0,0,0,200000.0,0.0,18.970282398594716,True
2017,2,41.3239,-88.9504,41.3597,-88.7352,EF3,2,0,14,0,0.0,0.0,78.61089987380389,True
2017,7,28.3917,-81.3403,28.3917,-81.3403,EF0,0,0,0,0,0.0,0.0,73.97980550928948,True
2017,2,41.3753,-88.5841,41.3804,-88.5628,EF0,0,0,0,0,0.0,0.0,48.79809980617147,True
2017,2,40.9772,-89.0474,40.9854,-89.0363,EF0,0,0,0,0,0.0,0.0,95.12062898422343,True
2017,7,28.3171,-81.3636,28.3224,-81.354,EF0,0,0,0,0,20000.0,0.0,73.09582128539041,True
2017,7,40.8223,-86.655,40.8077,-86.6285,EF0,0,0,0,0,40000.0,0.0,99.80642548866138,True
2017,7,48.5538,-104.1507,48.5539,-104.1536,EF0,0,0,0,0,0.0,0.0,186.7445593146908,True
2017,7,44.3831,-95.8188,44.3898,-95.8149,EF0,0,0,0,0,30000.0,0.0,114.55264587920506,True
2017,7,44.3921,-95.78,44.4032,-95.7529,EF0,0,0,0,0,25000.0,0.0,117.3076722555085,True
2017,7,39.0769,-81.945,39.0709,-81.942,EF0,0,0,0,0,15000.0,0.0,87.30983430485246,True
2017,7,43.54,-98.58,43.5412,-98.5753,EF0,0,0,0,0,0.0,0.0,149.24093072626687,True
2017,7,30.28,-93.46,30.2807,-93.46,EF0,0,0,0,0,0.0,0.0,29.09081930509403,True
2017,7,29.7069,-91.1494,29.7164,-91.1512,EF0,0,0,0,0,0.0,0.0,115.15228970034983,True
2017,7,39.9,-101.45,39.9,-101.45,EF0,0,0,0,0,0.0,0.0,63.029187579830754,True
2017,7,35.8333,-90.701,35.8337,-90.6995,EF1,0,0,0,0,750000.0,0.0,92.4808976024579,True
2017,7,40.64,-86.37,40.64,-86.319,EF1,0,0,0,0,0.0,0.0,97.70400184903352,True
2017,7,40.8819,-86.0083,40.8982,-85.956,EF1,0,0,0,0,0.0,0.0,58.96296748288183,True
2017,7,39.3022,-82.5248,39.2986,-82.5107,EF1,0,0,0,0,25000.0,0.0,112.26268169516374,True
2017,7,30.5768,-97.6632,30.5757,-97.6643,EF0,0,0,0,0,100000.0,0.0,31.290728431463748,True
2017,7,48.6605,-99.7982,48.6578,-99.7944,EF0,0,0,0,0,0.0,0.0,222.10213536232314,True
2017,7,47.15,-101.07,47.1481,-101.0678,EF0,0,0,0,0,0.0,0.0,48.27135584824398,True
2017,2,42.485,-72.7528,42.5124,-72.6696,EF1,0,0,1,0,400000.0,0.0,145.4963350339458,True
2017,7,34.73,-103.21,34.7309,-103.1956,EF0,0,0,0,0,0.0,0.0,147.73485222363524,True
2017,7,34.4181,-77.5553,34.42,-77.5566,EF0,0,0,0,0,10000.0,0.0,73.78242686161236,True
2017,7,30.7418,-94.9982,30.7367,-95.0006,EF0,0,0,0,0,40000.0,0.0,141.41509347735018,True
2017,7,40.8863,-89.7398,40.8837,-89.7093,EF0,0,0,0,0,0.0,0.0,88.62681495626295,True
2017,2,42.4086,-72.797,42.4508,-72.7937,EF1,0,0,0,0,250000.0,0.0,145.7602893977582,True
2017,7,40.334,-76.389,40.3347,-76.3874,EF0,0,0,0,0,0.0,0.0,151.20181916220795,True
2017,7,40.9171,-76.6692,40.9145,-76.6637,EF0,0,0,0,0,0.0,0.0,112.14359587869002,True
2017,7,35.4284,-106.3902,35.4283,-106.3904,EF0,0,0,0,0,0.0,0.0,50.095865757638,True
2017,7,44.4884,-89.4276,44.4819,-89.4158,EF0,0,0,0,0,5000.0,0.0,104.42806929651286,True
2017,7,25.9715,-97.3691,25.9715,-97.3691,EF0,0,0,0,0,0.0,0.0,7.950002703546532,True
2017,8,43.65,-95.84,43.6387,-95.8283,EF1,0,0,0,0,500000.0,75000.0,71.88736677664893,True
2017,3,36.15,-85.2377,36.1506,-85.2359,EF1,0,0,0,0,10000.0,0.0,119.36584034561821,True
2017,3,36.1167,-85.9809,36.127,-85.9121,EF1,0,0,0,0,40000.0,0.0,54.17885964435969,True
2017,3,36.1076,-86.066,36.1071,-86.0522,EF0,0,0,0,0,10000.0,0.0,47.190540561381006,True
2017,3,36.1461,-85.7526,36.1801,-85.6227,EF1,0,0,0,0,25000.0,0.0,73.53977908776945,True
2017,8,28.4239,-96.6671,28.4229,-96.6696,EF0,0,0,0,0,10000.0,0.0,109.14792452135441,True
2017,7,37.0755,-113.3219,37.0755,-113.3219,EFU,0,0,0,0,0.0,0.0,70.27095910346827,True
2017,7,37.7042,-112.5552,37.7042,-112.5552,EFU,0,0,0,0,0.0,0.0,29.815055407934047,True
2017,8,29.4475,-95.4599,29.455,-95.467,EF1,0,0,0,0,500000.0,0.0,36.98939388780738,True
2017,8,29.78,-95.8466,29.787,-95.852,EF1,0,0,0,0,500000.0,0.0,81.7310836879912,True
2017,8,29.4379,-95.45,29.4475,-95.4599,EF1,0,0,0,0,500000.0,0.0,36.13144080021514,True
2017,4,32.065,-91.9315,32.0788,-91.918,EF1,0,0,0,0,20000.0,0.0,141.4658508350325,True
2017,1,32.69,-97.034,32.6922,-97.0295,EF0,0,0,0,0,120000.0,0.0,28.373868087968592,True
2017,7,31.81,-110.2,31.8092,-110.2018,EF0,0,0,0,0,0.0,0.0,41.68915679663524,True
2017,1,31.69,-96.55,31.72,-96.51,EF0,0,0,0,0,300000.0,0.0,121.09626948022371,True
2017,9,44.5918,-122.7041,44.5917,-122.69,EF1,0,0,0,0,240000.0,0.0,126.55726422926067,True
2017,7,32.4445,-111.2182,32.4439,-111.22,EF0,0,0,0,0,0.0,0.0,82.55067533501567,True
2017,4,32.6538,-90.3195,32.8585,-90.0362,EF2,0,0,0,0,2300000.0,200000.0,52.11321507793717,True
2017,3,41.599,-90.7988,41.7625,-90.6026,EF1,0,0,0,0,0.0,0.0,18.177589956860867,True
2017,7,41.077,-79.566,41.072,-79.548,EF0,0,0,0,0,10000.0,0.0,81.78039319890854,True
2017,6,42.1535,-91.9884,42.1535,-91.9884,EF0,0,0,0,0,0.0,0.0,131.17941064130852,True
2017,7,41.7974,-90.5592,41.799,-90.5346,EF0,0,0,0,0,0.0,0.0,20.731257271332886,True
2017,6,41.9657,-90.9954,41.9772,-90.9596,EF1,0,0,0,0,0.0,0.0,52.260429906629035,True
2017,1,31.6465,-83.9934,31.6783,-83.8633,EF1,0,0,0,0,500000.0,0.0,126.30413843171296,True
2017,1,30.9973,-84.945,31.0257,-84.8915,EF1,0,0,0,0,250000.0,50000.0,71.0311928629073,True
2017,10,35.182,-81.798,35.305,-81.725,EF1,0,0,0,0,100000.0,0.0,50.77670275698117,True
2017,10,35.305,-81.722,35.415,-81.633,EF0,0,0,0,0,100000.0,0.0,65.19336411592924,True
2017,5,41.307,-90.4334,41.3329,-90.4032,EF1,0,0,0,0,15000.0,0.0,36.0355949184682,True
2017,7,41.6977,-91.9896,41.7555,-91.9456,EF1,0,0,0,0,1000.0,0.0,117.43085932173092,True
2017,4,31.8694,-85.4566,31.8806,-85.4392,EF0,0,0,3,0,0.0,0.0,45.462807078205614,True
2017,10,30.6848,-88.2125,30.6874,-88.2159,EF0,0,0,0,0,50000.0,0.0,2.670380284148702,True
2017,10,31.946,-86.5072,31.9528,-86.5122,EF0,0,0,0,0,10000.0,0.0,94.16077873477025,True
2017,10,30.2927,-87.5742,30.2943,-87.5755,EF0,0,0,0,0,5000.0,0.0,76.91620113359872,True
2017,8,29.717,-95.4151,29.7174,-95.4164,EF0,0,0,0,0,50000.0,0.0,42.41865091592963,True
2017,10,31.6519,-88.6079,31.6542,-88.6178,EF0,0,0,0,0,25000.0,0.0,113.66520170150255,True
2017,10,30.246,-87.6926,30.2465,-87.6937,EF0,0,0,0,0,0.0,0.0,71.22289805921186,True
2017,11,36.41,-86.26,36.42,-86.13,EF0,0,0,0,0,25000.0,0.0,32.587653857074756,True
2017,3,35.9545,-86.883,35.9883,-86.7019,EF1,0,0,0,0,7270000.0,0.0,43.457698108414874,True
2017,11,36.0875,-86.4955,36.1204,-86.3898,EF1,0,0,0,0,50000.0,0.0,18.750801403156263,True
2017,11,36.0818,-86.5197,36.0875,-86.4955,EF0,0,0,0,0,15000.0,0.0,18.790864244303272,True
2017,11,36.327,-86.8778,36.3246,-86.8358,EF1,0,0,0,0,50000.0,0.0,29.619954126933894,True
2017,11,36.2995,-87.4099,36.3086,-87.3925,EF0,0,0,0,0,15000.0,5000.0,49.87512629003377,True
2017,11,36.0676,-86.574,36.0818,-86.5197,EF0,0,0,0,0,5000.0,0.0,19.99950018892254,True
2017,7,36.161,-87.6791,36.1859,-87.6242,EF0,0,0,0,0,10000.0,0.0,73.0747823559506,True
2017,3,36.0971,-86.2501,36.0948,-86.1907,EF0,0,0,0,0,15000.0,0.0,32.63389166591117,True
2017,3,36.0989,-86.1678,36.1076,-86.066,EF1,0,0,0,0,100000.0,0.0,39.07915677099388,True
2017,3,35.5563,-87.6756,35.5613,-87.6576,EF0,0,0,0,0,10000.0,0.0,126.30716519123531,True
2017,3,35.5613,-87.6576,35.5821,-87.5076,EF1,0,0,0,0,100000.0,0.0,124.6809044262197,True
2017,5,36.28,-86.12,36.31,-86.1,EF0,0,0,0,0,50000.0,0.0,39.84024347968241,True
2017,2,29.9559,-81.5353,29.9559,-81.5264,EF1,0,0,0,0,0.0,0.0,60.932300772359326,True
2017,2,39.9982,-76.5922,40.0105,-76.5643,EF1,0,0,0,0,200000.0,0.0,137.18390635523002,True
2017,2,32.2737,-86.053,32.2748,-86.05,EF0,0,0,0,0,0.0,0.0,38.28323963574478,True
2017,9,30.69,-81.46,30.69,-81.64,EF0,0,0,0,0,0.0,0.0,32.52160515515978,True
2017,9,29.72,-81.23,29.72,-81.25,EF2,0,0,0,0,0.0,0.0,96.38273986200501,True
2017,7,27.51,-82.66,27.5,-82.66,EF0,0,0,0,0,96000.0,0.0,33.436922830255035,True
2017,8,29.7638,-93.71,29.7671,-93.7126,EF0,0,0,0,0,15000.0,0.0,62.308978007472525,True
2017,8,29.9708,-91.7559,29.9719,-91.7538,EF0,0,0,0,0,0.0,0.0,141.56970234036,True
2017,8,29.9692,-93.3495,29.9814,-93.3733,EF0,0,0,0,0,7000.0,0.0,21.603077546714882,True
2017,8,29.9893,-92.0415,29.9924,-92.0414,EF0,0,0,0,0,5000.0,0.0,114.03130914679663,True
2017,8,30.2276,-92.5776,30.2506,-92.6026,EF2,0,0,0,0,200000.0,0.0,62.400753015592656,True
2017,8,34.3144,-88.7272,34.3287,-88.7342,EF0,0,0,0,0,0.0,0.0,59.143016404568066,True
2017,3,40.3938,-93.753,40.48,-93.5923,EF1,0,0,0,0,0.0,0.0,148.72245571561785,True
2017,8,34.5998,-88.5679,34.6034,-88.5686,EF0,0,0,0,0,50000.0,0.0,81.17899777171371,True
2017,8,34.4751,-90.6242,34.4967,-90.6388,EF0,0,0,0,0,15000.0,0.0,118.48241631773858,True
2017,8,35.2294,-88.3411,35.2457,-88.3508,EF0,0,0,0,0,10000.0,0.0,139.661131487195,True
2017,8,30.3962,-88.9121,30.3983,-88.9118,EF0,0,0,0,0,0.0,0.0,71.68398171231314,True
2017,8,34.9455,-89.3006,34.9491,-89.3024,EF0,0,0,0,0,25000.0,0.0,68.42752872752234,True
2017,8,35.2669,-88.0316,35.2755,-88.0397,EF0,0,0,0,0,10000.0,0.0,154.75265110002306,True
2017,8,34.4294,-88.5135,34.4615,-88.5325,EF1,0,0,0,0,150000.0,0.0,61.59066981336947,True
2017,5,41.408,-79.355,41.4325,-79.3416,EF1,0,0,0,0,25000.0,0.0,121.42572737410732,True
2017,5,41.4325,-79.3416,41.438,-79.339,EF1,0,0,0,0,25000.0,0.0,124.27712591668437,True
2017,5,41.5884,-78.7435,41.6117,-78.7345,EF1,0,0,0,0,0.0,0.0,96.41536069962368,True
2017,5,41.189,-79.553,41.195,-79.538,EF0,0,0,0,0,15000.0,0.0,92.02967877147647,True
2017,5,40.9386,-77.4583,40.9473,-77.4405,EF1,0,0,1,0,200000.0,0.0,45.86639346292073,True
2017,5,41.331,-79.255,41.335,-79.246,EF0,0,0,0,0,10000.0,0.0,114.18578698210037,True
2017,5,41.331,-79.224,41.337,-79.212,EF0,0,0,0,0,10000.0,0.0,111.80780618989094,True
2017,5,40.911,-80.076,40.926,-80.025,EF0,0,0,0,0,20000.0,0.0,43.84396412176939,True
2017,5,41.092,-79.732,41.097,-79.729,EF0,0,0,0,0,5000.0,0.0,74.52926874263723,True
2017,8,30.1498,-92.1498,30.1545,-92.225,EF0,0,0,0,0,0.0,0.0,102.55420646746434,True
2017,9,30.61,-81.47,30.61,-81.57,EF0,0,0,0,0,0.0,0.0,26.22019925611675,True
2017,8,29.96,-92.41,29.9602,-92.4102,EF0,0,0,0,0,0.0,0.0,79.71865791938829,True
2017,6,42.208,-88.81,42.208,-88.778,EF1,0,0,0,0,0.0,0.0,87.11157223287684,True
2017,6,41.3687,-87.634,41.3683,-87.63,EF0,0,0,0,0,0.0,0.0,45.77008821824871,True
2017,6,33.1834,-86.9721,33.1868,-86.9697,EF0,0,0,0,0,0.0,0.0,18.878089081033163,True
2017,6,33.4282,-86.9397,33.5317,-86.867,EF1,0,0,4,0,0.0,0.0,32.58089348174263,True
2017,6,42.211,-88.948,42.2101,-88.9403,EF1,0,0,0,0,0.0,0.0,90.21999197664738,True
2017,6,42.2101,-88.9403,42.197,-88.835,EF1,0,0,0,0,0.0,0.0,90.08825686815324,True
2017,4,30.6437,-91.0843,30.6453,-91.0798,EF0,0,0,0,0,0.0,0.0,66.25138171126605,True
2017,6,30.3913,-88.9707,30.4495,-88.9888,EF0,0,0,0,0,0.0,0.0,76.9918230263575,True
2017,6,30.2176,-90.4061,30.2381,-90.4278,EF0,0,0,0,0,0.0,0.0,33.58109944863968,True
2017,10,30.3191,-88.5009,30.347,-88.4581,EF1,0,0,1,0,0.0,0.0,47.239977434419416,True
2017,1,31.0833,-90.37,31.1224,-90.2091,EF1,0,0,0,0,0.0,0.0,62.78228072095942,True
2017,1,30.5927,-89.9185,30.5872,-89.8908,EF0,0,0,0,0,0.0,0.0,47.5142412498962,True
2017,5,30.1644,-91.149,30.1551,-91.0726,EF0,0,0,0,0,10000.0,0.0,81.39196198621701,True
2017,2,40.9791,-89.0123,41.0002,-88.9307,EF2,0,0,0,0,0.0,0.0,96.12774798639431,True
2017,2,41.0002,-88.9307,41.0055,-88.9105,EF2,0,0,0,0,0.0,0.0,97.52615755524366,True
